# Aurora Strike original Blender asset converted from GLB
# Source: game/models/ak47.glb
mtllib ak47.mtl
o Aurora_serial_plate_0
usemtl Aurora_Blue
v 0.1026400 0.0325000 0.2473600
v 0.1026400 0.0325000 0.2473600
v 0.1026400 0.0325000 0.2473600
v 0.1026400 0.0325000 0.2473600
v 0.1026400 0.0351400 0.2500000
v 0.1026400 0.0351400 0.2500000
v 0.1026400 0.0351400 0.2500000
v 0.1026400 0.0351400 0.2500000
v 0.1000000 0.0351400 0.2473600
v 0.1000000 0.0351400 0.2473600
v 0.1000000 0.0351400 0.2473600
v 0.1000000 0.0351400 0.2473600
v 0.1026400 0.0332732 0.2492268
v 0.1026400 0.0332732 0.2492268
v 0.1026400 0.0332732 0.2492268
v 0.1026400 0.0332732 0.2492268
v 0.1011158 0.0336158 0.2488842
v 0.1011158 0.0336158 0.2488842
v 0.1011158 0.0336158 0.2488842
v 0.1007732 0.0351400 0.2492268
v 0.1007732 0.0351400 0.2492268
v 0.1007732 0.0351400 0.2492268
v 0.1007732 0.0351400 0.2492268
v 0.1007732 0.0332732 0.2473600
v 0.1007732 0.0332732 0.2473600
v 0.1007732 0.0332732 0.2473600
v 0.1007732 0.0332732 0.2473600
v 0.1026400 0.0848600 0.2500000
v 0.1026400 0.0848600 0.2500000
v 0.1026400 0.0848600 0.2500000
v 0.1026400 0.0848600 0.2500000
v 0.1026400 0.0875000 0.2473600
v 0.1026400 0.0875000 0.2473600
v 0.1026400 0.0875000 0.2473600
v 0.1026400 0.0875000 0.2473600
v 0.1000000 0.0848600 0.2473600
v 0.1000000 0.0848600 0.2473600
v 0.1000000 0.0848600 0.2473600
v 0.1000000 0.0848600 0.2473600
v 0.1026400 0.0867268 0.2492268
v 0.1026400 0.0867268 0.2492268
v 0.1026400 0.0867268 0.2492268
v 0.1026400 0.0867268 0.2492268
v 0.1011158 0.0863842 0.2488842
v 0.1011158 0.0863842 0.2488842
v 0.1011158 0.0863842 0.2488842
v 0.1007732 0.0867268 0.2473600
v 0.1007732 0.0867268 0.2473600
v 0.1007732 0.0867268 0.2473600
v 0.1007732 0.0867268 0.2473600
v 0.1007732 0.0848600 0.2492268
v 0.1007732 0.0848600 0.2492268
v 0.1007732 0.0848600 0.2492268
v 0.1007732 0.0848600 0.2492268
v 0.1026400 0.0325000 0.0126400
v 0.1026400 0.0325000 0.0126400
v 0.1026400 0.0325000 0.0126400
v 0.1026400 0.0325000 0.0126400
v 0.1000000 0.0351400 0.0126400
v 0.1000000 0.0351400 0.0126400
v 0.1000000 0.0351400 0.0126400
v 0.1000000 0.0351400 0.0126400
v 0.1026400 0.0351400 0.0100000
v 0.1026400 0.0351400 0.0100000
v 0.1026400 0.0351400 0.0100000
v 0.1026400 0.0351400 0.0100000
v 0.1007732 0.0332732 0.0126400
v 0.1007732 0.0332732 0.0126400
v 0.1007732 0.0332732 0.0126400
v 0.1007732 0.0332732 0.0126400
v 0.1011158 0.0336158 0.0111158
v 0.1011158 0.0336158 0.0111158
v 0.1011158 0.0336158 0.0111158
v 0.1007732 0.0351400 0.0107732
v 0.1007732 0.0351400 0.0107732
v 0.1007732 0.0351400 0.0107732
v 0.1007732 0.0351400 0.0107732
v 0.1026400 0.0332732 0.0107732
v 0.1026400 0.0332732 0.0107732
v 0.1026400 0.0332732 0.0107732
v 0.1026400 0.0332732 0.0107732
v 0.1026400 0.0875000 0.0126400
v 0.1026400 0.0875000 0.0126400
v 0.1026400 0.0875000 0.0126400
v 0.1026400 0.0875000 0.0126400
v 0.1026400 0.0848600 0.0100000
v 0.1026400 0.0848600 0.0100000
v 0.1026400 0.0848600 0.0100000
v 0.1026400 0.0848600 0.0100000
v 0.1000000 0.0848600 0.0126400
v 0.1000000 0.0848600 0.0126400
v 0.1000000 0.0848600 0.0126400
v 0.1000000 0.0848600 0.0126400
v 0.1026400 0.0867268 0.0107732
v 0.1026400 0.0867268 0.0107732
v 0.1026400 0.0867268 0.0107732
v 0.1026400 0.0867268 0.0107732
v 0.1011158 0.0863842 0.0111158
v 0.1011158 0.0863842 0.0111158
v 0.1011158 0.0863842 0.0111158
v 0.1007732 0.0848600 0.0107732
v 0.1007732 0.0848600 0.0107732
v 0.1007732 0.0848600 0.0107732
v 0.1007732 0.0848600 0.0107732
v 0.1007732 0.0867268 0.0126400
v 0.1007732 0.0867268 0.0126400
v 0.1007732 0.0867268 0.0126400
v 0.1007732 0.0867268 0.0126400
v 0.1093600 0.0325000 0.2473600
v 0.1093600 0.0325000 0.2473600
v 0.1093600 0.0325000 0.2473600
v 0.1093600 0.0325000 0.2473600
v 0.1120000 0.0351400 0.2473600
v 0.1120000 0.0351400 0.2473600
v 0.1120000 0.0351400 0.2473600
v 0.1120000 0.0351400 0.2473600
v 0.1093600 0.0351400 0.2500000
v 0.1093600 0.0351400 0.2500000
v 0.1093600 0.0351400 0.2500000
v 0.1093600 0.0351400 0.2500000
v 0.1112268 0.0332732 0.2473600
v 0.1112268 0.0332732 0.2473600
v 0.1112268 0.0332732 0.2473600
v 0.1112268 0.0332732 0.2473600
v 0.1108842 0.0336158 0.2488842
v 0.1108842 0.0336158 0.2488842
v 0.1108842 0.0336158 0.2488842
v 0.1112268 0.0351400 0.2492268
v 0.1112268 0.0351400 0.2492268
v 0.1112268 0.0351400 0.2492268
v 0.1112268 0.0351400 0.2492268
v 0.1093600 0.0332732 0.2492268
v 0.1093600 0.0332732 0.2492268
v 0.1093600 0.0332732 0.2492268
v 0.1093600 0.0332732 0.2492268
v 0.1093600 0.0875000 0.2473600
v 0.1093600 0.0875000 0.2473600
v 0.1093600 0.0875000 0.2473600
v 0.1093600 0.0875000 0.2473600
v 0.1093600 0.0848600 0.2500000
v 0.1093600 0.0848600 0.2500000
v 0.1093600 0.0848600 0.2500000
v 0.1093600 0.0848600 0.2500000
v 0.1120000 0.0848600 0.2473600
v 0.1120000 0.0848600 0.2473600
v 0.1120000 0.0848600 0.2473600
v 0.1120000 0.0848600 0.2473600
v 0.1093600 0.0867268 0.2492268
v 0.1093600 0.0867268 0.2492268
v 0.1093600 0.0867268 0.2492268
v 0.1093600 0.0867268 0.2492268
v 0.1108842 0.0863842 0.2488842
v 0.1108842 0.0863842 0.2488842
v 0.1108842 0.0863842 0.2488842
v 0.1112268 0.0848600 0.2492268
v 0.1112268 0.0848600 0.2492268
v 0.1112268 0.0848600 0.2492268
v 0.1112268 0.0848600 0.2492268
v 0.1112268 0.0867268 0.2473600
v 0.1112268 0.0867268 0.2473600
v 0.1112268 0.0867268 0.2473600
v 0.1112268 0.0867268 0.2473600
v 0.1093600 0.0325000 0.0126400
v 0.1093600 0.0325000 0.0126400
v 0.1093600 0.0325000 0.0126400
v 0.1093600 0.0325000 0.0126400
v 0.1093600 0.0351400 0.0100000
v 0.1093600 0.0351400 0.0100000
v 0.1093600 0.0351400 0.0100000
v 0.1093600 0.0351400 0.0100000
v 0.1120000 0.0351400 0.0126400
v 0.1120000 0.0351400 0.0126400
v 0.1120000 0.0351400 0.0126400
v 0.1120000 0.0351400 0.0126400
v 0.1093600 0.0332732 0.0107732
v 0.1093600 0.0332732 0.0107732
v 0.1093600 0.0332732 0.0107732
v 0.1093600 0.0332732 0.0107732
v 0.1108842 0.0336158 0.0111158
v 0.1108842 0.0336158 0.0111158
v 0.1108842 0.0336158 0.0111158
v 0.1112268 0.0351400 0.0107732
v 0.1112268 0.0351400 0.0107732
v 0.1112268 0.0351400 0.0107732
v 0.1112268 0.0351400 0.0107732
v 0.1112268 0.0332732 0.0126400
v 0.1112268 0.0332732 0.0126400
v 0.1112268 0.0332732 0.0126400
v 0.1112268 0.0332732 0.0126400
v 0.1093600 0.0875000 0.0126400
v 0.1093600 0.0875000 0.0126400
v 0.1093600 0.0875000 0.0126400
v 0.1093600 0.0875000 0.0126400
v 0.1120000 0.0848600 0.0126400
v 0.1120000 0.0848600 0.0126400
v 0.1120000 0.0848600 0.0126400
v 0.1120000 0.0848600 0.0126400
v 0.1093600 0.0848600 0.0100000
v 0.1093600 0.0848600 0.0100000
v 0.1093600 0.0848600 0.0100000
v 0.1093600 0.0848600 0.0100000
v 0.1112268 0.0867268 0.0126400
v 0.1112268 0.0867268 0.0126400
v 0.1112268 0.0867268 0.0126400
v 0.1112268 0.0867268 0.0126400
v 0.1108842 0.0863842 0.0111158
v 0.1108842 0.0863842 0.0111158
v 0.1108842 0.0863842 0.0111158
v 0.1112268 0.0848600 0.0107732
v 0.1112268 0.0848600 0.0107732
v 0.1112268 0.0848600 0.0107732
v 0.1112268 0.0848600 0.0107732
v 0.1093600 0.0867268 0.0107732
v 0.1093600 0.0867268 0.0107732
v 0.1093600 0.0867268 0.0107732
v 0.1093600 0.0867268 0.0107732
vt 0.1800000 0.2527501
vt 0.1800000 0.2527501
vt 0.1800000 0.2527501
vt 0.1800000 0.2527501
vt 0.3870000 0.0549999
vt 0.3870000 0.0549999
vt 0.3870000 0.0549999
vt 0.3870000 0.0549999
vt 0.3870000 0.9972500
vt 0.3870000 0.9972500
vt 0.3870000 0.9972500
vt 0.3870000 0.9972500
vt 0.3750000 0.0549999
vt 0.1800000 0.2500000
vt 0.3750000 0.0549999
vt 0.1800000 0.2500000
vt 0.3800718 0.0000000
vt 0.1482458 0.2500000
vt 0.3750000 0.9988377
vt 0.3870000 0.0000000
vt 0.3870000 0.0000000
vt 0.3870000 1.0000000
vt 0.3870000 1.0000000
vt 0.1250000 0.2527500
vt 0.1250000 0.2527500
vt 0.3750000 0.9972500
vt 0.3750000 0.9972500
vt 0.6130000 0.0550000
vt 0.6130000 0.0550000
vt 0.6130000 0.0550000
vt 0.6130000 0.0550000
vt 0.8200001 0.2527500
vt 0.8200001 0.2527500
vt 0.8200001 0.2527500
vt 0.8200001 0.2527500
vt 0.6130000 0.9972500
vt 0.6130000 0.9972500
vt 0.6130000 0.9972500
vt 0.6130000 0.9972500
vt 0.6250000 0.0550000
vt 0.8200000 0.2500000
vt 0.6250000 0.0550000
vt 0.8200000 0.2500000
vt 0.6250000 0.0232458
vt 0.8750000 0.2511623
vt 0.6199282 1.0000000
vt 0.8750000 0.2527500
vt 0.8750000 0.2527500
vt 0.6250000 0.9972500
vt 0.6250000 0.9972500
vt 0.6130000 0.0000000
vt 0.6130000 0.0000000
vt 0.6130000 1.0000000
vt 0.6130000 1.0000000
vt 0.1800000 0.4972500
vt 0.1800000 0.4972500
vt 0.1800000 0.4972500
vt 0.1800000 0.4972500
vt 0.3870000 0.7527500
vt 0.3870000 0.7527500
vt 0.3870000 0.7527500
vt 0.3870000 0.7527500
vt 0.3870000 0.6950001
vt 0.3870000 0.6950001
vt 0.3870000 0.6950001
vt 0.3870000 0.6950001
vt 0.1250000 0.4972500
vt 0.1250000 0.4972500
vt 0.3750000 0.7527500
vt 0.3750000 0.7527500
vt 0.3750000 0.7267542
vt 0.1250000 0.4988377
vt 0.3800718 0.7500000
vt 0.3870000 0.7500000
vt 0.3870000 0.7500000
vt 0.3870000 0.7500000
vt 0.3870000 0.7500000
vt 0.3750000 0.6950000
vt 0.1800000 0.5000000
vt 0.3750000 0.6950000
vt 0.1800000 0.5000000
vt 0.8199999 0.4972501
vt 0.8199999 0.4972501
vt 0.8199999 0.4972501
vt 0.8199999 0.4972501
vt 0.6130000 0.6950001
vt 0.6130000 0.6950001
vt 0.6130000 0.6950001
vt 0.6130000 0.6950001
vt 0.6130000 0.7527500
vt 0.6130000 0.7527500
vt 0.6130000 0.7527500
vt 0.6130000 0.7527500
vt 0.6250000 0.6950000
vt 0.8200000 0.5000000
vt 0.6250000 0.6950000
vt 0.8200000 0.5000000
vt 0.6199282 0.7500000
vt 0.8517543 0.5000000
vt 0.6250000 0.7511623
vt 0.6130000 0.7500000
vt 0.6130000 0.7500000
vt 0.6130000 0.7500000
vt 0.6130000 0.7500000
vt 0.8750000 0.4972500
vt 0.8750000 0.4972500
vt 0.6250000 0.7527500
vt 0.6250000 0.7527500
vt 0.3200000 0.2527500
vt 0.3200000 0.2527500
vt 0.3200000 0.2527500
vt 0.3200000 0.2527500
vt 0.3870000 0.2527500
vt 0.3870000 0.2527500
vt 0.3870000 0.2527500
vt 0.3870000 0.2527500
vt 0.3870000 0.1950001
vt 0.3870000 0.1950001
vt 0.3870000 0.1950001
vt 0.3870000 0.1950001
vt 0.3750000 0.2527500
vt 0.3750000 0.2527500
vt 0.3750000 0.2527500
vt 0.3750000 0.2527500
vt 0.3766906 0.2426388
vt 0.3766906 0.2426388
vt 0.3766906 0.2426388
vt 0.3870000 0.2500000
vt 0.3870000 0.2500000
vt 0.3870000 0.2500000
vt 0.3870000 0.2500000
vt 0.3750000 0.1950000
vt 0.3200000 0.2500000
vt 0.3750000 0.1950000
vt 0.3200000 0.2500000
vt 0.6799999 0.2527501
vt 0.6799999 0.2527501
vt 0.6799999 0.2527501
vt 0.6799999 0.2527501
vt 0.6130000 0.1950000
vt 0.6130000 0.1950000
vt 0.6130000 0.1950000
vt 0.6130000 0.1950000
vt 0.6130000 0.2527500
vt 0.6130000 0.2527500
vt 0.6130000 0.2527500
vt 0.6130000 0.2527500
vt 0.6250000 0.1950000
vt 0.6799999 0.2500000
vt 0.6250000 0.1950000
vt 0.6799999 0.2500000
vt 0.6310580 0.2503874
vt 0.6310580 0.2503874
vt 0.6310580 0.2503874
vt 0.6130000 0.2500000
vt 0.6130000 0.2500000
vt 0.6130000 0.2500000
vt 0.6130000 0.2500000
vt 0.6250000 0.2527500
vt 0.6250000 0.2527500
vt 0.6250000 0.2527500
vt 0.6250000 0.2527500
vt 0.3200000 0.4972501
vt 0.3200000 0.4972501
vt 0.3200000 0.4972501
vt 0.3200000 0.4972501
vt 0.3870000 0.5549999
vt 0.3870000 0.5549999
vt 0.3870000 0.5549999
vt 0.3870000 0.5549999
vt 0.3870000 0.4972500
vt 0.3870000 0.4972500
vt 0.3870000 0.4972500
vt 0.3870000 0.4972500
vt 0.3750000 0.5549999
vt 0.3200000 0.5000000
vt 0.3750000 0.5549999
vt 0.3200000 0.5000000
vt 0.3689420 0.4996126
vt 0.3689420 0.4996126
vt 0.3689420 0.4996126
vt 0.3870000 0.5000000
vt 0.3870000 0.5000000
vt 0.3870000 0.5000000
vt 0.3870000 0.5000000
vt 0.3750000 0.4972500
vt 0.3750000 0.4972500
vt 0.3750000 0.4972500
vt 0.3750000 0.4972500
vt 0.6799999 0.4972500
vt 0.6799999 0.4972500
vt 0.6799999 0.4972500
vt 0.6799999 0.4972500
vt 0.6130000 0.4972500
vt 0.6130000 0.4972500
vt 0.6130000 0.4972500
vt 0.6130000 0.4972500
vt 0.6130000 0.5550000
vt 0.6130000 0.5550000
vt 0.6130000 0.5550000
vt 0.6130000 0.5550000
vt 0.6250000 0.4972500
vt 0.6250000 0.4972500
vt 0.6250000 0.4972500
vt 0.6250000 0.4972500
vt 0.6233094 0.5073612
vt 0.6233094 0.5073612
vt 0.6233094 0.5073612
vt 0.6130000 0.5000000
vt 0.6130000 0.5000000
vt 0.6130000 0.5000000
vt 0.6130000 0.5000000
vt 0.6250000 0.5550000
vt 0.6799999 0.5000000
vt 0.6250000 0.5550000
vt 0.6799999 0.5000000
vn 0.0000000 -0.9238767 0.3826903
vn 0.0000000 -1.0000000 0.0000000
vn -0.3250835 -0.8880549 0.3250835
vn -0.3826903 -0.9238767 0.0000000
vn 0.0000000 0.0000000 1.0000000
vn 0.0000000 -0.3826903 0.9238767
vn -0.3250835 -0.3250835 0.8880549
vn -0.3826903 0.0000000 0.9238767
vn -0.8880549 -0.3250835 0.3250835
vn -0.9238767 0.0000000 0.3826903
vn -0.9238767 -0.3826903 0.0000000
vn -1.0000000 0.0000000 0.0000000
vn 0.0000000 -0.3826903 0.9238767
vn 0.0000000 -0.9238767 0.3826903
vn -0.3250835 -0.3250835 0.8880549
vn -0.3250835 -0.8880549 0.3250835
vn -0.3250835 -0.3250835 0.8880549
vn -0.3250835 -0.8880549 0.3250835
vn -0.8880549 -0.3250835 0.3250835
vn -0.3250835 -0.3250835 0.8880549
vn -0.3826903 0.0000000 0.9238767
vn -0.8880549 -0.3250835 0.3250835
vn -0.9238767 0.0000000 0.3826903
vn -0.3250835 -0.8880549 0.3250835
vn -0.3826903 -0.9238767 0.0000000
vn -0.8880549 -0.3250835 0.3250835
vn -0.9238767 -0.3826903 0.0000000
vn 0.0000000 0.0000000 1.0000000
vn 0.0000000 0.3826903 0.9238767
vn -0.3250835 0.3250835 0.8880549
vn -0.3826903 0.0000000 0.9238767
vn 0.0000000 0.9238767 0.3826903
vn 0.0000000 1.0000000 0.0000000
vn -0.3250835 0.8880549 0.3250835
vn -0.3826903 0.9238767 0.0000000
vn -0.8880549 0.3250835 0.3250835
vn -0.9238767 0.0000000 0.3826903
vn -0.9238767 0.3826903 0.0000000
vn -1.0000000 0.0000000 0.0000000
vn 0.0000000 0.3826903 0.9238767
vn 0.0000000 0.9238767 0.3826903
vn -0.3250835 0.3250835 0.8880549
vn -0.3250835 0.8880549 0.3250835
vn -0.3250835 0.3250835 0.8880549
vn -0.3250835 0.8880549 0.3250835
vn -0.8880549 0.3250835 0.3250835
vn -0.3250835 0.8880549 0.3250835
vn -0.3826903 0.9238767 0.0000000
vn -0.8880549 0.3250835 0.3250835
vn -0.9238767 0.3826903 0.0000000
vn -0.3250835 0.3250835 0.8880549
vn -0.3826903 0.0000000 0.9238767
vn -0.8880549 0.3250835 0.3250835
vn -0.9238767 0.0000000 0.3826903
vn 0.0000000 -0.9238767 -0.3826903
vn 0.0000000 -1.0000000 0.0000000
vn -0.3250835 -0.8880549 -0.3250835
vn -0.3826903 -0.9238767 0.0000000
vn -0.8880549 -0.3250835 -0.3250835
vn -0.9238767 0.0000000 -0.3826903
vn -0.9238767 -0.3826903 0.0000000
vn -1.0000000 0.0000000 0.0000000
vn 0.0000000 0.0000000 -1.0000000
vn 0.0000000 -0.3826903 -0.9238767
vn -0.3250835 -0.3250835 -0.8880549
vn -0.3826903 0.0000000 -0.9238767
vn -0.3250835 -0.8880549 -0.3250835
vn -0.3826903 -0.9238767 0.0000000
vn -0.8880549 -0.3250835 -0.3250835
vn -0.9238767 -0.3826903 0.0000000
vn -0.3250835 -0.3250835 -0.8880549
vn -0.3250835 -0.8880549 -0.3250835
vn -0.8880549 -0.3250835 -0.3250835
vn -0.3250835 -0.3250835 -0.8880549
vn -0.3826903 0.0000000 -0.9238767
vn -0.8880549 -0.3250835 -0.3250835
vn -0.9238767 0.0000000 -0.3826903
vn 0.0000000 -0.3826903 -0.9238767
vn 0.0000000 -0.9238767 -0.3826903
vn -0.3250835 -0.3250835 -0.8880549
vn -0.3250835 -0.8880549 -0.3250835
vn 0.0000000 0.9238767 -0.3826903
vn 0.0000000 1.0000000 0.0000000
vn -0.3250835 0.8880549 -0.3250835
vn -0.3826903 0.9238767 0.0000000
vn 0.0000000 0.0000000 -1.0000000
vn 0.0000000 0.3826903 -0.9238767
vn -0.3250835 0.3250835 -0.8880549
vn -0.3826903 0.0000000 -0.9238767
vn -0.8880549 0.3250835 -0.3250835
vn -0.9238767 0.0000000 -0.3826903
vn -0.9238767 0.3826903 0.0000000
vn -1.0000000 0.0000000 0.0000000
vn 0.0000000 0.3826903 -0.9238767
vn 0.0000000 0.9238767 -0.3826903
vn -0.3250835 0.3250835 -0.8880549
vn -0.3250835 0.8880549 -0.3250835
vn -0.3250835 0.3250835 -0.8880549
vn -0.3250835 0.8880549 -0.3250835
vn -0.8880549 0.3250835 -0.3250835
vn -0.3250835 0.3250835 -0.8880549
vn -0.3826903 0.0000000 -0.9238767
vn -0.8880549 0.3250835 -0.3250835
vn -0.9238767 0.0000000 -0.3826903
vn -0.3250835 0.8880549 -0.3250835
vn -0.3826903 0.9238767 0.0000000
vn -0.8880549 0.3250835 -0.3250835
vn -0.9238767 0.3826903 0.0000000
vn 0.0000000 -0.9238767 0.3826903
vn 0.0000000 -1.0000000 0.0000000
vn 0.3250835 -0.8880549 0.3250835
vn 0.3826903 -0.9238767 0.0000000
vn 0.8880549 -0.3250835 0.3250835
vn 0.9238767 0.0000000 0.3826903
vn 0.9238767 -0.3826903 0.0000000
vn 1.0000000 0.0000000 0.0000000
vn 0.0000000 0.0000000 1.0000000
vn 0.0000000 -0.3826903 0.9238767
vn 0.3250835 -0.3250835 0.8880549
vn 0.3826903 0.0000000 0.9238767
vn 0.3250835 -0.8880549 0.3250835
vn 0.3826903 -0.9238767 0.0000000
vn 0.8880549 -0.3250835 0.3250835
vn 0.9238767 -0.3826903 0.0000000
vn 0.3250835 -0.3250835 0.8880549
vn 0.3250835 -0.8880549 0.3250835
vn 0.8880549 -0.3250835 0.3250835
vn 0.3250835 -0.3250835 0.8880549
vn 0.3826903 0.0000000 0.9238767
vn 0.8880549 -0.3250835 0.3250835
vn 0.9238767 0.0000000 0.3826903
vn 0.0000000 -0.3826903 0.9238767
vn 0.0000000 -0.9238767 0.3826903
vn 0.3250835 -0.3250835 0.8880549
vn 0.3250835 -0.8880549 0.3250835
vn 0.0000000 0.9238767 0.3826903
vn 0.0000000 1.0000000 0.0000000
vn 0.3250835 0.8880549 0.3250835
vn 0.3826903 0.9238767 0.0000000
vn 0.0000000 0.0000000 1.0000000
vn 0.0000000 0.3826903 0.9238767
vn 0.3250835 0.3250835 0.8880549
vn 0.3826903 0.0000000 0.9238767
vn 0.8880549 0.3250835 0.3250835
vn 0.9238767 0.0000000 0.3826903
vn 0.9238767 0.3826903 0.0000000
vn 1.0000000 0.0000000 0.0000000
vn 0.0000000 0.3826903 0.9238767
vn 0.0000000 0.9238767 0.3826903
vn 0.3250835 0.3250835 0.8880549
vn 0.3250835 0.8880549 0.3250835
vn 0.3250835 0.3250835 0.8880549
vn 0.3250835 0.8880549 0.3250835
vn 0.8880549 0.3250835 0.3250835
vn 0.3250835 0.3250835 0.8880549
vn 0.3826903 0.0000000 0.9238767
vn 0.8880549 0.3250835 0.3250835
vn 0.9238767 0.0000000 0.3826903
vn 0.3250835 0.8880549 0.3250835
vn 0.3826903 0.9238767 0.0000000
vn 0.8880549 0.3250835 0.3250835
vn 0.9238767 0.3826903 0.0000000
vn 0.0000000 -0.9238767 -0.3826903
vn 0.0000000 -1.0000000 0.0000000
vn 0.3250835 -0.8880549 -0.3250835
vn 0.3826903 -0.9238767 0.0000000
vn 0.0000000 0.0000000 -1.0000000
vn 0.0000000 -0.3826903 -0.9238767
vn 0.3250835 -0.3250835 -0.8880549
vn 0.3826903 0.0000000 -0.9238767
vn 0.8880549 -0.3250835 -0.3250835
vn 0.9238767 0.0000000 -0.3826903
vn 0.9238767 -0.3826903 0.0000000
vn 1.0000000 0.0000000 0.0000000
vn 0.0000000 -0.3826903 -0.9238767
vn 0.0000000 -0.9238767 -0.3826903
vn 0.3250835 -0.3250835 -0.8880549
vn 0.3250835 -0.8880549 -0.3250835
vn 0.3250835 -0.3250835 -0.8880549
vn 0.3250835 -0.8880549 -0.3250835
vn 0.8880549 -0.3250835 -0.3250835
vn 0.3250835 -0.3250835 -0.8880549
vn 0.3826903 0.0000000 -0.9238767
vn 0.8880549 -0.3250835 -0.3250835
vn 0.9238767 0.0000000 -0.3826903
vn 0.3250835 -0.8880549 -0.3250835
vn 0.3826903 -0.9238767 0.0000000
vn 0.8880549 -0.3250835 -0.3250835
vn 0.9238767 -0.3826903 0.0000000
vn 0.0000000 0.9238767 -0.3826903
vn 0.0000000 1.0000000 0.0000000
vn 0.3250835 0.8880549 -0.3250835
vn 0.3826903 0.9238767 0.0000000
vn 0.8880549 0.3250835 -0.3250835
vn 0.9238767 0.0000000 -0.3826903
vn 0.9238767 0.3826903 0.0000000
vn 1.0000000 0.0000000 0.0000000
vn 0.0000000 0.0000000 -1.0000000
vn 0.0000000 0.3826903 -0.9238767
vn 0.3250835 0.3250835 -0.8880549
vn 0.3826903 0.0000000 -0.9238767
vn 0.3250835 0.8880549 -0.3250835
vn 0.3826903 0.9238767 0.0000000
vn 0.8880549 0.3250835 -0.3250835
vn 0.9238767 0.3826903 0.0000000
vn 0.3250835 0.3250835 -0.8880549
vn 0.3250835 0.8880549 -0.3250835
vn 0.8880549 0.3250835 -0.3250835
vn 0.3250835 0.3250835 -0.8880549
vn 0.3826903 0.0000000 -0.9238767
vn 0.8880549 0.3250835 -0.3250835
vn 0.9238767 0.0000000 -0.3826903
vn 0.0000000 0.3826903 -0.9238767
vn 0.0000000 0.9238767 -0.3826903
vn 0.3250835 0.3250835 -0.8880549
vn 0.3250835 0.8880549 -0.3250835
f 117/117/117 140/140/140 28/28/28
f 117/117/117 28/28/28 5/5/5
f 174/174/174 197/197/197 147/147/147
f 174/174/174 147/147/147 116/116/116
f 191/191/191 83/83/83 33/33/33
f 191/191/191 33/33/33 137/137/137
f 12/12/12 39/39/39 93/93/93
f 12/12/12 93/93/93 62/62/62
f 63/63/63 86/86/86 198/198/198
f 63/63/63 198/198/198 167/167/167
f 3/3/3 16/16/16 18/18/18
f 3/3/3 18/18/18 24/24/24
f 7/7/7 20/20/20 17/17/17
f 7/7/7 17/17/17 15/15/15
f 9/9/9 26/26/26 19/19/19
f 9/9/9 19/19/19 22/22/22
f 30/30/30 42/42/42 44/44/44
f 30/30/30 44/44/44 51/51/51
f 34/34/34 47/47/47 45/45/45
f 34/34/34 45/45/45 43/43/43
f 36/36/36 53/53/53 46/46/46
f 36/36/36 46/46/46 49/49/49
f 57/57/57 67/67/67 72/72/72
f 57/57/57 72/72/72 81/81/81
f 59/59/59 76/76/76 73/73/73
f 59/59/59 73/73/73 69/69/69
f 65/65/65 80/80/80 71/71/71
f 65/65/65 71/71/71 74/74/74
f 84/84/84 97/97/97 99/99/99
f 84/84/84 99/99/99 105/105/105
f 88/88/88 101/101/101 98/98/98
f 88/88/88 98/98/98 96/96/96
f 90/90/90 107/107/107 100/100/100
f 90/90/90 100/100/100 103/103/103
f 111/111/111 121/121/121 126/126/126
f 111/111/111 126/126/126 135/135/135
f 113/113/113 130/130/130 127/127/127
f 113/113/113 127/127/127 123/123/123
f 119/119/119 134/134/134 125/125/125
f 119/119/119 125/125/125 128/128/128
f 138/138/138 151/151/151 153/153/153
f 138/138/138 153/153/153 159/159/159
f 142/142/142 155/155/155 152/152/152
f 142/142/142 152/152/152 150/150/150
f 144/144/144 161/161/161 154/154/154
f 144/144/144 154/154/154 157/157/157
f 165/165/165 178/178/178 180/180/180
f 165/165/165 180/180/180 186/186/186
f 169/169/169 182/182/182 179/179/179
f 169/169/169 179/179/179 177/177/177
f 171/171/171 188/188/188 181/181/181
f 171/171/171 181/181/181 184/184/184
f 192/192/192 202/202/202 207/207/207
f 192/192/192 207/207/207 216/216/216
f 194/194/194 211/211/211 208/208/208
f 194/194/194 208/208/208 204/204/204
f 200/200/200 215/215/215 206/206/206
f 200/200/200 206/206/206 209/209/209
f 58/58/58 4/4/4 25/25/25
f 58/58/58 25/25/25 68/68/68
f 70/70/70 27/27/27 11/11/11
f 70/70/70 11/11/11 61/61/61
f 8/8/8 31/31/31 52/52/52
f 8/8/8 52/52/52 21/21/21
f 23/23/23 54/54/54 37/37/37
f 23/23/23 37/37/37 10/10/10
f 35/35/35 85/85/85 106/106/106
f 35/35/35 106/106/106 48/48/48
f 50/50/50 108/108/108 92/92/92
f 50/50/50 92/92/92 38/38/38
f 89/89/89 66/66/66 75/75/75
f 89/89/89 75/75/75 102/102/102
f 104/104/104 77/77/77 60/60/60
f 104/104/104 60/60/60 91/91/91
f 163/163/163 55/55/55 79/79/79
f 163/163/163 79/79/79 176/176/176
f 175/175/175 78/78/78 64/64/64
f 175/175/175 64/64/64 168/168/168
f 82/82/82 190/190/190 214/214/214
f 82/82/82 214/214/214 95/95/95
f 94/94/94 213/213/213 199/199/199
f 94/94/94 199/199/199 87/87/87
f 195/195/195 172/172/172 185/185/185
f 195/195/195 185/185/185 212/212/212
f 210/210/210 183/183/183 170/170/170
f 210/210/210 170/170/170 201/201/201
f 112/112/112 166/166/166 187/187/187
f 112/112/112 187/187/187 122/122/122
f 124/124/124 189/189/189 173/173/173
f 124/124/124 173/173/173 115/115/115
f 193/193/193 139/139/139 160/160/160
f 193/193/193 160/160/160 203/203/203
f 205/205/205 162/162/162 146/146/146
f 205/205/205 146/146/146 196/196/196
f 143/143/143 120/120/120 129/129/129
f 143/143/143 129/129/129 156/156/156
f 158/158/158 131/131/131 114/114/114
f 158/158/158 114/114/114 145/145/145
f 1/1/1 109/109/109 133/133/133
f 1/1/1 133/133/133 14/14/14
f 13/13/13 132/132/132 118/118/118
f 13/13/13 118/118/118 6/6/6
f 136/136/136 32/32/32 41/41/41
f 136/136/136 41/41/41 149/149/149
f 148/148/148 40/40/40 29/29/29
f 148/148/148 29/29/29 141/141/141
f 56/56/56 164/164/164 110/110/110
f 56/56/56 110/110/110 2/2/2
o Barrel_0
usemtl Machined_Steel
v 0.0000000 0.0931729 0.5349999
v 0.0000000 0.0931729 0.5349999
v 0.0000000 0.0931729 0.5349999
v 0.0000000 0.0970000 0.5387799
v 0.0000000 0.0970000 0.5387799
v 0.0000000 0.0970000 0.5387799
v 0.0000000 0.0970000 0.5387799
v 0.0000000 0.0958791 0.5361071
v 0.0000000 0.0958791 0.5361071
v 0.0000000 0.0958791 0.5361071
v 0.0000000 0.0958791 0.5361071
v 0.0000000 0.0931729 1.0250000
v 0.0000000 0.0931729 1.0250000
v 0.0000000 0.0931729 1.0250000
v 0.0000000 0.0970000 1.0212200
v 0.0000000 0.0970000 1.0212200
v 0.0000000 0.0970000 1.0212200
v 0.0000000 0.0970000 1.0212200
v 0.0000000 0.0958790 1.0238929
v 0.0000000 0.0958790 1.0238929
v 0.0000000 0.0958790 1.0238929
v 0.0000000 0.0958790 1.0238929
v 0.0071608 0.0920388 0.5349999
v 0.0071608 0.0920388 0.5349999
v 0.0071608 0.0920388 0.5349999
v 0.0083435 0.0956786 0.5387799
v 0.0083435 0.0956786 0.5387799
v 0.0083435 0.0956786 0.5387799
v 0.0083435 0.0956786 0.5387799
v 0.0079971 0.0946125 0.5361071
v 0.0079971 0.0946125 0.5361071
v 0.0079971 0.0946125 0.5361071
v 0.0079971 0.0946125 0.5361071
v 0.0071608 0.0920387 1.0250000
v 0.0071608 0.0920387 1.0250000
v 0.0071608 0.0920387 1.0250000
v 0.0083435 0.0956785 1.0212200
v 0.0083435 0.0956785 1.0212200
v 0.0083435 0.0956785 1.0212200
v 0.0083435 0.0956785 1.0212200
v 0.0079971 0.0946124 1.0238929
v 0.0079971 0.0946124 1.0238929
v 0.0079971 0.0946124 1.0238929
v 0.0079971 0.0946124 1.0238929
v 0.0136207 0.0887473 0.5349999
v 0.0136207 0.0887473 0.5349999
v 0.0136207 0.0887473 0.5349999
v 0.0158702 0.0918435 0.5387799
v 0.0158702 0.0918435 0.5387799
v 0.0158702 0.0918435 0.5387799
v 0.0158702 0.0918435 0.5387799
v 0.0152113 0.0909366 0.5361071
v 0.0152113 0.0909366 0.5361071
v 0.0152113 0.0909366 0.5361071
v 0.0152113 0.0909366 0.5361071
v 0.0136207 0.0887472 1.0250000
v 0.0136207 0.0887472 1.0250000
v 0.0136207 0.0887472 1.0250000
v 0.0158702 0.0918434 1.0212200
v 0.0158702 0.0918434 1.0212200
v 0.0158702 0.0918434 1.0212200
v 0.0158702 0.0918434 1.0212200
v 0.0152113 0.0909366 1.0238929
v 0.0152113 0.0909366 1.0238929
v 0.0152113 0.0909366 1.0238929
v 0.0152113 0.0909366 1.0238929
v 0.0187473 0.0836207 0.5349999
v 0.0187473 0.0836207 0.5349999
v 0.0187473 0.0836207 0.5349999
v 0.0218435 0.0858702 0.5387799
v 0.0218435 0.0858702 0.5387799
v 0.0218435 0.0858702 0.5387799
v 0.0218435 0.0858702 0.5387799
v 0.0209366 0.0852114 0.5361071
v 0.0209366 0.0852114 0.5361071
v 0.0209366 0.0852114 0.5361071
v 0.0209366 0.0852114 0.5361071
v 0.0187473 0.0836206 1.0250000
v 0.0187473 0.0836206 1.0250000
v 0.0187473 0.0836206 1.0250000
v 0.0218435 0.0858702 1.0212200
v 0.0218435 0.0858702 1.0212200
v 0.0218435 0.0858702 1.0212200
v 0.0218435 0.0858702 1.0212200
v 0.0209366 0.0852113 1.0238929
v 0.0209366 0.0852113 1.0238929
v 0.0209366 0.0852113 1.0238929
v 0.0209366 0.0852113 1.0238929
v 0.0220387 0.0771608 0.5349999
v 0.0220387 0.0771608 0.5349999
v 0.0220387 0.0771608 0.5349999
v 0.0256785 0.0783435 0.5387799
v 0.0256785 0.0783435 0.5387799
v 0.0256785 0.0783435 0.5387799
v 0.0256785 0.0783435 0.5387799
v 0.0246125 0.0779971 0.5361071
v 0.0246125 0.0779971 0.5361071
v 0.0246125 0.0779971 0.5361071
v 0.0246125 0.0779971 0.5361071
v 0.0220387 0.0771608 1.0250000
v 0.0220387 0.0771608 1.0250000
v 0.0220387 0.0771608 1.0250000
v 0.0256785 0.0783434 1.0212200
v 0.0256785 0.0783434 1.0212200
v 0.0256785 0.0783434 1.0212200
v 0.0256785 0.0783434 1.0212200
v 0.0246125 0.0779970 1.0238929
v 0.0246125 0.0779970 1.0238929
v 0.0246125 0.0779970 1.0238929
v 0.0246125 0.0779970 1.0238929
v 0.0231729 0.0700000 0.5349999
v 0.0231729 0.0700000 0.5349999
v 0.0231729 0.0700000 0.5349999
v 0.0270000 0.0700000 0.5387799
v 0.0270000 0.0700000 0.5387799
v 0.0270000 0.0700000 0.5387799
v 0.0270000 0.0700000 0.5387799
v 0.0258791 0.0700000 0.5361071
v 0.0258791 0.0700000 0.5361071
v 0.0258791 0.0700000 0.5361071
v 0.0258791 0.0700000 0.5361071
v 0.0231729 0.0700000 1.0250000
v 0.0231729 0.0700000 1.0250000
v 0.0231729 0.0700000 1.0250000
v 0.0270000 0.0700000 1.0212200
v 0.0270000 0.0700000 1.0212200
v 0.0270000 0.0700000 1.0212200
v 0.0270000 0.0700000 1.0212200
v 0.0258791 0.0700000 1.0238929
v 0.0258791 0.0700000 1.0238929
v 0.0258791 0.0700000 1.0238929
v 0.0258791 0.0700000 1.0238929
v 0.0220387 0.0628392 0.5349999
v 0.0220387 0.0628392 0.5349999
v 0.0220387 0.0628392 0.5349999
v 0.0256785 0.0616566 0.5387799
v 0.0256785 0.0616566 0.5387799
v 0.0256785 0.0616566 0.5387799
v 0.0256785 0.0616566 0.5387799
v 0.0246125 0.0620030 0.5361071
v 0.0246125 0.0620030 0.5361071
v 0.0246125 0.0620030 0.5361071
v 0.0246125 0.0620030 0.5361071
v 0.0220387 0.0628392 1.0250000
v 0.0220387 0.0628392 1.0250000
v 0.0220387 0.0628392 1.0250000
v 0.0256785 0.0616565 1.0212200
v 0.0256785 0.0616565 1.0212200
v 0.0256785 0.0616565 1.0212200
v 0.0256785 0.0616565 1.0212200
v 0.0246125 0.0620029 1.0238929
v 0.0246125 0.0620029 1.0238929
v 0.0246125 0.0620029 1.0238929
v 0.0246125 0.0620029 1.0238929
v 0.0187473 0.0563794 0.5349999
v 0.0187473 0.0563794 0.5349999
v 0.0187473 0.0563794 0.5349999
v 0.0218435 0.0541298 0.5387799
v 0.0218435 0.0541298 0.5387799
v 0.0218435 0.0541298 0.5387799
v 0.0218435 0.0541298 0.5387799
v 0.0209366 0.0547887 0.5361071
v 0.0209366 0.0547887 0.5361071
v 0.0209366 0.0547887 0.5361071
v 0.0209366 0.0547887 0.5361071
v 0.0187473 0.0563793 1.0250000
v 0.0187473 0.0563793 1.0250000
v 0.0187473 0.0563793 1.0250000
v 0.0218435 0.0541298 1.0212200
v 0.0218435 0.0541298 1.0212200
v 0.0218435 0.0541298 1.0212200
v 0.0218435 0.0541298 1.0212200
v 0.0209366 0.0547886 1.0238929
v 0.0209366 0.0547886 1.0238929
v 0.0209366 0.0547886 1.0238929
v 0.0209366 0.0547886 1.0238929
v 0.0136207 0.0512528 0.5349999
v 0.0136207 0.0512528 0.5349999
v 0.0136207 0.0512528 0.5349999
v 0.0158702 0.0481566 0.5387799
v 0.0158702 0.0481566 0.5387799
v 0.0158702 0.0481566 0.5387799
v 0.0158702 0.0481566 0.5387799
v 0.0152113 0.0490634 0.5361071
v 0.0152113 0.0490634 0.5361071
v 0.0152113 0.0490634 0.5361071
v 0.0152113 0.0490634 0.5361071
v 0.0136207 0.0512527 1.0250000
v 0.0136207 0.0512527 1.0250000
v 0.0136207 0.0512527 1.0250000
v 0.0158702 0.0481565 1.0212200
v 0.0158702 0.0481565 1.0212200
v 0.0158702 0.0481565 1.0212200
v 0.0158702 0.0481565 1.0212200
v 0.0152113 0.0490634 1.0238929
v 0.0152113 0.0490634 1.0238929
v 0.0152113 0.0490634 1.0238929
v 0.0152113 0.0490634 1.0238929
v 0.0071608 0.0479613 0.5349999
v 0.0071608 0.0479613 0.5349999
v 0.0071608 0.0479613 0.5349999
v 0.0083435 0.0443215 0.5387799
v 0.0083435 0.0443215 0.5387799
v 0.0083435 0.0443215 0.5387799
v 0.0083435 0.0443215 0.5387799
v 0.0079971 0.0453876 0.5361071
v 0.0079971 0.0453876 0.5361071
v 0.0079971 0.0453876 0.5361071
v 0.0079971 0.0453876 0.5361071
v 0.0071608 0.0479612 1.0250000
v 0.0071608 0.0479612 1.0250000
v 0.0071608 0.0479612 1.0250000
v 0.0083435 0.0443214 1.0212200
v 0.0083435 0.0443214 1.0212200
v 0.0083435 0.0443214 1.0212200
v 0.0083435 0.0443214 1.0212200
v 0.0079971 0.0453875 1.0238929
v 0.0079971 0.0453875 1.0238929
v 0.0079971 0.0453875 1.0238929
v 0.0079971 0.0453875 1.0238929
v 0.0000000 0.0468271 0.5349999
v 0.0000000 0.0468271 0.5349999
v 0.0000000 0.0468271 0.5349999
v 0.0000000 0.0430000 0.5387799
v 0.0000000 0.0430000 0.5387799
v 0.0000000 0.0430000 0.5387799
v 0.0000000 0.0430000 0.5387799
v 0.0000000 0.0441210 0.5361071
v 0.0000000 0.0441210 0.5361071
v 0.0000000 0.0441210 0.5361071
v 0.0000000 0.0441210 0.5361071
v 0.0000000 0.0468271 1.0250000
v 0.0000000 0.0468271 1.0250000
v 0.0000000 0.0468271 1.0250000
v 0.0000000 0.0430000 1.0212200
v 0.0000000 0.0430000 1.0212200
v 0.0000000 0.0430000 1.0212200
v 0.0000000 0.0430000 1.0212200
v 0.0000000 0.0441209 1.0238929
v 0.0000000 0.0441209 1.0238929
v 0.0000000 0.0441209 1.0238929
v 0.0000000 0.0441209 1.0238929
v -0.0071608 0.0479613 0.5349999
v -0.0071608 0.0479613 0.5349999
v -0.0071608 0.0479613 0.5349999
v -0.0083435 0.0443215 0.5387799
v -0.0083435 0.0443215 0.5387799
v -0.0083435 0.0443215 0.5387799
v -0.0083435 0.0443215 0.5387799
v -0.0079971 0.0453876 0.5361071
v -0.0079971 0.0453876 0.5361071
v -0.0079971 0.0453876 0.5361071
v -0.0079971 0.0453876 0.5361071
v -0.0071608 0.0479612 1.0250000
v -0.0071608 0.0479612 1.0250000
v -0.0071608 0.0479612 1.0250000
v -0.0083435 0.0443214 1.0212200
v -0.0083435 0.0443214 1.0212200
v -0.0083435 0.0443214 1.0212200
v -0.0083435 0.0443214 1.0212200
v -0.0079971 0.0453875 1.0238929
v -0.0079971 0.0453875 1.0238929
v -0.0079971 0.0453875 1.0238929
v -0.0079971 0.0453875 1.0238929
v -0.0136207 0.0512528 0.5349999
v -0.0136207 0.0512528 0.5349999
v -0.0136207 0.0512528 0.5349999
v -0.0158702 0.0481566 0.5387799
v -0.0158702 0.0481566 0.5387799
v -0.0158702 0.0481566 0.5387799
v -0.0158702 0.0481566 0.5387799
v -0.0152113 0.0490634 0.5361071
v -0.0152113 0.0490634 0.5361071
v -0.0152113 0.0490634 0.5361071
v -0.0152113 0.0490634 0.5361071
v -0.0136207 0.0512527 1.0250000
v -0.0136207 0.0512527 1.0250000
v -0.0136207 0.0512527 1.0250000
v -0.0158702 0.0481565 1.0212200
v -0.0158702 0.0481565 1.0212200
v -0.0158702 0.0481565 1.0212200
v -0.0158702 0.0481565 1.0212200
v -0.0152113 0.0490634 1.0238929
v -0.0152113 0.0490634 1.0238929
v -0.0152113 0.0490634 1.0238929
v -0.0152113 0.0490634 1.0238929
v -0.0187473 0.0563794 0.5349999
v -0.0187473 0.0563794 0.5349999
v -0.0187473 0.0563794 0.5349999
v -0.0218435 0.0541298 0.5387799
v -0.0218435 0.0541298 0.5387799
v -0.0218435 0.0541298 0.5387799
v -0.0218435 0.0541298 0.5387799
v -0.0209366 0.0547887 0.5361071
v -0.0209366 0.0547887 0.5361071
v -0.0209366 0.0547887 0.5361071
v -0.0209366 0.0547887 0.5361071
v -0.0187473 0.0563793 1.0250000
v -0.0187473 0.0563793 1.0250000
v -0.0187473 0.0563793 1.0250000
v -0.0218435 0.0541298 1.0212200
v -0.0218435 0.0541298 1.0212200
v -0.0218435 0.0541298 1.0212200
v -0.0218435 0.0541298 1.0212200
v -0.0209366 0.0547886 1.0238929
v -0.0209366 0.0547886 1.0238929
v -0.0209366 0.0547886 1.0238929
v -0.0209366 0.0547886 1.0238929
v -0.0220387 0.0628392 0.5349999
v -0.0220387 0.0628392 0.5349999
v -0.0220387 0.0628392 0.5349999
v -0.0256785 0.0616566 0.5387799
v -0.0256785 0.0616566 0.5387799
v -0.0256785 0.0616566 0.5387799
v -0.0256785 0.0616566 0.5387799
v -0.0246125 0.0620030 0.5361071
v -0.0246125 0.0620030 0.5361071
v -0.0246125 0.0620030 0.5361071
v -0.0246125 0.0620030 0.5361071
v -0.0220387 0.0628392 1.0250000
v -0.0220387 0.0628392 1.0250000
v -0.0220387 0.0628392 1.0250000
v -0.0256785 0.0616565 1.0212200
v -0.0256785 0.0616565 1.0212200
v -0.0256785 0.0616565 1.0212200
v -0.0256785 0.0616565 1.0212200
v -0.0246125 0.0620029 1.0238929
v -0.0246125 0.0620029 1.0238929
v -0.0246125 0.0620029 1.0238929
v -0.0246125 0.0620029 1.0238929
v -0.0231729 0.0700000 0.5349999
v -0.0231729 0.0700000 0.5349999
v -0.0231729 0.0700000 0.5349999
v -0.0270000 0.0700000 0.5387799
v -0.0270000 0.0700000 0.5387799
v -0.0270000 0.0700000 0.5387799
v -0.0270000 0.0700000 0.5387799
v -0.0258791 0.0700000 0.5361071
v -0.0258791 0.0700000 0.5361071
v -0.0258791 0.0700000 0.5361071
v -0.0258791 0.0700000 0.5361071
v -0.0231729 0.0700000 1.0250000
v -0.0231729 0.0700000 1.0250000
v -0.0231729 0.0700000 1.0250000
v -0.0270000 0.0700000 1.0212200
v -0.0270000 0.0700000 1.0212200
v -0.0270000 0.0700000 1.0212200
v -0.0270000 0.0700000 1.0212200
v -0.0258791 0.0700000 1.0238929
v -0.0258791 0.0700000 1.0238929
v -0.0258791 0.0700000 1.0238929
v -0.0258791 0.0700000 1.0238929
v -0.0220387 0.0771608 0.5349999
v -0.0220387 0.0771608 0.5349999
v -0.0220387 0.0771608 0.5349999
v -0.0256785 0.0783435 0.5387799
v -0.0256785 0.0783435 0.5387799
v -0.0256785 0.0783435 0.5387799
v -0.0256785 0.0783435 0.5387799
v -0.0246125 0.0779971 0.5361071
v -0.0246125 0.0779971 0.5361071
v -0.0246125 0.0779971 0.5361071
v -0.0246125 0.0779971 0.5361071
v -0.0220387 0.0771608 1.0250000
v -0.0220387 0.0771608 1.0250000
v -0.0220387 0.0771608 1.0250000
v -0.0256785 0.0783434 1.0212200
v -0.0256785 0.0783434 1.0212200
v -0.0256785 0.0783434 1.0212200
v -0.0256785 0.0783434 1.0212200
v -0.0246125 0.0779970 1.0238929
v -0.0246125 0.0779970 1.0238929
v -0.0246125 0.0779970 1.0238929
v -0.0246125 0.0779970 1.0238929
v -0.0187473 0.0836207 0.5349999
v -0.0187473 0.0836207 0.5349999
v -0.0187473 0.0836207 0.5349999
v -0.0218435 0.0858702 0.5387799
v -0.0218435 0.0858702 0.5387799
v -0.0218435 0.0858702 0.5387799
v -0.0218435 0.0858702 0.5387799
v -0.0209366 0.0852114 0.5361071
v -0.0209366 0.0852114 0.5361071
v -0.0209366 0.0852114 0.5361071
v -0.0209366 0.0852114 0.5361071
v -0.0187473 0.0836206 1.0250000
v -0.0187473 0.0836206 1.0250000
v -0.0187473 0.0836206 1.0250000
v -0.0218435 0.0858702 1.0212200
v -0.0218435 0.0858702 1.0212200
v -0.0218435 0.0858702 1.0212200
v -0.0218435 0.0858702 1.0212200
v -0.0209366 0.0852113 1.0238929
v -0.0209366 0.0852113 1.0238929
v -0.0209366 0.0852113 1.0238929
v -0.0209366 0.0852113 1.0238929
v -0.0136207 0.0887473 0.5349999
v -0.0136207 0.0887473 0.5349999
v -0.0136207 0.0887473 0.5349999
v -0.0158702 0.0918435 0.5387799
v -0.0158702 0.0918435 0.5387799
v -0.0158702 0.0918435 0.5387799
v -0.0158702 0.0918435 0.5387799
v -0.0152113 0.0909366 0.5361071
v -0.0152113 0.0909366 0.5361071
v -0.0152113 0.0909366 0.5361071
v -0.0152113 0.0909366 0.5361071
v -0.0136207 0.0887472 1.0250000
v -0.0136207 0.0887472 1.0250000
v -0.0136207 0.0887472 1.0250000
v -0.0158702 0.0918434 1.0212200
v -0.0158702 0.0918434 1.0212200
v -0.0158702 0.0918434 1.0212200
v -0.0158702 0.0918434 1.0212200
v -0.0152113 0.0909366 1.0238929
v -0.0152113 0.0909366 1.0238929
v -0.0152113 0.0909366 1.0238929
v -0.0152113 0.0909366 1.0238929
v -0.0071608 0.0920388 0.5349999
v -0.0071608 0.0920388 0.5349999
v -0.0071608 0.0920388 0.5349999
v -0.0083435 0.0956786 0.5387799
v -0.0083435 0.0956786 0.5387799
v -0.0083435 0.0956786 0.5387799
v -0.0083435 0.0956786 0.5387799
v -0.0079971 0.0946125 0.5361071
v -0.0079971 0.0946125 0.5361071
v -0.0079971 0.0946125 0.5361071
v -0.0079971 0.0946125 0.5361071
v -0.0071608 0.0920387 1.0250000
v -0.0071608 0.0920387 1.0250000
v -0.0071608 0.0920387 1.0250000
v -0.0083435 0.0956785 1.0212200
v -0.0083435 0.0956785 1.0212200
v -0.0083435 0.0956785 1.0212200
v -0.0083435 0.0956785 1.0212200
v -0.0079971 0.0946124 1.0238929
v -0.0079971 0.0946124 1.0238929
v -0.0079971 0.0946124 1.0238929
v -0.0079971 0.0946124 1.0238929
vt 0.7499999 0.5440187
vt 0.7499999 0.5440187
vt 0.7499999 0.5440187
vt 1.0000000 0.4961429
vt 1.0000000 0.4961429
vt -0.0000002 0.4961429
vt -0.0000002 0.4961429
vt 0.7515395 0.5102438
vt 0.9989621 0.5000000
vt 0.7484605 0.5102438
vt 0.0010377 0.5000000
vt 0.2500000 0.5440187
vt 0.2500000 0.5440187
vt 0.2500000 0.5440187
vt 1.0000000 0.0038571
vt 1.0000000 0.0038571
vt -0.0000002 0.0038571
vt -0.0000002 0.0038571
vt 0.2515395 0.5102438
vt 0.9989621 0.0000000
vt 0.2484605 0.5102438
vt 0.0010377 0.0000000
vt 0.8136514 0.5541003
vt 0.8136514 0.5541003
vt 0.8136514 0.5541003
vt 0.9500000 0.4961429
vt 0.9500000 0.4961429
vt 0.9500000 0.4961429
vt 0.9500000 0.4961429
vt 0.8226246 0.5215026
vt 0.9510379 0.5000000
vt 0.8255529 0.5224541
vt 0.9489621 0.5000000
vt 0.3136517 0.5541002
vt 0.3136517 0.5541002
vt 0.3136517 0.5541002
vt 0.9500000 0.0038571
vt 0.9500000 0.0038571
vt 0.9500000 0.0038571
vt 0.9500000 0.0038571
vt 0.3226246 0.5215026
vt 0.9510379 0.0000000
vt 0.3255529 0.5224541
vt 0.9489621 0.0000000
vt 0.8710725 0.5833578
vt 0.8710725 0.5833578
vt 0.8710725 0.5833578
vt 0.9000000 0.4961429
vt 0.9000000 0.4961429
vt 0.9000000 0.4961429
vt 0.9000000 0.4961429
vt 0.8896797 0.5551283
vt 0.8921706 0.5569381
vt 0.9010379 0.5000000
vt 0.8989621 0.5000000
vt 0.3710726 0.5833578
vt 0.3710726 0.5833578
vt 0.3710726 0.5833578
vt 0.9000000 0.0038571
vt 0.9000000 0.0038571
vt 0.9000000 0.0038571
vt 0.9000000 0.0038571
vt 0.3896797 0.5551283
vt 0.3921706 0.5569381
vt 0.9010379 0.0000000
vt 0.8989621 0.0000000
vt 0.9166421 0.6289274
vt 0.9166421 0.6289274
vt 0.9166421 0.6289274
vt 0.8500000 0.4961429
vt 0.8500000 0.4961429
vt 0.8500000 0.4961429
vt 0.8500000 0.4961429
vt 0.9430618 0.6078294
vt 0.9448717 0.6103203
vt 0.8510379 0.5000000
vt 0.8489621 0.5000000
vt 0.4166423 0.6289273
vt 0.4166423 0.6289273
vt 0.4166423 0.6289273
vt 0.8500000 0.0038571
vt 0.8500000 0.0038571
vt 0.8500000 0.0038571
vt 0.8500000 0.0038571
vt 0.4430619 0.6078294
vt 0.4448717 0.6103203
vt 0.8510379 0.0000000
vt 0.8489621 0.0000000
vt 0.9458998 0.6863483
vt 0.9458998 0.6863483
vt 0.9458998 0.6863483
vt 0.8000000 0.4961429
vt 0.8000000 0.4961429
vt 0.8000000 0.4961429
vt 0.8000000 0.4961429
vt 0.9775459 0.6744471
vt 0.9784974 0.6773754
vt 0.8010378 0.5000000
vt 0.7989621 0.5000000
vt 0.4458997 0.6863483
vt 0.4458997 0.6863483
vt 0.4458997 0.6863483
vt 0.8000000 0.0038571
vt 0.8000000 0.0038571
vt 0.8000000 0.0038571
vt 0.8000000 0.0038571
vt 0.4775459 0.6744471
vt 0.4784974 0.6773754
vt 0.8010378 0.0000000
vt 0.7989621 0.0000000
vt 0.9559811 0.7500000
vt 0.9559811 0.7500000
vt 0.9559811 0.7500000
vt 0.7499999 0.4961429
vt 0.7499999 0.4961429
vt 0.7499999 0.4961429
vt 0.7499999 0.4961429
vt 0.9897562 0.7515395
vt 0.9897562 0.7484605
vt 0.7489620 0.5000000
vt 0.7510378 0.5000000
vt 0.4559812 0.7500000
vt 0.4559812 0.7500000
vt 0.4559812 0.7500000
vt 0.7499999 0.0038571
vt 0.7499999 0.0038571
vt 0.7499999 0.0038571
vt 0.7499999 0.0038571
vt 0.4897562 0.7515395
vt 0.4897562 0.7484605
vt 0.7489620 0.0000000
vt 0.7510378 0.0000000
vt 0.9458997 0.8136517
vt 0.9458997 0.8136517
vt 0.9458997 0.8136517
vt 0.6999999 0.4961429
vt 0.6999999 0.4961429
vt 0.6999999 0.4961429
vt 0.6999999 0.4961429
vt 0.9775459 0.8255529
vt 0.9784973 0.8226246
vt 0.6989620 0.5000000
vt 0.7010378 0.5000000
vt 0.4458998 0.8136517
vt 0.4458998 0.8136517
vt 0.4458998 0.8136517
vt 0.6999999 0.0038571
vt 0.6999999 0.0038571
vt 0.6999999 0.0038571
vt 0.6999999 0.0038571
vt 0.4775459 0.8255529
vt 0.4784974 0.8226246
vt 0.6989620 0.0000000
vt 0.7010378 0.0000000
vt 0.9166422 0.8710727
vt 0.9166422 0.8710727
vt 0.9166422 0.8710727
vt 0.6499999 0.4961429
vt 0.6499999 0.4961429
vt 0.6499999 0.4961429
vt 0.6499999 0.4961429
vt 0.9430619 0.8921706
vt 0.9448717 0.8896797
vt 0.6489620 0.5000000
vt 0.6510378 0.5000000
vt 0.4166423 0.8710726
vt 0.4166423 0.8710726
vt 0.4166423 0.8710726
vt 0.6499999 0.0038571
vt 0.6499999 0.0038571
vt 0.6499999 0.0038571
vt 0.6499999 0.0038571
vt 0.4430619 0.8921706
vt 0.4448717 0.8896797
vt 0.6489620 0.0000000
vt 0.6510378 0.0000000
vt 0.8710725 0.9166422
vt 0.8710725 0.9166422
vt 0.8710725 0.9166422
vt 0.6000000 0.4961429
vt 0.6000000 0.4961429
vt 0.5999999 0.4961429
vt 0.5999999 0.4961429
vt 0.8896797 0.9448717
vt 0.8921706 0.9430619
vt 0.5989620 0.5000000
vt 0.6010378 0.5000000
vt 0.3710726 0.9166422
vt 0.3710726 0.9166422
vt 0.3710726 0.9166422
vt 0.5999999 0.0038571
vt 0.5999999 0.0038571
vt 0.6000000 0.0038571
vt 0.6000000 0.0038571
vt 0.3896797 0.9448717
vt 0.3921706 0.9430619
vt 0.5989620 0.0000000
vt 0.6010378 0.0000000
vt 0.8136517 0.9458997
vt 0.8136517 0.9458997
vt 0.8136517 0.9458997
vt 0.5499999 0.4961429
vt 0.5499999 0.4961429
vt 0.5499999 0.4961429
vt 0.5499999 0.4961429
vt 0.8226246 0.9784974
vt 0.5489619 0.5000000
vt 0.8255529 0.9775459
vt 0.5510378 0.5000000
vt 0.3136517 0.9458997
vt 0.3136517 0.9458997
vt 0.3136517 0.9458997
vt 0.5499999 0.0038571
vt 0.5499999 0.0038571
vt 0.5499999 0.0038571
vt 0.5499999 0.0038571
vt 0.3226246 0.9784974
vt 0.5489620 0.0000000
vt 0.3255529 0.9775459
vt 0.5510378 0.0000000
vt 0.7499999 0.9559812
vt 0.7499999 0.9559812
vt 0.7499999 0.9559812
vt 0.4999999 0.4961429
vt 0.4999999 0.4961429
vt 0.4999999 0.4961429
vt 0.4999999 0.4961429
vt 0.7515395 0.9897562
vt 0.5010378 0.5000000
vt 0.7484605 0.9897562
vt 0.4989620 0.5000000
vt 0.2500000 0.9559812
vt 0.2500000 0.9559812
vt 0.2500000 0.9559812
vt 0.4999999 0.0038571
vt 0.4999999 0.0038571
vt 0.4999999 0.0038571
vt 0.4999999 0.0038571
vt 0.2515395 0.9897562
vt 0.5010378 0.0000000
vt 0.2484605 0.9897562
vt 0.4989620 0.0000000
vt 0.6863482 0.9458997
vt 0.6863482 0.9458997
vt 0.6863482 0.9458997
vt 0.4499999 0.4961429
vt 0.4499999 0.4961429
vt 0.4499999 0.4961429
vt 0.4499999 0.4961429
vt 0.6773754 0.9784974
vt 0.4510378 0.5000000
vt 0.6744471 0.9775459
vt 0.4489620 0.5000000
vt 0.1863483 0.9458997
vt 0.1863483 0.9458997
vt 0.1863483 0.9458997
vt 0.4499999 0.0038571
vt 0.4499999 0.0038571
vt 0.4499999 0.0038571
vt 0.4499999 0.0038571
vt 0.1773754 0.9784974
vt 0.4510378 0.0000000
vt 0.1744471 0.9775459
vt 0.4489619 0.0000000
vt 0.6289273 0.9166422
vt 0.6289273 0.9166422
vt 0.6289273 0.9166422
vt 0.3999999 0.4961429
vt 0.3999999 0.4961429
vt 0.3999999 0.4961429
vt 0.3999999 0.4961429
vt 0.6103204 0.9448717
vt 0.6078294 0.9430619
vt 0.4010378 0.5000000
vt 0.3989619 0.5000000
vt 0.1289273 0.9166422
vt 0.1289273 0.9166422
vt 0.1289273 0.9166422
vt 0.3999999 0.0038571
vt 0.3999999 0.0038571
vt 0.3999999 0.0038571
vt 0.3999999 0.0038571
vt 0.1103203 0.9448717
vt 0.1078294 0.9430619
vt 0.4010378 0.0000000
vt 0.3989620 0.0000000
vt 0.5833578 0.8710726
vt 0.5833578 0.8710726
vt 0.5833578 0.8710726
vt 0.3499998 0.4961429
vt 0.3499998 0.4961429
vt 0.3499998 0.4961429
vt 0.3499998 0.4961429
vt 0.5569382 0.8921706
vt 0.5551283 0.8896797
vt 0.3510377 0.5000000
vt 0.3489619 0.5000000
vt 0.0833578 0.8710726
vt 0.0833578 0.8710726
vt 0.0833578 0.8710726
vt 0.3499998 0.0038571
vt 0.3499998 0.0038571
vt 0.3499998 0.0038571
vt 0.3499998 0.0038571
vt 0.0569381 0.8921706
vt 0.0551283 0.8896797
vt 0.3510378 0.0000000
vt 0.3489619 0.0000000
vt 0.5541003 0.8136517
vt 0.5541003 0.8136517
vt 0.5541003 0.8136517
vt 0.2999998 0.4961429
vt 0.2999998 0.4961429
vt 0.2999999 0.4961429
vt 0.2999999 0.4961429
vt 0.5224541 0.8255529
vt 0.5215026 0.8226246
vt 0.3010377 0.5000000
vt 0.2989619 0.5000000
vt 0.0541003 0.8136517
vt 0.0541003 0.8136517
vt 0.0541003 0.8136517
vt 0.2999999 0.0038571
vt 0.2999999 0.0038571
vt 0.2999998 0.0038571
vt 0.2999998 0.0038571
vt 0.0224541 0.8255529
vt 0.0215026 0.8226246
vt 0.3010377 0.0000000
vt 0.2989619 0.0000000
vt 0.5440188 0.7500000
vt 0.5440188 0.7500000
vt 0.5440188 0.7500000
vt 0.2499998 0.4961429
vt 0.2499998 0.4961429
vt 0.2499998 0.4961429
vt 0.2499998 0.4961429
vt 0.5102438 0.7515395
vt 0.5102438 0.7484605
vt 0.2510377 0.5000000
vt 0.2489619 0.5000000
vt 0.0440188 0.7500000
vt 0.0440188 0.7500000
vt 0.0440188 0.7500000
vt 0.2499998 0.0038571
vt 0.2499998 0.0038571
vt 0.2499998 0.0038571
vt 0.2499998 0.0038571
vt 0.0102438 0.7515395
vt 0.0102438 0.7484605
vt 0.2510377 0.0000000
vt 0.2489619 0.0000000
vt 0.5541003 0.6863483
vt 0.5541003 0.6863483
vt 0.5541003 0.6863483
vt 0.1999999 0.4961429
vt 0.1999999 0.4961429
vt 0.1999998 0.4961429
vt 0.1999998 0.4961429
vt 0.5224541 0.6744471
vt 0.5215026 0.6773754
vt 0.1989620 0.5000000
vt 0.2010377 0.5000000
vt 0.0541003 0.6863483
vt 0.0541003 0.6863483
vt 0.0541003 0.6863483
vt 0.1999998 0.0038571
vt 0.1999998 0.0038571
vt 0.1999999 0.0038571
vt 0.1999999 0.0038571
vt 0.0224541 0.6744471
vt 0.0215026 0.6773754
vt 0.1989619 0.0000000
vt 0.2010377 0.0000000
vt 0.5833577 0.6289274
vt 0.5833577 0.6289274
vt 0.5833577 0.6289274
vt 0.1499999 0.4961429
vt 0.1499999 0.4961429
vt 0.1499998 0.4961429
vt 0.1499998 0.4961429
vt 0.5569381 0.6078294
vt 0.5551283 0.6103203
vt 0.1489619 0.5000000
vt 0.1510378 0.5000000
vt 0.0833577 0.6289274
vt 0.0833577 0.6289274
vt 0.0833577 0.6289274
vt 0.1499998 0.0038571
vt 0.1499998 0.0038571
vt 0.1499999 0.0038571
vt 0.1499999 0.0038571
vt 0.0569381 0.6078294
vt 0.0551283 0.6103203
vt 0.1489619 0.0000000
vt 0.1510378 0.0000000
vt 0.6289274 0.5833577
vt 0.6289274 0.5833577
vt 0.6289274 0.5833577
vt 0.0999998 0.4961429
vt 0.0999998 0.4961429
vt 0.0999998 0.4961429
vt 0.0999998 0.4961429
vt 0.6103204 0.5551283
vt 0.6078294 0.5569381
vt 0.0989619 0.5000000
vt 0.1010377 0.5000000
vt 0.1289273 0.5833578
vt 0.1289273 0.5833578
vt 0.1289273 0.5833578
vt 0.0999998 0.0038571
vt 0.0999998 0.0038571
vt 0.0999998 0.0038571
vt 0.0999998 0.0038571
vt 0.1103203 0.5551283
vt 0.1078294 0.5569381
vt 0.0989619 0.0000000
vt 0.1010378 0.0000000
vt 0.6863482 0.5541003
vt 0.6863482 0.5541003
vt 0.6863482 0.5541003
vt 0.0499998 0.4961429
vt 0.0499998 0.4961429
vt 0.0499998 0.4961429
vt 0.0499998 0.4961429
vt 0.6773754 0.5215026
vt 0.0489619 0.5000000
vt 0.6744471 0.5224541
vt 0.0510377 0.5000000
vt 0.1863483 0.5541003
vt 0.1863483 0.5541003
vt 0.1863483 0.5541003
vt 0.0499998 0.0038571
vt 0.0499998 0.0038571
vt 0.0499998 0.0038571
vt 0.0499998 0.0038571
vt 0.1773754 0.5215026
vt 0.0489619 0.0000000
vt 0.1744471 0.5224541
vt 0.0510377 0.0000000
vn 0.0000000 0.0000001 -1.0000000
vn 0.0598981 0.3779882 -0.9238708
vn -0.0598981 0.3779882 -0.9238708
vn 0.1445003 0.9125020 -0.3827007
vn 0.1563990 0.9876940 0.0000001
vn -0.1445003 0.9125020 -0.3827007
vn -0.1563990 0.9876940 0.0000001
vn 0.0598981 0.3779882 -0.9238708
vn 0.1445003 0.9125020 -0.3827007
vn -0.0598981 0.3779882 -0.9238708
vn -0.1445003 0.9125020 -0.3827007
vn 0.0000000 -0.0000001 1.0000000
vn 0.0598981 0.3779879 0.9238709
vn -0.0598981 0.3779879 0.9238709
vn 0.1445003 0.9125019 0.3827009
vn 0.1563990 0.9876940 0.0000001
vn -0.1445003 0.9125019 0.3827009
vn -0.1563990 0.9876940 0.0000001
vn 0.0598981 0.3779879 0.9238709
vn 0.1445003 0.9125019 0.3827009
vn -0.0598981 0.3779879 0.9238709
vn -0.1445003 0.9125019 0.3827009
vn 0.0000000 0.0000001 -1.0000000
vn 0.0598981 0.3779882 -0.9238708
vn 0.1736962 0.3409926 -0.9238797
vn 0.1445003 0.9125020 -0.3827007
vn 0.1563990 0.9876940 0.0000001
vn 0.4193970 0.8231944 -0.3826972
vn 0.4540007 0.8910014 0.0000001
vn 0.0598981 0.3779882 -0.9238708
vn 0.1445003 0.9125020 -0.3827007
vn 0.1736962 0.3409926 -0.9238797
vn 0.4193970 0.8231944 -0.3826972
vn 0.0000000 -0.0000001 1.0000000
vn 0.0598981 0.3779879 0.9238709
vn 0.1736962 0.3409924 0.9238798
vn 0.1445003 0.9125019 0.3827009
vn 0.1563990 0.9876940 0.0000001
vn 0.4193970 0.8231943 0.3826974
vn 0.4540007 0.8910014 0.0000001
vn 0.0598981 0.3779879 0.9238709
vn 0.1445003 0.9125019 0.3827009
vn 0.1736962 0.3409924 0.9238798
vn 0.4193970 0.8231943 0.3826974
vn 0.0000000 0.0000001 -1.0000000
vn 0.1736962 0.3409926 -0.9238797
vn 0.2705946 0.2705947 -0.9238815
vn 0.4193970 0.8231944 -0.3826972
vn 0.4540007 0.8910014 0.0000001
vn 0.6532800 0.6532801 -0.3826882
vn 0.7071067 0.7071068 0.0000001
vn 0.1736962 0.3409926 -0.9238797
vn 0.2705946 0.2705947 -0.9238815
vn 0.4193970 0.8231944 -0.3826972
vn 0.6532800 0.6532801 -0.3826882
vn 0.0000000 -0.0000001 1.0000000
vn 0.1736962 0.3409924 0.9238798
vn 0.2705946 0.2705945 0.9238816
vn 0.4193970 0.8231943 0.3826974
vn 0.4540007 0.8910014 0.0000001
vn 0.6532800 0.6532800 0.3826884
vn 0.7071067 0.7071068 0.0000001
vn 0.1736962 0.3409924 0.9238798
vn 0.2705946 0.2705945 0.9238816
vn 0.4193970 0.8231943 0.3826974
vn 0.6532800 0.6532800 0.3826884
vn 0.0000000 0.0000001 -1.0000000
vn 0.2705946 0.2705947 -0.9238815
vn 0.3409925 0.1736963 -0.9238797
vn 0.6532800 0.6532801 -0.3826882
vn 0.7071067 0.7071068 0.0000001
vn 0.8231943 0.4193972 -0.3826973
vn 0.8910013 0.4540008 0.0000001
vn 0.2705946 0.2705947 -0.9238815
vn 0.3409925 0.1736963 -0.9238797
vn 0.6532800 0.6532801 -0.3826882
vn 0.8231943 0.4193972 -0.3826973
vn 0.0000000 -0.0000001 1.0000000
vn 0.2705946 0.2705945 0.9238816
vn 0.3409925 0.1736961 0.9238798
vn 0.6532800 0.6532800 0.3826884
vn 0.7071067 0.7071068 0.0000001
vn 0.8231943 0.4193971 0.3826974
vn 0.8910013 0.4540008 0.0000001
vn 0.2705946 0.2705945 0.9238816
vn 0.3409925 0.1736961 0.9238798
vn 0.6532800 0.6532800 0.3826884
vn 0.8231943 0.4193971 0.3826974
vn 0.0000000 0.0000001 -1.0000000
vn 0.3409925 0.1736963 -0.9238797
vn 0.3779880 0.0598982 -0.9238708
vn 0.8231943 0.4193972 -0.3826973
vn 0.8910013 0.4540008 0.0000001
vn 0.9125019 0.1445004 -0.3827008
vn 0.9876939 0.1563991 0.0000000
vn 0.3409925 0.1736963 -0.9238797
vn 0.3779880 0.0598982 -0.9238708
vn 0.8231943 0.4193972 -0.3826973
vn 0.9125019 0.1445004 -0.3827008
vn 0.0000000 -0.0000001 1.0000000
vn 0.3409925 0.1736961 0.9238798
vn 0.3779880 0.0598980 0.9238708
vn 0.8231943 0.4193971 0.3826974
vn 0.8910013 0.4540008 0.0000001
vn 0.9125019 0.1445003 0.3827009
vn 0.9876939 0.1563991 0.0000000
vn 0.3409925 0.1736961 0.9238798
vn 0.3779880 0.0598980 0.9238708
vn 0.8231943 0.4193971 0.3826974
vn 0.9125019 0.1445003 0.3827009
vn 0.0000000 0.0000001 -1.0000000
vn 0.3779880 -0.0598980 -0.9238708
vn 0.3779880 0.0598982 -0.9238708
vn 0.9125019 -0.1445003 -0.3827009
vn 0.9125019 0.1445004 -0.3827008
vn 0.9876939 -0.1563991 -0.0000000
vn 0.9876939 0.1563991 0.0000000
vn 0.3779880 -0.0598980 -0.9238708
vn 0.3779880 0.0598982 -0.9238708
vn 0.9125019 -0.1445003 -0.3827009
vn 0.9125019 0.1445004 -0.3827008
vn 0.0000000 -0.0000001 1.0000000
vn 0.3779880 -0.0598982 0.9238708
vn 0.3779880 0.0598980 0.9238708
vn 0.9125019 -0.1445004 0.3827008
vn 0.9125019 0.1445003 0.3827009
vn 0.9876939 -0.1563991 -0.0000000
vn 0.9876939 0.1563991 0.0000000
vn 0.3779880 -0.0598982 0.9238708
vn 0.3779880 0.0598980 0.9238708
vn 0.9125019 -0.1445004 0.3827008
vn 0.9125019 0.1445003 0.3827009
vn 0.0000000 0.0000001 -1.0000000
vn 0.3409925 -0.1736961 -0.9238798
vn 0.3779880 -0.0598980 -0.9238708
vn 0.8231943 -0.4193971 -0.3826974
vn 0.8910013 -0.4540008 -0.0000001
vn 0.9125019 -0.1445003 -0.3827009
vn 0.9876939 -0.1563991 -0.0000000
vn 0.3409925 -0.1736961 -0.9238798
vn 0.3779880 -0.0598980 -0.9238708
vn 0.8231943 -0.4193971 -0.3826974
vn 0.9125019 -0.1445003 -0.3827009
vn 0.0000000 -0.0000001 1.0000000
vn 0.3409925 -0.1736963 0.9238797
vn 0.3779880 -0.0598982 0.9238708
vn 0.8231943 -0.4193972 0.3826973
vn 0.8910013 -0.4540008 -0.0000001
vn 0.9125019 -0.1445004 0.3827008
vn 0.9876939 -0.1563991 -0.0000000
vn 0.3409925 -0.1736963 0.9238797
vn 0.3779880 -0.0598982 0.9238708
vn 0.8231943 -0.4193972 0.3826973
vn 0.9125019 -0.1445004 0.3827008
vn 0.0000000 0.0000001 -1.0000000
vn 0.2705946 -0.2705945 -0.9238816
vn 0.3409925 -0.1736961 -0.9238798
vn 0.6532800 -0.6532800 -0.3826884
vn 0.7071067 -0.7071068 -0.0000001
vn 0.8231943 -0.4193971 -0.3826974
vn 0.8910013 -0.4540008 -0.0000001
vn 0.2705946 -0.2705945 -0.9238816
vn 0.3409925 -0.1736961 -0.9238798
vn 0.6532800 -0.6532800 -0.3826884
vn 0.8231943 -0.4193971 -0.3826974
vn 0.0000000 -0.0000001 1.0000000
vn 0.2705946 -0.2705947 0.9238815
vn 0.3409925 -0.1736963 0.9238797
vn 0.6532800 -0.6532801 0.3826882
vn 0.7071067 -0.7071068 -0.0000001
vn 0.8231943 -0.4193972 0.3826973
vn 0.8910013 -0.4540008 -0.0000001
vn 0.2705946 -0.2705947 0.9238815
vn 0.3409925 -0.1736963 0.9238797
vn 0.6532800 -0.6532801 0.3826882
vn 0.8231943 -0.4193972 0.3826973
vn 0.0000000 0.0000001 -1.0000000
vn 0.1736962 -0.3409924 -0.9238798
vn 0.2705946 -0.2705945 -0.9238816
vn 0.4193970 -0.8231943 -0.3826974
vn 0.4540007 -0.8910014 -0.0000001
vn 0.6532800 -0.6532800 -0.3826884
vn 0.7071067 -0.7071068 -0.0000001
vn 0.1736962 -0.3409924 -0.9238798
vn 0.2705946 -0.2705945 -0.9238816
vn 0.4193970 -0.8231943 -0.3826974
vn 0.6532800 -0.6532800 -0.3826884
vn 0.0000000 -0.0000001 1.0000000
vn 0.1736962 -0.3409926 0.9238797
vn 0.2705946 -0.2705947 0.9238815
vn 0.4193970 -0.8231944 0.3826972
vn 0.4540007 -0.8910014 -0.0000001
vn 0.6532800 -0.6532801 0.3826882
vn 0.7071067 -0.7071068 -0.0000001
vn 0.1736962 -0.3409926 0.9238797
vn 0.2705946 -0.2705947 0.9238815
vn 0.4193970 -0.8231944 0.3826972
vn 0.6532800 -0.6532801 0.3826882
vn 0.0000000 0.0000001 -1.0000000
vn 0.0598981 -0.3779879 -0.9238709
vn 0.1736962 -0.3409924 -0.9238798
vn 0.1445003 -0.9125019 -0.3827009
vn 0.1563990 -0.9876940 -0.0000001
vn 0.4193970 -0.8231943 -0.3826974
vn 0.4540007 -0.8910014 -0.0000001
vn 0.0598981 -0.3779879 -0.9238709
vn 0.1445003 -0.9125019 -0.3827009
vn 0.1736962 -0.3409924 -0.9238798
vn 0.4193970 -0.8231943 -0.3826974
vn 0.0000000 -0.0000001 1.0000000
vn 0.0598981 -0.3779882 0.9238708
vn 0.1736962 -0.3409926 0.9238797
vn 0.1445003 -0.9125020 0.3827007
vn 0.1563990 -0.9876940 -0.0000001
vn 0.4193970 -0.8231944 0.3826972
vn 0.4540007 -0.8910014 -0.0000001
vn 0.0598981 -0.3779882 0.9238708
vn 0.1445003 -0.9125020 0.3827007
vn 0.1736962 -0.3409926 0.9238797
vn 0.4193970 -0.8231944 0.3826972
vn 0.0000000 0.0000001 -1.0000000
vn 0.0598981 -0.3779879 -0.9238709
vn -0.0598981 -0.3779879 -0.9238709
vn 0.1445003 -0.9125019 -0.3827009
vn 0.1563990 -0.9876940 -0.0000001
vn -0.1445003 -0.9125019 -0.3827009
vn -0.1563990 -0.9876940 -0.0000001
vn 0.0598981 -0.3779879 -0.9238709
vn 0.1445003 -0.9125019 -0.3827009
vn -0.0598981 -0.3779879 -0.9238709
vn -0.1445003 -0.9125019 -0.3827009
vn 0.0000000 -0.0000001 1.0000000
vn 0.0598981 -0.3779882 0.9238708
vn -0.0598981 -0.3779882 0.9238708
vn 0.1445003 -0.9125020 0.3827007
vn 0.1563990 -0.9876940 -0.0000001
vn -0.1445003 -0.9125020 0.3827007
vn -0.1563990 -0.9876940 -0.0000001
vn 0.0598981 -0.3779882 0.9238708
vn 0.1445003 -0.9125020 0.3827007
vn -0.0598981 -0.3779882 0.9238708
vn -0.1445003 -0.9125020 0.3827007
vn 0.0000000 0.0000001 -1.0000000
vn -0.0598981 -0.3779879 -0.9238709
vn -0.1736962 -0.3409924 -0.9238798
vn -0.1445003 -0.9125019 -0.3827009
vn -0.1563990 -0.9876940 -0.0000001
vn -0.4193970 -0.8231943 -0.3826974
vn -0.4540007 -0.8910014 -0.0000001
vn -0.0598981 -0.3779879 -0.9238709
vn -0.1445003 -0.9125019 -0.3827009
vn -0.1736962 -0.3409924 -0.9238798
vn -0.4193970 -0.8231943 -0.3826974
vn 0.0000000 -0.0000001 1.0000000
vn -0.0598981 -0.3779882 0.9238708
vn -0.1736962 -0.3409926 0.9238797
vn -0.1445003 -0.9125020 0.3827007
vn -0.1563990 -0.9876940 -0.0000001
vn -0.4193970 -0.8231944 0.3826972
vn -0.4540007 -0.8910014 -0.0000001
vn -0.0598981 -0.3779882 0.9238708
vn -0.1445003 -0.9125020 0.3827007
vn -0.1736962 -0.3409926 0.9238797
vn -0.4193970 -0.8231944 0.3826972
vn 0.0000000 0.0000001 -1.0000000
vn -0.1736962 -0.3409924 -0.9238798
vn -0.2705946 -0.2705945 -0.9238816
vn -0.4193970 -0.8231943 -0.3826974
vn -0.4540007 -0.8910014 -0.0000001
vn -0.6532800 -0.6532800 -0.3826884
vn -0.7071067 -0.7071068 -0.0000001
vn -0.1736962 -0.3409924 -0.9238798
vn -0.2705946 -0.2705945 -0.9238816
vn -0.4193970 -0.8231943 -0.3826974
vn -0.6532800 -0.6532800 -0.3826884
vn 0.0000000 -0.0000001 1.0000000
vn -0.1736962 -0.3409926 0.9238797
vn -0.2705946 -0.2705947 0.9238815
vn -0.4193970 -0.8231944 0.3826972
vn -0.4540007 -0.8910014 -0.0000001
vn -0.6532800 -0.6532801 0.3826882
vn -0.7071067 -0.7071068 -0.0000001
vn -0.1736962 -0.3409926 0.9238797
vn -0.2705946 -0.2705947 0.9238815
vn -0.4193970 -0.8231944 0.3826972
vn -0.6532800 -0.6532801 0.3826882
vn 0.0000000 0.0000001 -1.0000000
vn -0.2705946 -0.2705945 -0.9238816
vn -0.3409925 -0.1736961 -0.9238798
vn -0.6532800 -0.6532800 -0.3826884
vn -0.7071067 -0.7071068 -0.0000001
vn -0.8231943 -0.4193971 -0.3826974
vn -0.8910013 -0.4540008 -0.0000001
vn -0.2705946 -0.2705945 -0.9238816
vn -0.3409925 -0.1736961 -0.9238798
vn -0.6532800 -0.6532800 -0.3826884
vn -0.8231943 -0.4193971 -0.3826974
vn 0.0000000 -0.0000001 1.0000000
vn -0.2705946 -0.2705947 0.9238815
vn -0.3409925 -0.1736963 0.9238797
vn -0.6532800 -0.6532801 0.3826882
vn -0.7071067 -0.7071068 -0.0000001
vn -0.8231943 -0.4193972 0.3826973
vn -0.8910013 -0.4540008 -0.0000001
vn -0.2705946 -0.2705947 0.9238815
vn -0.3409925 -0.1736963 0.9238797
vn -0.6532800 -0.6532801 0.3826882
vn -0.8231943 -0.4193972 0.3826973
vn 0.0000000 0.0000001 -1.0000000
vn -0.3409925 -0.1736961 -0.9238798
vn -0.3779880 -0.0598980 -0.9238708
vn -0.8231943 -0.4193971 -0.3826974
vn -0.8910013 -0.4540008 -0.0000001
vn -0.9125019 -0.1445003 -0.3827009
vn -0.9876939 -0.1563991 -0.0000000
vn -0.3409925 -0.1736961 -0.9238798
vn -0.3779880 -0.0598980 -0.9238708
vn -0.8231943 -0.4193971 -0.3826974
vn -0.9125019 -0.1445003 -0.3827009
vn 0.0000000 -0.0000001 1.0000000
vn -0.3409925 -0.1736963 0.9238797
vn -0.3779880 -0.0598982 0.9238708
vn -0.8231943 -0.4193972 0.3826973
vn -0.8910013 -0.4540008 -0.0000001
vn -0.9125019 -0.1445004 0.3827008
vn -0.9876939 -0.1563991 -0.0000000
vn -0.3409925 -0.1736963 0.9238797
vn -0.3779880 -0.0598982 0.9238708
vn -0.8231943 -0.4193972 0.3826973
vn -0.9125019 -0.1445004 0.3827008
vn 0.0000000 0.0000001 -1.0000000
vn -0.3779880 -0.0598980 -0.9238708
vn -0.3779880 0.0598982 -0.9238708
vn -0.9125019 -0.1445003 -0.3827009
vn -0.9125019 0.1445004 -0.3827008
vn -0.9876939 -0.1563991 -0.0000000
vn -0.9876939 0.1563991 0.0000000
vn -0.3779880 -0.0598980 -0.9238708
vn -0.3779880 0.0598982 -0.9238708
vn -0.9125019 -0.1445003 -0.3827009
vn -0.9125019 0.1445004 -0.3827008
vn 0.0000000 -0.0000001 1.0000000
vn -0.3779880 -0.0598982 0.9238708
vn -0.3779880 0.0598980 0.9238708
vn -0.9125019 -0.1445004 0.3827008
vn -0.9125019 0.1445003 0.3827009
vn -0.9876939 -0.1563991 -0.0000000
vn -0.9876939 0.1563991 0.0000000
vn -0.3779880 -0.0598982 0.9238708
vn -0.3779880 0.0598980 0.9238708
vn -0.9125019 -0.1445004 0.3827008
vn -0.9125019 0.1445003 0.3827009
vn 0.0000000 0.0000001 -1.0000000
vn -0.3409925 0.1736963 -0.9238797
vn -0.3779880 0.0598982 -0.9238708
vn -0.8231943 0.4193972 -0.3826973
vn -0.8910013 0.4540008 0.0000001
vn -0.9125019 0.1445004 -0.3827008
vn -0.9876939 0.1563991 0.0000000
vn -0.3409925 0.1736963 -0.9238797
vn -0.3779880 0.0598982 -0.9238708
vn -0.8231943 0.4193972 -0.3826973
vn -0.9125019 0.1445004 -0.3827008
vn 0.0000000 -0.0000001 1.0000000
vn -0.3409925 0.1736961 0.9238798
vn -0.3779880 0.0598980 0.9238708
vn -0.8231943 0.4193971 0.3826974
vn -0.8910013 0.4540008 0.0000001
vn -0.9125019 0.1445003 0.3827009
vn -0.9876939 0.1563991 0.0000000
vn -0.3409925 0.1736961 0.9238798
vn -0.3779880 0.0598980 0.9238708
vn -0.8231943 0.4193971 0.3826974
vn -0.9125019 0.1445003 0.3827009
vn 0.0000000 0.0000001 -1.0000000
vn -0.2705946 0.2705947 -0.9238815
vn -0.3409925 0.1736963 -0.9238797
vn -0.6532800 0.6532801 -0.3826882
vn -0.7071067 0.7071068 0.0000001
vn -0.8231943 0.4193972 -0.3826973
vn -0.8910013 0.4540008 0.0000001
vn -0.2705946 0.2705947 -0.9238815
vn -0.3409925 0.1736963 -0.9238797
vn -0.6532800 0.6532801 -0.3826882
vn -0.8231943 0.4193972 -0.3826973
vn 0.0000000 -0.0000001 1.0000000
vn -0.2705946 0.2705945 0.9238816
vn -0.3409925 0.1736961 0.9238798
vn -0.6532800 0.6532800 0.3826884
vn -0.7071067 0.7071068 0.0000001
vn -0.8231943 0.4193971 0.3826974
vn -0.8910013 0.4540008 0.0000001
vn -0.2705946 0.2705945 0.9238816
vn -0.3409925 0.1736961 0.9238798
vn -0.6532800 0.6532800 0.3826884
vn -0.8231943 0.4193971 0.3826974
vn 0.0000000 0.0000001 -1.0000000
vn -0.1736962 0.3409926 -0.9238797
vn -0.2705946 0.2705947 -0.9238815
vn -0.4193970 0.8231944 -0.3826972
vn -0.4540007 0.8910014 0.0000001
vn -0.6532800 0.6532801 -0.3826882
vn -0.7071067 0.7071068 0.0000001
vn -0.1736962 0.3409926 -0.9238797
vn -0.2705946 0.2705947 -0.9238815
vn -0.4193970 0.8231944 -0.3826972
vn -0.6532800 0.6532801 -0.3826882
vn 0.0000000 -0.0000001 1.0000000
vn -0.1736962 0.3409924 0.9238798
vn -0.2705946 0.2705945 0.9238816
vn -0.4193970 0.8231943 0.3826974
vn -0.4540007 0.8910014 0.0000001
vn -0.6532800 0.6532800 0.3826884
vn -0.7071067 0.7071068 0.0000001
vn -0.1736962 0.3409924 0.9238798
vn -0.2705946 0.2705945 0.9238816
vn -0.4193970 0.8231943 0.3826974
vn -0.6532800 0.6532800 0.3826884
vn 0.0000000 0.0000001 -1.0000000
vn -0.0598981 0.3779882 -0.9238708
vn -0.1736962 0.3409926 -0.9238797
vn -0.1445003 0.9125020 -0.3827007
vn -0.1563990 0.9876940 0.0000001
vn -0.4193970 0.8231944 -0.3826972
vn -0.4540007 0.8910014 0.0000001
vn -0.0598981 0.3779882 -0.9238708
vn -0.1445003 0.9125020 -0.3827007
vn -0.1736962 0.3409926 -0.9238797
vn -0.4193970 0.8231944 -0.3826972
vn 0.0000000 -0.0000001 1.0000000
vn -0.0598981 0.3779879 0.9238709
vn -0.1736962 0.3409924 0.9238798
vn -0.1445003 0.9125019 0.3827009
vn -0.1563990 0.9876940 0.0000001
vn -0.4193970 0.8231943 0.3826974
vn -0.4540007 0.8910014 0.0000001
vn -0.0598981 0.3779879 0.9238709
vn -0.1445003 0.9125019 0.3827009
vn -0.1736962 0.3409924 0.9238798
vn -0.4193970 0.8231943 0.3826974
f 639/639/639 650/650/650 234/234/234
f 639/639/639 234/234/234 223/223/223
f 267/267/267 278/278/278 298/298/298
f 267/267/267 298/298/298 287/287/287
f 289/289/289 300/300/300 320/320/320
f 289/289/289 320/320/320 309/309/309
f 311/311/311 322/322/322 344/344/344
f 311/311/311 344/344/344 333/333/333
f 332/332/332 343/343/343 366/366/366
f 332/332/332 366/366/366 355/355/355
f 353/353/353 364/364/364 388/388/388
f 353/353/353 388/388/388 377/377/377
f 375/375/375 386/386/386 410/410/410
f 375/375/375 410/410/410 399/399/399
f 397/397/397 408/408/408 432/432/432
f 397/397/397 432/432/432 421/421/421
f 419/419/419 430/430/430 452/452/452
f 419/419/419 452/452/452 441/441/441
f 443/443/443 454/454/454 474/474/474
f 443/443/443 474/474/474 463/463/463
f 465/465/465 476/476/476 496/496/496
f 465/465/465 496/496/496 485/485/485
f 487/487/487 498/498/498 518/518/518
f 487/487/487 518/518/518 507/507/507
f 509/509/509 520/520/520 540/540/540
f 509/509/509 540/540/540 529/529/529
f 531/531/531 542/542/542 563/563/563
f 531/531/531 563/563/563 552/552/552
f 553/553/553 564/564/564 586/586/586
f 553/553/553 586/586/586 575/575/575
f 573/573/573 584/584/584 608/608/608
f 573/573/573 608/608/608 597/597/597
f 595/595/595 606/606/606 630/630/630
f 595/595/595 630/630/630 619/619/619
f 617/617/617 628/628/628 652/652/652
f 617/617/617 652/652/652 641/641/641
f 245/245/245 256/256/256 276/276/276
f 245/245/245 276/276/276 265/265/265
f 272/272/272 250/250/250 228/228/228
f 228/228/228 646/646/646 624/624/624
f 624/624/624 602/602/602 580/580/580
f 580/580/580 558/558/558 536/536/536
f 536/536/536 514/514/514 492/492/492
f 492/492/492 470/470/470 448/448/448
f 448/448/448 426/426/426 404/404/404
f 404/404/404 382/382/382 360/360/360
f 360/360/360 338/338/338 316/316/316
f 316/316/316 294/294/294 272/272/272
f 272/272/272 228/228/228 624/624/624
f 624/624/624 580/580/580 536/536/536
f 536/536/536 492/492/492 448/448/448
f 448/448/448 404/404/404 360/360/360
f 360/360/360 316/316/316 272/272/272
f 272/272/272 624/624/624 536/536/536
f 536/536/536 448/448/448 360/360/360
f 536/536/536 360/360/360 272/272/272
f 221/221/221 232/232/232 254/254/254
f 221/221/221 254/254/254 243/243/243
f 220/220/220 242/242/242 247/247/247
f 220/220/220 247/247/247 225/225/225
f 224/224/224 246/246/246 240/240/240
f 224/224/224 240/240/240 218/218/218
f 253/253/253 231/231/231 236/236/236
f 253/253/253 236/236/236 258/258/258
f 257/257/257 235/235/235 229/229/229
f 257/257/257 229/229/229 251/251/251
f 244/244/244 264/264/264 270/270/270
f 244/244/244 270/270/270 249/249/249
f 248/248/248 268/268/268 262/262/262
f 248/248/248 262/262/262 241/241/241
f 275/275/275 255/255/255 260/260/260
f 275/275/275 260/260/260 281/281/281
f 279/279/279 259/259/259 252/252/252
f 279/279/279 252/252/252 273/273/273
f 266/266/266 286/286/286 292/292/292
f 266/266/266 292/292/292 271/271/271
f 269/269/269 290/290/290 284/284/284
f 269/269/269 284/284/284 263/263/263
f 297/297/297 277/277/277 282/282/282
f 297/297/297 282/282/282 303/303/303
f 301/301/301 280/280/280 274/274/274
f 301/301/301 274/274/274 295/295/295
f 288/288/288 308/308/308 314/314/314
f 288/288/288 314/314/314 293/293/293
f 291/291/291 312/312/312 306/306/306
f 291/291/291 306/306/306 285/285/285
f 319/319/319 299/299/299 304/304/304
f 319/319/319 304/304/304 325/325/325
f 323/323/323 302/302/302 296/296/296
f 323/323/323 296/296/296 317/317/317
f 310/310/310 331/331/331 337/337/337
f 310/310/310 337/337/337 315/315/315
f 313/313/313 335/335/335 329/329/329
f 313/313/313 329/329/329 307/307/307
f 342/342/342 321/321/321 326/326/326
f 342/342/342 326/326/326 348/348/348
f 346/346/346 324/324/324 318/318/318
f 346/346/346 318/318/318 340/340/340
f 330/330/330 354/354/354 359/359/359
f 330/330/330 359/359/359 336/336/336
f 334/334/334 357/357/357 351/351/351
f 334/334/334 351/351/351 328/328/328
f 365/365/365 341/341/341 347/347/347
f 365/365/365 347/347/347 370/370/370
f 368/368/368 345/345/345 339/339/339
f 368/368/368 339/339/339 362/362/362
f 352/352/352 376/376/376 381/381/381
f 352/352/352 381/381/381 358/358/358
f 356/356/356 379/379/379 373/373/373
f 356/356/356 373/373/373 350/350/350
f 387/387/387 363/363/363 369/369/369
f 387/387/387 369/369/369 392/392/392
f 390/390/390 367/367/367 361/361/361
f 390/390/390 361/361/361 384/384/384
f 374/374/374 398/398/398 403/403/403
f 374/374/374 403/403/403 380/380/380
f 378/378/378 401/401/401 395/395/395
f 378/378/378 395/395/395 372/372/372
f 409/409/409 385/385/385 391/391/391
f 409/409/409 391/391/391 414/414/414
f 412/412/412 389/389/389 383/383/383
f 412/412/412 383/383/383 406/406/406
f 396/396/396 420/420/420 425/425/425
f 396/396/396 425/425/425 402/402/402
f 400/400/400 424/424/424 417/417/417
f 400/400/400 417/417/417 394/394/394
f 431/431/431 407/407/407 413/413/413
f 431/431/431 413/413/413 436/436/436
f 435/435/435 411/411/411 405/405/405
f 435/435/435 405/405/405 428/428/428
f 418/418/418 440/440/440 445/445/445
f 418/418/418 445/445/445 423/423/423
f 422/422/422 444/444/444 438/438/438
f 422/422/422 438/438/438 416/416/416
f 451/451/451 429/429/429 434/434/434
f 451/451/451 434/434/434 456/456/456
f 455/455/455 433/433/433 427/427/427
f 455/455/455 427/427/427 449/449/449
f 442/442/442 462/462/462 467/467/467
f 442/442/442 467/467/467 447/447/447
f 446/446/446 466/466/466 460/460/460
f 446/446/446 460/460/460 439/439/439
f 473/473/473 453/453/453 458/458/458
f 473/473/473 458/458/458 478/478/478
f 477/477/477 457/457/457 450/450/450
f 477/477/477 450/450/450 471/471/471
f 464/464/464 484/484/484 490/490/490
f 464/464/464 490/490/490 469/469/469
f 468/468/468 488/488/488 482/482/482
f 468/468/468 482/482/482 461/461/461
f 495/495/495 475/475/475 480/480/480
f 495/495/495 480/480/480 501/501/501
f 499/499/499 479/479/479 472/472/472
f 499/499/499 472/472/472 493/493/493
f 486/486/486 506/506/506 512/512/512
f 486/486/486 512/512/512 491/491/491
f 489/489/489 510/510/510 504/504/504
f 489/489/489 504/504/504 483/483/483
f 517/517/517 497/497/497 502/502/502
f 517/517/517 502/502/502 523/523/523
f 521/521/521 500/500/500 494/494/494
f 521/521/521 494/494/494 515/515/515
f 508/508/508 528/528/528 534/534/534
f 508/508/508 534/534/534 513/513/513
f 511/511/511 532/532/532 526/526/526
f 511/511/511 526/526/526 505/505/505
f 539/539/539 519/519/519 524/524/524
f 539/539/539 524/524/524 545/545/545
f 543/543/543 522/522/522 516/516/516
f 543/543/543 516/516/516 537/537/537
f 530/530/530 550/550/550 556/556/556
f 530/530/530 556/556/556 535/535/535
f 533/533/533 554/554/554 548/548/548
f 533/533/533 548/548/548 527/527/527
f 561/561/561 541/541/541 546/546/546
f 561/561/561 546/546/546 567/567/567
f 565/565/565 544/544/544 538/538/538
f 565/565/565 538/538/538 559/559/559
f 551/551/551 574/574/574 579/579/579
f 551/551/551 579/579/579 557/557/557
f 555/555/555 577/577/577 571/571/571
f 555/555/555 571/571/571 549/549/549
f 585/585/585 562/562/562 568/568/568
f 585/585/585 568/568/568 590/590/590
f 588/588/588 566/566/566 560/560/560
f 588/588/588 560/560/560 582/582/582
f 572/572/572 596/596/596 601/601/601
f 572/572/572 601/601/601 578/578/578
f 576/576/576 599/599/599 593/593/593
f 576/576/576 593/593/593 570/570/570
f 607/607/607 583/583/583 589/589/589
f 607/607/607 589/589/589 612/612/612
f 610/610/610 587/587/587 581/581/581
f 610/610/610 581/581/581 604/604/604
f 594/594/594 618/618/618 623/623/623
f 594/594/594 623/623/623 600/600/600
f 598/598/598 621/621/621 615/615/615
f 598/598/598 615/615/615 592/592/592
f 629/629/629 605/605/605 611/611/611
f 629/629/629 611/611/611 634/634/634
f 632/632/632 609/609/609 603/603/603
f 632/632/632 603/603/603 626/626/626
f 616/616/616 640/640/640 645/645/645
f 616/616/616 645/645/645 622/622/622
f 620/620/620 644/644/644 637/637/637
f 620/620/620 637/637/637 614/614/614
f 651/651/651 627/627/627 633/633/633
f 651/651/651 633/633/633 656/656/656
f 655/655/655 631/631/631 625/625/625
f 655/655/655 625/625/625 648/648/648
f 638/638/638 222/222/222 227/227/227
f 638/638/638 227/227/227 643/643/643
f 642/642/642 226/226/226 219/219/219
f 642/642/642 219/219/219 636/636/636
f 233/233/233 649/649/649 654/654/654
f 233/233/233 654/654/654 238/238/238
f 237/237/237 653/653/653 647/647/647
f 237/237/237 647/647/647 230/230/230
f 635/635/635 217/217/217 239/239/239
f 239/239/239 261/261/261 283/283/283
f 283/283/283 305/305/305 327/327/327
f 327/327/327 349/349/349 371/371/371
f 371/371/371 393/393/393 415/415/415
f 415/415/415 437/437/437 459/459/459
f 459/459/459 481/481/481 503/503/503
f 503/503/503 525/525/525 547/547/547
f 547/547/547 569/569/569 591/591/591
f 591/591/591 613/613/613 635/635/635
f 635/635/635 239/239/239 283/283/283
f 283/283/283 327/327/327 371/371/371
f 371/371/371 415/415/415 459/459/459
f 459/459/459 503/503/503 547/547/547
f 547/547/547 591/591/591 635/635/635
f 635/635/635 283/283/283 371/371/371
f 371/371/371 459/459/459 547/547/547
f 371/371/371 547/547/547 635/635/635
o Front_sight_0
usemtl Machined_Steel
v -0.0098000 0.1050000 0.8398000
v -0.0098000 0.1050000 0.8398000
v -0.0098000 0.1050000 0.8398000
v -0.0098000 0.1050000 0.8398000
v -0.0098000 0.1127000 0.8475000
v -0.0098000 0.1127000 0.8475000
v -0.0098000 0.1127000 0.8475000
v -0.0098000 0.1127000 0.8475000
v -0.0175000 0.1127000 0.8398000
v -0.0175000 0.1127000 0.8398000
v -0.0175000 0.1127000 0.8398000
v -0.0175000 0.1127000 0.8398000
v -0.0098000 0.1072553 0.8452447
v -0.0098000 0.1072553 0.8452447
v -0.0098000 0.1072553 0.8452447
v -0.0098000 0.1072553 0.8452447
v -0.0142456 0.1082544 0.8442456
v -0.0142456 0.1082544 0.8442456
v -0.0142456 0.1082544 0.8442456
v -0.0152447 0.1127000 0.8452447
v -0.0152447 0.1127000 0.8452447
v -0.0152447 0.1127000 0.8452447
v -0.0152447 0.1127000 0.8452447
v -0.0152447 0.1072553 0.8398000
v -0.0152447 0.1072553 0.8398000
v -0.0152447 0.1072553 0.8398000
v -0.0152447 0.1072553 0.8398000
v -0.0098000 0.2673000 0.8475000
v -0.0098000 0.2673000 0.8475000
v -0.0098000 0.2673000 0.8475000
v -0.0098000 0.2673000 0.8475000
v -0.0098000 0.2750000 0.8398000
v -0.0098000 0.2750000 0.8398000
v -0.0098000 0.2750000 0.8398000
v -0.0098000 0.2750000 0.8398000
v -0.0175000 0.2673000 0.8398000
v -0.0175000 0.2673000 0.8398000
v -0.0175000 0.2673000 0.8398000
v -0.0175000 0.2673000 0.8398000
v -0.0098000 0.2727447 0.8452447
v -0.0098000 0.2727447 0.8452447
v -0.0098000 0.2727447 0.8452447
v -0.0098000 0.2727447 0.8452447
v -0.0142456 0.2717456 0.8442456
v -0.0142456 0.2717456 0.8442456
v -0.0142456 0.2717456 0.8442456
v -0.0152447 0.2727447 0.8398000
v -0.0152447 0.2727447 0.8398000
v -0.0152447 0.2727447 0.8398000
v -0.0152447 0.2727447 0.8398000
v -0.0152447 0.2673000 0.8452447
v -0.0152447 0.2673000 0.8452447
v -0.0152447 0.2673000 0.8452447
v -0.0152447 0.2673000 0.8452447
v -0.0098000 0.1050000 0.8202000
v -0.0098000 0.1050000 0.8202000
v -0.0098000 0.1050000 0.8202000
v -0.0098000 0.1050000 0.8202000
v -0.0175000 0.1127000 0.8202000
v -0.0175000 0.1127000 0.8202000
v -0.0175000 0.1127000 0.8202000
v -0.0175000 0.1127000 0.8202000
v -0.0098000 0.1127000 0.8125000
v -0.0098000 0.1127000 0.8125000
v -0.0098000 0.1127000 0.8125000
v -0.0098000 0.1127000 0.8125000
v -0.0152447 0.1072553 0.8202000
v -0.0152447 0.1072553 0.8202000
v -0.0152447 0.1072553 0.8202000
v -0.0152447 0.1072553 0.8202000
v -0.0142456 0.1082544 0.8157544
v -0.0142456 0.1082544 0.8157544
v -0.0142456 0.1082544 0.8157544
v -0.0152447 0.1127000 0.8147553
v -0.0152447 0.1127000 0.8147553
v -0.0152447 0.1127000 0.8147553
v -0.0152447 0.1127000 0.8147553
v -0.0098000 0.1072553 0.8147553
v -0.0098000 0.1072553 0.8147553
v -0.0098000 0.1072553 0.8147553
v -0.0098000 0.1072553 0.8147553
v -0.0098000 0.2750000 0.8202000
v -0.0098000 0.2750000 0.8202000
v -0.0098000 0.2750000 0.8202000
v -0.0098000 0.2750000 0.8202000
v -0.0098000 0.2673000 0.8125000
v -0.0098000 0.2673000 0.8125000
v -0.0098000 0.2673000 0.8125000
v -0.0098000 0.2673000 0.8125000
v -0.0175000 0.2673000 0.8202000
v -0.0175000 0.2673000 0.8202000
v -0.0175000 0.2673000 0.8202000
v -0.0175000 0.2673000 0.8202000
v -0.0098000 0.2727447 0.8147553
v -0.0098000 0.2727447 0.8147553
v -0.0098000 0.2727447 0.8147553
v -0.0098000 0.2727447 0.8147553
v -0.0142456 0.2717456 0.8157544
v -0.0142456 0.2717456 0.8157544
v -0.0142456 0.2717456 0.8157544
v -0.0152447 0.2673000 0.8147553
v -0.0152447 0.2673000 0.8147553
v -0.0152447 0.2673000 0.8147553
v -0.0152447 0.2673000 0.8147553
v -0.0152447 0.2727447 0.8202000
v -0.0152447 0.2727447 0.8202000
v -0.0152447 0.2727447 0.8202000
v -0.0152447 0.2727447 0.8202000
v 0.0098000 0.1050000 0.8398000
v 0.0098000 0.1050000 0.8398000
v 0.0098000 0.1050000 0.8398000
v 0.0098000 0.1050000 0.8398000
v 0.0175000 0.1127000 0.8398000
v 0.0175000 0.1127000 0.8398000
v 0.0175000 0.1127000 0.8398000
v 0.0175000 0.1127000 0.8398000
v 0.0098000 0.1127000 0.8475000
v 0.0098000 0.1127000 0.8475000
v 0.0098000 0.1127000 0.8475000
v 0.0098000 0.1127000 0.8475000
v 0.0152447 0.1072553 0.8398000
v 0.0152447 0.1072553 0.8398000
v 0.0152447 0.1072553 0.8398000
v 0.0152447 0.1072553 0.8398000
v 0.0142456 0.1082544 0.8442456
v 0.0142456 0.1082544 0.8442456
v 0.0142456 0.1082544 0.8442456
v 0.0152447 0.1127000 0.8452447
v 0.0152447 0.1127000 0.8452447
v 0.0152447 0.1127000 0.8452447
v 0.0152447 0.1127000 0.8452447
v 0.0098000 0.1072553 0.8452447
v 0.0098000 0.1072553 0.8452447
v 0.0098000 0.1072553 0.8452447
v 0.0098000 0.1072553 0.8452447
v 0.0098000 0.2750000 0.8398000
v 0.0098000 0.2750000 0.8398000
v 0.0098000 0.2750000 0.8398000
v 0.0098000 0.2750000 0.8398000
v 0.0098000 0.2673000 0.8475000
v 0.0098000 0.2673000 0.8475000
v 0.0098000 0.2673000 0.8475000
v 0.0098000 0.2673000 0.8475000
v 0.0175000 0.2673000 0.8398000
v 0.0175000 0.2673000 0.8398000
v 0.0175000 0.2673000 0.8398000
v 0.0175000 0.2673000 0.8398000
v 0.0098000 0.2727447 0.8452447
v 0.0098000 0.2727447 0.8452447
v 0.0098000 0.2727447 0.8452447
v 0.0098000 0.2727447 0.8452447
v 0.0142456 0.2717456 0.8442456
v 0.0142456 0.2717456 0.8442456
v 0.0142456 0.2717456 0.8442456
v 0.0152447 0.2673000 0.8452447
v 0.0152447 0.2673000 0.8452447
v 0.0152447 0.2673000 0.8452447
v 0.0152447 0.2673000 0.8452447
v 0.0152447 0.2727447 0.8398000
v 0.0152447 0.2727447 0.8398000
v 0.0152447 0.2727447 0.8398000
v 0.0152447 0.2727447 0.8398000
v 0.0098000 0.1050000 0.8202000
v 0.0098000 0.1050000 0.8202000
v 0.0098000 0.1050000 0.8202000
v 0.0098000 0.1050000 0.8202000
v 0.0098000 0.1127000 0.8125000
v 0.0098000 0.1127000 0.8125000
v 0.0098000 0.1127000 0.8125000
v 0.0098000 0.1127000 0.8125000
v 0.0175000 0.1127000 0.8202000
v 0.0175000 0.1127000 0.8202000
v 0.0175000 0.1127000 0.8202000
v 0.0175000 0.1127000 0.8202000
v 0.0098000 0.1072553 0.8147553
v 0.0098000 0.1072553 0.8147553
v 0.0098000 0.1072553 0.8147553
v 0.0098000 0.1072553 0.8147553
v 0.0142456 0.1082544 0.8157544
v 0.0142456 0.1082544 0.8157544
v 0.0142456 0.1082544 0.8157544
v 0.0152447 0.1127000 0.8147553
v 0.0152447 0.1127000 0.8147553
v 0.0152447 0.1127000 0.8147553
v 0.0152447 0.1127000 0.8147553
v 0.0152447 0.1072553 0.8202000
v 0.0152447 0.1072553 0.8202000
v 0.0152447 0.1072553 0.8202000
v 0.0152447 0.1072553 0.8202000
v 0.0098000 0.2750000 0.8202000
v 0.0098000 0.2750000 0.8202000
v 0.0098000 0.2750000 0.8202000
v 0.0098000 0.2750000 0.8202000
v 0.0175000 0.2673000 0.8202000
v 0.0175000 0.2673000 0.8202000
v 0.0175000 0.2673000 0.8202000
v 0.0175000 0.2673000 0.8202000
v 0.0098000 0.2673000 0.8125000
v 0.0098000 0.2673000 0.8125000
v 0.0098000 0.2673000 0.8125000
v 0.0098000 0.2673000 0.8125000
v 0.0152447 0.2727447 0.8202000
v 0.0152447 0.2727447 0.8202000
v 0.0152447 0.2727447 0.8202000
v 0.0152447 0.2727447 0.8202000
v 0.0142456 0.2717456 0.8157544
v 0.0142456 0.2717456 0.8157544
v 0.0142456 0.2717456 0.8157544
v 0.0152447 0.2673000 0.8147553
v 0.0152447 0.2673000 0.8147553
v 0.0152447 0.2673000 0.8147553
v 0.0152447 0.2673000 0.8147553
v 0.0098000 0.2727447 0.8147553
v 0.0098000 0.2727447 0.8147553
v 0.0098000 0.2727447 0.8147553
v 0.0098000 0.2727447 0.8147553
vt 0.1800000 0.3050000
vt 0.1800000 0.3050000
vt 0.1800000 0.3050000
vt 0.1800000 0.3050000
vt 0.3863235 0.0550000
vt 0.3863235 0.0550000
vt 0.3863235 0.0550000
vt 0.3863235 0.0550000
vt 0.3863235 0.9450000
vt 0.3863235 0.9450000
vt 0.3863235 0.9450000
vt 0.3863235 0.9450000
vt 0.3750000 0.0550000
vt 0.1800000 0.2500000
vt 0.3750000 0.0550000
vt 0.1800000 0.2500000
vt 0.3797859 0.0000000
vt 0.1482457 0.2500000
vt 0.3750000 0.9767542
vt 0.3863236 0.0000000
vt 0.3863236 0.0000000
vt 0.3863235 1.0000000
vt 0.3863235 1.0000000
vt 0.1250000 0.3050000
vt 0.1250000 0.3050000
vt 0.3750000 0.9450000
vt 0.3750000 0.9450000
vt 0.6136765 0.0549999
vt 0.6136765 0.0549999
vt 0.6136765 0.0549999
vt 0.6136765 0.0549999
vt 0.8200000 0.3050000
vt 0.8200000 0.3050000
vt 0.8200000 0.3050000
vt 0.8200000 0.3050000
vt 0.6136765 0.9450000
vt 0.6136765 0.9450000
vt 0.6136765 0.9450000
vt 0.6136765 0.9450000
vt 0.6250000 0.0550000
vt 0.8200001 0.2500000
vt 0.6250000 0.0550000
vt 0.8200001 0.2500000
vt 0.6250000 0.0232458
vt 0.8750000 0.2732457
vt 0.6202142 1.0000000
vt 0.8750000 0.3050000
vt 0.8750000 0.3050000
vt 0.6250000 0.9450000
vt 0.6250000 0.9450000
vt 0.6136764 0.0000000
vt 0.6136764 0.0000000
vt 0.6136764 1.0000000
vt 0.6136764 1.0000000
vt 0.1800000 0.4450001
vt 0.1800000 0.4450001
vt 0.1800000 0.4450001
vt 0.1800000 0.4450001
vt 0.3863235 0.8050000
vt 0.3863235 0.8050000
vt 0.3863235 0.8050000
vt 0.3863235 0.8050000
vt 0.3863235 0.6950000
vt 0.3863235 0.6950000
vt 0.3863235 0.6950000
vt 0.3863235 0.6950000
vt 0.1250000 0.4450000
vt 0.1250000 0.4450000
vt 0.3750000 0.8050000
vt 0.3750000 0.8050000
vt 0.3750000 0.7267542
vt 0.1250000 0.4767542
vt 0.3797859 0.7500000
vt 0.3863236 0.7500000
vt 0.3863236 0.7500000
vt 0.3863236 0.7500000
vt 0.3863236 0.7500000
vt 0.3750000 0.6950000
vt 0.1800000 0.5000000
vt 0.3750000 0.6950000
vt 0.1800000 0.5000000
vt 0.8200000 0.4450000
vt 0.8200000 0.4450000
vt 0.8200000 0.4450000
vt 0.8200000 0.4450000
vt 0.6136765 0.6950000
vt 0.6136765 0.6950000
vt 0.6136765 0.6950000
vt 0.6136765 0.6950000
vt 0.6136765 0.8050000
vt 0.6136765 0.8050000
vt 0.6136765 0.8050000
vt 0.6136765 0.8050000
vt 0.6250000 0.6950000
vt 0.8200001 0.5000000
vt 0.6250000 0.6950000
vt 0.8200001 0.5000000
vt 0.6202142 0.7500000
vt 0.8517542 0.5000000
vt 0.6250000 0.7732458
vt 0.6136764 0.7500000
vt 0.6136764 0.7500000
vt 0.6136764 0.7500000
vt 0.6136764 0.7500000
vt 0.8750001 0.4449999
vt 0.8750001 0.4449999
vt 0.6250000 0.8050000
vt 0.6250000 0.8050000
vt 0.3200000 0.3050000
vt 0.3200000 0.3050000
vt 0.3200000 0.3050000
vt 0.3200000 0.3050000
vt 0.3863235 0.3049999
vt 0.3863235 0.3049999
vt 0.3863235 0.3049999
vt 0.3863235 0.3049999
vt 0.3863235 0.1949999
vt 0.3863235 0.1949999
vt 0.3863235 0.1949999
vt 0.3863235 0.1949999
vt 0.3750000 0.3050000
vt 0.3750000 0.3049999
vt 0.3750000 0.3049999
vt 0.3750000 0.3049999
vt 0.3765953 0.2500000
vt 0.3765953 0.2500000
vt 0.3765953 0.2500000
vt 0.3863236 0.2499999
vt 0.3863236 0.2500000
vt 0.3863236 0.2500000
vt 0.3863236 0.2500000
vt 0.3750000 0.1950000
vt 0.3200000 0.2500000
vt 0.3750000 0.1950000
vt 0.3200000 0.2500000
vt 0.6800000 0.3050000
vt 0.6800000 0.3050000
vt 0.6800000 0.3050000
vt 0.6800000 0.3050000
vt 0.6136765 0.1949999
vt 0.6136765 0.1949999
vt 0.6136765 0.1949999
vt 0.6136765 0.1949999
vt 0.6136765 0.3049999
vt 0.6136765 0.3049999
vt 0.6136765 0.3049999
vt 0.6136765 0.3049999
vt 0.6250000 0.1950000
vt 0.6800000 0.2500000
vt 0.6250000 0.1950000
vt 0.6800000 0.2500000
vt 0.6311533 0.2577486
vt 0.6311533 0.2577486
vt 0.6311533 0.2577486
vt 0.6136764 0.2500000
vt 0.6136764 0.2500000
vt 0.6136764 0.2500000
vt 0.6136764 0.2500000
vt 0.6250000 0.3050000
vt 0.6250000 0.3050000
vt 0.6250000 0.3050000
vt 0.6250000 0.3050000
vt 0.3200000 0.4450000
vt 0.3200000 0.4450000
vt 0.3200000 0.4450000
vt 0.3200000 0.4450000
vt 0.3863235 0.5550000
vt 0.3863235 0.5550000
vt 0.3863235 0.5550000
vt 0.3863235 0.5550000
vt 0.3863235 0.4450000
vt 0.3863235 0.4450000
vt 0.3863235 0.4450000
vt 0.3863235 0.4450000
vt 0.3750000 0.5550000
vt 0.3200000 0.5000000
vt 0.3750000 0.5550000
vt 0.3200000 0.5000000
vt 0.3688467 0.4922514
vt 0.3688467 0.4922514
vt 0.3688467 0.4922514
vt 0.3863236 0.5000000
vt 0.3863236 0.5000000
vt 0.3863236 0.5000000
vt 0.3863236 0.5000000
vt 0.3750000 0.4449999
vt 0.3750000 0.4449999
vt 0.3750000 0.4450000
vt 0.3750000 0.4449999
vt 0.6800000 0.4450001
vt 0.6800000 0.4450001
vt 0.6800000 0.4450001
vt 0.6800000 0.4450001
vt 0.6136765 0.4450000
vt 0.6136765 0.4450000
vt 0.6136765 0.4450000
vt 0.6136765 0.4450000
vt 0.6136765 0.5549999
vt 0.6136765 0.5549999
vt 0.6136765 0.5549999
vt 0.6136765 0.5549999
vt 0.6250000 0.4450000
vt 0.6250000 0.4450000
vt 0.6250000 0.4450000
vt 0.6250000 0.4450000
vt 0.6234047 0.5000000
vt 0.6234047 0.5000000
vt 0.6234047 0.5000000
vt 0.6136764 0.5000000
vt 0.6136764 0.5000000
vt 0.6136764 0.5000000
vt 0.6136764 0.5000000
vt 0.6250000 0.5550000
vt 0.6800001 0.5000000
vt 0.6250000 0.5550000
vt 0.6800001 0.5000000
vn 0.0000000 -0.9238767 0.3826903
vn 0.0000000 -1.0000000 0.0000000
vn -0.3250835 -0.8880549 0.3250835
vn -0.3826903 -0.9238767 0.0000000
vn 0.0000000 0.0000000 1.0000000
vn 0.0000000 -0.3826903 0.9238767
vn -0.3250835 -0.3250835 0.8880549
vn -0.3826903 0.0000000 0.9238767
vn -0.8880549 -0.3250835 0.3250835
vn -0.9238767 0.0000000 0.3826903
vn -0.9238767 -0.3826903 0.0000000
vn -1.0000000 0.0000000 0.0000000
vn 0.0000000 -0.3826903 0.9238767
vn 0.0000000 -0.9238767 0.3826903
vn -0.3250835 -0.3250835 0.8880549
vn -0.3250835 -0.8880549 0.3250835
vn -0.3250835 -0.3250835 0.8880549
vn -0.3250835 -0.8880549 0.3250835
vn -0.8880549 -0.3250835 0.3250835
vn -0.3250835 -0.3250835 0.8880549
vn -0.3826903 0.0000000 0.9238767
vn -0.8880549 -0.3250835 0.3250835
vn -0.9238767 0.0000000 0.3826903
vn -0.3250835 -0.8880549 0.3250835
vn -0.3826903 -0.9238767 0.0000000
vn -0.8880549 -0.3250835 0.3250835
vn -0.9238767 -0.3826903 0.0000000
vn 0.0000000 0.0000000 1.0000000
vn 0.0000000 0.3826903 0.9238767
vn -0.3250835 0.3250835 0.8880549
vn -0.3826903 0.0000000 0.9238767
vn 0.0000000 0.9238767 0.3826903
vn 0.0000000 1.0000000 0.0000000
vn -0.3250835 0.8880549 0.3250835
vn -0.3826903 0.9238767 0.0000000
vn -0.8880549 0.3250835 0.3250835
vn -0.9238767 0.0000000 0.3826903
vn -0.9238767 0.3826903 0.0000000
vn -1.0000000 0.0000000 0.0000000
vn 0.0000000 0.3826903 0.9238767
vn 0.0000000 0.9238767 0.3826903
vn -0.3250835 0.3250835 0.8880549
vn -0.3250835 0.8880549 0.3250835
vn -0.3250835 0.3250835 0.8880549
vn -0.3250835 0.8880549 0.3250835
vn -0.8880549 0.3250835 0.3250835
vn -0.3250835 0.8880549 0.3250835
vn -0.3826903 0.9238767 0.0000000
vn -0.8880549 0.3250835 0.3250835
vn -0.9238767 0.3826903 0.0000000
vn -0.3250835 0.3250835 0.8880549
vn -0.3826903 0.0000000 0.9238767
vn -0.8880549 0.3250835 0.3250835
vn -0.9238767 0.0000000 0.3826903
vn 0.0000000 -0.9238767 -0.3826903
vn 0.0000000 -1.0000000 0.0000000
vn -0.3250835 -0.8880549 -0.3250835
vn -0.3826903 -0.9238767 0.0000000
vn -0.8880549 -0.3250835 -0.3250835
vn -0.9238767 0.0000000 -0.3826903
vn -0.9238767 -0.3826903 0.0000000
vn -1.0000000 0.0000000 0.0000000
vn 0.0000000 0.0000000 -1.0000000
vn 0.0000000 -0.3826903 -0.9238767
vn -0.3250835 -0.3250835 -0.8880549
vn -0.3826903 0.0000000 -0.9238767
vn -0.3250835 -0.8880549 -0.3250835
vn -0.3826903 -0.9238767 0.0000000
vn -0.8880549 -0.3250835 -0.3250835
vn -0.9238767 -0.3826903 0.0000000
vn -0.3250835 -0.3250835 -0.8880549
vn -0.3250835 -0.8880549 -0.3250835
vn -0.8880549 -0.3250835 -0.3250835
vn -0.3250835 -0.3250835 -0.8880549
vn -0.3826903 0.0000000 -0.9238767
vn -0.8880549 -0.3250835 -0.3250835
vn -0.9238767 0.0000000 -0.3826903
vn 0.0000000 -0.3826903 -0.9238767
vn 0.0000000 -0.9238767 -0.3826903
vn -0.3250835 -0.3250835 -0.8880549
vn -0.3250835 -0.8880549 -0.3250835
vn 0.0000000 0.9238767 -0.3826903
vn 0.0000000 1.0000000 0.0000000
vn -0.3250835 0.8880549 -0.3250835
vn -0.3826903 0.9238767 0.0000000
vn 0.0000000 0.0000000 -1.0000000
vn 0.0000000 0.3826903 -0.9238767
vn -0.3250835 0.3250835 -0.8880549
vn -0.3826903 0.0000000 -0.9238767
vn -0.8880549 0.3250835 -0.3250835
vn -0.9238767 0.0000000 -0.3826903
vn -0.9238767 0.3826903 0.0000000
vn -1.0000000 0.0000000 0.0000000
vn 0.0000000 0.3826903 -0.9238767
vn 0.0000000 0.9238767 -0.3826903
vn -0.3250835 0.3250835 -0.8880549
vn -0.3250835 0.8880549 -0.3250835
vn -0.3250835 0.3250835 -0.8880549
vn -0.3250835 0.8880549 -0.3250835
vn -0.8880549 0.3250835 -0.3250835
vn -0.3250835 0.3250835 -0.8880549
vn -0.3826903 0.0000000 -0.9238767
vn -0.8880549 0.3250835 -0.3250835
vn -0.9238767 0.0000000 -0.3826903
vn -0.3250835 0.8880549 -0.3250835
vn -0.3826903 0.9238767 0.0000000
vn -0.8880549 0.3250835 -0.3250835
vn -0.9238767 0.3826903 0.0000000
vn 0.0000000 -0.9238767 0.3826903
vn 0.0000000 -1.0000000 0.0000000
vn 0.3250835 -0.8880549 0.3250835
vn 0.3826903 -0.9238767 0.0000000
vn 0.8880549 -0.3250835 0.3250835
vn 0.9238767 0.0000000 0.3826903
vn 0.9238767 -0.3826903 0.0000000
vn 1.0000000 0.0000000 0.0000000
vn 0.0000000 0.0000000 1.0000000
vn 0.0000000 -0.3826903 0.9238767
vn 0.3250835 -0.3250835 0.8880549
vn 0.3826903 0.0000000 0.9238767
vn 0.3250835 -0.8880549 0.3250835
vn 0.3826903 -0.9238767 0.0000000
vn 0.8880549 -0.3250835 0.3250835
vn 0.9238767 -0.3826903 0.0000000
vn 0.3250835 -0.3250835 0.8880549
vn 0.3250835 -0.8880549 0.3250835
vn 0.8880549 -0.3250835 0.3250835
vn 0.3250835 -0.3250835 0.8880549
vn 0.3826903 0.0000000 0.9238767
vn 0.8880549 -0.3250835 0.3250835
vn 0.9238767 0.0000000 0.3826903
vn 0.0000000 -0.3826903 0.9238767
vn 0.0000000 -0.9238767 0.3826903
vn 0.3250835 -0.3250835 0.8880549
vn 0.3250835 -0.8880549 0.3250835
vn 0.0000000 0.9238767 0.3826903
vn 0.0000000 1.0000000 0.0000000
vn 0.3250835 0.8880549 0.3250835
vn 0.3826903 0.9238767 0.0000000
vn 0.0000000 0.0000000 1.0000000
vn 0.0000000 0.3826903 0.9238767
vn 0.3250835 0.3250835 0.8880549
vn 0.3826903 0.0000000 0.9238767
vn 0.8880549 0.3250835 0.3250835
vn 0.9238767 0.0000000 0.3826903
vn 0.9238767 0.3826903 0.0000000
vn 1.0000000 0.0000000 0.0000000
vn 0.0000000 0.3826903 0.9238767
vn 0.0000000 0.9238767 0.3826903
vn 0.3250835 0.3250835 0.8880549
vn 0.3250835 0.8880549 0.3250835
vn 0.3250835 0.3250835 0.8880549
vn 0.3250835 0.8880549 0.3250835
vn 0.8880549 0.3250835 0.3250835
vn 0.3250835 0.3250835 0.8880549
vn 0.3826903 0.0000000 0.9238767
vn 0.8880549 0.3250835 0.3250835
vn 0.9238767 0.0000000 0.3826903
vn 0.3250835 0.8880549 0.3250835
vn 0.3826903 0.9238767 0.0000000
vn 0.8880549 0.3250835 0.3250835
vn 0.9238767 0.3826903 0.0000000
vn 0.0000000 -0.9238767 -0.3826903
vn 0.0000000 -1.0000000 0.0000000
vn 0.3250835 -0.8880549 -0.3250835
vn 0.3826903 -0.9238767 0.0000000
vn 0.0000000 0.0000000 -1.0000000
vn 0.0000000 -0.3826903 -0.9238767
vn 0.3250835 -0.3250835 -0.8880549
vn 0.3826903 0.0000000 -0.9238767
vn 0.8880549 -0.3250835 -0.3250835
vn 0.9238767 0.0000000 -0.3826903
vn 0.9238767 -0.3826903 0.0000000
vn 1.0000000 0.0000000 0.0000000
vn 0.0000000 -0.3826903 -0.9238767
vn 0.0000000 -0.9238767 -0.3826903
vn 0.3250835 -0.3250835 -0.8880549
vn 0.3250835 -0.8880549 -0.3250835
vn 0.3250835 -0.3250835 -0.8880549
vn 0.3250835 -0.8880549 -0.3250835
vn 0.8880549 -0.3250835 -0.3250835
vn 0.3250835 -0.3250835 -0.8880549
vn 0.3826903 0.0000000 -0.9238767
vn 0.8880549 -0.3250835 -0.3250835
vn 0.9238767 0.0000000 -0.3826903
vn 0.3250835 -0.8880549 -0.3250835
vn 0.3826903 -0.9238767 0.0000000
vn 0.8880549 -0.3250835 -0.3250835
vn 0.9238767 -0.3826903 0.0000000
vn 0.0000000 0.9238767 -0.3826903
vn 0.0000000 1.0000000 0.0000000
vn 0.3250835 0.8880549 -0.3250835
vn 0.3826903 0.9238767 0.0000000
vn 0.8880549 0.3250835 -0.3250835
vn 0.9238767 0.0000000 -0.3826903
vn 0.9238767 0.3826903 0.0000000
vn 1.0000000 0.0000000 0.0000000
vn 0.0000000 0.0000000 -1.0000000
vn 0.0000000 0.3826903 -0.9238767
vn 0.3250835 0.3250835 -0.8880549
vn 0.3826903 0.0000000 -0.9238767
vn 0.3250835 0.8880549 -0.3250835
vn 0.3826903 0.9238767 0.0000000
vn 0.8880549 0.3250835 -0.3250835
vn 0.9238767 0.3826903 0.0000000
vn 0.3250835 0.3250835 -0.8880549
vn 0.3250835 0.8880549 -0.3250835
vn 0.8880549 0.3250835 -0.3250835
vn 0.3250835 0.3250835 -0.8880549
vn 0.3826903 0.0000000 -0.9238767
vn 0.8880549 0.3250835 -0.3250835
vn 0.9238767 0.0000000 -0.3826903
vn 0.0000000 0.3826903 -0.9238767
vn 0.0000000 0.9238767 -0.3826903
vn 0.3250835 0.3250835 -0.8880549
vn 0.3250835 0.8880549 -0.3250835
f 773/773/773 796/796/796 684/684/684
f 773/773/773 684/684/684 661/661/661
f 830/830/830 853/853/853 803/803/803
f 830/830/830 803/803/803 772/772/772
f 847/847/847 739/739/739 689/689/689
f 847/847/847 689/689/689 793/793/793
f 668/668/668 695/695/695 749/749/749
f 668/668/668 749/749/749 718/718/718
f 719/719/719 742/742/742 854/854/854
f 719/719/719 854/854/854 823/823/823
f 659/659/659 672/672/672 674/674/674
f 659/659/659 674/674/674 680/680/680
f 663/663/663 676/676/676 673/673/673
f 663/663/663 673/673/673 671/671/671
f 665/665/665 682/682/682 675/675/675
f 665/665/665 675/675/675 678/678/678
f 686/686/686 698/698/698 700/700/700
f 686/686/686 700/700/700 707/707/707
f 690/690/690 703/703/703 701/701/701
f 690/690/690 701/701/701 699/699/699
f 692/692/692 709/709/709 702/702/702
f 692/692/692 702/702/702 705/705/705
f 713/713/713 723/723/723 728/728/728
f 713/713/713 728/728/728 737/737/737
f 715/715/715 732/732/732 729/729/729
f 715/715/715 729/729/729 725/725/725
f 721/721/721 736/736/736 727/727/727
f 721/721/721 727/727/727 730/730/730
f 740/740/740 753/753/753 755/755/755
f 740/740/740 755/755/755 761/761/761
f 744/744/744 757/757/757 754/754/754
f 744/744/744 754/754/754 752/752/752
f 746/746/746 763/763/763 756/756/756
f 746/746/746 756/756/756 759/759/759
f 767/767/767 777/777/777 782/782/782
f 767/767/767 782/782/782 791/791/791
f 769/769/769 786/786/786 783/783/783
f 769/769/769 783/783/783 779/779/779
f 775/775/775 790/790/790 781/781/781
f 775/775/775 781/781/781 784/784/784
f 794/794/794 807/807/807 809/809/809
f 794/794/794 809/809/809 815/815/815
f 798/798/798 811/811/811 808/808/808
f 798/798/798 808/808/808 806/806/806
f 800/800/800 817/817/817 810/810/810
f 800/800/800 810/810/810 813/813/813
f 821/821/821 834/834/834 836/836/836
f 821/821/821 836/836/836 842/842/842
f 825/825/825 838/838/838 835/835/835
f 825/825/825 835/835/835 833/833/833
f 827/827/827 844/844/844 837/837/837
f 827/827/827 837/837/837 840/840/840
f 848/848/848 858/858/858 863/863/863
f 848/848/848 863/863/863 872/872/872
f 850/850/850 867/867/867 864/864/864
f 850/850/850 864/864/864 860/860/860
f 856/856/856 871/871/871 862/862/862
f 856/856/856 862/862/862 865/865/865
f 714/714/714 660/660/660 681/681/681
f 714/714/714 681/681/681 724/724/724
f 726/726/726 683/683/683 667/667/667
f 726/726/726 667/667/667 717/717/717
f 664/664/664 687/687/687 708/708/708
f 664/664/664 708/708/708 677/677/677
f 679/679/679 710/710/710 693/693/693
f 679/679/679 693/693/693 666/666/666
f 691/691/691 741/741/741 762/762/762
f 691/691/691 762/762/762 704/704/704
f 706/706/706 764/764/764 748/748/748
f 706/706/706 748/748/748 694/694/694
f 745/745/745 722/722/722 731/731/731
f 745/745/745 731/731/731 758/758/758
f 760/760/760 733/733/733 716/716/716
f 760/760/760 716/716/716 747/747/747
f 819/819/819 711/711/711 735/735/735
f 819/819/819 735/735/735 832/832/832
f 831/831/831 734/734/734 720/720/720
f 831/831/831 720/720/720 824/824/824
f 738/738/738 846/846/846 870/870/870
f 738/738/738 870/870/870 751/751/751
f 750/750/750 869/869/869 855/855/855
f 750/750/750 855/855/855 743/743/743
f 851/851/851 828/828/828 841/841/841
f 851/851/851 841/841/841 868/868/868
f 866/866/866 839/839/839 826/826/826
f 866/866/866 826/826/826 857/857/857
f 768/768/768 822/822/822 843/843/843
f 768/768/768 843/843/843 778/778/778
f 780/780/780 845/845/845 829/829/829
f 780/780/780 829/829/829 771/771/771
f 849/849/849 795/795/795 816/816/816
f 849/849/849 816/816/816 859/859/859
f 861/861/861 818/818/818 802/802/802
f 861/861/861 802/802/802 852/852/852
f 799/799/799 776/776/776 785/785/785
f 799/799/799 785/785/785 812/812/812
f 814/814/814 787/787/787 770/770/770
f 814/814/814 770/770/770 801/801/801
f 657/657/657 765/765/765 789/789/789
f 657/657/657 789/789/789 670/670/670
f 669/669/669 788/788/788 774/774/774
f 669/669/669 774/774/774 662/662/662
f 792/792/792 688/688/688 697/697/697
f 792/792/792 697/697/697 805/805/805
f 804/804/804 696/696/696 685/685/685
f 804/804/804 685/685/685 797/797/797
f 712/712/712 820/820/820 766/766/766
f 712/712/712 766/766/766 658/658/658
o Gas_tube_0
usemtl Machined_Steel
v -0.0000000 0.1891807 0.3200000
v -0.0000000 0.1891807 0.3200000
v -0.0000000 0.1891807 0.3200000
v 0.0000000 0.1940000 0.3247600
v 0.0000000 0.1940000 0.3247600
v 0.0000000 0.1940000 0.3247600
v 0.0000000 0.1940000 0.3247600
v -0.0000000 0.1925885 0.3213941
v -0.0000000 0.1925885 0.3213941
v -0.0000000 0.1925885 0.3213941
v -0.0000000 0.1925885 0.3213941
v 0.0000000 0.1891806 0.8000000
v 0.0000000 0.1891806 0.8000000
v 0.0000000 0.1891806 0.8000000
v 0.0000000 0.1940000 0.7952400
v 0.0000000 0.1940000 0.7952400
v 0.0000000 0.1940000 0.7952400
v 0.0000000 0.1940000 0.7952400
v 0.0000000 0.1925884 0.7986059
v 0.0000000 0.1925884 0.7986059
v 0.0000000 0.1925884 0.7986059
v 0.0000000 0.1925884 0.7986059
v 0.0090173 0.1877525 0.3200000
v 0.0090173 0.1877525 0.3200000
v 0.0090173 0.1877525 0.3200000
v 0.0105066 0.1923360 0.3247600
v 0.0105066 0.1923360 0.3247600
v 0.0105066 0.1923360 0.3247600
v 0.0105066 0.1923360 0.3247600
v 0.0100704 0.1909935 0.3213941
v 0.0100704 0.1909935 0.3213941
v 0.0100704 0.1909935 0.3213941
v 0.0100704 0.1909935 0.3213941
v 0.0090173 0.1877524 0.8000000
v 0.0090173 0.1877524 0.8000000
v 0.0090173 0.1877524 0.8000000
v 0.0105066 0.1923359 0.7952400
v 0.0105066 0.1923359 0.7952400
v 0.0105066 0.1923359 0.7952400
v 0.0105066 0.1923359 0.7952400
v 0.0100704 0.1909934 0.7986059
v 0.0100704 0.1909934 0.7986059
v 0.0100704 0.1909934 0.7986059
v 0.0100704 0.1909934 0.7986059
v 0.0171520 0.1836077 0.3200000
v 0.0171520 0.1836077 0.3200000
v 0.0171520 0.1836077 0.3200000
v 0.0199847 0.1875066 0.3247600
v 0.0199847 0.1875066 0.3247600
v 0.0199847 0.1875066 0.3247600
v 0.0199847 0.1875066 0.3247600
v 0.0191550 0.1863646 0.3213941
v 0.0191550 0.1863646 0.3213941
v 0.0191550 0.1863646 0.3213941
v 0.0191550 0.1863646 0.3213941
v 0.0171520 0.1836076 0.8000000
v 0.0171520 0.1836076 0.8000000
v 0.0171520 0.1836076 0.8000000
v 0.0199847 0.1875065 0.7952400
v 0.0199847 0.1875065 0.7952400
v 0.0199847 0.1875065 0.7952400
v 0.0199847 0.1875065 0.7952400
v 0.0191550 0.1863646 0.7986059
v 0.0191550 0.1863646 0.7986059
v 0.0191550 0.1863646 0.7986059
v 0.0191550 0.1863646 0.7986059
v 0.0236077 0.1771520 0.3200000
v 0.0236077 0.1771520 0.3200000
v 0.0236077 0.1771520 0.3200000
v 0.0275066 0.1799847 0.3247600
v 0.0275066 0.1799847 0.3247600
v 0.0275066 0.1799847 0.3247600
v 0.0275066 0.1799847 0.3247600
v 0.0263646 0.1791550 0.3213941
v 0.0263646 0.1791550 0.3213941
v 0.0263646 0.1791550 0.3213941
v 0.0263646 0.1791550 0.3213941
v 0.0236077 0.1771519 0.8000000
v 0.0236077 0.1771519 0.8000000
v 0.0236077 0.1771519 0.8000000
v 0.0275066 0.1799847 0.7952400
v 0.0275066 0.1799847 0.7952400
v 0.0275066 0.1799847 0.7952400
v 0.0275066 0.1799847 0.7952400
v 0.0263646 0.1791550 0.7986059
v 0.0263646 0.1791550 0.7986059
v 0.0263646 0.1791550 0.7986059
v 0.0263646 0.1791550 0.7986059
v 0.0277525 0.1690174 0.3200000
v 0.0277525 0.1690174 0.3200000
v 0.0277525 0.1690174 0.3200000
v 0.0323359 0.1705066 0.3247600
v 0.0323359 0.1705066 0.3247600
v 0.0323359 0.1705066 0.3247600
v 0.0323359 0.1705066 0.3247600
v 0.0309935 0.1700704 0.3213941
v 0.0309935 0.1700704 0.3213941
v 0.0309935 0.1700704 0.3213941
v 0.0309935 0.1700704 0.3213941
v 0.0277525 0.1690173 0.8000000
v 0.0277525 0.1690173 0.8000000
v 0.0277525 0.1690173 0.8000000
v 0.0323359 0.1705065 0.7952400
v 0.0323359 0.1705065 0.7952400
v 0.0323359 0.1705065 0.7952400
v 0.0323359 0.1705065 0.7952400
v 0.0309935 0.1700704 0.7986059
v 0.0309935 0.1700704 0.7986059
v 0.0309935 0.1700704 0.7986059
v 0.0309935 0.1700704 0.7986059
v 0.0291807 0.1600000 0.3200000
v 0.0291807 0.1600000 0.3200000
v 0.0291807 0.1600000 0.3200000
v 0.0340000 0.1600000 0.3247600
v 0.0340000 0.1600000 0.3247600
v 0.0340000 0.1600000 0.3247600
v 0.0340000 0.1600000 0.3247600
v 0.0325885 0.1600000 0.3213941
v 0.0325885 0.1600000 0.3213941
v 0.0325885 0.1600000 0.3213941
v 0.0325885 0.1600000 0.3213941
v 0.0291807 0.1600000 0.8000000
v 0.0291807 0.1600000 0.8000000
v 0.0291807 0.1600000 0.8000000
v 0.0340000 0.1600000 0.7952400
v 0.0340000 0.1600000 0.7952400
v 0.0340000 0.1600000 0.7952400
v 0.0340000 0.1600000 0.7952400
v 0.0325885 0.1600000 0.7986059
v 0.0325885 0.1600000 0.7986059
v 0.0325885 0.1600000 0.7986059
v 0.0325885 0.1600000 0.7986059
v 0.0277525 0.1509827 0.3200000
v 0.0277525 0.1509827 0.3200000
v 0.0277525 0.1509827 0.3200000
v 0.0323359 0.1494934 0.3247600
v 0.0323359 0.1494934 0.3247600
v 0.0323359 0.1494934 0.3247600
v 0.0323359 0.1494934 0.3247600
v 0.0309935 0.1499296 0.3213941
v 0.0309935 0.1499296 0.3213941
v 0.0309935 0.1499296 0.3213941
v 0.0309935 0.1499296 0.3213941
v 0.0277525 0.1509826 0.8000000
v 0.0277525 0.1509826 0.8000000
v 0.0277525 0.1509826 0.8000000
v 0.0323359 0.1494934 0.7952400
v 0.0323359 0.1494934 0.7952400
v 0.0323359 0.1494934 0.7952400
v 0.0323359 0.1494934 0.7952400
v 0.0309935 0.1499296 0.7986059
v 0.0309935 0.1499296 0.7986059
v 0.0309935 0.1499296 0.7986059
v 0.0309935 0.1499296 0.7986059
v 0.0236077 0.1428481 0.3200000
v 0.0236077 0.1428481 0.3200000
v 0.0236077 0.1428481 0.3200000
v 0.0275066 0.1400153 0.3247600
v 0.0275066 0.1400153 0.3247600
v 0.0275066 0.1400153 0.3247600
v 0.0275066 0.1400153 0.3247600
v 0.0263646 0.1408450 0.3213941
v 0.0263646 0.1408450 0.3213941
v 0.0263646 0.1408450 0.3213941
v 0.0263646 0.1408450 0.3213941
v 0.0236077 0.1428480 0.8000000
v 0.0236077 0.1428480 0.8000000
v 0.0236077 0.1428480 0.8000000
v 0.0275066 0.1400153 0.7952400
v 0.0275066 0.1400153 0.7952400
v 0.0275066 0.1400153 0.7952400
v 0.0275066 0.1400153 0.7952400
v 0.0263646 0.1408450 0.7986059
v 0.0263646 0.1408450 0.7986059
v 0.0263646 0.1408450 0.7986059
v 0.0263646 0.1408450 0.7986059
v 0.0171520 0.1363924 0.3200000
v 0.0171520 0.1363924 0.3200000
v 0.0171520 0.1363924 0.3200000
v 0.0199847 0.1324934 0.3247600
v 0.0199847 0.1324934 0.3247600
v 0.0199847 0.1324934 0.3247600
v 0.0199847 0.1324934 0.3247600
v 0.0191550 0.1336354 0.3213941
v 0.0191550 0.1336354 0.3213941
v 0.0191550 0.1336354 0.3213941
v 0.0191550 0.1336354 0.3213941
v 0.0171520 0.1363923 0.8000000
v 0.0171520 0.1363923 0.8000000
v 0.0171520 0.1363923 0.8000000
v 0.0199847 0.1324934 0.7952400
v 0.0199847 0.1324934 0.7952400
v 0.0199847 0.1324934 0.7952400
v 0.0199847 0.1324934 0.7952400
v 0.0191550 0.1336354 0.7986059
v 0.0191550 0.1336354 0.7986059
v 0.0191550 0.1336354 0.7986059
v 0.0191550 0.1336354 0.7986059
v 0.0090173 0.1322476 0.3200000
v 0.0090173 0.1322476 0.3200000
v 0.0090173 0.1322476 0.3200000
v 0.0105066 0.1276641 0.3247600
v 0.0105066 0.1276641 0.3247600
v 0.0105066 0.1276641 0.3247600
v 0.0105066 0.1276641 0.3247600
v 0.0100704 0.1290066 0.3213941
v 0.0100704 0.1290066 0.3213941
v 0.0100704 0.1290066 0.3213941
v 0.0100704 0.1290066 0.3213941
v 0.0090173 0.1322475 0.8000000
v 0.0090173 0.1322475 0.8000000
v 0.0090173 0.1322475 0.8000000
v 0.0105066 0.1276640 0.7952400
v 0.0105066 0.1276640 0.7952400
v 0.0105066 0.1276640 0.7952400
v 0.0105066 0.1276640 0.7952400
v 0.0100704 0.1290065 0.7986059
v 0.0100704 0.1290065 0.7986059
v 0.0100704 0.1290065 0.7986059
v 0.0100704 0.1290065 0.7986059
v 0.0000000 0.1308194 0.3200000
v 0.0000000 0.1308194 0.3200000
v 0.0000000 0.1308194 0.3200000
v 0.0000000 0.1260000 0.3247600
v 0.0000000 0.1260000 0.3247600
v 0.0000000 0.1260000 0.3247600
v 0.0000000 0.1260000 0.3247600
v 0.0000000 0.1274116 0.3213941
v 0.0000000 0.1274116 0.3213941
v 0.0000000 0.1274116 0.3213941
v 0.0000000 0.1274116 0.3213941
v -0.0000000 0.1308193 0.8000000
v -0.0000000 0.1308193 0.8000000
v -0.0000000 0.1308193 0.8000000
v 0.0000000 0.1260000 0.7952400
v 0.0000000 0.1260000 0.7952400
v 0.0000000 0.1260000 0.7952400
v 0.0000000 0.1260000 0.7952400
v -0.0000000 0.1274115 0.7986059
v -0.0000000 0.1274115 0.7986059
v -0.0000000 0.1274115 0.7986059
v -0.0000000 0.1274115 0.7986059
v -0.0090173 0.1322476 0.3200000
v -0.0090173 0.1322476 0.3200000
v -0.0090173 0.1322476 0.3200000
v -0.0105066 0.1276641 0.3247600
v -0.0105066 0.1276641 0.3247600
v -0.0105066 0.1276641 0.3247600
v -0.0105066 0.1276641 0.3247600
v -0.0100704 0.1290066 0.3213941
v -0.0100704 0.1290066 0.3213941
v -0.0100704 0.1290066 0.3213941
v -0.0100704 0.1290066 0.3213941
v -0.0090173 0.1322475 0.8000000
v -0.0090173 0.1322475 0.8000000
v -0.0090173 0.1322475 0.8000000
v -0.0105066 0.1276640 0.7952400
v -0.0105066 0.1276640 0.7952400
v -0.0105066 0.1276640 0.7952400
v -0.0105066 0.1276640 0.7952400
v -0.0100704 0.1290065 0.7986059
v -0.0100704 0.1290065 0.7986059
v -0.0100704 0.1290065 0.7986059
v -0.0100704 0.1290065 0.7986059
v -0.0171520 0.1363924 0.3200000
v -0.0171520 0.1363924 0.3200000
v -0.0171520 0.1363924 0.3200000
v -0.0199847 0.1324934 0.3247600
v -0.0199847 0.1324934 0.3247600
v -0.0199847 0.1324934 0.3247600
v -0.0199847 0.1324934 0.3247600
v -0.0191550 0.1336354 0.3213941
v -0.0191550 0.1336354 0.3213941
v -0.0191550 0.1336354 0.3213941
v -0.0191550 0.1336354 0.3213941
v -0.0171520 0.1363923 0.8000000
v -0.0171520 0.1363923 0.8000000
v -0.0171520 0.1363923 0.8000000
v -0.0199847 0.1324934 0.7952400
v -0.0199847 0.1324934 0.7952400
v -0.0199847 0.1324934 0.7952400
v -0.0199847 0.1324934 0.7952400
v -0.0191550 0.1336354 0.7986059
v -0.0191550 0.1336354 0.7986059
v -0.0191550 0.1336354 0.7986059
v -0.0191550 0.1336354 0.7986059
v -0.0236077 0.1428481 0.3200000
v -0.0236077 0.1428481 0.3200000
v -0.0236077 0.1428481 0.3200000
v -0.0275066 0.1400153 0.3247600
v -0.0275066 0.1400153 0.3247600
v -0.0275066 0.1400153 0.3247600
v -0.0275066 0.1400153 0.3247600
v -0.0263646 0.1408450 0.3213941
v -0.0263646 0.1408450 0.3213941
v -0.0263646 0.1408450 0.3213941
v -0.0263646 0.1408450 0.3213941
v -0.0236077 0.1428480 0.8000000
v -0.0236077 0.1428480 0.8000000
v -0.0236077 0.1428480 0.8000000
v -0.0275066 0.1400153 0.7952400
v -0.0275066 0.1400153 0.7952400
v -0.0275066 0.1400153 0.7952400
v -0.0275066 0.1400153 0.7952400
v -0.0263646 0.1408450 0.7986059
v -0.0263646 0.1408450 0.7986059
v -0.0263646 0.1408450 0.7986059
v -0.0263646 0.1408450 0.7986059
v -0.0277525 0.1509827 0.3200000
v -0.0277525 0.1509827 0.3200000
v -0.0277525 0.1509827 0.3200000
v -0.0323359 0.1494934 0.3247600
v -0.0323359 0.1494934 0.3247600
v -0.0323359 0.1494934 0.3247600
v -0.0323359 0.1494934 0.3247600
v -0.0309935 0.1499296 0.3213941
v -0.0309935 0.1499296 0.3213941
v -0.0309935 0.1499296 0.3213941
v -0.0309935 0.1499296 0.3213941
v -0.0277525 0.1509826 0.8000000
v -0.0277525 0.1509826 0.8000000
v -0.0277525 0.1509826 0.8000000
v -0.0323359 0.1494934 0.7952400
v -0.0323359 0.1494934 0.7952400
v -0.0323359 0.1494934 0.7952400
v -0.0323359 0.1494934 0.7952400
v -0.0309935 0.1499296 0.7986059
v -0.0309935 0.1499296 0.7986059
v -0.0309935 0.1499296 0.7986059
v -0.0309935 0.1499296 0.7986059
v -0.0291807 0.1600000 0.3200000
v -0.0291807 0.1600000 0.3200000
v -0.0291807 0.1600000 0.3200000
v -0.0340000 0.1600000 0.3247600
v -0.0340000 0.1600000 0.3247600
v -0.0340000 0.1600000 0.3247600
v -0.0340000 0.1600000 0.3247600
v -0.0325885 0.1600000 0.3213941
v -0.0325885 0.1600000 0.3213941
v -0.0325885 0.1600000 0.3213941
v -0.0325885 0.1600000 0.3213941
v -0.0291807 0.1600000 0.8000000
v -0.0291807 0.1600000 0.8000000
v -0.0291807 0.1600000 0.8000000
v -0.0340000 0.1600000 0.7952400
v -0.0340000 0.1600000 0.7952400
v -0.0340000 0.1600000 0.7952400
v -0.0340000 0.1600000 0.7952400
v -0.0325885 0.1600000 0.7986059
v -0.0325885 0.1600000 0.7986059
v -0.0325885 0.1600000 0.7986059
v -0.0325885 0.1600000 0.7986059
v -0.0277525 0.1690174 0.3200000
v -0.0277525 0.1690174 0.3200000
v -0.0277525 0.1690174 0.3200000
v -0.0323359 0.1705066 0.3247600
v -0.0323359 0.1705066 0.3247600
v -0.0323359 0.1705066 0.3247600
v -0.0323359 0.1705066 0.3247600
v -0.0309935 0.1700704 0.3213941
v -0.0309935 0.1700704 0.3213941
v -0.0309935 0.1700704 0.3213941
v -0.0309935 0.1700704 0.3213941
v -0.0277525 0.1690173 0.8000000
v -0.0277525 0.1690173 0.8000000
v -0.0277525 0.1690173 0.8000000
v -0.0323359 0.1705065 0.7952400
v -0.0323359 0.1705065 0.7952400
v -0.0323359 0.1705065 0.7952400
v -0.0323359 0.1705065 0.7952400
v -0.0309935 0.1700704 0.7986059
v -0.0309935 0.1700704 0.7986059
v -0.0309935 0.1700704 0.7986059
v -0.0309935 0.1700704 0.7986059
v -0.0236077 0.1771520 0.3200000
v -0.0236077 0.1771520 0.3200000
v -0.0236077 0.1771520 0.3200000
v -0.0275066 0.1799847 0.3247600
v -0.0275066 0.1799847 0.3247600
v -0.0275066 0.1799847 0.3247600
v -0.0275066 0.1799847 0.3247600
v -0.0263646 0.1791550 0.3213941
v -0.0263646 0.1791550 0.3213941
v -0.0263646 0.1791550 0.3213941
v -0.0263646 0.1791550 0.3213941
v -0.0236077 0.1771519 0.8000000
v -0.0236077 0.1771519 0.8000000
v -0.0236077 0.1771519 0.8000000
v -0.0275066 0.1799847 0.7952400
v -0.0275066 0.1799847 0.7952400
v -0.0275066 0.1799847 0.7952400
v -0.0275066 0.1799847 0.7952400
v -0.0263646 0.1791550 0.7986059
v -0.0263646 0.1791550 0.7986059
v -0.0263646 0.1791550 0.7986059
v -0.0263646 0.1791550 0.7986059
v -0.0171520 0.1836077 0.3200000
v -0.0171520 0.1836077 0.3200000
v -0.0171520 0.1836077 0.3200000
v -0.0199847 0.1875066 0.3247600
v -0.0199847 0.1875066 0.3247600
v -0.0199847 0.1875066 0.3247600
v -0.0199847 0.1875066 0.3247600
v -0.0191550 0.1863646 0.3213941
v -0.0191550 0.1863646 0.3213941
v -0.0191550 0.1863646 0.3213941
v -0.0191550 0.1863646 0.3213941
v -0.0171520 0.1836076 0.8000000
v -0.0171520 0.1836076 0.8000000
v -0.0171520 0.1836076 0.8000000
v -0.0199847 0.1875065 0.7952400
v -0.0199847 0.1875065 0.7952400
v -0.0199847 0.1875065 0.7952400
v -0.0199847 0.1875065 0.7952400
v -0.0191550 0.1863646 0.7986059
v -0.0191550 0.1863646 0.7986059
v -0.0191550 0.1863646 0.7986059
v -0.0191550 0.1863646 0.7986059
v -0.0090173 0.1877525 0.3200000
v -0.0090173 0.1877525 0.3200000
v -0.0090173 0.1877525 0.3200000
v -0.0105066 0.1923360 0.3247600
v -0.0105066 0.1923360 0.3247600
v -0.0105066 0.1923360 0.3247600
v -0.0105066 0.1923360 0.3247600
v -0.0100704 0.1909935 0.3213941
v -0.0100704 0.1909935 0.3213941
v -0.0100704 0.1909935 0.3213941
v -0.0100704 0.1909935 0.3213941
v -0.0090173 0.1877524 0.8000000
v -0.0090173 0.1877524 0.8000000
v -0.0090173 0.1877524 0.8000000
v -0.0105066 0.1923359 0.7952400
v -0.0105066 0.1923359 0.7952400
v -0.0105066 0.1923359 0.7952400
v -0.0105066 0.1923359 0.7952400
v -0.0100704 0.1909934 0.7986059
v -0.0100704 0.1909934 0.7986059
v -0.0100704 0.1909934 0.7986059
v -0.0100704 0.1909934 0.7986059
vt 0.7500000 0.5440187
vt 0.7500000 0.5440187
vt 0.7500000 0.5440187
vt 1.0000000 0.4950417
vt 1.0000000 0.4950417
vt -0.0000002 0.4950417
vt -0.0000002 0.4950417
vt 0.7515395 0.5102438
vt 0.9989621 0.5000000
vt 0.7484605 0.5102438
vt 0.0010377 0.5000000
vt 0.2500000 0.5440186
vt 0.2500000 0.5440186
vt 0.2500000 0.5440186
vt 1.0000000 0.0049583
vt 1.0000000 0.0049583
vt -0.0000002 0.0049583
vt -0.0000002 0.0049583
vt 0.2515395 0.5102438
vt 0.9989621 0.0000000
vt 0.2484605 0.5102438
vt 0.0010378 0.0000000
vt 0.8136517 0.5541002
vt 0.8136517 0.5541002
vt 0.8136517 0.5541002
vt 0.9500000 0.4950417
vt 0.9500000 0.4950417
vt 0.9500000 0.4950417
vt 0.9500000 0.4950417
vt 0.8226246 0.5215026
vt 0.9510379 0.5000000
vt 0.8255529 0.5224540
vt 0.9489621 0.5000000
vt 0.3136517 0.5541002
vt 0.3136517 0.5541002
vt 0.3136517 0.5541002
vt 0.9500000 0.0049583
vt 0.9500000 0.0049583
vt 0.9500000 0.0049584
vt 0.9500000 0.0049584
vt 0.3226246 0.5215026
vt 0.9510379 0.0000000
vt 0.3255529 0.5224540
vt 0.9489621 0.0000000
vt 0.8710728 0.5833577
vt 0.8710728 0.5833577
vt 0.8710728 0.5833577
vt 0.9000000 0.4950416
vt 0.9000000 0.4950416
vt 0.9000000 0.4950417
vt 0.9000000 0.4950417
vt 0.8896797 0.5551283
vt 0.8921707 0.5569381
vt 0.9010379 0.5000000
vt 0.8989621 0.5000000
vt 0.3710727 0.5833577
vt 0.3710727 0.5833577
vt 0.3710727 0.5833577
vt 0.9000000 0.0049583
vt 0.9000000 0.0049583
vt 0.9000000 0.0049584
vt 0.9000000 0.0049584
vt 0.3896796 0.5551283
vt 0.3921706 0.5569381
vt 0.9010379 0.0000000
vt 0.8989621 0.0000000
vt 0.9166423 0.6289273
vt 0.9166423 0.6289273
vt 0.9166423 0.6289273
vt 0.8500000 0.4950416
vt 0.8500000 0.4950416
vt 0.8500000 0.4950417
vt 0.8500000 0.4950417
vt 0.9430619 0.6078293
vt 0.9448717 0.6103203
vt 0.8510379 0.5000000
vt 0.8489621 0.5000000
vt 0.4166422 0.6289273
vt 0.4166422 0.6289273
vt 0.4166422 0.6289273
vt 0.8500000 0.0049583
vt 0.8500000 0.0049583
vt 0.8500000 0.0049584
vt 0.8500000 0.0049584
vt 0.4430619 0.6078293
vt 0.4448717 0.6103203
vt 0.8510379 0.0000000
vt 0.8489621 0.0000000
vt 0.9458999 0.6863483
vt 0.9458999 0.6863483
vt 0.9458999 0.6863483
vt 0.8000000 0.4950416
vt 0.8000000 0.4950416
vt 0.8000000 0.4950417
vt 0.8000000 0.4950417
vt 0.9775459 0.6744471
vt 0.9784974 0.6773754
vt 0.8010378 0.5000000
vt 0.7989621 0.5000000
vt 0.4458998 0.6863483
vt 0.4458998 0.6863483
vt 0.4458998 0.6863483
vt 0.8000000 0.0049583
vt 0.8000000 0.0049583
vt 0.8000000 0.0049583
vt 0.8000000 0.0049583
vt 0.4775459 0.6744471
vt 0.4784974 0.6773754
vt 0.8010378 0.0000000
vt 0.7989620 0.0000000
vt 0.9559813 0.7500000
vt 0.9559813 0.7500000
vt 0.9559813 0.7500000
vt 0.7499999 0.4950417
vt 0.7499999 0.4950417
vt 0.7499999 0.4950417
vt 0.7499999 0.4950417
vt 0.9897562 0.7515395
vt 0.9897562 0.7484605
vt 0.7489620 0.5000000
vt 0.7510378 0.5000000
vt 0.4559812 0.7500000
vt 0.4559812 0.7500000
vt 0.4559812 0.7500000
vt 0.7499999 0.0049583
vt 0.7499999 0.0049583
vt 0.7499999 0.0049583
vt 0.7499999 0.0049583
vt 0.4897562 0.7515395
vt 0.4897562 0.7484605
vt 0.7489620 0.0000000
vt 0.7510378 0.0000000
vt 0.9458999 0.8136516
vt 0.9458999 0.8136516
vt 0.9458999 0.8136516
vt 0.6999999 0.4950417
vt 0.6999999 0.4950417
vt 0.6999999 0.4950417
vt 0.6999999 0.4950417
vt 0.9775460 0.8255529
vt 0.9784974 0.8226246
vt 0.6989620 0.5000000
vt 0.7010378 0.5000000
vt 0.4458998 0.8136517
vt 0.4458998 0.8136517
vt 0.4458998 0.8136517
vt 0.6999999 0.0049584
vt 0.6999999 0.0049584
vt 0.6999999 0.0049583
vt 0.6999999 0.0049583
vt 0.4775459 0.8255529
vt 0.4784974 0.8226246
vt 0.6989620 0.0000000
vt 0.7010378 0.0000000
vt 0.9166424 0.8710727
vt 0.9166424 0.8710727
vt 0.9166424 0.8710727
vt 0.6499999 0.4950417
vt 0.6499999 0.4950417
vt 0.6499999 0.4950416
vt 0.6499999 0.4950416
vt 0.9430619 0.8921706
vt 0.9448717 0.8896797
vt 0.6489620 0.5000000
vt 0.6510378 0.5000000
vt 0.4166423 0.8710727
vt 0.4166423 0.8710727
vt 0.4166423 0.8710727
vt 0.6499999 0.0049584
vt 0.6499999 0.0049584
vt 0.6499999 0.0049583
vt 0.6499999 0.0049583
vt 0.4430619 0.8921707
vt 0.4448717 0.8896797
vt 0.6489620 0.0000000
vt 0.6510378 0.0000000
vt 0.8710728 0.9166422
vt 0.8710728 0.9166422
vt 0.8710728 0.9166422
vt 0.5999999 0.4950417
vt 0.5999999 0.4950417
vt 0.5999999 0.4950416
vt 0.5999999 0.4950416
vt 0.8896797 0.9448717
vt 0.8921706 0.9430619
vt 0.5989620 0.5000000
vt 0.6010378 0.5000000
vt 0.3710727 0.9166422
vt 0.3710727 0.9166422
vt 0.3710727 0.9166422
vt 0.5999999 0.0049584
vt 0.5999999 0.0049584
vt 0.5999999 0.0049583
vt 0.5999999 0.0049583
vt 0.3896797 0.9448717
vt 0.3921706 0.9430619
vt 0.5989619 0.0000000
vt 0.6010378 0.0000000
vt 0.8136517 0.9458997
vt 0.8136517 0.9458997
vt 0.8136517 0.9458997
vt 0.5499999 0.4950417
vt 0.5499999 0.4950417
vt 0.5499999 0.4950416
vt 0.5499999 0.4950416
vt 0.8226246 0.9784974
vt 0.5489620 0.5000000
vt 0.8255529 0.9775459
vt 0.5510378 0.5000000
vt 0.3136517 0.9458997
vt 0.3136517 0.9458997
vt 0.3136517 0.9458997
vt 0.5499999 0.0049583
vt 0.5499999 0.0049583
vt 0.5499999 0.0049583
vt 0.5499999 0.0049583
vt 0.3226246 0.9784974
vt 0.5489620 0.0000000
vt 0.3255529 0.9775459
vt 0.5510378 0.0000000
vt 0.7500000 0.9559812
vt 0.7500000 0.9559812
vt 0.7500000 0.9559812
vt 0.4999999 0.4950417
vt 0.4999999 0.4950417
vt 0.4999999 0.4950417
vt 0.4999999 0.4950417
vt 0.7515395 0.9897562
vt 0.5010378 0.5000000
vt 0.7484605 0.9897562
vt 0.4989620 0.5000000
vt 0.2500000 0.9559811
vt 0.2500000 0.9559811
vt 0.2500000 0.9559811
vt 0.4999999 0.0049583
vt 0.4999999 0.0049583
vt 0.4999999 0.0049583
vt 0.4999999 0.0049583
vt 0.2515395 0.9897562
vt 0.5010378 0.0000000
vt 0.2484605 0.9897562
vt 0.4989620 0.0000000
vt 0.6863483 0.9458997
vt 0.6863483 0.9458997
vt 0.6863483 0.9458997
vt 0.4499999 0.4950417
vt 0.4499999 0.4950417
vt 0.4499999 0.4950417
vt 0.4499999 0.4950417
vt 0.6773754 0.9784974
vt 0.4510378 0.5000000
vt 0.6744471 0.9775459
vt 0.4489620 0.5000000
vt 0.1863483 0.9458997
vt 0.1863483 0.9458997
vt 0.1863483 0.9458997
vt 0.4499999 0.0049583
vt 0.4499999 0.0049583
vt 0.4499999 0.0049584
vt 0.4499999 0.0049584
vt 0.1773754 0.9784974
vt 0.4510378 0.0000000
vt 0.1744471 0.9775459
vt 0.4489620 0.0000000
vt 0.6289274 0.9166422
vt 0.6289274 0.9166422
vt 0.6289274 0.9166422
vt 0.3999999 0.4950416
vt 0.3999999 0.4950416
vt 0.3999999 0.4950417
vt 0.3999999 0.4950417
vt 0.6103204 0.9448717
vt 0.6078294 0.9430619
vt 0.4010378 0.5000000
vt 0.3989620 0.5000000
vt 0.1289273 0.9166422
vt 0.1289273 0.9166422
vt 0.1289273 0.9166422
vt 0.3999999 0.0049583
vt 0.3999999 0.0049583
vt 0.3999999 0.0049584
vt 0.3999999 0.0049584
vt 0.1103203 0.9448717
vt 0.1078294 0.9430619
vt 0.4010378 0.0000000
vt 0.3989619 0.0000000
vt 0.5833577 0.8710727
vt 0.5833577 0.8710727
vt 0.5833577 0.8710727
vt 0.3499998 0.4950416
vt 0.3499998 0.4950416
vt 0.3499998 0.4950417
vt 0.3499998 0.4950417
vt 0.5569382 0.8921707
vt 0.5551283 0.8896797
vt 0.3510377 0.5000000
vt 0.3489619 0.5000000
vt 0.0833578 0.8710727
vt 0.0833578 0.8710727
vt 0.0833578 0.8710727
vt 0.3499998 0.0049583
vt 0.3499998 0.0049583
vt 0.3499998 0.0049584
vt 0.3499998 0.0049584
vt 0.0569381 0.8921706
vt 0.0551283 0.8896797
vt 0.3510377 0.0000000
vt 0.3489619 0.0000000
vt 0.5541003 0.8136516
vt 0.5541003 0.8136516
vt 0.5541003 0.8136516
vt 0.2999998 0.4950416
vt 0.2999998 0.4950416
vt 0.2999998 0.4950417
vt 0.2999998 0.4950417
vt 0.5224540 0.8255529
vt 0.5215026 0.8226246
vt 0.3010378 0.5000000
vt 0.2989619 0.5000000
vt 0.0541003 0.8136517
vt 0.0541003 0.8136517
vt 0.0541003 0.8136517
vt 0.2999998 0.0049583
vt 0.2999998 0.0049583
vt 0.2999998 0.0049583
vt 0.2999998 0.0049583
vt 0.0224541 0.8255529
vt 0.0215026 0.8226246
vt 0.3010377 0.0000000
vt 0.2989619 0.0000000
vt 0.5440189 0.7500000
vt 0.5440189 0.7500000
vt 0.5440189 0.7500000
vt 0.2499998 0.4950417
vt 0.2499998 0.4950417
vt 0.2499998 0.4950417
vt 0.2499998 0.4950417
vt 0.5102438 0.7515395
vt 0.5102438 0.7484605
vt 0.2510377 0.5000000
vt 0.2489619 0.5000000
vt 0.0440188 0.7500000
vt 0.0440188 0.7500000
vt 0.0440188 0.7500000
vt 0.2499998 0.0049583
vt 0.2499998 0.0049583
vt 0.2499998 0.0049583
vt 0.2499998 0.0049583
vt 0.0102438 0.7515395
vt 0.0102438 0.7484605
vt 0.2510377 0.0000000
vt 0.2489619 0.0000000
vt 0.5541002 0.6863483
vt 0.5541002 0.6863483
vt 0.5541002 0.6863483
vt 0.1999998 0.4950417
vt 0.1999998 0.4950417
vt 0.1999998 0.4950417
vt 0.1999998 0.4950417
vt 0.5224541 0.6744471
vt 0.5215026 0.6773754
vt 0.1989619 0.5000000
vt 0.2010377 0.5000000
vt 0.0541003 0.6863483
vt 0.0541003 0.6863483
vt 0.0541003 0.6863483
vt 0.1999998 0.0049584
vt 0.1999998 0.0049584
vt 0.1999998 0.0049583
vt 0.1999998 0.0049583
vt 0.0224541 0.6744471
vt 0.0215026 0.6773754
vt 0.1989619 0.0000000
vt 0.2010377 0.0000000
vt 0.5833577 0.6289273
vt 0.5833577 0.6289273
vt 0.5833577 0.6289273
vt 0.1499998 0.4950417
vt 0.1499998 0.4950417
vt 0.1499998 0.4950416
vt 0.1499998 0.4950416
vt 0.5569381 0.6078293
vt 0.5551283 0.6103203
vt 0.1489619 0.5000000
vt 0.1510377 0.5000000
vt 0.0833578 0.6289273
vt 0.0833578 0.6289273
vt 0.0833578 0.6289273
vt 0.1499998 0.0049584
vt 0.1499998 0.0049584
vt 0.1499998 0.0049583
vt 0.1499998 0.0049583
vt 0.0569381 0.6078293
vt 0.0551283 0.6103203
vt 0.1489619 0.0000000
vt 0.1510378 0.0000000
vt 0.6289272 0.5833578
vt 0.6289272 0.5833578
vt 0.6289272 0.5833578
vt 0.0999998 0.4950417
vt 0.0999998 0.4950417
vt 0.0999998 0.4950416
vt 0.0999998 0.4950416
vt 0.6103203 0.5551283
vt 0.6078293 0.5569381
vt 0.0989619 0.5000000
vt 0.1010378 0.5000000
vt 0.1289273 0.5833577
vt 0.1289273 0.5833577
vt 0.1289273 0.5833577
vt 0.0999998 0.0049584
vt 0.0999998 0.0049584
vt 0.0999998 0.0049583
vt 0.0999998 0.0049583
vt 0.1103203 0.5551283
vt 0.1078294 0.5569381
vt 0.0989619 0.0000000
vt 0.1010377 0.0000000
vt 0.6863483 0.5541003
vt 0.6863483 0.5541003
vt 0.6863483 0.5541003
vt 0.0499998 0.4950417
vt 0.0499998 0.4950417
vt 0.0499998 0.4950416
vt 0.0499998 0.4950416
vt 0.6773754 0.5215026
vt 0.0489619 0.5000000
vt 0.6744471 0.5224540
vt 0.0510377 0.5000000
vt 0.1863483 0.5541002
vt 0.1863483 0.5541002
vt 0.1863483 0.5541002
vt 0.0499998 0.0049583
vt 0.0499998 0.0049583
vt 0.0499998 0.0049583
vt 0.0499998 0.0049583
vt 0.1773754 0.5215026
vt 0.0489619 0.0000000
vt 0.1744471 0.5224540
vt 0.0510377 0.0000000
vn 0.0000000 0.0000001 -1.0000000
vn 0.0598981 0.3779882 -0.9238708
vn -0.0598981 0.3779882 -0.9238708
vn 0.1445003 0.9125020 -0.3827007
vn 0.1563990 0.9876940 0.0000001
vn -0.1445003 0.9125020 -0.3827007
vn -0.1563990 0.9876940 0.0000001
vn 0.0598981 0.3779882 -0.9238708
vn 0.1445003 0.9125020 -0.3827007
vn -0.0598981 0.3779882 -0.9238708
vn -0.1445003 0.9125020 -0.3827007
vn 0.0000000 -0.0000001 1.0000000
vn 0.0598981 0.3779879 0.9238709
vn -0.0598981 0.3779879 0.9238709
vn 0.1445003 0.9125019 0.3827009
vn 0.1563990 0.9876940 0.0000001
vn -0.1445003 0.9125019 0.3827009
vn -0.1563990 0.9876940 0.0000001
vn 0.0598981 0.3779879 0.9238709
vn 0.1445003 0.9125019 0.3827009
vn -0.0598981 0.3779879 0.9238709
vn -0.1445003 0.9125019 0.3827009
vn 0.0000000 0.0000001 -1.0000000
vn 0.0598981 0.3779882 -0.9238708
vn 0.1736962 0.3409926 -0.9238797
vn 0.1445003 0.9125020 -0.3827007
vn 0.1563990 0.9876940 0.0000001
vn 0.4193970 0.8231944 -0.3826972
vn 0.4540007 0.8910014 0.0000001
vn 0.0598981 0.3779882 -0.9238708
vn 0.1445003 0.9125020 -0.3827007
vn 0.1736962 0.3409926 -0.9238797
vn 0.4193970 0.8231944 -0.3826972
vn 0.0000000 -0.0000001 1.0000000
vn 0.0598981 0.3779879 0.9238709
vn 0.1736962 0.3409924 0.9238798
vn 0.1445003 0.9125019 0.3827009
vn 0.1563990 0.9876940 0.0000001
vn 0.4193970 0.8231943 0.3826974
vn 0.4540007 0.8910014 0.0000001
vn 0.0598981 0.3779879 0.9238709
vn 0.1445003 0.9125019 0.3827009
vn 0.1736962 0.3409924 0.9238798
vn 0.4193970 0.8231943 0.3826974
vn 0.0000000 0.0000001 -1.0000000
vn 0.1736962 0.3409926 -0.9238797
vn 0.2705946 0.2705947 -0.9238815
vn 0.4193970 0.8231944 -0.3826972
vn 0.4540007 0.8910014 0.0000001
vn 0.6532800 0.6532801 -0.3826882
vn 0.7071067 0.7071068 0.0000001
vn 0.1736962 0.3409926 -0.9238797
vn 0.2705946 0.2705947 -0.9238815
vn 0.4193970 0.8231944 -0.3826972
vn 0.6532800 0.6532801 -0.3826882
vn 0.0000000 -0.0000001 1.0000000
vn 0.1736962 0.3409924 0.9238798
vn 0.2705946 0.2705945 0.9238816
vn 0.4193970 0.8231943 0.3826974
vn 0.4540007 0.8910014 0.0000001
vn 0.6532800 0.6532800 0.3826884
vn 0.7071067 0.7071068 0.0000001
vn 0.1736962 0.3409924 0.9238798
vn 0.2705946 0.2705945 0.9238816
vn 0.4193970 0.8231943 0.3826974
vn 0.6532800 0.6532800 0.3826884
vn 0.0000000 0.0000001 -1.0000000
vn 0.2705946 0.2705947 -0.9238815
vn 0.3409925 0.1736963 -0.9238797
vn 0.6532800 0.6532801 -0.3826882
vn 0.7071067 0.7071068 0.0000001
vn 0.8231943 0.4193972 -0.3826973
vn 0.8910013 0.4540008 0.0000001
vn 0.2705946 0.2705947 -0.9238815
vn 0.3409925 0.1736963 -0.9238797
vn 0.6532800 0.6532801 -0.3826882
vn 0.8231943 0.4193972 -0.3826973
vn 0.0000000 -0.0000001 1.0000000
vn 0.2705946 0.2705945 0.9238816
vn 0.3409925 0.1736961 0.9238798
vn 0.6532800 0.6532800 0.3826884
vn 0.7071067 0.7071068 0.0000001
vn 0.8231943 0.4193971 0.3826974
vn 0.8910013 0.4540008 0.0000001
vn 0.2705946 0.2705945 0.9238816
vn 0.3409925 0.1736961 0.9238798
vn 0.6532800 0.6532800 0.3826884
vn 0.8231943 0.4193971 0.3826974
vn 0.0000000 0.0000001 -1.0000000
vn 0.3409925 0.1736963 -0.9238797
vn 0.3779880 0.0598982 -0.9238708
vn 0.8231943 0.4193972 -0.3826973
vn 0.8910013 0.4540008 0.0000001
vn 0.9125019 0.1445004 -0.3827008
vn 0.9876939 0.1563991 0.0000000
vn 0.3409925 0.1736963 -0.9238797
vn 0.3779880 0.0598982 -0.9238708
vn 0.8231943 0.4193972 -0.3826973
vn 0.9125019 0.1445004 -0.3827008
vn 0.0000000 -0.0000001 1.0000000
vn 0.3409925 0.1736961 0.9238798
vn 0.3779880 0.0598980 0.9238708
vn 0.8231943 0.4193971 0.3826974
vn 0.8910013 0.4540008 0.0000001
vn 0.9125019 0.1445003 0.3827009
vn 0.9876939 0.1563991 0.0000000
vn 0.3409925 0.1736961 0.9238798
vn 0.3779880 0.0598980 0.9238708
vn 0.8231943 0.4193971 0.3826974
vn 0.9125019 0.1445003 0.3827009
vn 0.0000000 0.0000001 -1.0000000
vn 0.3779880 -0.0598980 -0.9238708
vn 0.3779880 0.0598982 -0.9238708
vn 0.9125019 -0.1445003 -0.3827009
vn 0.9125019 0.1445004 -0.3827008
vn 0.9876939 -0.1563991 -0.0000000
vn 0.9876939 0.1563991 0.0000000
vn 0.3779880 -0.0598980 -0.9238708
vn 0.3779880 0.0598982 -0.9238708
vn 0.9125019 -0.1445003 -0.3827009
vn 0.9125019 0.1445004 -0.3827008
vn 0.0000000 -0.0000001 1.0000000
vn 0.3779880 -0.0598982 0.9238708
vn 0.3779880 0.0598980 0.9238708
vn 0.9125019 -0.1445004 0.3827008
vn 0.9125019 0.1445003 0.3827009
vn 0.9876939 -0.1563991 -0.0000000
vn 0.9876939 0.1563991 0.0000000
vn 0.3779880 -0.0598982 0.9238708
vn 0.3779880 0.0598980 0.9238708
vn 0.9125019 -0.1445004 0.3827008
vn 0.9125019 0.1445003 0.3827009
vn 0.0000000 0.0000001 -1.0000000
vn 0.3409925 -0.1736961 -0.9238798
vn 0.3779880 -0.0598980 -0.9238708
vn 0.8231943 -0.4193971 -0.3826974
vn 0.8910013 -0.4540008 -0.0000001
vn 0.9125019 -0.1445003 -0.3827009
vn 0.9876939 -0.1563991 -0.0000000
vn 0.3409925 -0.1736961 -0.9238798
vn 0.3779880 -0.0598980 -0.9238708
vn 0.8231943 -0.4193971 -0.3826974
vn 0.9125019 -0.1445003 -0.3827009
vn 0.0000000 -0.0000001 1.0000000
vn 0.3409925 -0.1736963 0.9238797
vn 0.3779880 -0.0598982 0.9238708
vn 0.8231943 -0.4193972 0.3826973
vn 0.8910013 -0.4540008 -0.0000001
vn 0.9125019 -0.1445004 0.3827008
vn 0.9876939 -0.1563991 -0.0000000
vn 0.3409925 -0.1736963 0.9238797
vn 0.3779880 -0.0598982 0.9238708
vn 0.8231943 -0.4193972 0.3826973
vn 0.9125019 -0.1445004 0.3827008
vn 0.0000000 0.0000001 -1.0000000
vn 0.2705946 -0.2705945 -0.9238816
vn 0.3409925 -0.1736961 -0.9238798
vn 0.6532800 -0.6532800 -0.3826884
vn 0.7071067 -0.7071068 -0.0000001
vn 0.8231943 -0.4193971 -0.3826974
vn 0.8910013 -0.4540008 -0.0000001
vn 0.2705946 -0.2705945 -0.9238816
vn 0.3409925 -0.1736961 -0.9238798
vn 0.6532800 -0.6532800 -0.3826884
vn 0.8231943 -0.4193971 -0.3826974
vn 0.0000000 -0.0000001 1.0000000
vn 0.2705946 -0.2705947 0.9238815
vn 0.3409925 -0.1736963 0.9238797
vn 0.6532800 -0.6532801 0.3826882
vn 0.7071067 -0.7071068 -0.0000001
vn 0.8231943 -0.4193972 0.3826973
vn 0.8910013 -0.4540008 -0.0000001
vn 0.2705946 -0.2705947 0.9238815
vn 0.3409925 -0.1736963 0.9238797
vn 0.6532800 -0.6532801 0.3826882
vn 0.8231943 -0.4193972 0.3826973
vn 0.0000000 0.0000001 -1.0000000
vn 0.1736962 -0.3409924 -0.9238798
vn 0.2705946 -0.2705945 -0.9238816
vn 0.4193970 -0.8231943 -0.3826974
vn 0.4540007 -0.8910014 -0.0000001
vn 0.6532800 -0.6532800 -0.3826884
vn 0.7071067 -0.7071068 -0.0000001
vn 0.1736962 -0.3409924 -0.9238798
vn 0.2705946 -0.2705945 -0.9238816
vn 0.4193970 -0.8231943 -0.3826974
vn 0.6532800 -0.6532800 -0.3826884
vn 0.0000000 -0.0000001 1.0000000
vn 0.1736962 -0.3409926 0.9238797
vn 0.2705946 -0.2705947 0.9238815
vn 0.4193970 -0.8231944 0.3826972
vn 0.4540007 -0.8910014 -0.0000001
vn 0.6532800 -0.6532801 0.3826882
vn 0.7071067 -0.7071068 -0.0000001
vn 0.1736962 -0.3409926 0.9238797
vn 0.2705946 -0.2705947 0.9238815
vn 0.4193970 -0.8231944 0.3826972
vn 0.6532800 -0.6532801 0.3826882
vn 0.0000000 0.0000001 -1.0000000
vn 0.0598981 -0.3779879 -0.9238709
vn 0.1736962 -0.3409924 -0.9238798
vn 0.1445003 -0.9125019 -0.3827009
vn 0.1563990 -0.9876940 -0.0000001
vn 0.4193970 -0.8231943 -0.3826974
vn 0.4540007 -0.8910014 -0.0000001
vn 0.0598981 -0.3779879 -0.9238709
vn 0.1445003 -0.9125019 -0.3827009
vn 0.1736962 -0.3409924 -0.9238798
vn 0.4193970 -0.8231943 -0.3826974
vn 0.0000000 -0.0000001 1.0000000
vn 0.0598981 -0.3779882 0.9238708
vn 0.1736962 -0.3409926 0.9238797
vn 0.1445003 -0.9125020 0.3827007
vn 0.1563990 -0.9876940 -0.0000001
vn 0.4193970 -0.8231944 0.3826972
vn 0.4540007 -0.8910014 -0.0000001
vn 0.0598981 -0.3779882 0.9238708
vn 0.1445003 -0.9125020 0.3827007
vn 0.1736962 -0.3409926 0.9238797
vn 0.4193970 -0.8231944 0.3826972
vn 0.0000000 0.0000001 -1.0000000
vn 0.0598981 -0.3779879 -0.9238709
vn -0.0598981 -0.3779879 -0.9238709
vn 0.1445003 -0.9125019 -0.3827009
vn 0.1563990 -0.9876940 -0.0000001
vn -0.1445003 -0.9125019 -0.3827009
vn -0.1563990 -0.9876940 -0.0000001
vn 0.0598981 -0.3779879 -0.9238709
vn 0.1445003 -0.9125019 -0.3827009
vn -0.0598981 -0.3779879 -0.9238709
vn -0.1445003 -0.9125019 -0.3827009
vn 0.0000000 -0.0000001 1.0000000
vn 0.0598981 -0.3779882 0.9238708
vn -0.0598981 -0.3779882 0.9238708
vn 0.1445003 -0.9125020 0.3827007
vn 0.1563990 -0.9876940 -0.0000001
vn -0.1445003 -0.9125020 0.3827007
vn -0.1563990 -0.9876940 -0.0000001
vn 0.0598981 -0.3779882 0.9238708
vn 0.1445003 -0.9125020 0.3827007
vn -0.0598981 -0.3779882 0.9238708
vn -0.1445003 -0.9125020 0.3827007
vn 0.0000000 0.0000001 -1.0000000
vn -0.0598981 -0.3779879 -0.9238709
vn -0.1736962 -0.3409924 -0.9238798
vn -0.1445003 -0.9125019 -0.3827009
vn -0.1563990 -0.9876940 -0.0000001
vn -0.4193970 -0.8231943 -0.3826974
vn -0.4540007 -0.8910014 -0.0000001
vn -0.0598981 -0.3779879 -0.9238709
vn -0.1445003 -0.9125019 -0.3827009
vn -0.1736962 -0.3409924 -0.9238798
vn -0.4193970 -0.8231943 -0.3826974
vn 0.0000000 -0.0000001 1.0000000
vn -0.0598981 -0.3779882 0.9238708
vn -0.1736962 -0.3409926 0.9238797
vn -0.1445003 -0.9125020 0.3827007
vn -0.1563990 -0.9876940 -0.0000001
vn -0.4193970 -0.8231944 0.3826972
vn -0.4540007 -0.8910014 -0.0000001
vn -0.0598981 -0.3779882 0.9238708
vn -0.1445003 -0.9125020 0.3827007
vn -0.1736962 -0.3409926 0.9238797
vn -0.4193970 -0.8231944 0.3826972
vn 0.0000000 0.0000001 -1.0000000
vn -0.1736962 -0.3409924 -0.9238798
vn -0.2705946 -0.2705945 -0.9238816
vn -0.4193970 -0.8231943 -0.3826974
vn -0.4540007 -0.8910014 -0.0000001
vn -0.6532800 -0.6532800 -0.3826884
vn -0.7071067 -0.7071068 -0.0000001
vn -0.1736962 -0.3409924 -0.9238798
vn -0.2705946 -0.2705945 -0.9238816
vn -0.4193970 -0.8231943 -0.3826974
vn -0.6532800 -0.6532800 -0.3826884
vn 0.0000000 -0.0000001 1.0000000
vn -0.1736962 -0.3409926 0.9238797
vn -0.2705946 -0.2705947 0.9238815
vn -0.4193970 -0.8231944 0.3826972
vn -0.4540007 -0.8910014 -0.0000001
vn -0.6532800 -0.6532801 0.3826882
vn -0.7071067 -0.7071068 -0.0000001
vn -0.1736962 -0.3409926 0.9238797
vn -0.2705946 -0.2705947 0.9238815
vn -0.4193970 -0.8231944 0.3826972
vn -0.6532800 -0.6532801 0.3826882
vn 0.0000000 0.0000001 -1.0000000
vn -0.2705946 -0.2705945 -0.9238816
vn -0.3409925 -0.1736961 -0.9238798
vn -0.6532800 -0.6532800 -0.3826884
vn -0.7071067 -0.7071068 -0.0000001
vn -0.8231943 -0.4193971 -0.3826974
vn -0.8910013 -0.4540008 -0.0000001
vn -0.2705946 -0.2705945 -0.9238816
vn -0.3409925 -0.1736961 -0.9238798
vn -0.6532800 -0.6532800 -0.3826884
vn -0.8231943 -0.4193971 -0.3826974
vn 0.0000000 -0.0000001 1.0000000
vn -0.2705946 -0.2705947 0.9238815
vn -0.3409925 -0.1736963 0.9238797
vn -0.6532800 -0.6532801 0.3826882
vn -0.7071067 -0.7071068 -0.0000001
vn -0.8231943 -0.4193972 0.3826973
vn -0.8910013 -0.4540008 -0.0000001
vn -0.2705946 -0.2705947 0.9238815
vn -0.3409925 -0.1736963 0.9238797
vn -0.6532800 -0.6532801 0.3826882
vn -0.8231943 -0.4193972 0.3826973
vn 0.0000000 0.0000001 -1.0000000
vn -0.3409925 -0.1736961 -0.9238798
vn -0.3779880 -0.0598980 -0.9238708
vn -0.8231943 -0.4193971 -0.3826974
vn -0.8910013 -0.4540008 -0.0000001
vn -0.9125019 -0.1445003 -0.3827009
vn -0.9876939 -0.1563991 -0.0000000
vn -0.3409925 -0.1736961 -0.9238798
vn -0.3779880 -0.0598980 -0.9238708
vn -0.8231943 -0.4193971 -0.3826974
vn -0.9125019 -0.1445003 -0.3827009
vn 0.0000000 -0.0000001 1.0000000
vn -0.3409925 -0.1736963 0.9238797
vn -0.3779880 -0.0598982 0.9238708
vn -0.8231943 -0.4193972 0.3826973
vn -0.8910013 -0.4540008 -0.0000001
vn -0.9125019 -0.1445004 0.3827008
vn -0.9876939 -0.1563991 -0.0000000
vn -0.3409925 -0.1736963 0.9238797
vn -0.3779880 -0.0598982 0.9238708
vn -0.8231943 -0.4193972 0.3826973
vn -0.9125019 -0.1445004 0.3827008
vn 0.0000000 0.0000001 -1.0000000
vn -0.3779880 -0.0598980 -0.9238708
vn -0.3779880 0.0598982 -0.9238708
vn -0.9125019 -0.1445003 -0.3827009
vn -0.9125019 0.1445004 -0.3827008
vn -0.9876939 -0.1563991 -0.0000000
vn -0.9876939 0.1563991 0.0000000
vn -0.3779880 -0.0598980 -0.9238708
vn -0.3779880 0.0598982 -0.9238708
vn -0.9125019 -0.1445003 -0.3827009
vn -0.9125019 0.1445004 -0.3827008
vn 0.0000000 -0.0000001 1.0000000
vn -0.3779880 -0.0598982 0.9238708
vn -0.3779880 0.0598980 0.9238708
vn -0.9125019 -0.1445004 0.3827008
vn -0.9125019 0.1445003 0.3827009
vn -0.9876939 -0.1563991 -0.0000000
vn -0.9876939 0.1563991 0.0000000
vn -0.3779880 -0.0598982 0.9238708
vn -0.3779880 0.0598980 0.9238708
vn -0.9125019 -0.1445004 0.3827008
vn -0.9125019 0.1445003 0.3827009
vn 0.0000000 0.0000001 -1.0000000
vn -0.3409925 0.1736963 -0.9238797
vn -0.3779880 0.0598982 -0.9238708
vn -0.8231943 0.4193972 -0.3826973
vn -0.8910013 0.4540008 0.0000001
vn -0.9125019 0.1445004 -0.3827008
vn -0.9876939 0.1563991 0.0000000
vn -0.3409925 0.1736963 -0.9238797
vn -0.3779880 0.0598982 -0.9238708
vn -0.8231943 0.4193972 -0.3826973
vn -0.9125019 0.1445004 -0.3827008
vn 0.0000000 -0.0000001 1.0000000
vn -0.3409925 0.1736961 0.9238798
vn -0.3779880 0.0598980 0.9238708
vn -0.8231943 0.4193971 0.3826974
vn -0.8910013 0.4540008 0.0000001
vn -0.9125019 0.1445003 0.3827009
vn -0.9876939 0.1563991 0.0000000
vn -0.3409925 0.1736961 0.9238798
vn -0.3779880 0.0598980 0.9238708
vn -0.8231943 0.4193971 0.3826974
vn -0.9125019 0.1445003 0.3827009
vn 0.0000000 0.0000001 -1.0000000
vn -0.2705946 0.2705947 -0.9238815
vn -0.3409925 0.1736963 -0.9238797
vn -0.6532800 0.6532801 -0.3826882
vn -0.7071067 0.7071068 0.0000001
vn -0.8231943 0.4193972 -0.3826973
vn -0.8910013 0.4540008 0.0000001
vn -0.2705946 0.2705947 -0.9238815
vn -0.3409925 0.1736963 -0.9238797
vn -0.6532800 0.6532801 -0.3826882
vn -0.8231943 0.4193972 -0.3826973
vn 0.0000000 -0.0000001 1.0000000
vn -0.2705946 0.2705945 0.9238816
vn -0.3409925 0.1736961 0.9238798
vn -0.6532800 0.6532800 0.3826884
vn -0.7071067 0.7071068 0.0000001
vn -0.8231943 0.4193971 0.3826974
vn -0.8910013 0.4540008 0.0000001
vn -0.2705946 0.2705945 0.9238816
vn -0.3409925 0.1736961 0.9238798
vn -0.6532800 0.6532800 0.3826884
vn -0.8231943 0.4193971 0.3826974
vn 0.0000000 0.0000001 -1.0000000
vn -0.1736962 0.3409926 -0.9238797
vn -0.2705946 0.2705947 -0.9238815
vn -0.4193970 0.8231944 -0.3826972
vn -0.4540007 0.8910014 0.0000001
vn -0.6532800 0.6532801 -0.3826882
vn -0.7071067 0.7071068 0.0000001
vn -0.1736962 0.3409926 -0.9238797
vn -0.2705946 0.2705947 -0.9238815
vn -0.4193970 0.8231944 -0.3826972
vn -0.6532800 0.6532801 -0.3826882
vn 0.0000000 -0.0000001 1.0000000
vn -0.1736962 0.3409924 0.9238798
vn -0.2705946 0.2705945 0.9238816
vn -0.4193970 0.8231943 0.3826974
vn -0.4540007 0.8910014 0.0000001
vn -0.6532800 0.6532800 0.3826884
vn -0.7071067 0.7071068 0.0000001
vn -0.1736962 0.3409924 0.9238798
vn -0.2705946 0.2705945 0.9238816
vn -0.4193970 0.8231943 0.3826974
vn -0.6532800 0.6532800 0.3826884
vn 0.0000000 0.0000001 -1.0000000
vn -0.0598981 0.3779882 -0.9238708
vn -0.1736962 0.3409926 -0.9238797
vn -0.1445003 0.9125020 -0.3827007
vn -0.1563990 0.9876940 0.0000001
vn -0.4193970 0.8231944 -0.3826972
vn -0.4540007 0.8910014 0.0000001
vn -0.0598981 0.3779882 -0.9238708
vn -0.1445003 0.9125020 -0.3827007
vn -0.1736962 0.3409926 -0.9238797
vn -0.4193970 0.8231944 -0.3826972
vn 0.0000000 -0.0000001 1.0000000
vn -0.0598981 0.3779879 0.9238709
vn -0.1736962 0.3409924 0.9238798
vn -0.1445003 0.9125019 0.3827009
vn -0.1563990 0.9876940 0.0000001
vn -0.4193970 0.8231943 0.3826974
vn -0.4540007 0.8910014 0.0000001
vn -0.0598981 0.3779879 0.9238709
vn -0.1445003 0.9125019 0.3827009
vn -0.1736962 0.3409924 0.9238798
vn -0.4193970 0.8231943 0.3826974
f 1295/1295/1295 1306/1306/1306 890/890/890
f 1295/1295/1295 890/890/890 879/879/879
f 923/923/923 934/934/934 954/954/954
f 923/923/923 954/954/954 943/943/943
f 945/945/945 956/956/956 976/976/976
f 945/945/945 976/976/976 965/965/965
f 967/967/967 978/978/978 1000/1000/1000
f 967/967/967 1000/1000/1000 989/989/989
f 988/988/988 999/999/999 1022/1022/1022
f 988/988/988 1022/1022/1022 1011/1011/1011
f 1009/1009/1009 1020/1020/1020 1044/1044/1044
f 1009/1009/1009 1044/1044/1044 1033/1033/1033
f 1031/1031/1031 1042/1042/1042 1066/1066/1066
f 1031/1031/1031 1066/1066/1066 1055/1055/1055
f 1053/1053/1053 1064/1064/1064 1088/1088/1088
f 1053/1053/1053 1088/1088/1088 1077/1077/1077
f 1075/1075/1075 1086/1086/1086 1108/1108/1108
f 1075/1075/1075 1108/1108/1108 1097/1097/1097
f 1099/1099/1099 1110/1110/1110 1130/1130/1130
f 1099/1099/1099 1130/1130/1130 1119/1119/1119
f 1121/1121/1121 1132/1132/1132 1152/1152/1152
f 1121/1121/1121 1152/1152/1152 1141/1141/1141
f 1143/1143/1143 1154/1154/1154 1174/1174/1174
f 1143/1143/1143 1174/1174/1174 1163/1163/1163
f 1165/1165/1165 1176/1176/1176 1196/1196/1196
f 1165/1165/1165 1196/1196/1196 1185/1185/1185
f 1187/1187/1187 1198/1198/1198 1219/1219/1219
f 1187/1187/1187 1219/1219/1219 1208/1208/1208
f 1209/1209/1209 1220/1220/1220 1242/1242/1242
f 1209/1209/1209 1242/1242/1242 1231/1231/1231
f 1229/1229/1229 1240/1240/1240 1264/1264/1264
f 1229/1229/1229 1264/1264/1264 1253/1253/1253
f 1251/1251/1251 1262/1262/1262 1286/1286/1286
f 1251/1251/1251 1286/1286/1286 1275/1275/1275
f 1273/1273/1273 1284/1284/1284 1308/1308/1308
f 1273/1273/1273 1308/1308/1308 1297/1297/1297
f 901/901/901 912/912/912 932/932/932
f 901/901/901 932/932/932 921/921/921
f 928/928/928 906/906/906 884/884/884
f 884/884/884 1302/1302/1302 1280/1280/1280
f 1280/1280/1280 1258/1258/1258 1236/1236/1236
f 1236/1236/1236 1214/1214/1214 1192/1192/1192
f 1192/1192/1192 1170/1170/1170 1148/1148/1148
f 1148/1148/1148 1126/1126/1126 1104/1104/1104
f 1104/1104/1104 1082/1082/1082 1060/1060/1060
f 1060/1060/1060 1038/1038/1038 1016/1016/1016
f 1016/1016/1016 994/994/994 972/972/972
f 972/972/972 950/950/950 928/928/928
f 928/928/928 884/884/884 1280/1280/1280
f 1280/1280/1280 1236/1236/1236 1192/1192/1192
f 1192/1192/1192 1148/1148/1148 1104/1104/1104
f 1104/1104/1104 1060/1060/1060 1016/1016/1016
f 1016/1016/1016 972/972/972 928/928/928
f 928/928/928 1280/1280/1280 1192/1192/1192
f 1192/1192/1192 1104/1104/1104 1016/1016/1016
f 1192/1192/1192 1016/1016/1016 928/928/928
f 877/877/877 888/888/888 910/910/910
f 877/877/877 910/910/910 899/899/899
f 876/876/876 898/898/898 903/903/903
f 876/876/876 903/903/903 881/881/881
f 880/880/880 902/902/902 896/896/896
f 880/880/880 896/896/896 874/874/874
f 909/909/909 887/887/887 892/892/892
f 909/909/909 892/892/892 914/914/914
f 913/913/913 891/891/891 885/885/885
f 913/913/913 885/885/885 907/907/907
f 900/900/900 920/920/920 926/926/926
f 900/900/900 926/926/926 905/905/905
f 904/904/904 924/924/924 918/918/918
f 904/904/904 918/918/918 897/897/897
f 931/931/931 911/911/911 916/916/916
f 931/931/931 916/916/916 937/937/937
f 935/935/935 915/915/915 908/908/908
f 935/935/935 908/908/908 929/929/929
f 922/922/922 942/942/942 948/948/948
f 922/922/922 948/948/948 927/927/927
f 925/925/925 946/946/946 940/940/940
f 925/925/925 940/940/940 919/919/919
f 953/953/953 933/933/933 938/938/938
f 953/953/953 938/938/938 959/959/959
f 957/957/957 936/936/936 930/930/930
f 957/957/957 930/930/930 951/951/951
f 944/944/944 964/964/964 970/970/970
f 944/944/944 970/970/970 949/949/949
f 947/947/947 968/968/968 962/962/962
f 947/947/947 962/962/962 941/941/941
f 975/975/975 955/955/955 960/960/960
f 975/975/975 960/960/960 981/981/981
f 979/979/979 958/958/958 952/952/952
f 979/979/979 952/952/952 973/973/973
f 966/966/966 987/987/987 993/993/993
f 966/966/966 993/993/993 971/971/971
f 969/969/969 991/991/991 985/985/985
f 969/969/969 985/985/985 963/963/963
f 998/998/998 977/977/977 982/982/982
f 998/998/998 982/982/982 1004/1004/1004
f 1002/1002/1002 980/980/980 974/974/974
f 1002/1002/1002 974/974/974 996/996/996
f 986/986/986 1010/1010/1010 1015/1015/1015
f 986/986/986 1015/1015/1015 992/992/992
f 990/990/990 1013/1013/1013 1007/1007/1007
f 990/990/990 1007/1007/1007 984/984/984
f 1021/1021/1021 997/997/997 1003/1003/1003
f 1021/1021/1021 1003/1003/1003 1026/1026/1026
f 1024/1024/1024 1001/1001/1001 995/995/995
f 1024/1024/1024 995/995/995 1018/1018/1018
f 1008/1008/1008 1032/1032/1032 1037/1037/1037
f 1008/1008/1008 1037/1037/1037 1014/1014/1014
f 1012/1012/1012 1035/1035/1035 1029/1029/1029
f 1012/1012/1012 1029/1029/1029 1006/1006/1006
f 1043/1043/1043 1019/1019/1019 1025/1025/1025
f 1043/1043/1043 1025/1025/1025 1048/1048/1048
f 1046/1046/1046 1023/1023/1023 1017/1017/1017
f 1046/1046/1046 1017/1017/1017 1040/1040/1040
f 1030/1030/1030 1054/1054/1054 1059/1059/1059
f 1030/1030/1030 1059/1059/1059 1036/1036/1036
f 1034/1034/1034 1057/1057/1057 1051/1051/1051
f 1034/1034/1034 1051/1051/1051 1028/1028/1028
f 1065/1065/1065 1041/1041/1041 1047/1047/1047
f 1065/1065/1065 1047/1047/1047 1070/1070/1070
f 1068/1068/1068 1045/1045/1045 1039/1039/1039
f 1068/1068/1068 1039/1039/1039 1062/1062/1062
f 1052/1052/1052 1076/1076/1076 1081/1081/1081
f 1052/1052/1052 1081/1081/1081 1058/1058/1058
f 1056/1056/1056 1080/1080/1080 1073/1073/1073
f 1056/1056/1056 1073/1073/1073 1050/1050/1050
f 1087/1087/1087 1063/1063/1063 1069/1069/1069
f 1087/1087/1087 1069/1069/1069 1092/1092/1092
f 1091/1091/1091 1067/1067/1067 1061/1061/1061
f 1091/1091/1091 1061/1061/1061 1084/1084/1084
f 1074/1074/1074 1096/1096/1096 1101/1101/1101
f 1074/1074/1074 1101/1101/1101 1079/1079/1079
f 1078/1078/1078 1100/1100/1100 1094/1094/1094
f 1078/1078/1078 1094/1094/1094 1072/1072/1072
f 1107/1107/1107 1085/1085/1085 1090/1090/1090
f 1107/1107/1107 1090/1090/1090 1112/1112/1112
f 1111/1111/1111 1089/1089/1089 1083/1083/1083
f 1111/1111/1111 1083/1083/1083 1105/1105/1105
f 1098/1098/1098 1118/1118/1118 1123/1123/1123
f 1098/1098/1098 1123/1123/1123 1103/1103/1103
f 1102/1102/1102 1122/1122/1122 1116/1116/1116
f 1102/1102/1102 1116/1116/1116 1095/1095/1095
f 1129/1129/1129 1109/1109/1109 1114/1114/1114
f 1129/1129/1129 1114/1114/1114 1134/1134/1134
f 1133/1133/1133 1113/1113/1113 1106/1106/1106
f 1133/1133/1133 1106/1106/1106 1127/1127/1127
f 1120/1120/1120 1140/1140/1140 1146/1146/1146
f 1120/1120/1120 1146/1146/1146 1125/1125/1125
f 1124/1124/1124 1144/1144/1144 1138/1138/1138
f 1124/1124/1124 1138/1138/1138 1117/1117/1117
f 1151/1151/1151 1131/1131/1131 1136/1136/1136
f 1151/1151/1151 1136/1136/1136 1157/1157/1157
f 1155/1155/1155 1135/1135/1135 1128/1128/1128
f 1155/1155/1155 1128/1128/1128 1149/1149/1149
f 1142/1142/1142 1162/1162/1162 1168/1168/1168
f 1142/1142/1142 1168/1168/1168 1147/1147/1147
f 1145/1145/1145 1166/1166/1166 1160/1160/1160
f 1145/1145/1145 1160/1160/1160 1139/1139/1139
f 1173/1173/1173 1153/1153/1153 1158/1158/1158
f 1173/1173/1173 1158/1158/1158 1179/1179/1179
f 1177/1177/1177 1156/1156/1156 1150/1150/1150
f 1177/1177/1177 1150/1150/1150 1171/1171/1171
f 1164/1164/1164 1184/1184/1184 1190/1190/1190
f 1164/1164/1164 1190/1190/1190 1169/1169/1169
f 1167/1167/1167 1188/1188/1188 1182/1182/1182
f 1167/1167/1167 1182/1182/1182 1161/1161/1161
f 1195/1195/1195 1175/1175/1175 1180/1180/1180
f 1195/1195/1195 1180/1180/1180 1201/1201/1201
f 1199/1199/1199 1178/1178/1178 1172/1172/1172
f 1199/1199/1199 1172/1172/1172 1193/1193/1193
f 1186/1186/1186 1206/1206/1206 1212/1212/1212
f 1186/1186/1186 1212/1212/1212 1191/1191/1191
f 1189/1189/1189 1210/1210/1210 1204/1204/1204
f 1189/1189/1189 1204/1204/1204 1183/1183/1183
f 1217/1217/1217 1197/1197/1197 1202/1202/1202
f 1217/1217/1217 1202/1202/1202 1223/1223/1223
f 1221/1221/1221 1200/1200/1200 1194/1194/1194
f 1221/1221/1221 1194/1194/1194 1215/1215/1215
f 1207/1207/1207 1230/1230/1230 1235/1235/1235
f 1207/1207/1207 1235/1235/1235 1213/1213/1213
f 1211/1211/1211 1233/1233/1233 1227/1227/1227
f 1211/1211/1211 1227/1227/1227 1205/1205/1205
f 1241/1241/1241 1218/1218/1218 1224/1224/1224
f 1241/1241/1241 1224/1224/1224 1246/1246/1246
f 1244/1244/1244 1222/1222/1222 1216/1216/1216
f 1244/1244/1244 1216/1216/1216 1238/1238/1238
f 1228/1228/1228 1252/1252/1252 1257/1257/1257
f 1228/1228/1228 1257/1257/1257 1234/1234/1234
f 1232/1232/1232 1255/1255/1255 1249/1249/1249
f 1232/1232/1232 1249/1249/1249 1226/1226/1226
f 1263/1263/1263 1239/1239/1239 1245/1245/1245
f 1263/1263/1263 1245/1245/1245 1268/1268/1268
f 1266/1266/1266 1243/1243/1243 1237/1237/1237
f 1266/1266/1266 1237/1237/1237 1260/1260/1260
f 1250/1250/1250 1274/1274/1274 1279/1279/1279
f 1250/1250/1250 1279/1279/1279 1256/1256/1256
f 1254/1254/1254 1277/1277/1277 1271/1271/1271
f 1254/1254/1254 1271/1271/1271 1248/1248/1248
f 1285/1285/1285 1261/1261/1261 1267/1267/1267
f 1285/1285/1285 1267/1267/1267 1290/1290/1290
f 1288/1288/1288 1265/1265/1265 1259/1259/1259
f 1288/1288/1288 1259/1259/1259 1282/1282/1282
f 1272/1272/1272 1296/1296/1296 1301/1301/1301
f 1272/1272/1272 1301/1301/1301 1278/1278/1278
f 1276/1276/1276 1300/1300/1300 1293/1293/1293
f 1276/1276/1276 1293/1293/1293 1270/1270/1270
f 1307/1307/1307 1283/1283/1283 1289/1289/1289
f 1307/1307/1307 1289/1289/1289 1312/1312/1312
f 1311/1311/1311 1287/1287/1287 1281/1281/1281
f 1311/1311/1311 1281/1281/1281 1304/1304/1304
f 1294/1294/1294 878/878/878 883/883/883
f 1294/1294/1294 883/883/883 1299/1299/1299
f 1298/1298/1298 882/882/882 875/875/875
f 1298/1298/1298 875/875/875 1292/1292/1292
f 889/889/889 1305/1305/1305 1310/1310/1310
f 889/889/889 1310/1310/1310 894/894/894
f 893/893/893 1309/1309/1309 1303/1303/1303
f 893/893/893 1303/1303/1303 886/886/886
f 1291/1291/1291 873/873/873 895/895/895
f 895/895/895 917/917/917 939/939/939
f 939/939/939 961/961/961 983/983/983
f 983/983/983 1005/1005/1005 1027/1027/1027
f 1027/1027/1027 1049/1049/1049 1071/1071/1071
f 1071/1071/1071 1093/1093/1093 1115/1115/1115
f 1115/1115/1115 1137/1137/1137 1159/1159/1159
f 1159/1159/1159 1181/1181/1181 1203/1203/1203
f 1203/1203/1203 1225/1225/1225 1247/1247/1247
f 1247/1247/1247 1269/1269/1269 1291/1291/1291
f 1291/1291/1291 895/895/895 939/939/939
f 939/939/939 983/983/983 1027/1027/1027
f 1027/1027/1027 1071/1071/1071 1115/1115/1115
f 1115/1115/1115 1159/1159/1159 1203/1203/1203
f 1203/1203/1203 1247/1247/1247 1291/1291/1291
f 1291/1291/1291 939/939/939 1027/1027/1027
f 1027/1027/1027 1115/1115/1115 1203/1203/1203
f 1027/1027/1027 1203/1203/1203 1291/1291/1291
o Magazine_0
usemtl Machined_Steel
v -0.0364000 -0.3362802 0.2892770
v -0.0364000 -0.3362802 0.2892770
v -0.0364000 -0.3362802 0.2892770
v -0.0364000 -0.3362802 0.2892770
v -0.0364000 -0.3039691 0.3136062
v -0.0364000 -0.3039691 0.3136062
v -0.0364000 -0.3039691 0.3136062
v -0.0364000 -0.3039691 0.3136062
v -0.0650000 -0.3079600 0.2852861
v -0.0650000 -0.3079600 0.2852861
v -0.0650000 -0.3079600 0.2852861
v -0.0650000 -0.3079600 0.2852861
v -0.0364000 -0.3251634 0.3081335
v -0.0364000 -0.3251634 0.3081335
v -0.0364000 -0.3251634 0.3081335
v -0.0364000 -0.3251634 0.3081335
v -0.0529122 -0.3220065 0.3039409
v -0.0529122 -0.3220065 0.3039409
v -0.0529122 -0.3220065 0.3039409
v -0.0566233 -0.3051380 0.3053115
v -0.0566233 -0.3051380 0.3053115
v -0.0566233 -0.3051380 0.3053115
v -0.0566233 -0.3051380 0.3053115
v -0.0566233 -0.3279854 0.2881081
v -0.0566233 -0.3279854 0.2881081
v -0.0566233 -0.3279854 0.2881081
v -0.0566233 -0.3279854 0.2881081
v -0.0364000 -0.0239360 0.2741435
v -0.0364000 -0.0239360 0.2741435
v -0.0364000 -0.0239360 0.2741435
v -0.0364000 -0.0239360 0.2741435
v -0.0364000 0.0003932 0.2418323
v -0.0364000 0.0003932 0.2418323
v -0.0364000 0.0003932 0.2418323
v -0.0364000 0.0003932 0.2418323
v -0.0650000 -0.0279269 0.2458233
v -0.0650000 -0.0279269 0.2458233
v -0.0650000 -0.0279269 0.2458233
v -0.0650000 -0.0279269 0.2458233
v -0.0364000 -0.0050795 0.2630266
v -0.0364000 -0.0050795 0.2630266
v -0.0364000 -0.0050795 0.2630266
v -0.0364000 -0.0050795 0.2630266
v -0.0529122 -0.0092721 0.2598698
v -0.0529122 -0.0092721 0.2598698
v -0.0529122 -0.0092721 0.2598698
v -0.0566233 -0.0079015 0.2430013
v -0.0566233 -0.0079015 0.2430013
v -0.0566233 -0.0079015 0.2430013
v -0.0566233 -0.0079015 0.2430013
v -0.0566233 -0.0251049 0.2658487
v -0.0566233 -0.0251049 0.2658487
v -0.0566233 -0.0251049 0.2658487
v -0.0566233 -0.0251049 0.2658487
v -0.0364000 -0.3603933 0.1181677
v -0.0364000 -0.3603933 0.1181677
v -0.0364000 -0.3603933 0.1181677
v -0.0364000 -0.3603933 0.1181677
v -0.0650000 -0.3320731 0.1141767
v -0.0650000 -0.3320731 0.1141767
v -0.0650000 -0.3320731 0.1141767
v -0.0650000 -0.3320731 0.1141767
v -0.0364000 -0.3360640 0.0858566
v -0.0364000 -0.3360640 0.0858566
v -0.0364000 -0.3360640 0.0858566
v -0.0364000 -0.3360640 0.0858566
v -0.0566233 -0.3520985 0.1169988
v -0.0566233 -0.3520985 0.1169988
v -0.0566233 -0.3520985 0.1169988
v -0.0566233 -0.3520985 0.1169988
v -0.0529122 -0.3507279 0.1001302
v -0.0529122 -0.3507279 0.1001302
v -0.0529122 -0.3507279 0.1001302
v -0.0566233 -0.3348951 0.0941514
v -0.0566233 -0.3348951 0.0941514
v -0.0566233 -0.3348951 0.0941514
v -0.0566233 -0.3348951 0.0941514
v -0.0364000 -0.3549205 0.0969734
v -0.0364000 -0.3549205 0.0969734
v -0.0364000 -0.3549205 0.0969734
v -0.0364000 -0.3549205 0.0969734
v -0.0364000 -0.0237198 0.0707230
v -0.0364000 -0.0237198 0.0707230
v -0.0364000 -0.0237198 0.0707230
v -0.0364000 -0.0237198 0.0707230
v -0.0364000 -0.0560309 0.0463938
v -0.0364000 -0.0560309 0.0463938
v -0.0364000 -0.0560309 0.0463938
v -0.0364000 -0.0560309 0.0463938
v -0.0650000 -0.0520400 0.0747139
v -0.0650000 -0.0520400 0.0747139
v -0.0650000 -0.0520400 0.0747139
v -0.0650000 -0.0520400 0.0747139
v -0.0364000 -0.0348366 0.0518665
v -0.0364000 -0.0348366 0.0518665
v -0.0364000 -0.0348366 0.0518665
v -0.0364000 -0.0348366 0.0518665
v -0.0529122 -0.0379935 0.0560591
v -0.0529122 -0.0379935 0.0560591
v -0.0529122 -0.0379935 0.0560591
v -0.0566233 -0.0548620 0.0546886
v -0.0566233 -0.0548620 0.0546886
v -0.0566233 -0.0548620 0.0546886
v -0.0566233 -0.0548620 0.0546886
v -0.0566233 -0.0320146 0.0718919
v -0.0566233 -0.0320146 0.0718919
v -0.0566233 -0.0320146 0.0718919
v -0.0566233 -0.0320146 0.0718919
v 0.0364000 -0.3362802 0.2892770
v 0.0364000 -0.3362802 0.2892770
v 0.0364000 -0.3362802 0.2892770
v 0.0364000 -0.3362802 0.2892770
v 0.0650000 -0.3079600 0.2852861
v 0.0650000 -0.3079600 0.2852861
v 0.0650000 -0.3079600 0.2852861
v 0.0650000 -0.3079600 0.2852861
v 0.0364000 -0.3039691 0.3136062
v 0.0364000 -0.3039691 0.3136062
v 0.0364000 -0.3039691 0.3136062
v 0.0364000 -0.3039691 0.3136062
v 0.0566233 -0.3279854 0.2881081
v 0.0566233 -0.3279854 0.2881081
v 0.0566233 -0.3279854 0.2881081
v 0.0566233 -0.3279854 0.2881081
v 0.0529122 -0.3220065 0.3039409
v 0.0529122 -0.3220065 0.3039409
v 0.0529122 -0.3220065 0.3039409
v 0.0566233 -0.3051380 0.3053115
v 0.0566233 -0.3051380 0.3053115
v 0.0566233 -0.3051380 0.3053115
v 0.0566233 -0.3051380 0.3053115
v 0.0364000 -0.3251634 0.3081335
v 0.0364000 -0.3251634 0.3081335
v 0.0364000 -0.3251634 0.3081335
v 0.0364000 -0.3251634 0.3081335
v 0.0364000 0.0003932 0.2418323
v 0.0364000 0.0003932 0.2418323
v 0.0364000 0.0003932 0.2418323
v 0.0364000 0.0003932 0.2418323
v 0.0364000 -0.0239360 0.2741435
v 0.0364000 -0.0239360 0.2741435
v 0.0364000 -0.0239360 0.2741435
v 0.0364000 -0.0239360 0.2741435
v 0.0650000 -0.0279269 0.2458233
v 0.0650000 -0.0279269 0.2458233
v 0.0650000 -0.0279269 0.2458233
v 0.0650000 -0.0279269 0.2458233
v 0.0364000 -0.0050795 0.2630266
v 0.0364000 -0.0050795 0.2630266
v 0.0364000 -0.0050795 0.2630266
v 0.0364000 -0.0050795 0.2630266
v 0.0529122 -0.0092721 0.2598698
v 0.0529122 -0.0092721 0.2598698
v 0.0529122 -0.0092721 0.2598698
v 0.0566233 -0.0251049 0.2658487
v 0.0566233 -0.0251049 0.2658487
v 0.0566233 -0.0251049 0.2658487
v 0.0566233 -0.0251049 0.2658487
v 0.0566233 -0.0079015 0.2430013
v 0.0566233 -0.0079015 0.2430013
v 0.0566233 -0.0079015 0.2430013
v 0.0566233 -0.0079015 0.2430013
v 0.0364000 -0.3603933 0.1181677
v 0.0364000 -0.3603933 0.1181677
v 0.0364000 -0.3603933 0.1181677
v 0.0364000 -0.3603933 0.1181677
v 0.0364000 -0.3360640 0.0858566
v 0.0364000 -0.3360640 0.0858566
v 0.0364000 -0.3360640 0.0858566
v 0.0364000 -0.3360640 0.0858566
v 0.0650000 -0.3320731 0.1141767
v 0.0650000 -0.3320731 0.1141767
v 0.0650000 -0.3320731 0.1141767
v 0.0650000 -0.3320731 0.1141767
v 0.0364000 -0.3549205 0.0969734
v 0.0364000 -0.3549205 0.0969734
v 0.0364000 -0.3549205 0.0969734
v 0.0364000 -0.3549205 0.0969734
v 0.0529122 -0.3507279 0.1001302
v 0.0529122 -0.3507279 0.1001302
v 0.0529122 -0.3507279 0.1001302
v 0.0566233 -0.3348951 0.0941514
v 0.0566233 -0.3348951 0.0941514
v 0.0566233 -0.3348951 0.0941514
v 0.0566233 -0.3348951 0.0941514
v 0.0566233 -0.3520985 0.1169988
v 0.0566233 -0.3520985 0.1169988
v 0.0566233 -0.3520985 0.1169988
v 0.0566233 -0.3520985 0.1169988
v 0.0364000 -0.0237198 0.0707230
v 0.0364000 -0.0237198 0.0707230
v 0.0364000 -0.0237198 0.0707230
v 0.0364000 -0.0237198 0.0707230
v 0.0650000 -0.0520400 0.0747139
v 0.0650000 -0.0520400 0.0747139
v 0.0650000 -0.0520400 0.0747139
v 0.0650000 -0.0520400 0.0747139
v 0.0364000 -0.0560309 0.0463938
v 0.0364000 -0.0560309 0.0463938
v 0.0364000 -0.0560309 0.0463938
v 0.0364000 -0.0560309 0.0463938
v 0.0566233 -0.0320146 0.0718919
v 0.0566233 -0.0320146 0.0718919
v 0.0566233 -0.0320146 0.0718919
v 0.0566233 -0.0320146 0.0718919
v 0.0529122 -0.0379935 0.0560591
v 0.0529122 -0.0379935 0.0560591
v 0.0529122 -0.0379935 0.0560591
v 0.0566233 -0.0548620 0.0546886
v 0.0566233 -0.0548620 0.0546886
v 0.0566233 -0.0548620 0.0546886
v 0.0566233 -0.0548620 0.0546886
v 0.0364000 -0.0348366 0.0518665
v 0.0364000 -0.0348366 0.0518665
v 0.0364000 -0.0348366 0.0518665
v 0.0364000 -0.0348366 0.0518665
vt 0.1800000 0.2810870
vt 0.1800000 0.2810870
vt 0.1800000 0.2810870
vt 0.1800000 0.2810870
vt 0.3960294 0.0549999
vt 0.3960294 0.0549999
vt 0.3960294 0.0549999
vt 0.3960294 0.0549999
vt 0.3960294 0.9689130
vt 0.3960294 0.9689130
vt 0.3960294 0.9689130
vt 0.3960294 0.9689130
vt 0.3750000 0.0550001
vt 0.1800000 0.2500000
vt 0.3750000 0.0550001
vt 0.1800000 0.2500000
vt 0.3838881 0.0000000
vt 0.1482457 0.2500000
vt 0.3750000 0.9868611
vt 0.3960294 0.0000000
vt 0.3960294 0.0000000
vt 0.3960294 1.0000000
vt 0.3960294 1.0000000
vt 0.1250000 0.2810870
vt 0.1250000 0.2810870
vt 0.3750000 0.9689131
vt 0.3750000 0.9689131
vt 0.6039706 0.0549999
vt 0.6039706 0.0549999
vt 0.6039706 0.0549999
vt 0.6039706 0.0549999
vt 0.8200001 0.2810870
vt 0.8200001 0.2810870
vt 0.8200001 0.2810870
vt 0.8200001 0.2810870
vt 0.6039706 0.9689130
vt 0.6039706 0.9689130
vt 0.6039706 0.9689130
vt 0.6039706 0.9689130
vt 0.6250000 0.0550000
vt 0.8200000 0.2500000
vt 0.6250000 0.0550000
vt 0.8200000 0.2500000
vt 0.6250000 0.0232458
vt 0.8750000 0.2631389
vt 0.6161119 1.0000000
vt 0.8750000 0.2810870
vt 0.8750000 0.2810870
vt 0.6250000 0.9689130
vt 0.6250000 0.9689130
vt 0.6039706 0.0000000
vt 0.6039706 0.0000000
vt 0.6039706 1.0000000
vt 0.6039706 1.0000000
vt 0.1800000 0.4689130
vt 0.1800000 0.4689130
vt 0.1800000 0.4689130
vt 0.1800000 0.4689130
vt 0.3960294 0.7810869
vt 0.3960294 0.7810869
vt 0.3960294 0.7810869
vt 0.3960294 0.7810869
vt 0.3960294 0.6950000
vt 0.3960294 0.6950000
vt 0.3960294 0.6950000
vt 0.3960294 0.6950000
vt 0.1250000 0.4689131
vt 0.1250000 0.4689131
vt 0.3750000 0.7810869
vt 0.3750000 0.7810869
vt 0.3750000 0.7267542
vt 0.1250000 0.4868611
vt 0.3838881 0.7500000
vt 0.3960294 0.7500000
vt 0.3960294 0.7500000
vt 0.3960294 0.7500000
vt 0.3960294 0.7500000
vt 0.3750000 0.6950000
vt 0.1800000 0.5000000
vt 0.3750000 0.6950000
vt 0.1800000 0.5000000
vt 0.8200001 0.4689130
vt 0.8200001 0.4689130
vt 0.8200001 0.4689130
vt 0.8200001 0.4689130
vt 0.6039706 0.6950000
vt 0.6039706 0.6950000
vt 0.6039706 0.6950000
vt 0.6039706 0.6950000
vt 0.6039705 0.7810869
vt 0.6039705 0.7810869
vt 0.6039705 0.7810869
vt 0.6039705 0.7810869
vt 0.6250000 0.6950000
vt 0.8200001 0.5000000
vt 0.6250000 0.6950000
vt 0.8200001 0.5000000
vt 0.6161119 0.7500000
vt 0.8517542 0.5000000
vt 0.6250000 0.7631389
vt 0.6039706 0.7500000
vt 0.6039705 0.7500000
vt 0.6039705 0.7500000
vt 0.6039705 0.7500000
vt 0.8750000 0.4689131
vt 0.8750000 0.4689131
vt 0.6250000 0.7810869
vt 0.6250000 0.7810869
vt 0.3200000 0.2810870
vt 0.3200000 0.2810870
vt 0.3200000 0.2810870
vt 0.3200000 0.2810870
vt 0.3960294 0.2810870
vt 0.3960294 0.2810870
vt 0.3960294 0.2810870
vt 0.3960294 0.2810870
vt 0.3960294 0.1949999
vt 0.3960294 0.1949999
vt 0.3960294 0.1949999
vt 0.3960294 0.1949999
vt 0.3750000 0.2810870
vt 0.3750000 0.2810870
vt 0.3750000 0.2810870
vt 0.3750000 0.2810870
vt 0.3779627 0.2466310
vt 0.3779627 0.2466310
vt 0.3779627 0.2466310
vt 0.3960294 0.2500000
vt 0.3960294 0.2500000
vt 0.3960294 0.2500000
vt 0.3960294 0.2500000
vt 0.3750000 0.1950000
vt 0.3200000 0.2500000
vt 0.3750000 0.1950000
vt 0.3200000 0.2500000
vt 0.6800000 0.2810870
vt 0.6800000 0.2810870
vt 0.6800000 0.2810870
vt 0.6800000 0.2810870
vt 0.6039706 0.1949999
vt 0.6039706 0.1949999
vt 0.6039706 0.1949999
vt 0.6039706 0.1949999
vt 0.6039705 0.2810870
vt 0.6039705 0.2810870
vt 0.6039705 0.2810870
vt 0.6039705 0.2810870
vt 0.6250000 0.1950001
vt 0.6800000 0.2500000
vt 0.6250000 0.1950001
vt 0.6800000 0.2500000
vt 0.6297859 0.2543796
vt 0.6297859 0.2543796
vt 0.6297859 0.2543796
vt 0.6039706 0.2500000
vt 0.6039705 0.2500000
vt 0.6039705 0.2500000
vt 0.6039705 0.2500000
vt 0.6250000 0.2810870
vt 0.6250000 0.2810870
vt 0.6250000 0.2810870
vt 0.6250000 0.2810870
vt 0.3200000 0.4689130
vt 0.3200000 0.4689130
vt 0.3200000 0.4689130
vt 0.3200000 0.4689130
vt 0.3960294 0.5550000
vt 0.3960294 0.5550000
vt 0.3960294 0.5550000
vt 0.3960294 0.5550000
vt 0.3960294 0.4689130
vt 0.3960294 0.4689130
vt 0.3960294 0.4689130
vt 0.3960294 0.4689130
vt 0.3750000 0.5550000
vt 0.3200000 0.5000000
vt 0.3750000 0.5550000
vt 0.3200000 0.5000000
vt 0.3702141 0.4956204
vt 0.3702141 0.4956204
vt 0.3702141 0.4956204
vt 0.3960294 0.5000000
vt 0.3960294 0.5000000
vt 0.3960294 0.5000000
vt 0.3960294 0.5000000
vt 0.3750000 0.4689131
vt 0.3750000 0.4689131
vt 0.3750000 0.4689131
vt 0.3750000 0.4689131
vt 0.6800001 0.4689130
vt 0.6800001 0.4689130
vt 0.6800001 0.4689130
vt 0.6800001 0.4689130
vt 0.6039706 0.4689130
vt 0.6039706 0.4689130
vt 0.6039706 0.4689130
vt 0.6039706 0.4689130
vt 0.6039706 0.5549999
vt 0.6039706 0.5549999
vt 0.6039706 0.5549999
vt 0.6039706 0.5549999
vt 0.6250000 0.4689131
vt 0.6250000 0.4689131
vt 0.6250000 0.4689130
vt 0.6250000 0.4689131
vt 0.6220374 0.5033689
vt 0.6220374 0.5033689
vt 0.6220374 0.5033689
vt 0.6039705 0.5000000
vt 0.6039705 0.5000000
vt 0.6039706 0.5000000
vt 0.6039705 0.5000000
vt 0.6250000 0.5550000
vt 0.6799999 0.5000000
vt 0.6250000 0.5550000
vt 0.6799999 0.5000000
vn 0.0000000 -0.8614357 0.5078667
vn 0.0000000 -0.9902160 0.1395431
vn -0.3250835 -0.8340030 0.4458248
vn -0.3826903 -0.9148375 0.1289206
vn 0.0000000 0.1395431 0.9902160
vn 0.0000000 -0.2500254 0.9682393
vn -0.3250835 -0.1979809 0.9247293
vn -0.3826903 0.1289206 0.9148375
vn -0.8880549 -0.2765397 0.3672660
vn -0.9238767 0.0534018 0.3789461
vn -0.9238767 -0.3789461 0.0534018
vn -1.0000000 0.0000000 0.0000000
vn 0.0000000 -0.2500254 0.9682393
vn 0.0000000 -0.8614357 0.5078667
vn -0.3250835 -0.1979809 0.9247293
vn -0.3250835 -0.8340030 0.4458248
vn -0.3250835 -0.1979809 0.9247293
vn -0.3250835 -0.8340030 0.4458248
vn -0.8880549 -0.2765397 0.3672660
vn -0.3250835 -0.1979809 0.9247293
vn -0.3826903 0.1289206 0.9148375
vn -0.8880549 -0.2765397 0.3672660
vn -0.9238767 0.0534018 0.3789461
vn -0.3250835 -0.8340030 0.4458248
vn -0.3826903 -0.9148375 0.1289206
vn -0.8880549 -0.2765397 0.3672660
vn -0.9238767 -0.3789461 0.0534018
vn 0.0000000 0.1395431 0.9902160
vn 0.0000000 0.5078667 0.8614357
vn -0.3250835 0.4458248 0.8340030
vn -0.3826903 0.1289206 0.9148375
vn 0.0000000 0.9682393 0.2500254
vn 0.0000000 0.9902160 -0.1395431
vn -0.3250835 0.9247293 0.1979809
vn -0.3826903 0.9148375 -0.1289206
vn -0.8880549 0.3672660 0.2765397
vn -0.9238767 0.0534018 0.3789461
vn -0.9238767 0.3789461 -0.0534018
vn -1.0000000 0.0000000 0.0000000
vn 0.0000000 0.5078667 0.8614357
vn 0.0000000 0.9682393 0.2500254
vn -0.3250835 0.4458248 0.8340030
vn -0.3250835 0.9247293 0.1979809
vn -0.3250835 0.4458248 0.8340030
vn -0.3250835 0.9247293 0.1979809
vn -0.8880549 0.3672660 0.2765397
vn -0.3250835 0.9247293 0.1979809
vn -0.3826903 0.9148375 -0.1289206
vn -0.8880549 0.3672660 0.2765397
vn -0.9238767 0.3789461 -0.0534018
vn -0.3250835 0.4458248 0.8340030
vn -0.3826903 0.1289206 0.9148375
vn -0.8880549 0.3672660 0.2765397
vn -0.9238767 0.0534018 0.3789461
vn 0.0000000 -0.9682393 -0.2500254
vn 0.0000000 -0.9902160 0.1395431
vn -0.3250835 -0.9247293 -0.1979809
vn -0.3826903 -0.9148375 0.1289206
vn -0.8880549 -0.3672660 -0.2765397
vn -0.9238767 -0.0534018 -0.3789461
vn -0.9238767 -0.3789461 0.0534018
vn -1.0000000 0.0000000 0.0000000
vn 0.0000000 -0.1395431 -0.9902160
vn 0.0000000 -0.5078667 -0.8614357
vn -0.3250835 -0.4458248 -0.8340030
vn -0.3826903 -0.1289206 -0.9148375
vn -0.3250835 -0.9247293 -0.1979809
vn -0.3826903 -0.9148375 0.1289206
vn -0.8880549 -0.3672660 -0.2765397
vn -0.9238767 -0.3789461 0.0534018
vn -0.3250835 -0.4458248 -0.8340030
vn -0.3250835 -0.9247293 -0.1979809
vn -0.8880549 -0.3672660 -0.2765397
vn -0.3250835 -0.4458248 -0.8340030
vn -0.3826903 -0.1289206 -0.9148375
vn -0.8880549 -0.3672660 -0.2765397
vn -0.9238767 -0.0534018 -0.3789461
vn 0.0000000 -0.5078667 -0.8614357
vn 0.0000000 -0.9682393 -0.2500254
vn -0.3250835 -0.4458248 -0.8340030
vn -0.3250835 -0.9247293 -0.1979809
vn 0.0000000 0.8614357 -0.5078667
vn 0.0000000 0.9902160 -0.1395431
vn -0.3250835 0.8340030 -0.4458248
vn -0.3826903 0.9148375 -0.1289206
vn 0.0000000 -0.1395431 -0.9902160
vn 0.0000000 0.2500254 -0.9682393
vn -0.3250835 0.1979809 -0.9247293
vn -0.3826903 -0.1289206 -0.9148375
vn -0.8880549 0.2765397 -0.3672660
vn -0.9238767 -0.0534018 -0.3789461
vn -0.9238767 0.3789461 -0.0534018
vn -1.0000000 0.0000000 0.0000000
vn 0.0000000 0.2500254 -0.9682393
vn 0.0000000 0.8614357 -0.5078667
vn -0.3250835 0.1979809 -0.9247293
vn -0.3250835 0.8340030 -0.4458248
vn -0.3250835 0.1979809 -0.9247293
vn -0.3250835 0.8340030 -0.4458248
vn -0.8880549 0.2765397 -0.3672660
vn -0.3250835 0.1979809 -0.9247293
vn -0.3826903 -0.1289206 -0.9148375
vn -0.8880549 0.2765397 -0.3672660
vn -0.9238767 -0.0534018 -0.3789461
vn -0.3250835 0.8340030 -0.4458248
vn -0.3826903 0.9148375 -0.1289206
vn -0.8880549 0.2765397 -0.3672660
vn -0.9238767 0.3789461 -0.0534018
vn 0.0000000 -0.8614357 0.5078667
vn 0.0000000 -0.9902160 0.1395431
vn 0.3250835 -0.8340030 0.4458248
vn 0.3826903 -0.9148375 0.1289206
vn 0.8880549 -0.2765397 0.3672660
vn 0.9238767 0.0534018 0.3789461
vn 0.9238767 -0.3789461 0.0534018
vn 1.0000000 0.0000000 0.0000000
vn 0.0000000 0.1395431 0.9902160
vn 0.0000000 -0.2500254 0.9682393
vn 0.3250835 -0.1979809 0.9247293
vn 0.3826903 0.1289206 0.9148375
vn 0.3250835 -0.8340030 0.4458248
vn 0.3826903 -0.9148375 0.1289206
vn 0.8880549 -0.2765397 0.3672660
vn 0.9238767 -0.3789461 0.0534018
vn 0.3250835 -0.1979809 0.9247293
vn 0.3250835 -0.8340030 0.4458248
vn 0.8880549 -0.2765397 0.3672660
vn 0.3250835 -0.1979809 0.9247293
vn 0.3826903 0.1289206 0.9148375
vn 0.8880549 -0.2765397 0.3672660
vn 0.9238767 0.0534018 0.3789461
vn 0.0000000 -0.2500254 0.9682393
vn 0.0000000 -0.8614357 0.5078667
vn 0.3250835 -0.1979809 0.9247293
vn 0.3250835 -0.8340030 0.4458248
vn 0.0000000 0.9682393 0.2500254
vn 0.0000000 0.9902160 -0.1395431
vn 0.3250835 0.9247293 0.1979809
vn 0.3826903 0.9148375 -0.1289206
vn 0.0000000 0.1395431 0.9902160
vn 0.0000000 0.5078667 0.8614357
vn 0.3250835 0.4458248 0.8340030
vn 0.3826903 0.1289206 0.9148375
vn 0.8880549 0.3672660 0.2765397
vn 0.9238767 0.0534018 0.3789461
vn 0.9238767 0.3789461 -0.0534018
vn 1.0000000 0.0000000 0.0000000
vn 0.0000000 0.5078667 0.8614357
vn 0.0000000 0.9682393 0.2500254
vn 0.3250835 0.4458248 0.8340030
vn 0.3250835 0.9247293 0.1979809
vn 0.3250835 0.4458248 0.8340030
vn 0.3250835 0.9247293 0.1979809
vn 0.8880549 0.3672660 0.2765397
vn 0.3250835 0.4458248 0.8340030
vn 0.3826903 0.1289206 0.9148375
vn 0.8880549 0.3672660 0.2765397
vn 0.9238767 0.0534018 0.3789461
vn 0.3250835 0.9247293 0.1979809
vn 0.3826903 0.9148375 -0.1289206
vn 0.8880549 0.3672660 0.2765397
vn 0.9238767 0.3789461 -0.0534018
vn 0.0000000 -0.9682393 -0.2500254
vn 0.0000000 -0.9902160 0.1395431
vn 0.3250835 -0.9247293 -0.1979809
vn 0.3826903 -0.9148375 0.1289206
vn 0.0000000 -0.1395431 -0.9902160
vn 0.0000000 -0.5078667 -0.8614357
vn 0.3250835 -0.4458248 -0.8340030
vn 0.3826903 -0.1289206 -0.9148375
vn 0.8880549 -0.3672660 -0.2765397
vn 0.9238767 -0.0534018 -0.3789461
vn 0.9238767 -0.3789461 0.0534018
vn 1.0000000 0.0000000 0.0000000
vn 0.0000000 -0.5078667 -0.8614357
vn 0.0000000 -0.9682393 -0.2500254
vn 0.3250835 -0.4458248 -0.8340030
vn 0.3250835 -0.9247293 -0.1979809
vn 0.3250835 -0.4458248 -0.8340030
vn 0.3250835 -0.9247293 -0.1979809
vn 0.8880549 -0.3672660 -0.2765397
vn 0.3250835 -0.4458248 -0.8340030
vn 0.3826903 -0.1289206 -0.9148375
vn 0.8880549 -0.3672660 -0.2765397
vn 0.9238767 -0.0534018 -0.3789461
vn 0.3250835 -0.9247293 -0.1979809
vn 0.3826903 -0.9148375 0.1289206
vn 0.8880549 -0.3672660 -0.2765397
vn 0.9238767 -0.3789461 0.0534018
vn 0.0000000 0.8614357 -0.5078667
vn 0.0000000 0.9902160 -0.1395431
vn 0.3250835 0.8340030 -0.4458248
vn 0.3826903 0.9148375 -0.1289206
vn 0.8880549 0.2765397 -0.3672660
vn 0.9238767 -0.0534018 -0.3789461
vn 0.9238767 0.3789461 -0.0534018
vn 1.0000000 0.0000000 0.0000000
vn 0.0000000 -0.1395431 -0.9902160
vn 0.0000000 0.2500254 -0.9682393
vn 0.3250835 0.1979809 -0.9247293
vn 0.3826903 -0.1289206 -0.9148375
vn 0.3250835 0.8340030 -0.4458248
vn 0.3826903 0.9148375 -0.1289206
vn 0.8880549 0.2765397 -0.3672660
vn 0.9238767 0.3789461 -0.0534018
vn 0.3250835 0.1979809 -0.9247293
vn 0.3250835 0.8340030 -0.4458248
vn 0.8880549 0.2765397 -0.3672660
vn 0.3250835 0.1979809 -0.9247293
vn 0.3826903 -0.1289206 -0.9148375
vn 0.8880549 0.2765397 -0.3672660
vn 0.9238767 -0.0534018 -0.3789461
vn 0.0000000 0.2500254 -0.9682393
vn 0.0000000 0.8614357 -0.5078667
vn 0.3250835 0.1979809 -0.9247293
vn 0.3250835 0.8340030 -0.4458248
f 1429/1429/1429 1452/1452/1452 1340/1340/1340
f 1429/1429/1429 1340/1340/1340 1317/1317/1317
f 1486/1486/1486 1509/1509/1509 1459/1459/1459
f 1486/1486/1486 1459/1459/1459 1428/1428/1428
f 1503/1503/1503 1395/1395/1395 1345/1345/1345
f 1503/1503/1503 1345/1345/1345 1449/1449/1449
f 1324/1324/1324 1351/1351/1351 1405/1405/1405
f 1324/1324/1324 1405/1405/1405 1374/1374/1374
f 1375/1375/1375 1398/1398/1398 1510/1510/1510
f 1375/1375/1375 1510/1510/1510 1479/1479/1479
f 1315/1315/1315 1328/1328/1328 1330/1330/1330
f 1315/1315/1315 1330/1330/1330 1336/1336/1336
f 1319/1319/1319 1332/1332/1332 1329/1329/1329
f 1319/1319/1319 1329/1329/1329 1327/1327/1327
f 1321/1321/1321 1338/1338/1338 1331/1331/1331
f 1321/1321/1321 1331/1331/1331 1334/1334/1334
f 1342/1342/1342 1354/1354/1354 1356/1356/1356
f 1342/1342/1342 1356/1356/1356 1363/1363/1363
f 1346/1346/1346 1359/1359/1359 1357/1357/1357
f 1346/1346/1346 1357/1357/1357 1355/1355/1355
f 1348/1348/1348 1365/1365/1365 1358/1358/1358
f 1348/1348/1348 1358/1358/1358 1361/1361/1361
f 1369/1369/1369 1379/1379/1379 1384/1384/1384
f 1369/1369/1369 1384/1384/1384 1393/1393/1393
f 1371/1371/1371 1388/1388/1388 1385/1385/1385
f 1371/1371/1371 1385/1385/1385 1381/1381/1381
f 1377/1377/1377 1392/1392/1392 1383/1383/1383
f 1377/1377/1377 1383/1383/1383 1386/1386/1386
f 1396/1396/1396 1409/1409/1409 1411/1411/1411
f 1396/1396/1396 1411/1411/1411 1417/1417/1417
f 1400/1400/1400 1413/1413/1413 1410/1410/1410
f 1400/1400/1400 1410/1410/1410 1408/1408/1408
f 1402/1402/1402 1419/1419/1419 1412/1412/1412
f 1402/1402/1402 1412/1412/1412 1415/1415/1415
f 1423/1423/1423 1433/1433/1433 1438/1438/1438
f 1423/1423/1423 1438/1438/1438 1447/1447/1447
f 1425/1425/1425 1442/1442/1442 1439/1439/1439
f 1425/1425/1425 1439/1439/1439 1435/1435/1435
f 1431/1431/1431 1446/1446/1446 1437/1437/1437
f 1431/1431/1431 1437/1437/1437 1440/1440/1440
f 1450/1450/1450 1463/1463/1463 1465/1465/1465
f 1450/1450/1450 1465/1465/1465 1471/1471/1471
f 1454/1454/1454 1467/1467/1467 1464/1464/1464
f 1454/1454/1454 1464/1464/1464 1462/1462/1462
f 1456/1456/1456 1473/1473/1473 1466/1466/1466
f 1456/1456/1456 1466/1466/1466 1469/1469/1469
f 1477/1477/1477 1490/1490/1490 1492/1492/1492
f 1477/1477/1477 1492/1492/1492 1498/1498/1498
f 1481/1481/1481 1494/1494/1494 1491/1491/1491
f 1481/1481/1481 1491/1491/1491 1489/1489/1489
f 1483/1483/1483 1500/1500/1500 1493/1493/1493
f 1483/1483/1483 1493/1493/1493 1496/1496/1496
f 1504/1504/1504 1514/1514/1514 1519/1519/1519
f 1504/1504/1504 1519/1519/1519 1528/1528/1528
f 1506/1506/1506 1523/1523/1523 1520/1520/1520
f 1506/1506/1506 1520/1520/1520 1516/1516/1516
f 1512/1512/1512 1527/1527/1527 1518/1518/1518
f 1512/1512/1512 1518/1518/1518 1521/1521/1521
f 1370/1370/1370 1316/1316/1316 1337/1337/1337
f 1370/1370/1370 1337/1337/1337 1380/1380/1380
f 1382/1382/1382 1339/1339/1339 1323/1323/1323
f 1382/1382/1382 1323/1323/1323 1373/1373/1373
f 1320/1320/1320 1343/1343/1343 1364/1364/1364
f 1320/1320/1320 1364/1364/1364 1333/1333/1333
f 1335/1335/1335 1366/1366/1366 1349/1349/1349
f 1335/1335/1335 1349/1349/1349 1322/1322/1322
f 1347/1347/1347 1397/1397/1397 1418/1418/1418
f 1347/1347/1347 1418/1418/1418 1360/1360/1360
f 1362/1362/1362 1420/1420/1420 1404/1404/1404
f 1362/1362/1362 1404/1404/1404 1350/1350/1350
f 1401/1401/1401 1378/1378/1378 1387/1387/1387
f 1401/1401/1401 1387/1387/1387 1414/1414/1414
f 1416/1416/1416 1389/1389/1389 1372/1372/1372
f 1416/1416/1416 1372/1372/1372 1403/1403/1403
f 1475/1475/1475 1367/1367/1367 1391/1391/1391
f 1475/1475/1475 1391/1391/1391 1488/1488/1488
f 1487/1487/1487 1390/1390/1390 1376/1376/1376
f 1487/1487/1487 1376/1376/1376 1480/1480/1480
f 1394/1394/1394 1502/1502/1502 1526/1526/1526
f 1394/1394/1394 1526/1526/1526 1407/1407/1407
f 1406/1406/1406 1525/1525/1525 1511/1511/1511
f 1406/1406/1406 1511/1511/1511 1399/1399/1399
f 1507/1507/1507 1484/1484/1484 1497/1497/1497
f 1507/1507/1507 1497/1497/1497 1524/1524/1524
f 1522/1522/1522 1495/1495/1495 1482/1482/1482
f 1522/1522/1522 1482/1482/1482 1513/1513/1513
f 1424/1424/1424 1478/1478/1478 1499/1499/1499
f 1424/1424/1424 1499/1499/1499 1434/1434/1434
f 1436/1436/1436 1501/1501/1501 1485/1485/1485
f 1436/1436/1436 1485/1485/1485 1427/1427/1427
f 1505/1505/1505 1451/1451/1451 1472/1472/1472
f 1505/1505/1505 1472/1472/1472 1515/1515/1515
f 1517/1517/1517 1474/1474/1474 1458/1458/1458
f 1517/1517/1517 1458/1458/1458 1508/1508/1508
f 1455/1455/1455 1432/1432/1432 1441/1441/1441
f 1455/1455/1455 1441/1441/1441 1468/1468/1468
f 1470/1470/1470 1443/1443/1443 1426/1426/1426
f 1470/1470/1470 1426/1426/1426 1457/1457/1457
f 1313/1313/1313 1421/1421/1421 1445/1445/1445
f 1313/1313/1313 1445/1445/1445 1326/1326/1326
f 1325/1325/1325 1444/1444/1444 1430/1430/1430
f 1325/1325/1325 1430/1430/1430 1318/1318/1318
f 1448/1448/1448 1344/1344/1344 1353/1353/1353
f 1448/1448/1448 1353/1353/1353 1461/1461/1461
f 1460/1460/1460 1352/1352/1352 1341/1341/1341
f 1460/1460/1460 1341/1341/1341 1453/1453/1453
f 1368/1368/1368 1476/1476/1476 1422/1422/1422
f 1368/1368/1368 1422/1422/1422 1314/1314/1314
o Muzzle_brake_0
usemtl Gunmetal
v 0.0000000 0.1086215 0.9750000
v 0.0000000 0.1086215 0.9750000
v 0.0000000 0.1086215 0.9750000
v 0.0000000 0.1150000 0.9813000
v 0.0000000 0.1150000 0.9813000
v 0.0000000 0.1150000 0.9813000
v 0.0000000 0.1150000 0.9813000
v 0.0000000 0.1131318 0.9768452
v 0.0000000 0.1131318 0.9768452
v 0.0000000 0.1131318 0.9768452
v 0.0000000 0.1131318 0.9768452
v 0.0000000 0.1086215 1.1050000
v 0.0000000 0.1086215 1.1050000
v 0.0000000 0.1086215 1.1050000
v 0.0000000 0.1150000 1.0987000
v 0.0000000 0.1150000 1.0987000
v 0.0000000 0.1150000 1.0987000
v 0.0000000 0.1150000 1.0987000
v 0.0000000 0.1131318 1.1031547
v 0.0000000 0.1131318 1.1031547
v 0.0000000 0.1131318 1.1031547
v 0.0000000 0.1131318 1.1031547
v 0.0119347 0.1067312 0.9750000
v 0.0119347 0.1067312 0.9750000
v 0.0119347 0.1067312 0.9750000
v 0.0139058 0.1127976 0.9813000
v 0.0139058 0.1127976 0.9813000
v 0.0139058 0.1127976 0.9813000
v 0.0139058 0.1127976 0.9813000
v 0.0133285 0.1110208 0.9768452
v 0.0133285 0.1110208 0.9768452
v 0.0133285 0.1110208 0.9768452
v 0.0133285 0.1110208 0.9768452
v 0.0119347 0.1067312 1.1050000
v 0.0119347 0.1067312 1.1050000
v 0.0119347 0.1067312 1.1050000
v 0.0139058 0.1127975 1.0987000
v 0.0139058 0.1127975 1.0987000
v 0.0139058 0.1127975 1.0987000
v 0.0139058 0.1127975 1.0987000
v 0.0133285 0.1110208 1.1031547
v 0.0133285 0.1110208 1.1031547
v 0.0133285 0.1110208 1.1031547
v 0.0133285 0.1110208 1.1031547
v 0.0227011 0.1012454 0.9750000
v 0.0227011 0.1012454 0.9750000
v 0.0227011 0.1012454 0.9750000
v 0.0264503 0.1064058 0.9813000
v 0.0264503 0.1064058 0.9813000
v 0.0264503 0.1064058 0.9813000
v 0.0264503 0.1064058 0.9813000
v 0.0253522 0.1048944 0.9768452
v 0.0253522 0.1048944 0.9768452
v 0.0253522 0.1048944 0.9768452
v 0.0253522 0.1048944 0.9768452
v 0.0227011 0.1012454 1.1050000
v 0.0227011 0.1012454 1.1050000
v 0.0227011 0.1012454 1.1050000
v 0.0264503 0.1064058 1.0987000
v 0.0264503 0.1064058 1.0987000
v 0.0264503 0.1064058 1.0987000
v 0.0264503 0.1064058 1.0987000
v 0.0253522 0.1048943 1.1031547
v 0.0253522 0.1048943 1.1031547
v 0.0253522 0.1048943 1.1031547
v 0.0253522 0.1048943 1.1031547
v 0.0312454 0.0927011 0.9750000
v 0.0312454 0.0927011 0.9750000
v 0.0312454 0.0927011 0.9750000
v 0.0364058 0.0964503 0.9813000
v 0.0364058 0.0964503 0.9813000
v 0.0364058 0.0964503 0.9813000
v 0.0364058 0.0964503 0.9813000
v 0.0348943 0.0953522 0.9768452
v 0.0348943 0.0953522 0.9768452
v 0.0348943 0.0953522 0.9768452
v 0.0348943 0.0953522 0.9768452
v 0.0312454 0.0927011 1.1050000
v 0.0312454 0.0927011 1.1050000
v 0.0312454 0.0927011 1.1050000
v 0.0364058 0.0964503 1.0987000
v 0.0364058 0.0964503 1.0987000
v 0.0364058 0.0964503 1.0987000
v 0.0364058 0.0964503 1.0987000
v 0.0348943 0.0953522 1.1031547
v 0.0348943 0.0953522 1.1031547
v 0.0348943 0.0953522 1.1031547
v 0.0348943 0.0953522 1.1031547
v 0.0367312 0.0819347 0.9750000
v 0.0367312 0.0819347 0.9750000
v 0.0367312 0.0819347 0.9750000
v 0.0427975 0.0839058 0.9813000
v 0.0427975 0.0839058 0.9813000
v 0.0427975 0.0839058 0.9813000
v 0.0427975 0.0839058 0.9813000
v 0.0410208 0.0833285 0.9768452
v 0.0410208 0.0833285 0.9768452
v 0.0410208 0.0833285 0.9768452
v 0.0410208 0.0833285 0.9768452
v 0.0367312 0.0819347 1.1050000
v 0.0367312 0.0819347 1.1050000
v 0.0367312 0.0819347 1.1050000
v 0.0427975 0.0839058 1.0987000
v 0.0427975 0.0839058 1.0987000
v 0.0427975 0.0839058 1.0987000
v 0.0427975 0.0839058 1.0987000
v 0.0410208 0.0833284 1.1031547
v 0.0410208 0.0833284 1.1031547
v 0.0410208 0.0833284 1.1031547
v 0.0410208 0.0833284 1.1031547
v 0.0386215 0.0700000 0.9750000
v 0.0386215 0.0700000 0.9750000
v 0.0386215 0.0700000 0.9750000
v 0.0450000 0.0700000 0.9813000
v 0.0450000 0.0700000 0.9813000
v 0.0450000 0.0700000 0.9813000
v 0.0450000 0.0700000 0.9813000
v 0.0431318 0.0700000 0.9768452
v 0.0431318 0.0700000 0.9768452
v 0.0431318 0.0700000 0.9768452
v 0.0431318 0.0700000 0.9768452
v 0.0386215 0.0700000 1.1050000
v 0.0386215 0.0700000 1.1050000
v 0.0386215 0.0700000 1.1050000
v 0.0450000 0.0700000 1.0987000
v 0.0450000 0.0700000 1.0987000
v 0.0450000 0.0700000 1.0987000
v 0.0450000 0.0700000 1.0987000
v 0.0431318 0.0700000 1.1031547
v 0.0431318 0.0700000 1.1031547
v 0.0431318 0.0700000 1.1031547
v 0.0431318 0.0700000 1.1031547
v 0.0367312 0.0580653 0.9750000
v 0.0367312 0.0580653 0.9750000
v 0.0367312 0.0580653 0.9750000
v 0.0427975 0.0560942 0.9813000
v 0.0427975 0.0560942 0.9813000
v 0.0427975 0.0560942 0.9813000
v 0.0427975 0.0560942 0.9813000
v 0.0410208 0.0566716 0.9768452
v 0.0410208 0.0566716 0.9768452
v 0.0410208 0.0566716 0.9768452
v 0.0410208 0.0566716 0.9768452
v 0.0367312 0.0580653 1.1050000
v 0.0367312 0.0580653 1.1050000
v 0.0367312 0.0580653 1.1050000
v 0.0427975 0.0560942 1.0987000
v 0.0427975 0.0560942 1.0987000
v 0.0427975 0.0560942 1.0987000
v 0.0427975 0.0560942 1.0987000
v 0.0410208 0.0566715 1.1031547
v 0.0410208 0.0566715 1.1031547
v 0.0410208 0.0566715 1.1031547
v 0.0410208 0.0566715 1.1031547
v 0.0312454 0.0472989 0.9750000
v 0.0312454 0.0472989 0.9750000
v 0.0312454 0.0472989 0.9750000
v 0.0364058 0.0435497 0.9813000
v 0.0364058 0.0435497 0.9813000
v 0.0364058 0.0435497 0.9813000
v 0.0364058 0.0435497 0.9813000
v 0.0348943 0.0446478 0.9768452
v 0.0348943 0.0446478 0.9768452
v 0.0348943 0.0446478 0.9768452
v 0.0348943 0.0446478 0.9768452
v 0.0312454 0.0472989 1.1050000
v 0.0312454 0.0472989 1.1050000
v 0.0312454 0.0472989 1.1050000
v 0.0364058 0.0435497 1.0987000
v 0.0364058 0.0435497 1.0987000
v 0.0364058 0.0435497 1.0987000
v 0.0364058 0.0435497 1.0987000
v 0.0348943 0.0446478 1.1031547
v 0.0348943 0.0446478 1.1031547
v 0.0348943 0.0446478 1.1031547
v 0.0348943 0.0446478 1.1031547
v 0.0227011 0.0387546 0.9750000
v 0.0227011 0.0387546 0.9750000
v 0.0227011 0.0387546 0.9750000
v 0.0264503 0.0335942 0.9813000
v 0.0264503 0.0335942 0.9813000
v 0.0264503 0.0335942 0.9813000
v 0.0264503 0.0335942 0.9813000
v 0.0253522 0.0351057 0.9768452
v 0.0253522 0.0351057 0.9768452
v 0.0253522 0.0351057 0.9768452
v 0.0253522 0.0351057 0.9768452
v 0.0227011 0.0387546 1.1050000
v 0.0227011 0.0387546 1.1050000
v 0.0227011 0.0387546 1.1050000
v 0.0264503 0.0335942 1.0987000
v 0.0264503 0.0335942 1.0987000
v 0.0264503 0.0335942 1.0987000
v 0.0264503 0.0335942 1.0987000
v 0.0253522 0.0351056 1.1031547
v 0.0253522 0.0351056 1.1031547
v 0.0253522 0.0351056 1.1031547
v 0.0253522 0.0351056 1.1031547
v 0.0119347 0.0332688 0.9750000
v 0.0119347 0.0332688 0.9750000
v 0.0119347 0.0332688 0.9750000
v 0.0139058 0.0272025 0.9812999
v 0.0139058 0.0272025 0.9812999
v 0.0139058 0.0272025 0.9812999
v 0.0139058 0.0272025 0.9812999
v 0.0133285 0.0289792 0.9768452
v 0.0133285 0.0289792 0.9768452
v 0.0133285 0.0289792 0.9768452
v 0.0133285 0.0289792 0.9768452
v 0.0119347 0.0332688 1.1050000
v 0.0119347 0.0332688 1.1050000
v 0.0119347 0.0332688 1.1050000
v 0.0139058 0.0272024 1.0987000
v 0.0139058 0.0272024 1.0987000
v 0.0139058 0.0272024 1.0987000
v 0.0139058 0.0272024 1.0987000
v 0.0133285 0.0289792 1.1031547
v 0.0133285 0.0289792 1.1031547
v 0.0133285 0.0289792 1.1031547
v 0.0133285 0.0289792 1.1031547
v 0.0000000 0.0313785 0.9750000
v 0.0000000 0.0313785 0.9750000
v 0.0000000 0.0313785 0.9750000
v 0.0000000 0.0250000 0.9812999
v 0.0000000 0.0250000 0.9812999
v 0.0000000 0.0250000 0.9812999
v 0.0000000 0.0250000 0.9812999
v 0.0000000 0.0268682 0.9768452
v 0.0000000 0.0268682 0.9768452
v 0.0000000 0.0268682 0.9768452
v 0.0000000 0.0268682 0.9768452
v 0.0000000 0.0313785 1.1050000
v 0.0000000 0.0313785 1.1050000
v 0.0000000 0.0313785 1.1050000
v 0.0000000 0.0250000 1.0987000
v 0.0000000 0.0250000 1.0987000
v 0.0000000 0.0250000 1.0987000
v 0.0000000 0.0250000 1.0987000
v 0.0000000 0.0268682 1.1031547
v 0.0000000 0.0268682 1.1031547
v 0.0000000 0.0268682 1.1031547
v 0.0000000 0.0268682 1.1031547
v -0.0119347 0.0332688 0.9750000
v -0.0119347 0.0332688 0.9750000
v -0.0119347 0.0332688 0.9750000
v -0.0139058 0.0272025 0.9812999
v -0.0139058 0.0272025 0.9812999
v -0.0139058 0.0272025 0.9812999
v -0.0139058 0.0272025 0.9812999
v -0.0133285 0.0289792 0.9768452
v -0.0133285 0.0289792 0.9768452
v -0.0133285 0.0289792 0.9768452
v -0.0133285 0.0289792 0.9768452
v -0.0119347 0.0332688 1.1050000
v -0.0119347 0.0332688 1.1050000
v -0.0119347 0.0332688 1.1050000
v -0.0139058 0.0272024 1.0987000
v -0.0139058 0.0272024 1.0987000
v -0.0139058 0.0272024 1.0987000
v -0.0139058 0.0272024 1.0987000
v -0.0133285 0.0289792 1.1031547
v -0.0133285 0.0289792 1.1031547
v -0.0133285 0.0289792 1.1031547
v -0.0133285 0.0289792 1.1031547
v -0.0227011 0.0387546 0.9750000
v -0.0227011 0.0387546 0.9750000
v -0.0227011 0.0387546 0.9750000
v -0.0264503 0.0335942 0.9813000
v -0.0264503 0.0335942 0.9813000
v -0.0264503 0.0335942 0.9813000
v -0.0264503 0.0335942 0.9813000
v -0.0253522 0.0351057 0.9768452
v -0.0253522 0.0351057 0.9768452
v -0.0253522 0.0351057 0.9768452
v -0.0253522 0.0351057 0.9768452
v -0.0227011 0.0387546 1.1050000
v -0.0227011 0.0387546 1.1050000
v -0.0227011 0.0387546 1.1050000
v -0.0264503 0.0335942 1.0987000
v -0.0264503 0.0335942 1.0987000
v -0.0264503 0.0335942 1.0987000
v -0.0264503 0.0335942 1.0987000
v -0.0253522 0.0351056 1.1031547
v -0.0253522 0.0351056 1.1031547
v -0.0253522 0.0351056 1.1031547
v -0.0253522 0.0351056 1.1031547
v -0.0312454 0.0472989 0.9750000
v -0.0312454 0.0472989 0.9750000
v -0.0312454 0.0472989 0.9750000
v -0.0364058 0.0435497 0.9813000
v -0.0364058 0.0435497 0.9813000
v -0.0364058 0.0435497 0.9813000
v -0.0364058 0.0435497 0.9813000
v -0.0348943 0.0446478 0.9768452
v -0.0348943 0.0446478 0.9768452
v -0.0348943 0.0446478 0.9768452
v -0.0348943 0.0446478 0.9768452
v -0.0312454 0.0472989 1.1050000
v -0.0312454 0.0472989 1.1050000
v -0.0312454 0.0472989 1.1050000
v -0.0364058 0.0435497 1.0987000
v -0.0364058 0.0435497 1.0987000
v -0.0364058 0.0435497 1.0987000
v -0.0364058 0.0435497 1.0987000
v -0.0348943 0.0446478 1.1031547
v -0.0348943 0.0446478 1.1031547
v -0.0348943 0.0446478 1.1031547
v -0.0348943 0.0446478 1.1031547
v -0.0367312 0.0580653 0.9750000
v -0.0367312 0.0580653 0.9750000
v -0.0367312 0.0580653 0.9750000
v -0.0427975 0.0560942 0.9813000
v -0.0427975 0.0560942 0.9813000
v -0.0427975 0.0560942 0.9813000
v -0.0427975 0.0560942 0.9813000
v -0.0410208 0.0566716 0.9768452
v -0.0410208 0.0566716 0.9768452
v -0.0410208 0.0566716 0.9768452
v -0.0410208 0.0566716 0.9768452
v -0.0367312 0.0580653 1.1050000
v -0.0367312 0.0580653 1.1050000
v -0.0367312 0.0580653 1.1050000
v -0.0427975 0.0560942 1.0987000
v -0.0427975 0.0560942 1.0987000
v -0.0427975 0.0560942 1.0987000
v -0.0427975 0.0560942 1.0987000
v -0.0410208 0.0566715 1.1031547
v -0.0410208 0.0566715 1.1031547
v -0.0410208 0.0566715 1.1031547
v -0.0410208 0.0566715 1.1031547
v -0.0386215 0.0700000 0.9750000
v -0.0386215 0.0700000 0.9750000
v -0.0386215 0.0700000 0.9750000
v -0.0450000 0.0700000 0.9813000
v -0.0450000 0.0700000 0.9813000
v -0.0450000 0.0700000 0.9813000
v -0.0450000 0.0700000 0.9813000
v -0.0431318 0.0700000 0.9768452
v -0.0431318 0.0700000 0.9768452
v -0.0431318 0.0700000 0.9768452
v -0.0431318 0.0700000 0.9768452
v -0.0386215 0.0700000 1.1050000
v -0.0386215 0.0700000 1.1050000
v -0.0386215 0.0700000 1.1050000
v -0.0450000 0.0700000 1.0987000
v -0.0450000 0.0700000 1.0987000
v -0.0450000 0.0700000 1.0987000
v -0.0450000 0.0700000 1.0987000
v -0.0431318 0.0700000 1.1031547
v -0.0431318 0.0700000 1.1031547
v -0.0431318 0.0700000 1.1031547
v -0.0431318 0.0700000 1.1031547
v -0.0367312 0.0819347 0.9750000
v -0.0367312 0.0819347 0.9750000
v -0.0367312 0.0819347 0.9750000
v -0.0427975 0.0839058 0.9813000
v -0.0427975 0.0839058 0.9813000
v -0.0427975 0.0839058 0.9813000
v -0.0427975 0.0839058 0.9813000
v -0.0410208 0.0833285 0.9768452
v -0.0410208 0.0833285 0.9768452
v -0.0410208 0.0833285 0.9768452
v -0.0410208 0.0833285 0.9768452
v -0.0367312 0.0819347 1.1050000
v -0.0367312 0.0819347 1.1050000
v -0.0367312 0.0819347 1.1050000
v -0.0427975 0.0839058 1.0987000
v -0.0427975 0.0839058 1.0987000
v -0.0427975 0.0839058 1.0987000
v -0.0427975 0.0839058 1.0987000
v -0.0410208 0.0833284 1.1031547
v -0.0410208 0.0833284 1.1031547
v -0.0410208 0.0833284 1.1031547
v -0.0410208 0.0833284 1.1031547
v -0.0312454 0.0927011 0.9750000
v -0.0312454 0.0927011 0.9750000
v -0.0312454 0.0927011 0.9750000
v -0.0364058 0.0964503 0.9813000
v -0.0364058 0.0964503 0.9813000
v -0.0364058 0.0964503 0.9813000
v -0.0364058 0.0964503 0.9813000
v -0.0348943 0.0953522 0.9768452
v -0.0348943 0.0953522 0.9768452
v -0.0348943 0.0953522 0.9768452
v -0.0348943 0.0953522 0.9768452
v -0.0312454 0.0927011 1.1050000
v -0.0312454 0.0927011 1.1050000
v -0.0312454 0.0927011 1.1050000
v -0.0364058 0.0964503 1.0987000
v -0.0364058 0.0964503 1.0987000
v -0.0364058 0.0964503 1.0987000
v -0.0364058 0.0964503 1.0987000
v -0.0348943 0.0953522 1.1031547
v -0.0348943 0.0953522 1.1031547
v -0.0348943 0.0953522 1.1031547
v -0.0348943 0.0953522 1.1031547
v -0.0227011 0.1012454 0.9750000
v -0.0227011 0.1012454 0.9750000
v -0.0227011 0.1012454 0.9750000
v -0.0264503 0.1064058 0.9813000
v -0.0264503 0.1064058 0.9813000
v -0.0264503 0.1064058 0.9813000
v -0.0264503 0.1064058 0.9813000
v -0.0253522 0.1048944 0.9768452
v -0.0253522 0.1048944 0.9768452
v -0.0253522 0.1048944 0.9768452
v -0.0253522 0.1048944 0.9768452
v -0.0227011 0.1012454 1.1050000
v -0.0227011 0.1012454 1.1050000
v -0.0227011 0.1012454 1.1050000
v -0.0264503 0.1064058 1.0987000
v -0.0264503 0.1064058 1.0987000
v -0.0264503 0.1064058 1.0987000
v -0.0264503 0.1064058 1.0987000
v -0.0253522 0.1048943 1.1031547
v -0.0253522 0.1048943 1.1031547
v -0.0253522 0.1048943 1.1031547
v -0.0253522 0.1048943 1.1031547
v -0.0119347 0.1067312 0.9750000
v -0.0119347 0.1067312 0.9750000
v -0.0119347 0.1067312 0.9750000
v -0.0139058 0.1127976 0.9813000
v -0.0139058 0.1127976 0.9813000
v -0.0139058 0.1127976 0.9813000
v -0.0139058 0.1127976 0.9813000
v -0.0133285 0.1110208 0.9768452
v -0.0133285 0.1110208 0.9768452
v -0.0133285 0.1110208 0.9768452
v -0.0133285 0.1110208 0.9768452
v -0.0119347 0.1067312 1.1050000
v -0.0119347 0.1067312 1.1050000
v -0.0119347 0.1067312 1.1050000
v -0.0139058 0.1127975 1.0987000
v -0.0139058 0.1127975 1.0987000
v -0.0139058 0.1127975 1.0987000
v -0.0139058 0.1127975 1.0987000
v -0.0133285 0.1110208 1.1031547
v -0.0133285 0.1110208 1.1031547
v -0.0133285 0.1110208 1.1031547
v -0.0133285 0.1110208 1.1031547
vt 0.7499999 0.5440187
vt 0.7499999 0.5440187
vt 0.7499999 0.5440187
vt 1.0000000 0.4757693
vt 1.0000000 0.4757693
vt -0.0000002 0.4757692
vt -0.0000002 0.4757692
vt 0.7515395 0.5102438
vt 0.9989621 0.5000000
vt 0.7484605 0.5102438
vt 0.0010378 0.5000000
vt 0.2500000 0.5440187
vt 0.2500000 0.5440187
vt 0.2500000 0.5440187
vt 1.0000000 0.0242308
vt 1.0000000 0.0242308
vt -0.0000002 0.0242308
vt -0.0000002 0.0242308
vt 0.2515395 0.5102438
vt 0.9989621 0.0000000
vt 0.2484605 0.5102438
vt 0.0010378 0.0000000
vt 0.8136516 0.5541003
vt 0.8136516 0.5541003
vt 0.8136516 0.5541003
vt 0.9500000 0.4757692
vt 0.9500000 0.4757692
vt 0.9500000 0.4757692
vt 0.9500000 0.4757692
vt 0.8226246 0.5215026
vt 0.9510379 0.5000000
vt 0.8255529 0.5224540
vt 0.9489621 0.5000000
vt 0.3136517 0.5541003
vt 0.3136517 0.5541003
vt 0.3136517 0.5541003
vt 0.9500000 0.0242308
vt 0.9500000 0.0242308
vt 0.9500000 0.0242308
vt 0.9500000 0.0242308
vt 0.3226246 0.5215026
vt 0.9510379 0.0000000
vt 0.3255529 0.5224540
vt 0.9489621 0.0000000
vt 0.8710726 0.5833578
vt 0.8710726 0.5833578
vt 0.8710726 0.5833578
vt 0.9000000 0.4757692
vt 0.9000000 0.4757692
vt 0.9000000 0.4757692
vt 0.9000000 0.4757692
vt 0.8896797 0.5551283
vt 0.8921706 0.5569381
vt 0.9010379 0.5000000
vt 0.8989621 0.5000000
vt 0.3710727 0.5833578
vt 0.3710727 0.5833578
vt 0.3710727 0.5833578
vt 0.9000000 0.0242307
vt 0.9000000 0.0242307
vt 0.9000000 0.0242308
vt 0.9000000 0.0242308
vt 0.3896796 0.5551283
vt 0.3921706 0.5569381
vt 0.9010379 0.0000000
vt 0.8989621 0.0000000
vt 0.9166422 0.6289274
vt 0.9166422 0.6289274
vt 0.9166422 0.6289274
vt 0.8500000 0.4757692
vt 0.8500000 0.4757692
vt 0.8500000 0.4757692
vt 0.8500000 0.4757692
vt 0.9430619 0.6078293
vt 0.9448717 0.6103203
vt 0.8510379 0.5000000
vt 0.8489621 0.5000000
vt 0.4166423 0.6289273
vt 0.4166423 0.6289273
vt 0.4166423 0.6289273
vt 0.8500000 0.0242308
vt 0.8500000 0.0242308
vt 0.8500000 0.0242308
vt 0.8500000 0.0242308
vt 0.4430619 0.6078294
vt 0.4448717 0.6103203
vt 0.8510379 0.0000000
vt 0.8489621 0.0000000
vt 0.9458998 0.6863483
vt 0.9458998 0.6863483
vt 0.9458998 0.6863483
vt 0.8000000 0.4757692
vt 0.8000000 0.4757692
vt 0.8000000 0.4757693
vt 0.8000000 0.4757693
vt 0.9775460 0.6744471
vt 0.9784974 0.6773754
vt 0.8010378 0.5000000
vt 0.7989620 0.5000000
vt 0.4458998 0.6863483
vt 0.4458998 0.6863483
vt 0.4458998 0.6863483
vt 0.8000000 0.0242307
vt 0.8000000 0.0242307
vt 0.8000000 0.0242308
vt 0.8000000 0.0242308
vt 0.4775459 0.6744471
vt 0.4784974 0.6773754
vt 0.8010378 0.0000000
vt 0.7989620 0.0000000
vt 0.9559811 0.7500000
vt 0.9559811 0.7500000
vt 0.9559811 0.7500000
vt 0.7499999 0.4757693
vt 0.7499999 0.4757692
vt 0.7499999 0.4757693
vt 0.7499999 0.4757692
vt 0.9897562 0.7515395
vt 0.9897562 0.7484605
vt 0.7489620 0.5000000
vt 0.7510378 0.5000000
vt 0.4559812 0.7500000
vt 0.4559812 0.7500000
vt 0.4559812 0.7500000
vt 0.7499999 0.0242308
vt 0.7499999 0.0242308
vt 0.7499999 0.0242308
vt 0.7499999 0.0242308
vt 0.4897562 0.7515395
vt 0.4897562 0.7484605
vt 0.7489620 0.0000000
vt 0.7510378 0.0000000
vt 0.9458997 0.8136517
vt 0.9458997 0.8136517
vt 0.9458997 0.8136517
vt 0.7000000 0.4757692
vt 0.7000000 0.4757692
vt 0.6999999 0.4757692
vt 0.6999999 0.4757692
vt 0.9775460 0.8255529
vt 0.9784974 0.8226246
vt 0.6989620 0.5000000
vt 0.7010378 0.5000000
vt 0.4458997 0.8136517
vt 0.4458997 0.8136517
vt 0.4458997 0.8136517
vt 0.6999999 0.0242308
vt 0.6999999 0.0242308
vt 0.6999999 0.0242308
vt 0.6999999 0.0242308
vt 0.4775459 0.8255529
vt 0.4784974 0.8226246
vt 0.6989620 0.0000000
vt 0.7010378 0.0000000
vt 0.9166423 0.8710727
vt 0.9166423 0.8710727
vt 0.9166423 0.8710727
vt 0.6499999 0.4757692
vt 0.6499999 0.4757692
vt 0.6499999 0.4757692
vt 0.6499999 0.4757692
vt 0.9430619 0.8921706
vt 0.9448717 0.8896797
vt 0.6489620 0.5000000
vt 0.6510378 0.5000000
vt 0.4166422 0.8710727
vt 0.4166422 0.8710727
vt 0.4166422 0.8710727
vt 0.6499999 0.0242308
vt 0.6499999 0.0242308
vt 0.6499999 0.0242307
vt 0.6499999 0.0242307
vt 0.4430619 0.8921706
vt 0.4448717 0.8896797
vt 0.6489620 0.0000000
vt 0.6510378 0.0000000
vt 0.8710726 0.9166423
vt 0.8710726 0.9166423
vt 0.8710726 0.9166423
vt 0.6000000 0.4757692
vt 0.6000000 0.4757692
vt 0.5999999 0.4757692
vt 0.5999999 0.4757692
vt 0.8896797 0.9448717
vt 0.8921706 0.9430619
vt 0.5989620 0.5000000
vt 0.6010379 0.5000000
vt 0.3710727 0.9166422
vt 0.3710727 0.9166422
vt 0.3710727 0.9166422
vt 0.5999999 0.0242308
vt 0.5999999 0.0242308
vt 0.5999999 0.0242308
vt 0.5999999 0.0242308
vt 0.3896796 0.9448717
vt 0.3921706 0.9430619
vt 0.5989620 0.0000000
vt 0.6010378 0.0000000
vt 0.8136516 0.9458997
vt 0.8136516 0.9458997
vt 0.8136516 0.9458997
vt 0.5499999 0.4757693
vt 0.5499999 0.4757693
vt 0.5499999 0.4757692
vt 0.5499999 0.4757692
vt 0.8226246 0.9784974
vt 0.5489620 0.5000000
vt 0.8255529 0.9775459
vt 0.5510378 0.5000000
vt 0.3136517 0.9458997
vt 0.3136517 0.9458997
vt 0.3136517 0.9458997
vt 0.5499999 0.0242308
vt 0.5499999 0.0242308
vt 0.5499999 0.0242307
vt 0.5499999 0.0242307
vt 0.3226246 0.9784974
vt 0.5489620 0.0000000
vt 0.3255529 0.9775459
vt 0.5510378 0.0000000
vt 0.7499999 0.9559812
vt 0.7499999 0.9559812
vt 0.7499999 0.9559812
vt 0.4999999 0.4757692
vt 0.4999999 0.4757692
vt 0.4999999 0.4757693
vt 0.4999999 0.4757693
vt 0.7515395 0.9897562
vt 0.5010378 0.5000000
vt 0.7484605 0.9897562
vt 0.4989620 0.5000000
vt 0.2500000 0.9559812
vt 0.2500000 0.9559812
vt 0.2500000 0.9559812
vt 0.4999999 0.0242308
vt 0.4999999 0.0242308
vt 0.4999999 0.0242308
vt 0.4999999 0.0242308
vt 0.2515395 0.9897562
vt 0.5010378 0.0000000
vt 0.2484605 0.9897562
vt 0.4989620 0.0000000
vt 0.6863483 0.9458997
vt 0.6863483 0.9458997
vt 0.6863483 0.9458997
vt 0.4499999 0.4757692
vt 0.4499999 0.4757692
vt 0.4499999 0.4757692
vt 0.4499999 0.4757692
vt 0.6773754 0.9784974
vt 0.4510378 0.5000000
vt 0.6744471 0.9775459
vt 0.4489620 0.5000000
vt 0.1863483 0.9458997
vt 0.1863483 0.9458997
vt 0.1863483 0.9458997
vt 0.4499998 0.0242308
vt 0.4499998 0.0242308
vt 0.4499999 0.0242308
vt 0.4499999 0.0242308
vt 0.1773754 0.9784974
vt 0.4510378 0.0000000
vt 0.1744471 0.9775459
vt 0.4489620 0.0000000
vt 0.6289272 0.9166423
vt 0.6289272 0.9166423
vt 0.6289272 0.9166423
vt 0.3999999 0.4757692
vt 0.3999999 0.4757692
vt 0.3999998 0.4757692
vt 0.3999998 0.4757692
vt 0.6103203 0.9448717
vt 0.6078293 0.9430619
vt 0.4010378 0.5000000
vt 0.3989619 0.5000000
vt 0.1289273 0.9166422
vt 0.1289273 0.9166422
vt 0.1289273 0.9166422
vt 0.3999999 0.0242307
vt 0.3999999 0.0242307
vt 0.3999999 0.0242308
vt 0.3999999 0.0242308
vt 0.1103203 0.9448717
vt 0.1078294 0.9430619
vt 0.4010378 0.0000000
vt 0.3989620 0.0000000
vt 0.5833576 0.8710727
vt 0.5833576 0.8710727
vt 0.5833576 0.8710727
vt 0.3499998 0.4757692
vt 0.3499998 0.4757692
vt 0.3499998 0.4757692
vt 0.3499998 0.4757692
vt 0.5569381 0.8921706
vt 0.5551283 0.8896797
vt 0.3510377 0.5000000
vt 0.3489619 0.5000000
vt 0.0833577 0.8710727
vt 0.0833577 0.8710727
vt 0.0833577 0.8710727
vt 0.3499998 0.0242308
vt 0.3499998 0.0242308
vt 0.3499998 0.0242308
vt 0.3499998 0.0242308
vt 0.0569381 0.8921706
vt 0.0551283 0.8896797
vt 0.3510378 0.0000000
vt 0.3489619 0.0000000
vt 0.5541003 0.8136517
vt 0.5541003 0.8136517
vt 0.5541003 0.8136517
vt 0.2999998 0.4757692
vt 0.2999998 0.4757692
vt 0.2999998 0.4757693
vt 0.2999998 0.4757693
vt 0.5224540 0.8255529
vt 0.5215026 0.8226246
vt 0.3010377 0.5000000
vt 0.2989619 0.5000000
vt 0.0541003 0.8136517
vt 0.0541003 0.8136517
vt 0.0541003 0.8136517
vt 0.2999998 0.0242307
vt 0.2999998 0.0242307
vt 0.2999998 0.0242308
vt 0.2999998 0.0242308
vt 0.0224541 0.8255529
vt 0.0215026 0.8226246
vt 0.3010377 0.0000000
vt 0.2989619 0.0000000
vt 0.5440187 0.7500000
vt 0.5440187 0.7500000
vt 0.5440187 0.7500000
vt 0.2499998 0.4757692
vt 0.2499998 0.4757693
vt 0.2499998 0.4757692
vt 0.2499998 0.4757693
vt 0.5102438 0.7515395
vt 0.5102438 0.7484605
vt 0.2510377 0.5000000
vt 0.2489619 0.5000000
vt 0.0440188 0.7500000
vt 0.0440188 0.7500000
vt 0.0440188 0.7500000
vt 0.2499998 0.0242308
vt 0.2499998 0.0242308
vt 0.2499998 0.0242308
vt 0.2499998 0.0242308
vt 0.0102438 0.7515395
vt 0.0102438 0.7484605
vt 0.2510377 0.0000000
vt 0.2489619 0.0000000
vt 0.5541002 0.6863483
vt 0.5541002 0.6863483
vt 0.5541002 0.6863483
vt 0.1999998 0.4757692
vt 0.1999998 0.4757692
vt 0.1999998 0.4757692
vt 0.1999998 0.4757692
vt 0.5224541 0.6744471
vt 0.5215026 0.6773754
vt 0.1989619 0.5000000
vt 0.2010377 0.5000000
vt 0.0541003 0.6863483
vt 0.0541003 0.6863483
vt 0.0541003 0.6863483
vt 0.1999998 0.0242308
vt 0.1999998 0.0242308
vt 0.1999998 0.0242308
vt 0.1999998 0.0242308
vt 0.0224541 0.6744471
vt 0.0215026 0.6773754
vt 0.1989619 0.0000000
vt 0.2010377 0.0000000
vt 0.5833576 0.6289274
vt 0.5833576 0.6289274
vt 0.5833576 0.6289274
vt 0.1499998 0.4757692
vt 0.1499998 0.4757692
vt 0.1499998 0.4757692
vt 0.1499998 0.4757692
vt 0.5569381 0.6078294
vt 0.5551283 0.6103203
vt 0.1489619 0.5000000
vt 0.1510377 0.5000000
vt 0.0833577 0.6289274
vt 0.0833577 0.6289274
vt 0.0833577 0.6289274
vt 0.1499998 0.0242308
vt 0.1499998 0.0242308
vt 0.1499998 0.0242307
vt 0.1499998 0.0242307
vt 0.0569381 0.6078293
vt 0.0551283 0.6103203
vt 0.1489619 0.0000000
vt 0.1510377 0.0000000
vt 0.6289273 0.5833577
vt 0.6289273 0.5833577
vt 0.6289273 0.5833577
vt 0.0999999 0.4757692
vt 0.0999999 0.4757692
vt 0.0999998 0.4757692
vt 0.0999998 0.4757692
vt 0.6103203 0.5551283
vt 0.6078293 0.5569381
vt 0.0989619 0.5000000
vt 0.1010378 0.5000000
vt 0.1289273 0.5833578
vt 0.1289273 0.5833578
vt 0.1289273 0.5833578
vt 0.0999998 0.0242308
vt 0.0999998 0.0242308
vt 0.0999998 0.0242308
vt 0.0999998 0.0242308
vt 0.1103203 0.5551283
vt 0.1078294 0.5569381
vt 0.0989619 0.0000000
vt 0.1010378 0.0000000
vt 0.6863483 0.5541003
vt 0.6863483 0.5541003
vt 0.6863483 0.5541003
vt 0.0499998 0.4757693
vt 0.0499998 0.4757693
vt 0.0499998 0.4757692
vt 0.0499998 0.4757692
vt 0.6773754 0.5215026
vt 0.0489619 0.5000000
vt 0.6744471 0.5224540
vt 0.0510377 0.5000000
vt 0.1863483 0.5541002
vt 0.1863483 0.5541002
vt 0.1863483 0.5541002
vt 0.0499998 0.0242308
vt 0.0499998 0.0242308
vt 0.0499998 0.0242307
vt 0.0499998 0.0242307
vt 0.1773754 0.5215026
vt 0.0489619 0.0000000
vt 0.1744471 0.5224540
vt 0.0510377 0.0000000
vn 0.0000000 0.0000001 -1.0000000
vn 0.0598981 0.3779882 -0.9238708
vn -0.0598981 0.3779882 -0.9238708
vn 0.1445003 0.9125020 -0.3827007
vn 0.1563990 0.9876940 0.0000001
vn -0.1445003 0.9125020 -0.3827007
vn -0.1563990 0.9876940 0.0000001
vn 0.0598981 0.3779882 -0.9238708
vn 0.1445003 0.9125020 -0.3827007
vn -0.0598981 0.3779882 -0.9238708
vn -0.1445003 0.9125020 -0.3827007
vn 0.0000000 -0.0000001 1.0000000
vn 0.0598981 0.3779879 0.9238709
vn -0.0598981 0.3779879 0.9238709
vn 0.1445003 0.9125019 0.3827009
vn 0.1563990 0.9876940 0.0000001
vn -0.1445003 0.9125019 0.3827009
vn -0.1563990 0.9876940 0.0000001
vn 0.0598981 0.3779879 0.9238709
vn 0.1445003 0.9125019 0.3827009
vn -0.0598981 0.3779879 0.9238709
vn -0.1445003 0.9125019 0.3827009
vn 0.0000000 0.0000001 -1.0000000
vn 0.0598981 0.3779882 -0.9238708
vn 0.1736962 0.3409926 -0.9238797
vn 0.1445003 0.9125020 -0.3827007
vn 0.1563990 0.9876940 0.0000001
vn 0.4193970 0.8231944 -0.3826972
vn 0.4540007 0.8910014 0.0000001
vn 0.0598981 0.3779882 -0.9238708
vn 0.1445003 0.9125020 -0.3827007
vn 0.1736962 0.3409926 -0.9238797
vn 0.4193970 0.8231944 -0.3826972
vn 0.0000000 -0.0000001 1.0000000
vn 0.0598981 0.3779879 0.9238709
vn 0.1736962 0.3409924 0.9238798
vn 0.1445003 0.9125019 0.3827009
vn 0.1563990 0.9876940 0.0000001
vn 0.4193970 0.8231943 0.3826974
vn 0.4540007 0.8910014 0.0000001
vn 0.0598981 0.3779879 0.9238709
vn 0.1445003 0.9125019 0.3827009
vn 0.1736962 0.3409924 0.9238798
vn 0.4193970 0.8231943 0.3826974
vn 0.0000000 0.0000001 -1.0000000
vn 0.1736962 0.3409926 -0.9238797
vn 0.2705946 0.2705947 -0.9238815
vn 0.4193970 0.8231944 -0.3826972
vn 0.4540007 0.8910014 0.0000001
vn 0.6532800 0.6532801 -0.3826882
vn 0.7071067 0.7071068 0.0000001
vn 0.1736962 0.3409926 -0.9238797
vn 0.2705946 0.2705947 -0.9238815
vn 0.4193970 0.8231944 -0.3826972
vn 0.6532800 0.6532801 -0.3826882
vn 0.0000000 -0.0000001 1.0000000
vn 0.1736962 0.3409924 0.9238798
vn 0.2705946 0.2705945 0.9238816
vn 0.4193970 0.8231943 0.3826974
vn 0.4540007 0.8910014 0.0000001
vn 0.6532800 0.6532800 0.3826884
vn 0.7071067 0.7071068 0.0000001
vn 0.1736962 0.3409924 0.9238798
vn 0.2705946 0.2705945 0.9238816
vn 0.4193970 0.8231943 0.3826974
vn 0.6532800 0.6532800 0.3826884
vn 0.0000000 0.0000001 -1.0000000
vn 0.2705946 0.2705947 -0.9238815
vn 0.3409925 0.1736963 -0.9238797
vn 0.6532800 0.6532801 -0.3826882
vn 0.7071067 0.7071068 0.0000001
vn 0.8231943 0.4193972 -0.3826973
vn 0.8910013 0.4540008 0.0000001
vn 0.2705946 0.2705947 -0.9238815
vn 0.3409925 0.1736963 -0.9238797
vn 0.6532800 0.6532801 -0.3826882
vn 0.8231943 0.4193972 -0.3826973
vn 0.0000000 -0.0000001 1.0000000
vn 0.2705946 0.2705945 0.9238816
vn 0.3409925 0.1736961 0.9238798
vn 0.6532800 0.6532800 0.3826884
vn 0.7071067 0.7071068 0.0000001
vn 0.8231943 0.4193971 0.3826974
vn 0.8910013 0.4540008 0.0000001
vn 0.2705946 0.2705945 0.9238816
vn 0.3409925 0.1736961 0.9238798
vn 0.6532800 0.6532800 0.3826884
vn 0.8231943 0.4193971 0.3826974
vn 0.0000000 0.0000001 -1.0000000
vn 0.3409925 0.1736963 -0.9238797
vn 0.3779880 0.0598982 -0.9238708
vn 0.8231943 0.4193972 -0.3826973
vn 0.8910013 0.4540008 0.0000001
vn 0.9125019 0.1445004 -0.3827008
vn 0.9876939 0.1563991 0.0000000
vn 0.3409925 0.1736963 -0.9238797
vn 0.3779880 0.0598982 -0.9238708
vn 0.8231943 0.4193972 -0.3826973
vn 0.9125019 0.1445004 -0.3827008
vn 0.0000000 -0.0000001 1.0000000
vn 0.3409925 0.1736961 0.9238798
vn 0.3779880 0.0598980 0.9238708
vn 0.8231943 0.4193971 0.3826974
vn 0.8910013 0.4540008 0.0000001
vn 0.9125019 0.1445003 0.3827009
vn 0.9876939 0.1563991 0.0000000
vn 0.3409925 0.1736961 0.9238798
vn 0.3779880 0.0598980 0.9238708
vn 0.8231943 0.4193971 0.3826974
vn 0.9125019 0.1445003 0.3827009
vn 0.0000000 0.0000001 -1.0000000
vn 0.3779880 -0.0598980 -0.9238708
vn 0.3779880 0.0598982 -0.9238708
vn 0.9125019 -0.1445003 -0.3827009
vn 0.9125019 0.1445004 -0.3827008
vn 0.9876939 -0.1563991 -0.0000000
vn 0.9876939 0.1563991 0.0000000
vn 0.3779880 -0.0598980 -0.9238708
vn 0.3779880 0.0598982 -0.9238708
vn 0.9125019 -0.1445003 -0.3827009
vn 0.9125019 0.1445004 -0.3827008
vn 0.0000000 -0.0000001 1.0000000
vn 0.3779880 -0.0598982 0.9238708
vn 0.3779880 0.0598980 0.9238708
vn 0.9125019 -0.1445004 0.3827008
vn 0.9125019 0.1445003 0.3827009
vn 0.9876939 -0.1563991 -0.0000000
vn 0.9876939 0.1563991 0.0000000
vn 0.3779880 -0.0598982 0.9238708
vn 0.3779880 0.0598980 0.9238708
vn 0.9125019 -0.1445004 0.3827008
vn 0.9125019 0.1445003 0.3827009
vn 0.0000000 0.0000001 -1.0000000
vn 0.3409925 -0.1736961 -0.9238798
vn 0.3779880 -0.0598980 -0.9238708
vn 0.8231943 -0.4193971 -0.3826974
vn 0.8910013 -0.4540008 -0.0000001
vn 0.9125019 -0.1445003 -0.3827009
vn 0.9876939 -0.1563991 -0.0000000
vn 0.3409925 -0.1736961 -0.9238798
vn 0.3779880 -0.0598980 -0.9238708
vn 0.8231943 -0.4193971 -0.3826974
vn 0.9125019 -0.1445003 -0.3827009
vn 0.0000000 -0.0000001 1.0000000
vn 0.3409925 -0.1736963 0.9238797
vn 0.3779880 -0.0598982 0.9238708
vn 0.8231943 -0.4193972 0.3826973
vn 0.8910013 -0.4540008 -0.0000001
vn 0.9125019 -0.1445004 0.3827008
vn 0.9876939 -0.1563991 -0.0000000
vn 0.3409925 -0.1736963 0.9238797
vn 0.3779880 -0.0598982 0.9238708
vn 0.8231943 -0.4193972 0.3826973
vn 0.9125019 -0.1445004 0.3827008
vn 0.0000000 0.0000001 -1.0000000
vn 0.2705946 -0.2705945 -0.9238816
vn 0.3409925 -0.1736961 -0.9238798
vn 0.6532800 -0.6532800 -0.3826884
vn 0.7071067 -0.7071068 -0.0000001
vn 0.8231943 -0.4193971 -0.3826974
vn 0.8910013 -0.4540008 -0.0000001
vn 0.2705946 -0.2705945 -0.9238816
vn 0.3409925 -0.1736961 -0.9238798
vn 0.6532800 -0.6532800 -0.3826884
vn 0.8231943 -0.4193971 -0.3826974
vn 0.0000000 -0.0000001 1.0000000
vn 0.2705946 -0.2705947 0.9238815
vn 0.3409925 -0.1736963 0.9238797
vn 0.6532800 -0.6532801 0.3826882
vn 0.7071067 -0.7071068 -0.0000001
vn 0.8231943 -0.4193972 0.3826973
vn 0.8910013 -0.4540008 -0.0000001
vn 0.2705946 -0.2705947 0.9238815
vn 0.3409925 -0.1736963 0.9238797
vn 0.6532800 -0.6532801 0.3826882
vn 0.8231943 -0.4193972 0.3826973
vn 0.0000000 0.0000001 -1.0000000
vn 0.1736962 -0.3409924 -0.9238798
vn 0.2705946 -0.2705945 -0.9238816
vn 0.4193970 -0.8231943 -0.3826974
vn 0.4540007 -0.8910014 -0.0000001
vn 0.6532800 -0.6532800 -0.3826884
vn 0.7071067 -0.7071068 -0.0000001
vn 0.1736962 -0.3409924 -0.9238798
vn 0.2705946 -0.2705945 -0.9238816
vn 0.4193970 -0.8231943 -0.3826974
vn 0.6532800 -0.6532800 -0.3826884
vn 0.0000000 -0.0000001 1.0000000
vn 0.1736962 -0.3409926 0.9238797
vn 0.2705946 -0.2705947 0.9238815
vn 0.4193970 -0.8231944 0.3826972
vn 0.4540007 -0.8910014 -0.0000001
vn 0.6532800 -0.6532801 0.3826882
vn 0.7071067 -0.7071068 -0.0000001
vn 0.1736962 -0.3409926 0.9238797
vn 0.2705946 -0.2705947 0.9238815
vn 0.4193970 -0.8231944 0.3826972
vn 0.6532800 -0.6532801 0.3826882
vn 0.0000000 0.0000001 -1.0000000
vn 0.0598981 -0.3779879 -0.9238709
vn 0.1736962 -0.3409924 -0.9238798
vn 0.1445003 -0.9125019 -0.3827009
vn 0.1563990 -0.9876940 -0.0000001
vn 0.4193970 -0.8231943 -0.3826974
vn 0.4540007 -0.8910014 -0.0000001
vn 0.0598981 -0.3779879 -0.9238709
vn 0.1445003 -0.9125019 -0.3827009
vn 0.1736962 -0.3409924 -0.9238798
vn 0.4193970 -0.8231943 -0.3826974
vn 0.0000000 -0.0000001 1.0000000
vn 0.0598981 -0.3779882 0.9238708
vn 0.1736962 -0.3409926 0.9238797
vn 0.1445003 -0.9125020 0.3827007
vn 0.1563990 -0.9876940 -0.0000001
vn 0.4193970 -0.8231944 0.3826972
vn 0.4540007 -0.8910014 -0.0000001
vn 0.0598981 -0.3779882 0.9238708
vn 0.1445003 -0.9125020 0.3827007
vn 0.1736962 -0.3409926 0.9238797
vn 0.4193970 -0.8231944 0.3826972
vn 0.0000000 0.0000001 -1.0000000
vn 0.0598981 -0.3779879 -0.9238709
vn -0.0598981 -0.3779879 -0.9238709
vn 0.1445003 -0.9125019 -0.3827009
vn 0.1563990 -0.9876940 -0.0000001
vn -0.1445003 -0.9125019 -0.3827009
vn -0.1563990 -0.9876940 -0.0000001
vn 0.0598981 -0.3779879 -0.9238709
vn 0.1445003 -0.9125019 -0.3827009
vn -0.0598981 -0.3779879 -0.9238709
vn -0.1445003 -0.9125019 -0.3827009
vn 0.0000000 -0.0000001 1.0000000
vn 0.0598981 -0.3779882 0.9238708
vn -0.0598981 -0.3779882 0.9238708
vn 0.1445003 -0.9125020 0.3827007
vn 0.1563990 -0.9876940 -0.0000001
vn -0.1445003 -0.9125020 0.3827007
vn -0.1563990 -0.9876940 -0.0000001
vn 0.0598981 -0.3779882 0.9238708
vn 0.1445003 -0.9125020 0.3827007
vn -0.0598981 -0.3779882 0.9238708
vn -0.1445003 -0.9125020 0.3827007
vn 0.0000000 0.0000001 -1.0000000
vn -0.0598981 -0.3779879 -0.9238709
vn -0.1736962 -0.3409924 -0.9238798
vn -0.1445003 -0.9125019 -0.3827009
vn -0.1563990 -0.9876940 -0.0000001
vn -0.4193970 -0.8231943 -0.3826974
vn -0.4540007 -0.8910014 -0.0000001
vn -0.0598981 -0.3779879 -0.9238709
vn -0.1445003 -0.9125019 -0.3827009
vn -0.1736962 -0.3409924 -0.9238798
vn -0.4193970 -0.8231943 -0.3826974
vn 0.0000000 -0.0000001 1.0000000
vn -0.0598981 -0.3779882 0.9238708
vn -0.1736962 -0.3409926 0.9238797
vn -0.1445003 -0.9125020 0.3827007
vn -0.1563990 -0.9876940 -0.0000001
vn -0.4193970 -0.8231944 0.3826972
vn -0.4540007 -0.8910014 -0.0000001
vn -0.0598981 -0.3779882 0.9238708
vn -0.1445003 -0.9125020 0.3827007
vn -0.1736962 -0.3409926 0.9238797
vn -0.4193970 -0.8231944 0.3826972
vn 0.0000000 0.0000001 -1.0000000
vn -0.1736962 -0.3409924 -0.9238798
vn -0.2705946 -0.2705945 -0.9238816
vn -0.4193970 -0.8231943 -0.3826974
vn -0.4540007 -0.8910014 -0.0000001
vn -0.6532800 -0.6532800 -0.3826884
vn -0.7071067 -0.7071068 -0.0000001
vn -0.1736962 -0.3409924 -0.9238798
vn -0.2705946 -0.2705945 -0.9238816
vn -0.4193970 -0.8231943 -0.3826974
vn -0.6532800 -0.6532800 -0.3826884
vn 0.0000000 -0.0000001 1.0000000
vn -0.1736962 -0.3409926 0.9238797
vn -0.2705946 -0.2705947 0.9238815
vn -0.4193970 -0.8231944 0.3826972
vn -0.4540007 -0.8910014 -0.0000001
vn -0.6532800 -0.6532801 0.3826882
vn -0.7071067 -0.7071068 -0.0000001
vn -0.1736962 -0.3409926 0.9238797
vn -0.2705946 -0.2705947 0.9238815
vn -0.4193970 -0.8231944 0.3826972
vn -0.6532800 -0.6532801 0.3826882
vn 0.0000000 0.0000001 -1.0000000
vn -0.2705946 -0.2705945 -0.9238816
vn -0.3409925 -0.1736961 -0.9238798
vn -0.6532800 -0.6532800 -0.3826884
vn -0.7071067 -0.7071068 -0.0000001
vn -0.8231943 -0.4193971 -0.3826974
vn -0.8910013 -0.4540008 -0.0000001
vn -0.2705946 -0.2705945 -0.9238816
vn -0.3409925 -0.1736961 -0.9238798
vn -0.6532800 -0.6532800 -0.3826884
vn -0.8231943 -0.4193971 -0.3826974
vn 0.0000000 -0.0000001 1.0000000
vn -0.2705946 -0.2705947 0.9238815
vn -0.3409925 -0.1736963 0.9238797
vn -0.6532800 -0.6532801 0.3826882
vn -0.7071067 -0.7071068 -0.0000001
vn -0.8231943 -0.4193972 0.3826973
vn -0.8910013 -0.4540008 -0.0000001
vn -0.2705946 -0.2705947 0.9238815
vn -0.3409925 -0.1736963 0.9238797
vn -0.6532800 -0.6532801 0.3826882
vn -0.8231943 -0.4193972 0.3826973
vn 0.0000000 0.0000001 -1.0000000
vn -0.3409925 -0.1736961 -0.9238798
vn -0.3779880 -0.0598980 -0.9238708
vn -0.8231943 -0.4193971 -0.3826974
vn -0.8910013 -0.4540008 -0.0000001
vn -0.9125019 -0.1445003 -0.3827009
vn -0.9876939 -0.1563991 -0.0000000
vn -0.3409925 -0.1736961 -0.9238798
vn -0.3779880 -0.0598980 -0.9238708
vn -0.8231943 -0.4193971 -0.3826974
vn -0.9125019 -0.1445003 -0.3827009
vn 0.0000000 -0.0000001 1.0000000
vn -0.3409925 -0.1736963 0.9238797
vn -0.3779880 -0.0598982 0.9238708
vn -0.8231943 -0.4193972 0.3826973
vn -0.8910013 -0.4540008 -0.0000001
vn -0.9125019 -0.1445004 0.3827008
vn -0.9876939 -0.1563991 -0.0000000
vn -0.3409925 -0.1736963 0.9238797
vn -0.3779880 -0.0598982 0.9238708
vn -0.8231943 -0.4193972 0.3826973
vn -0.9125019 -0.1445004 0.3827008
vn 0.0000000 0.0000001 -1.0000000
vn -0.3779880 -0.0598980 -0.9238708
vn -0.3779880 0.0598982 -0.9238708
vn -0.9125019 -0.1445003 -0.3827009
vn -0.9125019 0.1445004 -0.3827008
vn -0.9876939 -0.1563991 -0.0000000
vn -0.9876939 0.1563991 0.0000000
vn -0.3779880 -0.0598980 -0.9238708
vn -0.3779880 0.0598982 -0.9238708
vn -0.9125019 -0.1445003 -0.3827009
vn -0.9125019 0.1445004 -0.3827008
vn 0.0000000 -0.0000001 1.0000000
vn -0.3779880 -0.0598982 0.9238708
vn -0.3779880 0.0598980 0.9238708
vn -0.9125019 -0.1445004 0.3827008
vn -0.9125019 0.1445003 0.3827009
vn -0.9876939 -0.1563991 -0.0000000
vn -0.9876939 0.1563991 0.0000000
vn -0.3779880 -0.0598982 0.9238708
vn -0.3779880 0.0598980 0.9238708
vn -0.9125019 -0.1445004 0.3827008
vn -0.9125019 0.1445003 0.3827009
vn 0.0000000 0.0000001 -1.0000000
vn -0.3409925 0.1736963 -0.9238797
vn -0.3779880 0.0598982 -0.9238708
vn -0.8231943 0.4193972 -0.3826973
vn -0.8910013 0.4540008 0.0000001
vn -0.9125019 0.1445004 -0.3827008
vn -0.9876939 0.1563991 0.0000000
vn -0.3409925 0.1736963 -0.9238797
vn -0.3779880 0.0598982 -0.9238708
vn -0.8231943 0.4193972 -0.3826973
vn -0.9125019 0.1445004 -0.3827008
vn 0.0000000 -0.0000001 1.0000000
vn -0.3409925 0.1736961 0.9238798
vn -0.3779880 0.0598980 0.9238708
vn -0.8231943 0.4193971 0.3826974
vn -0.8910013 0.4540008 0.0000001
vn -0.9125019 0.1445003 0.3827009
vn -0.9876939 0.1563991 0.0000000
vn -0.3409925 0.1736961 0.9238798
vn -0.3779880 0.0598980 0.9238708
vn -0.8231943 0.4193971 0.3826974
vn -0.9125019 0.1445003 0.3827009
vn 0.0000000 0.0000001 -1.0000000
vn -0.2705946 0.2705947 -0.9238815
vn -0.3409925 0.1736963 -0.9238797
vn -0.6532800 0.6532801 -0.3826882
vn -0.7071067 0.7071068 0.0000001
vn -0.8231943 0.4193972 -0.3826973
vn -0.8910013 0.4540008 0.0000001
vn -0.2705946 0.2705947 -0.9238815
vn -0.3409925 0.1736963 -0.9238797
vn -0.6532800 0.6532801 -0.3826882
vn -0.8231943 0.4193972 -0.3826973
vn 0.0000000 -0.0000001 1.0000000
vn -0.2705946 0.2705945 0.9238816
vn -0.3409925 0.1736961 0.9238798
vn -0.6532800 0.6532800 0.3826884
vn -0.7071067 0.7071068 0.0000001
vn -0.8231943 0.4193971 0.3826974
vn -0.8910013 0.4540008 0.0000001
vn -0.2705946 0.2705945 0.9238816
vn -0.3409925 0.1736961 0.9238798
vn -0.6532800 0.6532800 0.3826884
vn -0.8231943 0.4193971 0.3826974
vn 0.0000000 0.0000001 -1.0000000
vn -0.1736962 0.3409926 -0.9238797
vn -0.2705946 0.2705947 -0.9238815
vn -0.4193970 0.8231944 -0.3826972
vn -0.4540007 0.8910014 0.0000001
vn -0.6532800 0.6532801 -0.3826882
vn -0.7071067 0.7071068 0.0000001
vn -0.1736962 0.3409926 -0.9238797
vn -0.2705946 0.2705947 -0.9238815
vn -0.4193970 0.8231944 -0.3826972
vn -0.6532800 0.6532801 -0.3826882
vn 0.0000000 -0.0000001 1.0000000
vn -0.1736962 0.3409924 0.9238798
vn -0.2705946 0.2705945 0.9238816
vn -0.4193970 0.8231943 0.3826974
vn -0.4540007 0.8910014 0.0000001
vn -0.6532800 0.6532800 0.3826884
vn -0.7071067 0.7071068 0.0000001
vn -0.1736962 0.3409924 0.9238798
vn -0.2705946 0.2705945 0.9238816
vn -0.4193970 0.8231943 0.3826974
vn -0.6532800 0.6532800 0.3826884
vn 0.0000000 0.0000001 -1.0000000
vn -0.0598981 0.3779882 -0.9238708
vn -0.1736962 0.3409926 -0.9238797
vn -0.1445003 0.9125020 -0.3827007
vn -0.1563990 0.9876940 0.0000001
vn -0.4193970 0.8231944 -0.3826972
vn -0.4540007 0.8910014 0.0000001
vn -0.0598981 0.3779882 -0.9238708
vn -0.1445003 0.9125020 -0.3827007
vn -0.1736962 0.3409926 -0.9238797
vn -0.4193970 0.8231944 -0.3826972
vn 0.0000000 -0.0000001 1.0000000
vn -0.0598981 0.3779879 0.9238709
vn -0.1736962 0.3409924 0.9238798
vn -0.1445003 0.9125019 0.3827009
vn -0.1563990 0.9876940 0.0000001
vn -0.4193970 0.8231943 0.3826974
vn -0.4540007 0.8910014 0.0000001
vn -0.0598981 0.3779879 0.9238709
vn -0.1445003 0.9125019 0.3827009
vn -0.1736962 0.3409924 0.9238798
vn -0.4193970 0.8231943 0.3826974
f 1951/1951/1951 1962/1962/1962 1546/1546/1546
f 1951/1951/1951 1546/1546/1546 1535/1535/1535
f 1579/1579/1579 1590/1590/1590 1610/1610/1610
f 1579/1579/1579 1610/1610/1610 1599/1599/1599
f 1601/1601/1601 1612/1612/1612 1632/1632/1632
f 1601/1601/1601 1632/1632/1632 1621/1621/1621
f 1623/1623/1623 1634/1634/1634 1656/1656/1656
f 1623/1623/1623 1656/1656/1656 1645/1645/1645
f 1644/1644/1644 1655/1655/1655 1678/1678/1678
f 1644/1644/1644 1678/1678/1678 1667/1667/1667
f 1665/1665/1665 1676/1676/1676 1700/1700/1700
f 1665/1665/1665 1700/1700/1700 1689/1689/1689
f 1687/1687/1687 1698/1698/1698 1722/1722/1722
f 1687/1687/1687 1722/1722/1722 1711/1711/1711
f 1709/1709/1709 1720/1720/1720 1744/1744/1744
f 1709/1709/1709 1744/1744/1744 1733/1733/1733
f 1731/1731/1731 1742/1742/1742 1764/1764/1764
f 1731/1731/1731 1764/1764/1764 1753/1753/1753
f 1755/1755/1755 1766/1766/1766 1786/1786/1786
f 1755/1755/1755 1786/1786/1786 1775/1775/1775
f 1777/1777/1777 1788/1788/1788 1808/1808/1808
f 1777/1777/1777 1808/1808/1808 1797/1797/1797
f 1799/1799/1799 1810/1810/1810 1830/1830/1830
f 1799/1799/1799 1830/1830/1830 1819/1819/1819
f 1821/1821/1821 1832/1832/1832 1852/1852/1852
f 1821/1821/1821 1852/1852/1852 1841/1841/1841
f 1843/1843/1843 1854/1854/1854 1875/1875/1875
f 1843/1843/1843 1875/1875/1875 1864/1864/1864
f 1865/1865/1865 1876/1876/1876 1898/1898/1898
f 1865/1865/1865 1898/1898/1898 1887/1887/1887
f 1885/1885/1885 1896/1896/1896 1920/1920/1920
f 1885/1885/1885 1920/1920/1920 1909/1909/1909
f 1907/1907/1907 1918/1918/1918 1942/1942/1942
f 1907/1907/1907 1942/1942/1942 1931/1931/1931
f 1929/1929/1929 1940/1940/1940 1964/1964/1964
f 1929/1929/1929 1964/1964/1964 1953/1953/1953
f 1557/1557/1557 1568/1568/1568 1588/1588/1588
f 1557/1557/1557 1588/1588/1588 1577/1577/1577
f 1584/1584/1584 1562/1562/1562 1540/1540/1540
f 1540/1540/1540 1958/1958/1958 1936/1936/1936
f 1936/1936/1936 1914/1914/1914 1892/1892/1892
f 1892/1892/1892 1870/1870/1870 1848/1848/1848
f 1848/1848/1848 1826/1826/1826 1804/1804/1804
f 1804/1804/1804 1782/1782/1782 1760/1760/1760
f 1760/1760/1760 1738/1738/1738 1716/1716/1716
f 1716/1716/1716 1694/1694/1694 1672/1672/1672
f 1672/1672/1672 1650/1650/1650 1628/1628/1628
f 1628/1628/1628 1606/1606/1606 1584/1584/1584
f 1584/1584/1584 1540/1540/1540 1936/1936/1936
f 1936/1936/1936 1892/1892/1892 1848/1848/1848
f 1848/1848/1848 1804/1804/1804 1760/1760/1760
f 1760/1760/1760 1716/1716/1716 1672/1672/1672
f 1672/1672/1672 1628/1628/1628 1584/1584/1584
f 1584/1584/1584 1936/1936/1936 1848/1848/1848
f 1848/1848/1848 1760/1760/1760 1672/1672/1672
f 1848/1848/1848 1672/1672/1672 1584/1584/1584
f 1533/1533/1533 1544/1544/1544 1566/1566/1566
f 1533/1533/1533 1566/1566/1566 1555/1555/1555
f 1532/1532/1532 1554/1554/1554 1559/1559/1559
f 1532/1532/1532 1559/1559/1559 1537/1537/1537
f 1536/1536/1536 1558/1558/1558 1552/1552/1552
f 1536/1536/1536 1552/1552/1552 1530/1530/1530
f 1565/1565/1565 1543/1543/1543 1548/1548/1548
f 1565/1565/1565 1548/1548/1548 1570/1570/1570
f 1569/1569/1569 1547/1547/1547 1541/1541/1541
f 1569/1569/1569 1541/1541/1541 1563/1563/1563
f 1556/1556/1556 1576/1576/1576 1582/1582/1582
f 1556/1556/1556 1582/1582/1582 1561/1561/1561
f 1560/1560/1560 1580/1580/1580 1574/1574/1574
f 1560/1560/1560 1574/1574/1574 1553/1553/1553
f 1587/1587/1587 1567/1567/1567 1572/1572/1572
f 1587/1587/1587 1572/1572/1572 1593/1593/1593
f 1591/1591/1591 1571/1571/1571 1564/1564/1564
f 1591/1591/1591 1564/1564/1564 1585/1585/1585
f 1578/1578/1578 1598/1598/1598 1604/1604/1604
f 1578/1578/1578 1604/1604/1604 1583/1583/1583
f 1581/1581/1581 1602/1602/1602 1596/1596/1596
f 1581/1581/1581 1596/1596/1596 1575/1575/1575
f 1609/1609/1609 1589/1589/1589 1594/1594/1594
f 1609/1609/1609 1594/1594/1594 1615/1615/1615
f 1613/1613/1613 1592/1592/1592 1586/1586/1586
f 1613/1613/1613 1586/1586/1586 1607/1607/1607
f 1600/1600/1600 1620/1620/1620 1626/1626/1626
f 1600/1600/1600 1626/1626/1626 1605/1605/1605
f 1603/1603/1603 1624/1624/1624 1618/1618/1618
f 1603/1603/1603 1618/1618/1618 1597/1597/1597
f 1631/1631/1631 1611/1611/1611 1616/1616/1616
f 1631/1631/1631 1616/1616/1616 1637/1637/1637
f 1635/1635/1635 1614/1614/1614 1608/1608/1608
f 1635/1635/1635 1608/1608/1608 1629/1629/1629
f 1622/1622/1622 1643/1643/1643 1649/1649/1649
f 1622/1622/1622 1649/1649/1649 1627/1627/1627
f 1625/1625/1625 1647/1647/1647 1641/1641/1641
f 1625/1625/1625 1641/1641/1641 1619/1619/1619
f 1654/1654/1654 1633/1633/1633 1638/1638/1638
f 1654/1654/1654 1638/1638/1638 1660/1660/1660
f 1658/1658/1658 1636/1636/1636 1630/1630/1630
f 1658/1658/1658 1630/1630/1630 1652/1652/1652
f 1642/1642/1642 1666/1666/1666 1671/1671/1671
f 1642/1642/1642 1671/1671/1671 1648/1648/1648
f 1646/1646/1646 1669/1669/1669 1663/1663/1663
f 1646/1646/1646 1663/1663/1663 1640/1640/1640
f 1677/1677/1677 1653/1653/1653 1659/1659/1659
f 1677/1677/1677 1659/1659/1659 1682/1682/1682
f 1680/1680/1680 1657/1657/1657 1651/1651/1651
f 1680/1680/1680 1651/1651/1651 1674/1674/1674
f 1664/1664/1664 1688/1688/1688 1693/1693/1693
f 1664/1664/1664 1693/1693/1693 1670/1670/1670
f 1668/1668/1668 1691/1691/1691 1685/1685/1685
f 1668/1668/1668 1685/1685/1685 1662/1662/1662
f 1699/1699/1699 1675/1675/1675 1681/1681/1681
f 1699/1699/1699 1681/1681/1681 1704/1704/1704
f 1702/1702/1702 1679/1679/1679 1673/1673/1673
f 1702/1702/1702 1673/1673/1673 1696/1696/1696
f 1686/1686/1686 1710/1710/1710 1715/1715/1715
f 1686/1686/1686 1715/1715/1715 1692/1692/1692
f 1690/1690/1690 1713/1713/1713 1707/1707/1707
f 1690/1690/1690 1707/1707/1707 1684/1684/1684
f 1721/1721/1721 1697/1697/1697 1703/1703/1703
f 1721/1721/1721 1703/1703/1703 1726/1726/1726
f 1724/1724/1724 1701/1701/1701 1695/1695/1695
f 1724/1724/1724 1695/1695/1695 1718/1718/1718
f 1708/1708/1708 1732/1732/1732 1737/1737/1737
f 1708/1708/1708 1737/1737/1737 1714/1714/1714
f 1712/1712/1712 1736/1736/1736 1729/1729/1729
f 1712/1712/1712 1729/1729/1729 1706/1706/1706
f 1743/1743/1743 1719/1719/1719 1725/1725/1725
f 1743/1743/1743 1725/1725/1725 1748/1748/1748
f 1747/1747/1747 1723/1723/1723 1717/1717/1717
f 1747/1747/1747 1717/1717/1717 1740/1740/1740
f 1730/1730/1730 1752/1752/1752 1757/1757/1757
f 1730/1730/1730 1757/1757/1757 1735/1735/1735
f 1734/1734/1734 1756/1756/1756 1750/1750/1750
f 1734/1734/1734 1750/1750/1750 1728/1728/1728
f 1763/1763/1763 1741/1741/1741 1746/1746/1746
f 1763/1763/1763 1746/1746/1746 1768/1768/1768
f 1767/1767/1767 1745/1745/1745 1739/1739/1739
f 1767/1767/1767 1739/1739/1739 1761/1761/1761
f 1754/1754/1754 1774/1774/1774 1779/1779/1779
f 1754/1754/1754 1779/1779/1779 1759/1759/1759
f 1758/1758/1758 1778/1778/1778 1772/1772/1772
f 1758/1758/1758 1772/1772/1772 1751/1751/1751
f 1785/1785/1785 1765/1765/1765 1770/1770/1770
f 1785/1785/1785 1770/1770/1770 1790/1790/1790
f 1789/1789/1789 1769/1769/1769 1762/1762/1762
f 1789/1789/1789 1762/1762/1762 1783/1783/1783
f 1776/1776/1776 1796/1796/1796 1802/1802/1802
f 1776/1776/1776 1802/1802/1802 1781/1781/1781
f 1780/1780/1780 1800/1800/1800 1794/1794/1794
f 1780/1780/1780 1794/1794/1794 1773/1773/1773
f 1807/1807/1807 1787/1787/1787 1792/1792/1792
f 1807/1807/1807 1792/1792/1792 1813/1813/1813
f 1811/1811/1811 1791/1791/1791 1784/1784/1784
f 1811/1811/1811 1784/1784/1784 1805/1805/1805
f 1798/1798/1798 1818/1818/1818 1824/1824/1824
f 1798/1798/1798 1824/1824/1824 1803/1803/1803
f 1801/1801/1801 1822/1822/1822 1816/1816/1816
f 1801/1801/1801 1816/1816/1816 1795/1795/1795
f 1829/1829/1829 1809/1809/1809 1814/1814/1814
f 1829/1829/1829 1814/1814/1814 1835/1835/1835
f 1833/1833/1833 1812/1812/1812 1806/1806/1806
f 1833/1833/1833 1806/1806/1806 1827/1827/1827
f 1820/1820/1820 1840/1840/1840 1846/1846/1846
f 1820/1820/1820 1846/1846/1846 1825/1825/1825
f 1823/1823/1823 1844/1844/1844 1838/1838/1838
f 1823/1823/1823 1838/1838/1838 1817/1817/1817
f 1851/1851/1851 1831/1831/1831 1836/1836/1836
f 1851/1851/1851 1836/1836/1836 1857/1857/1857
f 1855/1855/1855 1834/1834/1834 1828/1828/1828
f 1855/1855/1855 1828/1828/1828 1849/1849/1849
f 1842/1842/1842 1862/1862/1862 1868/1868/1868
f 1842/1842/1842 1868/1868/1868 1847/1847/1847
f 1845/1845/1845 1866/1866/1866 1860/1860/1860
f 1845/1845/1845 1860/1860/1860 1839/1839/1839
f 1873/1873/1873 1853/1853/1853 1858/1858/1858
f 1873/1873/1873 1858/1858/1858 1879/1879/1879
f 1877/1877/1877 1856/1856/1856 1850/1850/1850
f 1877/1877/1877 1850/1850/1850 1871/1871/1871
f 1863/1863/1863 1886/1886/1886 1891/1891/1891
f 1863/1863/1863 1891/1891/1891 1869/1869/1869
f 1867/1867/1867 1889/1889/1889 1883/1883/1883
f 1867/1867/1867 1883/1883/1883 1861/1861/1861
f 1897/1897/1897 1874/1874/1874 1880/1880/1880
f 1897/1897/1897 1880/1880/1880 1902/1902/1902
f 1900/1900/1900 1878/1878/1878 1872/1872/1872
f 1900/1900/1900 1872/1872/1872 1894/1894/1894
f 1884/1884/1884 1908/1908/1908 1913/1913/1913
f 1884/1884/1884 1913/1913/1913 1890/1890/1890
f 1888/1888/1888 1911/1911/1911 1905/1905/1905
f 1888/1888/1888 1905/1905/1905 1882/1882/1882
f 1919/1919/1919 1895/1895/1895 1901/1901/1901
f 1919/1919/1919 1901/1901/1901 1924/1924/1924
f 1922/1922/1922 1899/1899/1899 1893/1893/1893
f 1922/1922/1922 1893/1893/1893 1916/1916/1916
f 1906/1906/1906 1930/1930/1930 1935/1935/1935
f 1906/1906/1906 1935/1935/1935 1912/1912/1912
f 1910/1910/1910 1933/1933/1933 1927/1927/1927
f 1910/1910/1910 1927/1927/1927 1904/1904/1904
f 1941/1941/1941 1917/1917/1917 1923/1923/1923
f 1941/1941/1941 1923/1923/1923 1946/1946/1946
f 1944/1944/1944 1921/1921/1921 1915/1915/1915
f 1944/1944/1944 1915/1915/1915 1938/1938/1938
f 1928/1928/1928 1952/1952/1952 1957/1957/1957
f 1928/1928/1928 1957/1957/1957 1934/1934/1934
f 1932/1932/1932 1956/1956/1956 1949/1949/1949
f 1932/1932/1932 1949/1949/1949 1926/1926/1926
f 1963/1963/1963 1939/1939/1939 1945/1945/1945
f 1963/1963/1963 1945/1945/1945 1968/1968/1968
f 1967/1967/1967 1943/1943/1943 1937/1937/1937
f 1967/1967/1967 1937/1937/1937 1960/1960/1960
f 1950/1950/1950 1534/1534/1534 1539/1539/1539
f 1950/1950/1950 1539/1539/1539 1955/1955/1955
f 1954/1954/1954 1538/1538/1538 1531/1531/1531
f 1954/1954/1954 1531/1531/1531 1948/1948/1948
f 1545/1545/1545 1961/1961/1961 1966/1966/1966
f 1545/1545/1545 1966/1966/1966 1550/1550/1550
f 1549/1549/1549 1965/1965/1965 1959/1959/1959
f 1549/1549/1549 1959/1959/1959 1542/1542/1542
f 1947/1947/1947 1529/1529/1529 1551/1551/1551
f 1551/1551/1551 1573/1573/1573 1595/1595/1595
f 1595/1595/1595 1617/1617/1617 1639/1639/1639
f 1639/1639/1639 1661/1661/1661 1683/1683/1683
f 1683/1683/1683 1705/1705/1705 1727/1727/1727
f 1727/1727/1727 1749/1749/1749 1771/1771/1771
f 1771/1771/1771 1793/1793/1793 1815/1815/1815
f 1815/1815/1815 1837/1837/1837 1859/1859/1859
f 1859/1859/1859 1881/1881/1881 1903/1903/1903
f 1903/1903/1903 1925/1925/1925 1947/1947/1947
f 1947/1947/1947 1551/1551/1551 1595/1595/1595
f 1595/1595/1595 1639/1639/1639 1683/1683/1683
f 1683/1683/1683 1727/1727/1727 1771/1771/1771
f 1771/1771/1771 1815/1815/1815 1859/1859/1859
f 1859/1859/1859 1903/1903/1903 1947/1947/1947
f 1947/1947/1947 1595/1595/1595 1683/1683/1683
f 1683/1683/1683 1771/1771/1771 1859/1859/1859
f 1683/1683/1683 1859/1859/1859 1947/1947/1947
o Pistol_grip_0
usemtl Polymer_Black
v -0.0336000 -0.3114543 0.0539924
v -0.0336000 -0.3114543 0.0539924
v -0.0336000 -0.3114543 0.0539924
v -0.0336000 -0.3114543 0.0539924
v -0.0336000 -0.2793435 0.0730402
v -0.0336000 -0.2793435 0.0730402
v -0.0336000 -0.2793435 0.0730402
v -0.0336000 -0.2793435 0.0730402
v -0.0600000 -0.2858750 0.0474609
v -0.0600000 -0.2858750 0.0474609
v -0.0600000 -0.2858750 0.0474609
v -0.0600000 -0.2858750 0.0474609
v -0.0336000 -0.2993438 0.0701667
v -0.0336000 -0.2993438 0.0701667
v -0.0336000 -0.2993438 0.0701667
v -0.0336000 -0.2993438 0.0701667
v -0.0488420 -0.2968722 0.0660001
v -0.0488420 -0.2968722 0.0660001
v -0.0488420 -0.2968722 0.0660001
v -0.0522676 -0.2812565 0.0655482
v -0.0522676 -0.2812565 0.0655482
v -0.0522676 -0.2812565 0.0655482
v -0.0522676 -0.2812565 0.0655482
v -0.0522676 -0.3039622 0.0520794
v -0.0522676 -0.3039622 0.0520794
v -0.0522676 -0.3039622 0.0520794
v -0.0522676 -0.3039622 0.0520794
v -0.0336000 -0.0010719 0.0019858
v -0.0336000 -0.0010719 0.0019858
v -0.0336000 -0.0010719 0.0019858
v -0.0336000 -0.0010719 0.0019858
v -0.0336000 0.0179760 -0.0301250
v -0.0336000 0.0179760 -0.0301250
v -0.0336000 0.0179760 -0.0301250
v -0.0336000 0.0179760 -0.0301250
v -0.0600000 -0.0076033 -0.0235935
v -0.0600000 -0.0076033 -0.0235935
v -0.0600000 -0.0076033 -0.0235935
v -0.0600000 -0.0076033 -0.0235935
v -0.0336000 0.0151024 -0.0101247
v -0.0336000 0.0151024 -0.0101247
v -0.0336000 0.0151024 -0.0101247
v -0.0336000 0.0151024 -0.0101247
v -0.0488420 0.0109358 -0.0125962
v -0.0488420 0.0109358 -0.0125962
v -0.0488420 0.0109358 -0.0125962
v -0.0522676 0.0104840 -0.0282120
v -0.0522676 0.0104840 -0.0282120
v -0.0522676 0.0104840 -0.0282120
v -0.0522676 0.0104840 -0.0282120
v -0.0522676 -0.0029849 -0.0055062
v -0.0522676 -0.0029849 -0.0055062
v -0.0522676 -0.0029849 -0.0055062
v -0.0522676 -0.0029849 -0.0055062
v -0.0336000 -0.3379760 -0.0498750
v -0.0336000 -0.3379760 -0.0498750
v -0.0336000 -0.3379760 -0.0498750
v -0.0336000 -0.3379760 -0.0498750
v -0.0600000 -0.3123967 -0.0564065
v -0.0600000 -0.3123967 -0.0564065
v -0.0600000 -0.3123967 -0.0564065
v -0.0600000 -0.3123967 -0.0564065
v -0.0336000 -0.3189281 -0.0819858
v -0.0336000 -0.3189281 -0.0819858
v -0.0336000 -0.3189281 -0.0819858
v -0.0336000 -0.3189281 -0.0819858
v -0.0522676 -0.3304840 -0.0517880
v -0.0522676 -0.3304840 -0.0517880
v -0.0522676 -0.3304840 -0.0517880
v -0.0522676 -0.3304840 -0.0517880
v -0.0488420 -0.3309358 -0.0674037
v -0.0488420 -0.3309358 -0.0674037
v -0.0488420 -0.3309358 -0.0674037
v -0.0522676 -0.3170151 -0.0744938
v -0.0522676 -0.3170151 -0.0744938
v -0.0522676 -0.3170151 -0.0744938
v -0.0522676 -0.3170151 -0.0744938
v -0.0336000 -0.3351024 -0.0698753
v -0.0336000 -0.3351024 -0.0698753
v -0.0336000 -0.3351024 -0.0698753
v -0.0336000 -0.3351024 -0.0698753
v -0.0336000 -0.0085457 -0.1339924
v -0.0336000 -0.0085457 -0.1339924
v -0.0336000 -0.0085457 -0.1339924
v -0.0336000 -0.0085457 -0.1339924
v -0.0336000 -0.0406565 -0.1530402
v -0.0336000 -0.0406565 -0.1530402
v -0.0336000 -0.0406565 -0.1530402
v -0.0336000 -0.0406565 -0.1530402
v -0.0600000 -0.0341250 -0.1274609
v -0.0600000 -0.0341250 -0.1274609
v -0.0600000 -0.0341250 -0.1274609
v -0.0600000 -0.0341250 -0.1274609
v -0.0336000 -0.0206562 -0.1501667
v -0.0336000 -0.0206562 -0.1501667
v -0.0336000 -0.0206562 -0.1501667
v -0.0336000 -0.0206562 -0.1501667
v -0.0488420 -0.0231278 -0.1460001
v -0.0488420 -0.0231278 -0.1460001
v -0.0488420 -0.0231278 -0.1460001
v -0.0522676 -0.0387435 -0.1455482
v -0.0522676 -0.0387435 -0.1455482
v -0.0522676 -0.0387435 -0.1455482
v -0.0522676 -0.0387435 -0.1455482
v -0.0522676 -0.0160378 -0.1320794
v -0.0522676 -0.0160378 -0.1320794
v -0.0522676 -0.0160378 -0.1320794
v -0.0522676 -0.0160378 -0.1320794
v 0.0336000 -0.3114543 0.0539924
v 0.0336000 -0.3114543 0.0539924
v 0.0336000 -0.3114543 0.0539924
v 0.0336000 -0.3114543 0.0539924
v 0.0600000 -0.2858750 0.0474609
v 0.0600000 -0.2858750 0.0474609
v 0.0600000 -0.2858750 0.0474609
v 0.0600000 -0.2858750 0.0474609
v 0.0336000 -0.2793435 0.0730402
v 0.0336000 -0.2793435 0.0730402
v 0.0336000 -0.2793435 0.0730402
v 0.0336000 -0.2793435 0.0730402
v 0.0522676 -0.3039622 0.0520794
v 0.0522676 -0.3039622 0.0520794
v 0.0522676 -0.3039622 0.0520794
v 0.0522676 -0.3039622 0.0520794
v 0.0488420 -0.2968722 0.0660001
v 0.0488420 -0.2968722 0.0660001
v 0.0488420 -0.2968722 0.0660001
v 0.0522676 -0.2812565 0.0655482
v 0.0522676 -0.2812565 0.0655482
v 0.0522676 -0.2812565 0.0655482
v 0.0522676 -0.2812565 0.0655482
v 0.0336000 -0.2993438 0.0701667
v 0.0336000 -0.2993438 0.0701667
v 0.0336000 -0.2993438 0.0701667
v 0.0336000 -0.2993438 0.0701667
v 0.0336000 0.0179760 -0.0301250
v 0.0336000 0.0179760 -0.0301250
v 0.0336000 0.0179760 -0.0301250
v 0.0336000 0.0179760 -0.0301250
v 0.0336000 -0.0010719 0.0019858
v 0.0336000 -0.0010719 0.0019858
v 0.0336000 -0.0010719 0.0019858
v 0.0336000 -0.0010719 0.0019858
v 0.0600000 -0.0076033 -0.0235935
v 0.0600000 -0.0076033 -0.0235935
v 0.0600000 -0.0076033 -0.0235935
v 0.0600000 -0.0076033 -0.0235935
v 0.0336000 0.0151024 -0.0101247
v 0.0336000 0.0151024 -0.0101247
v 0.0336000 0.0151024 -0.0101247
v 0.0336000 0.0151024 -0.0101247
v 0.0488420 0.0109358 -0.0125962
v 0.0488420 0.0109358 -0.0125962
v 0.0488420 0.0109358 -0.0125962
v 0.0522676 -0.0029849 -0.0055062
v 0.0522676 -0.0029849 -0.0055062
v 0.0522676 -0.0029849 -0.0055062
v 0.0522676 -0.0029849 -0.0055062
v 0.0522676 0.0104840 -0.0282120
v 0.0522676 0.0104840 -0.0282120
v 0.0522676 0.0104840 -0.0282120
v 0.0522676 0.0104840 -0.0282120
v 0.0336000 -0.3379760 -0.0498750
v 0.0336000 -0.3379760 -0.0498750
v 0.0336000 -0.3379760 -0.0498750
v 0.0336000 -0.3379760 -0.0498750
v 0.0336000 -0.3189281 -0.0819858
v 0.0336000 -0.3189281 -0.0819858
v 0.0336000 -0.3189281 -0.0819858
v 0.0336000 -0.3189281 -0.0819858
v 0.0600000 -0.3123967 -0.0564065
v 0.0600000 -0.3123967 -0.0564065
v 0.0600000 -0.3123967 -0.0564065
v 0.0600000 -0.3123967 -0.0564065
v 0.0336000 -0.3351024 -0.0698753
v 0.0336000 -0.3351024 -0.0698753
v 0.0336000 -0.3351024 -0.0698753
v 0.0336000 -0.3351024 -0.0698753
v 0.0488420 -0.3309358 -0.0674037
v 0.0488420 -0.3309358 -0.0674037
v 0.0488420 -0.3309358 -0.0674037
v 0.0522676 -0.3170151 -0.0744938
v 0.0522676 -0.3170151 -0.0744938
v 0.0522676 -0.3170151 -0.0744938
v 0.0522676 -0.3170151 -0.0744938
v 0.0522676 -0.3304840 -0.0517880
v 0.0522676 -0.3304840 -0.0517880
v 0.0522676 -0.3304840 -0.0517880
v 0.0522676 -0.3304840 -0.0517880
v 0.0336000 -0.0085457 -0.1339924
v 0.0336000 -0.0085457 -0.1339924
v 0.0336000 -0.0085457 -0.1339924
v 0.0336000 -0.0085457 -0.1339924
v 0.0600000 -0.0341250 -0.1274609
v 0.0600000 -0.0341250 -0.1274609
v 0.0600000 -0.0341250 -0.1274609
v 0.0600000 -0.0341250 -0.1274609
v 0.0336000 -0.0406565 -0.1530402
v 0.0336000 -0.0406565 -0.1530402
v 0.0336000 -0.0406565 -0.1530402
v 0.0336000 -0.0406565 -0.1530402
v 0.0522676 -0.0160378 -0.1320794
v 0.0522676 -0.0160378 -0.1320794
v 0.0522676 -0.0160378 -0.1320794
v 0.0522676 -0.0160378 -0.1320794
v 0.0488420 -0.0231278 -0.1460001
v 0.0488420 -0.0231278 -0.1460001
v 0.0488420 -0.0231278 -0.1460001
v 0.0522676 -0.0387435 -0.1455482
v 0.0522676 -0.0387435 -0.1455482
v 0.0522676 -0.0387435 -0.1455482
v 0.0522676 -0.0387435 -0.1455482
v 0.0336000 -0.0206562 -0.1501667
v 0.0336000 -0.0206562 -0.1501667
v 0.0336000 -0.0206562 -0.1501667
v 0.0336000 -0.0206562 -0.1501667
vt 0.1800000 0.2912501
vt 0.1800000 0.2912501
vt 0.1800000 0.2912501
vt 0.1800000 0.2912501
vt 0.3944118 0.0550000
vt 0.3944118 0.0550000
vt 0.3944118 0.0550000
vt 0.3944118 0.0550000
vt 0.3944118 0.9587500
vt 0.3944118 0.9587500
vt 0.3944118 0.9587500
vt 0.3944118 0.9587500
vt 0.3750000 0.0550000
vt 0.1800000 0.2500000
vt 0.3750000 0.0550000
vt 0.1800000 0.2500000
vt 0.3832044 0.0000000
vt 0.1482458 0.2500000
vt 0.3750000 0.9825656
vt 0.3944118 0.0000000
vt 0.3944118 0.0000000
vt 0.3944118 1.0000000
vt 0.3944118 1.0000000
vt 0.1250000 0.2912501
vt 0.1250000 0.2912501
vt 0.3750000 0.9587500
vt 0.3750000 0.9587500
vt 0.6055882 0.0550000
vt 0.6055882 0.0550000
vt 0.6055882 0.0550000
vt 0.6055882 0.0550000
vt 0.8200001 0.2912500
vt 0.8200001 0.2912500
vt 0.8200001 0.2912500
vt 0.8200001 0.2912500
vt 0.6055883 0.9587500
vt 0.6055883 0.9587500
vt 0.6055883 0.9587500
vt 0.6055883 0.9587500
vt 0.6250000 0.0550000
vt 0.8200001 0.2500000
vt 0.6250000 0.0550000
vt 0.8200001 0.2500000
vt 0.6250000 0.0232458
vt 0.8750000 0.2674343
vt 0.6167956 1.0000000
vt 0.8750000 0.2912500
vt 0.8750000 0.2912500
vt 0.6250000 0.9587500
vt 0.6250000 0.9587500
vt 0.6055882 0.0000000
vt 0.6055882 0.0000000
vt 0.6055882 1.0000000
vt 0.6055882 1.0000000
vt 0.1800000 0.4587500
vt 0.1800000 0.4587500
vt 0.1800000 0.4587500
vt 0.1800000 0.4587500
vt 0.3944117 0.7912500
vt 0.3944117 0.7912500
vt 0.3944117 0.7912500
vt 0.3944117 0.7912500
vt 0.3944117 0.6950001
vt 0.3944117 0.6950001
vt 0.3944117 0.6950001
vt 0.3944117 0.6950001
vt 0.1250000 0.4587500
vt 0.1250000 0.4587500
vt 0.3750000 0.7912500
vt 0.3750000 0.7912500
vt 0.3750000 0.7267542
vt 0.1250000 0.4825656
vt 0.3832044 0.7500000
vt 0.3944118 0.7500000
vt 0.3944118 0.7500000
vt 0.3944118 0.7500000
vt 0.3944118 0.7500000
vt 0.3750000 0.6950000
vt 0.1800000 0.5000000
vt 0.3750000 0.6950000
vt 0.1800000 0.5000000
vt 0.8200000 0.4587500
vt 0.8200000 0.4587500
vt 0.8200000 0.4587500
vt 0.8200000 0.4587500
vt 0.6055882 0.6949999
vt 0.6055882 0.6949999
vt 0.6055882 0.6949999
vt 0.6055882 0.6949999
vt 0.6055883 0.7912500
vt 0.6055883 0.7912500
vt 0.6055883 0.7912500
vt 0.6055883 0.7912500
vt 0.6250000 0.6950000
vt 0.8200000 0.5000000
vt 0.6250000 0.6950000
vt 0.8200000 0.5000000
vt 0.6167956 0.7500000
vt 0.8517543 0.5000000
vt 0.6250000 0.7674344
vt 0.6055882 0.7500000
vt 0.6055882 0.7500000
vt 0.6055882 0.7500000
vt 0.6055882 0.7500000
vt 0.8750000 0.4587500
vt 0.8750000 0.4587500
vt 0.6250000 0.7912500
vt 0.6250000 0.7912500
vt 0.3200000 0.2912500
vt 0.3200000 0.2912500
vt 0.3200000 0.2912500
vt 0.3200000 0.2912500
vt 0.3944117 0.2912501
vt 0.3944117 0.2912501
vt 0.3944117 0.2912501
vt 0.3944117 0.2912501
vt 0.3944117 0.1950000
vt 0.3944117 0.1950000
vt 0.3944117 0.1950000
vt 0.3944117 0.1950000
vt 0.3750000 0.2912500
vt 0.3750000 0.2912500
vt 0.3750000 0.2912501
vt 0.3750000 0.2912500
vt 0.3777348 0.2480628
vt 0.3777348 0.2480628
vt 0.3777348 0.2480628
vt 0.3944118 0.2500000
vt 0.3944118 0.2500000
vt 0.3944118 0.2500000
vt 0.3944118 0.2500000
vt 0.3750000 0.1950000
vt 0.3200000 0.2500000
vt 0.3750000 0.1950000
vt 0.3200000 0.2500000
vt 0.6799999 0.2912501
vt 0.6799999 0.2912501
vt 0.6799999 0.2912501
vt 0.6799999 0.2912501
vt 0.6055882 0.1950000
vt 0.6055882 0.1950000
vt 0.6055882 0.1950000
vt 0.6055882 0.1950000
vt 0.6055883 0.2912499
vt 0.6055883 0.2912499
vt 0.6055883 0.2912499
vt 0.6055883 0.2912499
vt 0.6250000 0.1950000
vt 0.6800001 0.2500000
vt 0.6250000 0.1950000
vt 0.6800001 0.2500000
vt 0.6300138 0.2558115
vt 0.6300138 0.2558115
vt 0.6300138 0.2558115
vt 0.6055882 0.2500000
vt 0.6055882 0.2500000
vt 0.6055882 0.2499999
vt 0.6055882 0.2500000
vt 0.6250000 0.2912501
vt 0.6250000 0.2912500
vt 0.6250000 0.2912500
vt 0.6250000 0.2912500
vt 0.3200000 0.4587500
vt 0.3200000 0.4587500
vt 0.3200000 0.4587500
vt 0.3200000 0.4587500
vt 0.3944118 0.5550000
vt 0.3944118 0.5550000
vt 0.3944118 0.5550000
vt 0.3944118 0.5550000
vt 0.3944118 0.4587499
vt 0.3944118 0.4587499
vt 0.3944118 0.4587499
vt 0.3944118 0.4587499
vt 0.3750000 0.5550000
vt 0.3200000 0.5000000
vt 0.3750000 0.5550000
vt 0.3200000 0.5000000
vt 0.3699862 0.4941885
vt 0.3699862 0.4941885
vt 0.3699862 0.4941885
vt 0.3944118 0.5000000
vt 0.3944118 0.5000000
vt 0.3944118 0.5000000
vt 0.3944118 0.5000000
vt 0.3750000 0.4587500
vt 0.3750000 0.4587500
vt 0.3750000 0.4587500
vt 0.3750000 0.4587500
vt 0.6800000 0.4587500
vt 0.6800000 0.4587500
vt 0.6800000 0.4587500
vt 0.6800000 0.4587500
vt 0.6055883 0.4587499
vt 0.6055883 0.4587499
vt 0.6055883 0.4587499
vt 0.6055883 0.4587499
vt 0.6055882 0.5550000
vt 0.6055882 0.5550000
vt 0.6055882 0.5550000
vt 0.6055882 0.5550000
vt 0.6250000 0.4587500
vt 0.6250000 0.4587500
vt 0.6250000 0.4587500
vt 0.6250000 0.4587500
vt 0.6222652 0.5019372
vt 0.6222652 0.5019372
vt 0.6222652 0.5019372
vt 0.6055882 0.5000000
vt 0.6055882 0.5000000
vt 0.6055882 0.5000000
vt 0.6055882 0.5000000
vt 0.6250000 0.5550000
vt 0.6800001 0.5000000
vt 0.6250000 0.5550000
vt 0.6800001 0.5000000
vn 0.0000000 -0.8004764 0.5993642
vn 0.0000000 -0.9689124 0.2474040
vn -0.3250835 -0.7800204 0.5346858
vn -0.3826903 -0.8951556 0.2285708
vn 0.0000000 0.2474040 0.9689124
vn 0.0000000 -0.1422226 0.9898347
vn -0.3250835 -0.0952691 0.9408743
vn -0.3826903 0.2285708 0.8951556
vn -0.8880549 -0.2345505 0.3954044
vn -0.9238767 0.0946791 0.3707934
vn -0.9238767 -0.3707934 0.0946791
vn -1.0000000 0.0000000 0.0000000
vn 0.0000000 -0.1422226 0.9898347
vn 0.0000000 -0.8004764 0.5993642
vn -0.3250835 -0.0952691 0.9408743
vn -0.3250835 -0.7800204 0.5346858
vn -0.3250835 -0.0952691 0.9408743
vn -0.3250835 -0.7800204 0.5346858
vn -0.8880549 -0.2345505 0.3954044
vn -0.3250835 -0.0952691 0.9408743
vn -0.3826903 0.2285708 0.8951556
vn -0.8880549 -0.2345505 0.3954044
vn -0.9238767 0.0946791 0.3707934
vn -0.3250835 -0.7800204 0.5346858
vn -0.3826903 -0.8951556 0.2285708
vn -0.8880549 -0.2345505 0.3954044
vn -0.9238767 -0.3707934 0.0946791
vn 0.0000000 0.2474040 0.9689124
vn 0.0000000 0.5993642 0.8004764
vn -0.3250835 0.5346858 0.7800204
vn -0.3826903 0.2285708 0.8951556
vn 0.0000000 0.9898347 0.1422226
vn 0.0000000 0.9689124 -0.2474040
vn -0.3250835 0.9408743 0.0952691
vn -0.3826903 0.8951556 -0.2285708
vn -0.8880549 0.3954044 0.2345505
vn -0.9238767 0.0946791 0.3707934
vn -0.9238767 0.3707934 -0.0946791
vn -1.0000000 0.0000000 0.0000000
vn 0.0000000 0.5993642 0.8004764
vn 0.0000000 0.9898347 0.1422226
vn -0.3250835 0.5346858 0.7800204
vn -0.3250835 0.9408743 0.0952691
vn -0.3250835 0.5346858 0.7800204
vn -0.3250835 0.9408743 0.0952691
vn -0.8880549 0.3954044 0.2345505
vn -0.3250835 0.9408743 0.0952691
vn -0.3826903 0.8951556 -0.2285708
vn -0.8880549 0.3954044 0.2345505
vn -0.9238767 0.3707934 -0.0946791
vn -0.3250835 0.5346858 0.7800204
vn -0.3826903 0.2285708 0.8951556
vn -0.8880549 0.3954044 0.2345505
vn -0.9238767 0.0946791 0.3707934
vn 0.0000000 -0.9898347 -0.1422226
vn 0.0000000 -0.9689124 0.2474040
vn -0.3250835 -0.9408743 -0.0952691
vn -0.3826903 -0.8951556 0.2285708
vn -0.8880549 -0.3954044 -0.2345505
vn -0.9238767 -0.0946791 -0.3707934
vn -0.9238767 -0.3707934 0.0946791
vn -1.0000000 0.0000000 0.0000000
vn 0.0000000 -0.2474040 -0.9689124
vn 0.0000000 -0.5993642 -0.8004764
vn -0.3250835 -0.5346858 -0.7800204
vn -0.3826903 -0.2285708 -0.8951556
vn -0.3250835 -0.9408743 -0.0952691
vn -0.3826903 -0.8951556 0.2285708
vn -0.8880549 -0.3954044 -0.2345505
vn -0.9238767 -0.3707934 0.0946791
vn -0.3250835 -0.5346858 -0.7800204
vn -0.3250835 -0.9408743 -0.0952691
vn -0.8880549 -0.3954044 -0.2345505
vn -0.3250835 -0.5346858 -0.7800204
vn -0.3826903 -0.2285708 -0.8951556
vn -0.8880549 -0.3954044 -0.2345505
vn -0.9238767 -0.0946791 -0.3707934
vn 0.0000000 -0.5993642 -0.8004764
vn 0.0000000 -0.9898347 -0.1422226
vn -0.3250835 -0.5346858 -0.7800204
vn -0.3250835 -0.9408743 -0.0952691
vn 0.0000000 0.8004764 -0.5993642
vn 0.0000000 0.9689124 -0.2474040
vn -0.3250835 0.7800204 -0.5346858
vn -0.3826903 0.8951556 -0.2285708
vn 0.0000000 -0.2474040 -0.9689124
vn 0.0000000 0.1422226 -0.9898347
vn -0.3250835 0.0952691 -0.9408743
vn -0.3826903 -0.2285708 -0.8951556
vn -0.8880549 0.2345505 -0.3954044
vn -0.9238767 -0.0946791 -0.3707934
vn -0.9238767 0.3707934 -0.0946791
vn -1.0000000 0.0000000 0.0000000
vn 0.0000000 0.1422226 -0.9898347
vn 0.0000000 0.8004764 -0.5993642
vn -0.3250835 0.0952691 -0.9408743
vn -0.3250835 0.7800204 -0.5346858
vn -0.3250835 0.0952691 -0.9408743
vn -0.3250835 0.7800204 -0.5346858
vn -0.8880549 0.2345505 -0.3954044
vn -0.3250835 0.0952691 -0.9408743
vn -0.3826903 -0.2285708 -0.8951556
vn -0.8880549 0.2345505 -0.3954044
vn -0.9238767 -0.0946791 -0.3707934
vn -0.3250835 0.7800204 -0.5346858
vn -0.3826903 0.8951556 -0.2285708
vn -0.8880549 0.2345505 -0.3954044
vn -0.9238767 0.3707934 -0.0946791
vn 0.0000000 -0.8004764 0.5993642
vn 0.0000000 -0.9689124 0.2474040
vn 0.3250835 -0.7800204 0.5346858
vn 0.3826903 -0.8951556 0.2285708
vn 0.8880549 -0.2345505 0.3954044
vn 0.9238767 0.0946791 0.3707934
vn 0.9238767 -0.3707934 0.0946791
vn 1.0000000 0.0000000 0.0000000
vn 0.0000000 0.2474040 0.9689124
vn 0.0000000 -0.1422226 0.9898347
vn 0.3250835 -0.0952691 0.9408743
vn 0.3826903 0.2285708 0.8951556
vn 0.3250835 -0.7800204 0.5346858
vn 0.3826903 -0.8951556 0.2285708
vn 0.8880549 -0.2345505 0.3954044
vn 0.9238767 -0.3707934 0.0946791
vn 0.3250835 -0.0952691 0.9408743
vn 0.3250835 -0.7800204 0.5346858
vn 0.8880549 -0.2345505 0.3954044
vn 0.3250835 -0.0952691 0.9408743
vn 0.3826903 0.2285708 0.8951556
vn 0.8880549 -0.2345505 0.3954044
vn 0.9238767 0.0946791 0.3707934
vn 0.0000000 -0.1422226 0.9898347
vn 0.0000000 -0.8004764 0.5993642
vn 0.3250835 -0.0952691 0.9408743
vn 0.3250835 -0.7800204 0.5346858
vn 0.0000000 0.9898347 0.1422226
vn 0.0000000 0.9689124 -0.2474040
vn 0.3250835 0.9408743 0.0952691
vn 0.3826903 0.8951556 -0.2285708
vn 0.0000000 0.2474040 0.9689124
vn 0.0000000 0.5993642 0.8004764
vn 0.3250835 0.5346858 0.7800204
vn 0.3826903 0.2285708 0.8951556
vn 0.8880549 0.3954044 0.2345505
vn 0.9238767 0.0946791 0.3707934
vn 0.9238767 0.3707934 -0.0946791
vn 1.0000000 0.0000000 0.0000000
vn 0.0000000 0.5993642 0.8004764
vn 0.0000000 0.9898347 0.1422226
vn 0.3250835 0.5346858 0.7800204
vn 0.3250835 0.9408743 0.0952691
vn 0.3250835 0.5346858 0.7800204
vn 0.3250835 0.9408743 0.0952691
vn 0.8880549 0.3954044 0.2345505
vn 0.3250835 0.5346858 0.7800204
vn 0.3826903 0.2285708 0.8951556
vn 0.8880549 0.3954044 0.2345505
vn 0.9238767 0.0946791 0.3707934
vn 0.3250835 0.9408743 0.0952691
vn 0.3826903 0.8951556 -0.2285708
vn 0.8880549 0.3954044 0.2345505
vn 0.9238767 0.3707934 -0.0946791
vn 0.0000000 -0.9898347 -0.1422226
vn 0.0000000 -0.9689124 0.2474040
vn 0.3250835 -0.9408743 -0.0952691
vn 0.3826903 -0.8951556 0.2285708
vn 0.0000000 -0.2474040 -0.9689124
vn 0.0000000 -0.5993642 -0.8004764
vn 0.3250835 -0.5346858 -0.7800204
vn 0.3826903 -0.2285708 -0.8951556
vn 0.8880549 -0.3954044 -0.2345505
vn 0.9238767 -0.0946791 -0.3707934
vn 0.9238767 -0.3707934 0.0946791
vn 1.0000000 0.0000000 0.0000000
vn 0.0000000 -0.5993642 -0.8004764
vn 0.0000000 -0.9898347 -0.1422226
vn 0.3250835 -0.5346858 -0.7800204
vn 0.3250835 -0.9408743 -0.0952691
vn 0.3250835 -0.5346858 -0.7800204
vn 0.3250835 -0.9408743 -0.0952691
vn 0.8880549 -0.3954044 -0.2345505
vn 0.3250835 -0.5346858 -0.7800204
vn 0.3826903 -0.2285708 -0.8951556
vn 0.8880549 -0.3954044 -0.2345505
vn 0.9238767 -0.0946791 -0.3707934
vn 0.3250835 -0.9408743 -0.0952691
vn 0.3826903 -0.8951556 0.2285708
vn 0.8880549 -0.3954044 -0.2345505
vn 0.9238767 -0.3707934 0.0946791
vn 0.0000000 0.8004764 -0.5993642
vn 0.0000000 0.9689124 -0.2474040
vn 0.3250835 0.7800204 -0.5346858
vn 0.3826903 0.8951556 -0.2285708
vn 0.8880549 0.2345505 -0.3954044
vn 0.9238767 -0.0946791 -0.3707934
vn 0.9238767 0.3707934 -0.0946791
vn 1.0000000 0.0000000 0.0000000
vn 0.0000000 -0.2474040 -0.9689124
vn 0.0000000 0.1422226 -0.9898347
vn 0.3250835 0.0952691 -0.9408743
vn 0.3826903 -0.2285708 -0.8951556
vn 0.3250835 0.7800204 -0.5346858
vn 0.3826903 0.8951556 -0.2285708
vn 0.8880549 0.2345505 -0.3954044
vn 0.9238767 0.3707934 -0.0946791
vn 0.3250835 0.0952691 -0.9408743
vn 0.3250835 0.7800204 -0.5346858
vn 0.8880549 0.2345505 -0.3954044
vn 0.3250835 0.0952691 -0.9408743
vn 0.3826903 -0.2285708 -0.8951556
vn 0.8880549 0.2345505 -0.3954044
vn 0.9238767 -0.0946791 -0.3707934
vn 0.0000000 0.1422226 -0.9898347
vn 0.0000000 0.8004764 -0.5993642
vn 0.3250835 0.0952691 -0.9408743
vn 0.3250835 0.7800204 -0.5346858
f 2085/2085/2085 2108/2108/2108 1996/1996/1996
f 2085/2085/2085 1996/1996/1996 1973/1973/1973
f 2142/2142/2142 2165/2165/2165 2115/2115/2115
f 2142/2142/2142 2115/2115/2115 2084/2084/2084
f 2159/2159/2159 2051/2051/2051 2001/2001/2001
f 2159/2159/2159 2001/2001/2001 2105/2105/2105
f 1980/1980/1980 2007/2007/2007 2061/2061/2061
f 1980/1980/1980 2061/2061/2061 2030/2030/2030
f 2031/2031/2031 2054/2054/2054 2166/2166/2166
f 2031/2031/2031 2166/2166/2166 2135/2135/2135
f 1971/1971/1971 1984/1984/1984 1986/1986/1986
f 1971/1971/1971 1986/1986/1986 1992/1992/1992
f 1975/1975/1975 1988/1988/1988 1985/1985/1985
f 1975/1975/1975 1985/1985/1985 1983/1983/1983
f 1977/1977/1977 1994/1994/1994 1987/1987/1987
f 1977/1977/1977 1987/1987/1987 1990/1990/1990
f 1998/1998/1998 2010/2010/2010 2012/2012/2012
f 1998/1998/1998 2012/2012/2012 2019/2019/2019
f 2002/2002/2002 2015/2015/2015 2013/2013/2013
f 2002/2002/2002 2013/2013/2013 2011/2011/2011
f 2004/2004/2004 2021/2021/2021 2014/2014/2014
f 2004/2004/2004 2014/2014/2014 2017/2017/2017
f 2025/2025/2025 2035/2035/2035 2040/2040/2040
f 2025/2025/2025 2040/2040/2040 2049/2049/2049
f 2027/2027/2027 2044/2044/2044 2041/2041/2041
f 2027/2027/2027 2041/2041/2041 2037/2037/2037
f 2033/2033/2033 2048/2048/2048 2039/2039/2039
f 2033/2033/2033 2039/2039/2039 2042/2042/2042
f 2052/2052/2052 2065/2065/2065 2067/2067/2067
f 2052/2052/2052 2067/2067/2067 2073/2073/2073
f 2056/2056/2056 2069/2069/2069 2066/2066/2066
f 2056/2056/2056 2066/2066/2066 2064/2064/2064
f 2058/2058/2058 2075/2075/2075 2068/2068/2068
f 2058/2058/2058 2068/2068/2068 2071/2071/2071
f 2079/2079/2079 2089/2089/2089 2094/2094/2094
f 2079/2079/2079 2094/2094/2094 2103/2103/2103
f 2081/2081/2081 2098/2098/2098 2095/2095/2095
f 2081/2081/2081 2095/2095/2095 2091/2091/2091
f 2087/2087/2087 2102/2102/2102 2093/2093/2093
f 2087/2087/2087 2093/2093/2093 2096/2096/2096
f 2106/2106/2106 2119/2119/2119 2121/2121/2121
f 2106/2106/2106 2121/2121/2121 2127/2127/2127
f 2110/2110/2110 2123/2123/2123 2120/2120/2120
f 2110/2110/2110 2120/2120/2120 2118/2118/2118
f 2112/2112/2112 2129/2129/2129 2122/2122/2122
f 2112/2112/2112 2122/2122/2122 2125/2125/2125
f 2133/2133/2133 2146/2146/2146 2148/2148/2148
f 2133/2133/2133 2148/2148/2148 2154/2154/2154
f 2137/2137/2137 2150/2150/2150 2147/2147/2147
f 2137/2137/2137 2147/2147/2147 2145/2145/2145
f 2139/2139/2139 2156/2156/2156 2149/2149/2149
f 2139/2139/2139 2149/2149/2149 2152/2152/2152
f 2160/2160/2160 2170/2170/2170 2175/2175/2175
f 2160/2160/2160 2175/2175/2175 2184/2184/2184
f 2162/2162/2162 2179/2179/2179 2176/2176/2176
f 2162/2162/2162 2176/2176/2176 2172/2172/2172
f 2168/2168/2168 2183/2183/2183 2174/2174/2174
f 2168/2168/2168 2174/2174/2174 2177/2177/2177
f 2026/2026/2026 1972/1972/1972 1993/1993/1993
f 2026/2026/2026 1993/1993/1993 2036/2036/2036
f 2038/2038/2038 1995/1995/1995 1979/1979/1979
f 2038/2038/2038 1979/1979/1979 2029/2029/2029
f 1976/1976/1976 1999/1999/1999 2020/2020/2020
f 1976/1976/1976 2020/2020/2020 1989/1989/1989
f 1991/1991/1991 2022/2022/2022 2005/2005/2005
f 1991/1991/1991 2005/2005/2005 1978/1978/1978
f 2003/2003/2003 2053/2053/2053 2074/2074/2074
f 2003/2003/2003 2074/2074/2074 2016/2016/2016
f 2018/2018/2018 2076/2076/2076 2060/2060/2060
f 2018/2018/2018 2060/2060/2060 2006/2006/2006
f 2057/2057/2057 2034/2034/2034 2043/2043/2043
f 2057/2057/2057 2043/2043/2043 2070/2070/2070
f 2072/2072/2072 2045/2045/2045 2028/2028/2028
f 2072/2072/2072 2028/2028/2028 2059/2059/2059
f 2131/2131/2131 2023/2023/2023 2047/2047/2047
f 2131/2131/2131 2047/2047/2047 2144/2144/2144
f 2143/2143/2143 2046/2046/2046 2032/2032/2032
f 2143/2143/2143 2032/2032/2032 2136/2136/2136
f 2050/2050/2050 2158/2158/2158 2182/2182/2182
f 2050/2050/2050 2182/2182/2182 2063/2063/2063
f 2062/2062/2062 2181/2181/2181 2167/2167/2167
f 2062/2062/2062 2167/2167/2167 2055/2055/2055
f 2163/2163/2163 2140/2140/2140 2153/2153/2153
f 2163/2163/2163 2153/2153/2153 2180/2180/2180
f 2178/2178/2178 2151/2151/2151 2138/2138/2138
f 2178/2178/2178 2138/2138/2138 2169/2169/2169
f 2080/2080/2080 2134/2134/2134 2155/2155/2155
f 2080/2080/2080 2155/2155/2155 2090/2090/2090
f 2092/2092/2092 2157/2157/2157 2141/2141/2141
f 2092/2092/2092 2141/2141/2141 2083/2083/2083
f 2161/2161/2161 2107/2107/2107 2128/2128/2128
f 2161/2161/2161 2128/2128/2128 2171/2171/2171
f 2173/2173/2173 2130/2130/2130 2114/2114/2114
f 2173/2173/2173 2114/2114/2114 2164/2164/2164
f 2111/2111/2111 2088/2088/2088 2097/2097/2097
f 2111/2111/2111 2097/2097/2097 2124/2124/2124
f 2126/2126/2126 2099/2099/2099 2082/2082/2082
f 2126/2126/2126 2082/2082/2082 2113/2113/2113
f 1969/1969/1969 2077/2077/2077 2101/2101/2101
f 1969/1969/1969 2101/2101/2101 1982/1982/1982
f 1981/1981/1981 2100/2100/2100 2086/2086/2086
f 1981/1981/1981 2086/2086/2086 1974/1974/1974
f 2104/2104/2104 2000/2000/2000 2009/2009/2009
f 2104/2104/2104 2009/2009/2009 2117/2117/2117
f 2116/2116/2116 2008/2008/2008 1997/1997/1997
f 2116/2116/2116 1997/1997/1997 2109/2109/2109
f 2024/2024/2024 2132/2132/2132 2078/2078/2078
f 2024/2024/2024 2078/2078/2078 1970/1970/1970
o Rear_sight_0
usemtl Machined_Steel
v -0.0520000 0.1300000 0.0620000
v -0.0520000 0.1300000 0.0620000
v -0.0520000 0.1300000 0.0620000
v -0.0520000 0.1300000 0.0620000
v -0.0520000 0.1380000 0.0700000
v -0.0520000 0.1380000 0.0700000
v -0.0520000 0.1380000 0.0700000
v -0.0520000 0.1380000 0.0700000
v -0.0600000 0.1380000 0.0620000
v -0.0600000 0.1380000 0.0620000
v -0.0600000 0.1380000 0.0620000
v -0.0600000 0.1380000 0.0620000
v -0.0520000 0.1323431 0.0676569
v -0.0520000 0.1323431 0.0676569
v -0.0520000 0.1323431 0.0676569
v -0.0520000 0.1323431 0.0676569
v -0.0566188 0.1333812 0.0666188
v -0.0566188 0.1333812 0.0666188
v -0.0566188 0.1333812 0.0666188
v -0.0576569 0.1380000 0.0676569
v -0.0576569 0.1380000 0.0676569
v -0.0576569 0.1380000 0.0676569
v -0.0576569 0.1380000 0.0676569
v -0.0576569 0.1323431 0.0620000
v -0.0576569 0.1323431 0.0620000
v -0.0576569 0.1323431 0.0620000
v -0.0576569 0.1323431 0.0620000
v -0.0520000 0.2020000 0.0700000
v -0.0520000 0.2020000 0.0700000
v -0.0520000 0.2020000 0.0700000
v -0.0520000 0.2020000 0.0700000
v -0.0520000 0.2100000 0.0620000
v -0.0520000 0.2100000 0.0620000
v -0.0520000 0.2100000 0.0620000
v -0.0520000 0.2100000 0.0620000
v -0.0600000 0.2020000 0.0620000
v -0.0600000 0.2020000 0.0620000
v -0.0600000 0.2020000 0.0620000
v -0.0600000 0.2020000 0.0620000
v -0.0520000 0.2076569 0.0676569
v -0.0520000 0.2076569 0.0676569
v -0.0520000 0.2076569 0.0676569
v -0.0520000 0.2076569 0.0676569
v -0.0566188 0.2066188 0.0666188
v -0.0566188 0.2066188 0.0666188
v -0.0566188 0.2066188 0.0666188
v -0.0576569 0.2076569 0.0620000
v -0.0576569 0.2076569 0.0620000
v -0.0576569 0.2076569 0.0620000
v -0.0576569 0.2076569 0.0620000
v -0.0576569 0.2020000 0.0676569
v -0.0576569 0.2020000 0.0676569
v -0.0576569 0.2020000 0.0676569
v -0.0576569 0.2020000 0.0676569
v -0.0520000 0.1300000 0.0380000
v -0.0520000 0.1300000 0.0380000
v -0.0520000 0.1300000 0.0380000
v -0.0520000 0.1300000 0.0380000
v -0.0600000 0.1380000 0.0380000
v -0.0600000 0.1380000 0.0380000
v -0.0600000 0.1380000 0.0380000
v -0.0600000 0.1380000 0.0380000
v -0.0520000 0.1380000 0.0300000
v -0.0520000 0.1380000 0.0300000
v -0.0520000 0.1380000 0.0300000
v -0.0520000 0.1380000 0.0300000
v -0.0576569 0.1323431 0.0380000
v -0.0576569 0.1323431 0.0380000
v -0.0576569 0.1323431 0.0380000
v -0.0576569 0.1323431 0.0380000
v -0.0566188 0.1333812 0.0333812
v -0.0566188 0.1333812 0.0333812
v -0.0566188 0.1333812 0.0333812
v -0.0576569 0.1380000 0.0323431
v -0.0576569 0.1380000 0.0323431
v -0.0576569 0.1380000 0.0323431
v -0.0576569 0.1380000 0.0323431
v -0.0520000 0.1323431 0.0323431
v -0.0520000 0.1323431 0.0323431
v -0.0520000 0.1323431 0.0323431
v -0.0520000 0.1323431 0.0323431
v -0.0520000 0.2100000 0.0380000
v -0.0520000 0.2100000 0.0380000
v -0.0520000 0.2100000 0.0380000
v -0.0520000 0.2100000 0.0380000
v -0.0520000 0.2020000 0.0300000
v -0.0520000 0.2020000 0.0300000
v -0.0520000 0.2020000 0.0300000
v -0.0520000 0.2020000 0.0300000
v -0.0600000 0.2020000 0.0380000
v -0.0600000 0.2020000 0.0380000
v -0.0600000 0.2020000 0.0380000
v -0.0600000 0.2020000 0.0380000
v -0.0520000 0.2076569 0.0323431
v -0.0520000 0.2076569 0.0323431
v -0.0520000 0.2076569 0.0323431
v -0.0520000 0.2076569 0.0323431
v -0.0566188 0.2066188 0.0333812
v -0.0566188 0.2066188 0.0333812
v -0.0566188 0.2066188 0.0333812
v -0.0576569 0.2020000 0.0323431
v -0.0576569 0.2020000 0.0323431
v -0.0576569 0.2020000 0.0323431
v -0.0576569 0.2020000 0.0323431
v -0.0576569 0.2076569 0.0380000
v -0.0576569 0.2076569 0.0380000
v -0.0576569 0.2076569 0.0380000
v -0.0576569 0.2076569 0.0380000
v 0.0520000 0.1300000 0.0620000
v 0.0520000 0.1300000 0.0620000
v 0.0520000 0.1300000 0.0620000
v 0.0520000 0.1300000 0.0620000
v 0.0600000 0.1380000 0.0620000
v 0.0600000 0.1380000 0.0620000
v 0.0600000 0.1380000 0.0620000
v 0.0600000 0.1380000 0.0620000
v 0.0520000 0.1380000 0.0700000
v 0.0520000 0.1380000 0.0700000
v 0.0520000 0.1380000 0.0700000
v 0.0520000 0.1380000 0.0700000
v 0.0576569 0.1323431 0.0620000
v 0.0576569 0.1323431 0.0620000
v 0.0576569 0.1323431 0.0620000
v 0.0576569 0.1323431 0.0620000
v 0.0566188 0.1333812 0.0666188
v 0.0566188 0.1333812 0.0666188
v 0.0566188 0.1333812 0.0666188
v 0.0576569 0.1380000 0.0676569
v 0.0576569 0.1380000 0.0676569
v 0.0576569 0.1380000 0.0676569
v 0.0576569 0.1380000 0.0676569
v 0.0520000 0.1323431 0.0676569
v 0.0520000 0.1323431 0.0676569
v 0.0520000 0.1323431 0.0676569
v 0.0520000 0.1323431 0.0676569
v 0.0520000 0.2100000 0.0620000
v 0.0520000 0.2100000 0.0620000
v 0.0520000 0.2100000 0.0620000
v 0.0520000 0.2100000 0.0620000
v 0.0520000 0.2020000 0.0700000
v 0.0520000 0.2020000 0.0700000
v 0.0520000 0.2020000 0.0700000
v 0.0520000 0.2020000 0.0700000
v 0.0600000 0.2020000 0.0620000
v 0.0600000 0.2020000 0.0620000
v 0.0600000 0.2020000 0.0620000
v 0.0600000 0.2020000 0.0620000
v 0.0520000 0.2076569 0.0676569
v 0.0520000 0.2076569 0.0676569
v 0.0520000 0.2076569 0.0676569
v 0.0520000 0.2076569 0.0676569
v 0.0566188 0.2066188 0.0666188
v 0.0566188 0.2066188 0.0666188
v 0.0566188 0.2066188 0.0666188
v 0.0576569 0.2020000 0.0676569
v 0.0576569 0.2020000 0.0676569
v 0.0576569 0.2020000 0.0676569
v 0.0576569 0.2020000 0.0676569
v 0.0576569 0.2076569 0.0620000
v 0.0576569 0.2076569 0.0620000
v 0.0576569 0.2076569 0.0620000
v 0.0576569 0.2076569 0.0620000
v 0.0520000 0.1300000 0.0380000
v 0.0520000 0.1300000 0.0380000
v 0.0520000 0.1300000 0.0380000
v 0.0520000 0.1300000 0.0380000
v 0.0520000 0.1380000 0.0300000
v 0.0520000 0.1380000 0.0300000
v 0.0520000 0.1380000 0.0300000
v 0.0520000 0.1380000 0.0300000
v 0.0600000 0.1380000 0.0380000
v 0.0600000 0.1380000 0.0380000
v 0.0600000 0.1380000 0.0380000
v 0.0600000 0.1380000 0.0380000
v 0.0520000 0.1323431 0.0323431
v 0.0520000 0.1323431 0.0323431
v 0.0520000 0.1323431 0.0323431
v 0.0520000 0.1323431 0.0323431
v 0.0566188 0.1333812 0.0333812
v 0.0566188 0.1333812 0.0333812
v 0.0566188 0.1333812 0.0333812
v 0.0576569 0.1380000 0.0323431
v 0.0576569 0.1380000 0.0323431
v 0.0576569 0.1380000 0.0323431
v 0.0576569 0.1380000 0.0323431
v 0.0576569 0.1323431 0.0380000
v 0.0576569 0.1323431 0.0380000
v 0.0576569 0.1323431 0.0380000
v 0.0576569 0.1323431 0.0380000
v 0.0520000 0.2100000 0.0380000
v 0.0520000 0.2100000 0.0380000
v 0.0520000 0.2100000 0.0380000
v 0.0520000 0.2100000 0.0380000
v 0.0600000 0.2020000 0.0380000
v 0.0600000 0.2020000 0.0380000
v 0.0600000 0.2020000 0.0380000
v 0.0600000 0.2020000 0.0380000
v 0.0520000 0.2020000 0.0300000
v 0.0520000 0.2020000 0.0300000
v 0.0520000 0.2020000 0.0300000
v 0.0520000 0.2020000 0.0300000
v 0.0576569 0.2076569 0.0380000
v 0.0576569 0.2076569 0.0380000
v 0.0576569 0.2076569 0.0380000
v 0.0576569 0.2076569 0.0380000
v 0.0566188 0.2066188 0.0333812
v 0.0566188 0.2066188 0.0333812
v 0.0566188 0.2066188 0.0333812
v 0.0576569 0.2020000 0.0323431
v 0.0576569 0.2020000 0.0323431
v 0.0576569 0.2020000 0.0323431
v 0.0576569 0.2020000 0.0323431
v 0.0520000 0.2076569 0.0323431
v 0.0520000 0.2076569 0.0323431
v 0.0520000 0.2076569 0.0323431
v 0.0520000 0.2076569 0.0323431
vt 0.1416667 0.3000000
vt 0.1416667 0.3000000
vt 0.1416667 0.3000000
vt 0.1416667 0.3000000
vt 0.4000000 0.0166667
vt 0.4000000 0.0166667
vt 0.4000000 0.0166667
vt 0.4000000 0.0166667
vt 0.4000000 0.9500000
vt 0.4000000 0.9500000
vt 0.4000000 0.9500000
vt 0.4000000 0.9500000
vt 0.3750000 0.0166667
vt 0.1416667 0.2500000
vt 0.3750000 0.0166667
vt 0.1416667 0.2500000
vt 0.3855662 0.0000000
vt 0.1320442 0.2500000
vt 0.3750000 0.9788675
vt 0.4000000 0.0000000
vt 0.4000000 0.0000000
vt 0.4000000 1.0000000
vt 0.4000000 1.0000000
vt 0.1250000 0.3000000
vt 0.1250000 0.3000000
vt 0.3750000 0.9500000
vt 0.3750000 0.9500000
vt 0.6000000 0.0166667
vt 0.6000000 0.0166667
vt 0.6000000 0.0166667
vt 0.6000000 0.0166667
vt 0.8583333 0.3000000
vt 0.8583333 0.3000000
vt 0.8583333 0.3000000
vt 0.8583333 0.3000000
vt 0.6000000 0.9500000
vt 0.6000000 0.9500000
vt 0.6000000 0.9500000
vt 0.6000000 0.9500000
vt 0.6250000 0.0166667
vt 0.8583333 0.2500000
vt 0.6250000 0.0166667
vt 0.8583333 0.2500000
vt 0.6250000 0.0070442
vt 0.8750000 0.2711325
vt 0.6144338 1.0000000
vt 0.8750000 0.3000000
vt 0.8750000 0.3000000
vt 0.6250000 0.9500000
vt 0.6250000 0.9500000
vt 0.6000000 0.0000000
vt 0.6000000 0.0000000
vt 0.6000000 1.0000000
vt 0.6000000 1.0000000
vt 0.1416667 0.4500000
vt 0.1416667 0.4500000
vt 0.1416667 0.4500000
vt 0.1416667 0.4500000
vt 0.4000000 0.8000000
vt 0.4000000 0.8000000
vt 0.4000000 0.8000000
vt 0.4000000 0.8000000
vt 0.4000000 0.7333333
vt 0.4000000 0.7333333
vt 0.4000000 0.7333333
vt 0.4000000 0.7333333
vt 0.1250000 0.4500000
vt 0.1250000 0.4500000
vt 0.3750000 0.8000000
vt 0.3750000 0.8000000
vt 0.3750000 0.7429558
vt 0.1250000 0.4788675
vt 0.3855662 0.7500000
vt 0.4000000 0.7500000
vt 0.4000000 0.7500000
vt 0.4000000 0.7500000
vt 0.4000000 0.7500000
vt 0.3750000 0.7333333
vt 0.1416667 0.5000000
vt 0.3750000 0.7333333
vt 0.1416667 0.5000000
vt 0.8583333 0.4500000
vt 0.8583333 0.4500000
vt 0.8583333 0.4500000
vt 0.8583333 0.4500000
vt 0.6000000 0.7333333
vt 0.6000000 0.7333333
vt 0.6000000 0.7333333
vt 0.6000000 0.7333333
vt 0.6000000 0.8000000
vt 0.6000000 0.8000000
vt 0.6000000 0.8000000
vt 0.6000000 0.8000000
vt 0.6250000 0.7333333
vt 0.8583333 0.5000000
vt 0.6250000 0.7333333
vt 0.8583333 0.5000000
vt 0.6144338 0.7500000
vt 0.8679558 0.5000000
vt 0.6250000 0.7711325
vt 0.6000000 0.7500000
vt 0.6000000 0.7500000
vt 0.6000000 0.7500000
vt 0.6000000 0.7500000
vt 0.8749999 0.4500000
vt 0.8749999 0.4500000
vt 0.6250000 0.8000000
vt 0.6250000 0.8000000
vt 0.3583333 0.3000000
vt 0.3583333 0.3000000
vt 0.3583333 0.3000000
vt 0.3583333 0.3000000
vt 0.4000000 0.3000000
vt 0.4000000 0.3000000
vt 0.4000000 0.3000000
vt 0.4000000 0.3000000
vt 0.4000000 0.2333333
vt 0.4000000 0.2333333
vt 0.4000000 0.2333333
vt 0.4000000 0.2333333
vt 0.3750000 0.3000000
vt 0.3750000 0.3000000
vt 0.3750000 0.3000000
vt 0.3750000 0.3000000
vt 0.3785221 0.2546960
vt 0.3785221 0.2546960
vt 0.3785221 0.2546960
vt 0.4000000 0.2500001
vt 0.4000000 0.2500000
vt 0.4000000 0.2500000
vt 0.4000000 0.2500000
vt 0.3750000 0.2333333
vt 0.3583333 0.2500000
vt 0.3750000 0.2333333
vt 0.3583333 0.2500000
vt 0.6416667 0.3000000
vt 0.6416667 0.3000000
vt 0.6416667 0.3000000
vt 0.6416667 0.3000000
vt 0.6000000 0.2333333
vt 0.6000000 0.2333333
vt 0.6000000 0.2333333
vt 0.6000000 0.2333333
vt 0.6000000 0.3000000
vt 0.6000000 0.3000000
vt 0.6000000 0.3000000
vt 0.6000000 0.3000000
vt 0.6250000 0.2333333
vt 0.6416667 0.2500000
vt 0.6250000 0.2333333
vt 0.6416667 0.2500000
vt 0.6238260 0.2570441
vt 0.6238260 0.2570441
vt 0.6238260 0.2570441
vt 0.6000000 0.2500000
vt 0.6000000 0.2500000
vt 0.6000000 0.2500001
vt 0.6000000 0.2500000
vt 0.6250000 0.3000000
vt 0.6250000 0.3000000
vt 0.6250000 0.3000000
vt 0.6250000 0.3000000
vt 0.3583333 0.4500000
vt 0.3583333 0.4500000
vt 0.3583333 0.4500000
vt 0.3583333 0.4500000
vt 0.4000000 0.5166667
vt 0.4000000 0.5166667
vt 0.4000000 0.5166667
vt 0.4000000 0.5166667
vt 0.4000000 0.4500000
vt 0.4000000 0.4500000
vt 0.4000000 0.4500000
vt 0.4000000 0.4500000
vt 0.3750000 0.5166667
vt 0.3583333 0.5000000
vt 0.3750000 0.5166667
vt 0.3583333 0.5000000
vt 0.3761740 0.4929558
vt 0.3761740 0.4929558
vt 0.3761740 0.4929558
vt 0.4000000 0.5000000
vt 0.4000000 0.5000000
vt 0.4000000 0.5000000
vt 0.4000000 0.5000000
vt 0.3750000 0.4500000
vt 0.3750000 0.4500000
vt 0.3750000 0.4500000
vt 0.3750000 0.4500000
vt 0.6416667 0.4500000
vt 0.6416667 0.4500000
vt 0.6416667 0.4500000
vt 0.6416667 0.4500000
vt 0.6000000 0.4500000
vt 0.6000000 0.4500000
vt 0.6000000 0.4500000
vt 0.6000000 0.4500000
vt 0.6000000 0.5166667
vt 0.6000000 0.5166667
vt 0.6000000 0.5166667
vt 0.6000000 0.5166667
vt 0.6250000 0.4500000
vt 0.6250000 0.4500000
vt 0.6250000 0.4500000
vt 0.6250000 0.4500000
vt 0.6214780 0.4953039
vt 0.6214780 0.4953039
vt 0.6214780 0.4953039
vt 0.6000000 0.5000000
vt 0.6000000 0.5000000
vt 0.6000000 0.5000000
vt 0.6000000 0.5000000
vt 0.6250000 0.5166667
vt 0.6416667 0.5000000
vt 0.6250000 0.5166667
vt 0.6416667 0.5000000
vn 0.0000000 -0.9238767 0.3826903
vn 0.0000000 -1.0000000 0.0000000
vn -0.3250835 -0.8880549 0.3250835
vn -0.3826903 -0.9238767 0.0000000
vn 0.0000000 0.0000000 1.0000000
vn 0.0000000 -0.3826903 0.9238767
vn -0.3250835 -0.3250835 0.8880549
vn -0.3826903 0.0000000 0.9238767
vn -0.8880549 -0.3250835 0.3250835
vn -0.9238767 0.0000000 0.3826903
vn -0.9238767 -0.3826903 0.0000000
vn -1.0000000 0.0000000 0.0000000
vn 0.0000000 -0.3826903 0.9238767
vn 0.0000000 -0.9238767 0.3826903
vn -0.3250835 -0.3250835 0.8880549
vn -0.3250835 -0.8880549 0.3250835
vn -0.3250835 -0.3250835 0.8880549
vn -0.3250835 -0.8880549 0.3250835
vn -0.8880549 -0.3250835 0.3250835
vn -0.3250835 -0.3250835 0.8880549
vn -0.3826903 0.0000000 0.9238767
vn -0.8880549 -0.3250835 0.3250835
vn -0.9238767 0.0000000 0.3826903
vn -0.3250835 -0.8880549 0.3250835
vn -0.3826903 -0.9238767 0.0000000
vn -0.8880549 -0.3250835 0.3250835
vn -0.9238767 -0.3826903 0.0000000
vn 0.0000000 0.0000000 1.0000000
vn 0.0000000 0.3826903 0.9238767
vn -0.3250835 0.3250835 0.8880549
vn -0.3826903 0.0000000 0.9238767
vn 0.0000000 0.9238767 0.3826903
vn 0.0000000 1.0000000 0.0000000
vn -0.3250835 0.8880549 0.3250835
vn -0.3826903 0.9238767 0.0000000
vn -0.8880549 0.3250835 0.3250835
vn -0.9238767 0.0000000 0.3826903
vn -0.9238767 0.3826903 0.0000000
vn -1.0000000 0.0000000 0.0000000
vn 0.0000000 0.3826903 0.9238767
vn 0.0000000 0.9238767 0.3826903
vn -0.3250835 0.3250835 0.8880549
vn -0.3250835 0.8880549 0.3250835
vn -0.3250835 0.3250835 0.8880549
vn -0.3250835 0.8880549 0.3250835
vn -0.8880549 0.3250835 0.3250835
vn -0.3250835 0.8880549 0.3250835
vn -0.3826903 0.9238767 0.0000000
vn -0.8880549 0.3250835 0.3250835
vn -0.9238767 0.3826903 0.0000000
vn -0.3250835 0.3250835 0.8880549
vn -0.3826903 0.0000000 0.9238767
vn -0.8880549 0.3250835 0.3250835
vn -0.9238767 0.0000000 0.3826903
vn 0.0000000 -0.9238767 -0.3826903
vn 0.0000000 -1.0000000 0.0000000
vn -0.3250835 -0.8880549 -0.3250835
vn -0.3826903 -0.9238767 0.0000000
vn -0.8880549 -0.3250835 -0.3250835
vn -0.9238767 0.0000000 -0.3826903
vn -0.9238767 -0.3826903 0.0000000
vn -1.0000000 0.0000000 0.0000000
vn 0.0000000 0.0000000 -1.0000000
vn 0.0000000 -0.3826903 -0.9238767
vn -0.3250835 -0.3250835 -0.8880549
vn -0.3826903 0.0000000 -0.9238767
vn -0.3250835 -0.8880549 -0.3250835
vn -0.3826903 -0.9238767 0.0000000
vn -0.8880549 -0.3250835 -0.3250835
vn -0.9238767 -0.3826903 0.0000000
vn -0.3250835 -0.3250835 -0.8880549
vn -0.3250835 -0.8880549 -0.3250835
vn -0.8880549 -0.3250835 -0.3250835
vn -0.3250835 -0.3250835 -0.8880549
vn -0.3826903 0.0000000 -0.9238767
vn -0.8880549 -0.3250835 -0.3250835
vn -0.9238767 0.0000000 -0.3826903
vn 0.0000000 -0.3826903 -0.9238767
vn 0.0000000 -0.9238767 -0.3826903
vn -0.3250835 -0.3250835 -0.8880549
vn -0.3250835 -0.8880549 -0.3250835
vn 0.0000000 0.9238767 -0.3826903
vn 0.0000000 1.0000000 0.0000000
vn -0.3250835 0.8880549 -0.3250835
vn -0.3826903 0.9238767 0.0000000
vn 0.0000000 0.0000000 -1.0000000
vn 0.0000000 0.3826903 -0.9238767
vn -0.3250835 0.3250835 -0.8880549
vn -0.3826903 0.0000000 -0.9238767
vn -0.8880549 0.3250835 -0.3250835
vn -0.9238767 0.0000000 -0.3826903
vn -0.9238767 0.3826903 0.0000000
vn -1.0000000 0.0000000 0.0000000
vn 0.0000000 0.3826903 -0.9238767
vn 0.0000000 0.9238767 -0.3826903
vn -0.3250835 0.3250835 -0.8880549
vn -0.3250835 0.8880549 -0.3250835
vn -0.3250835 0.3250835 -0.8880549
vn -0.3250835 0.8880549 -0.3250835
vn -0.8880549 0.3250835 -0.3250835
vn -0.3250835 0.3250835 -0.8880549
vn -0.3826903 0.0000000 -0.9238767
vn -0.8880549 0.3250835 -0.3250835
vn -0.9238767 0.0000000 -0.3826903
vn -0.3250835 0.8880549 -0.3250835
vn -0.3826903 0.9238767 0.0000000
vn -0.8880549 0.3250835 -0.3250835
vn -0.9238767 0.3826903 0.0000000
vn 0.0000000 -0.9238767 0.3826903
vn 0.0000000 -1.0000000 0.0000000
vn 0.3250835 -0.8880549 0.3250835
vn 0.3826903 -0.9238767 0.0000000
vn 0.8880549 -0.3250835 0.3250835
vn 0.9238767 0.0000000 0.3826903
vn 0.9238767 -0.3826903 0.0000000
vn 1.0000000 0.0000000 0.0000000
vn 0.0000000 0.0000000 1.0000000
vn 0.0000000 -0.3826903 0.9238767
vn 0.3250835 -0.3250835 0.8880549
vn 0.3826903 0.0000000 0.9238767
vn 0.3250835 -0.8880549 0.3250835
vn 0.3826903 -0.9238767 0.0000000
vn 0.8880549 -0.3250835 0.3250835
vn 0.9238767 -0.3826903 0.0000000
vn 0.3250835 -0.3250835 0.8880549
vn 0.3250835 -0.8880549 0.3250835
vn 0.8880549 -0.3250835 0.3250835
vn 0.3250835 -0.3250835 0.8880549
vn 0.3826903 0.0000000 0.9238767
vn 0.8880549 -0.3250835 0.3250835
vn 0.9238767 0.0000000 0.3826903
vn 0.0000000 -0.3826903 0.9238767
vn 0.0000000 -0.9238767 0.3826903
vn 0.3250835 -0.3250835 0.8880549
vn 0.3250835 -0.8880549 0.3250835
vn 0.0000000 0.9238767 0.3826903
vn 0.0000000 1.0000000 0.0000000
vn 0.3250835 0.8880549 0.3250835
vn 0.3826903 0.9238767 0.0000000
vn 0.0000000 0.0000000 1.0000000
vn 0.0000000 0.3826903 0.9238767
vn 0.3250835 0.3250835 0.8880549
vn 0.3826903 0.0000000 0.9238767
vn 0.8880549 0.3250835 0.3250835
vn 0.9238767 0.0000000 0.3826903
vn 0.9238767 0.3826903 0.0000000
vn 1.0000000 0.0000000 0.0000000
vn 0.0000000 0.3826903 0.9238767
vn 0.0000000 0.9238767 0.3826903
vn 0.3250835 0.3250835 0.8880549
vn 0.3250835 0.8880549 0.3250835
vn 0.3250835 0.3250835 0.8880549
vn 0.3250835 0.8880549 0.3250835
vn 0.8880549 0.3250835 0.3250835
vn 0.3250835 0.3250835 0.8880549
vn 0.3826903 0.0000000 0.9238767
vn 0.8880549 0.3250835 0.3250835
vn 0.9238767 0.0000000 0.3826903
vn 0.3250835 0.8880549 0.3250835
vn 0.3826903 0.9238767 0.0000000
vn 0.8880549 0.3250835 0.3250835
vn 0.9238767 0.3826903 0.0000000
vn 0.0000000 -0.9238767 -0.3826903
vn 0.0000000 -1.0000000 0.0000000
vn 0.3250835 -0.8880549 -0.3250835
vn 0.3826903 -0.9238767 0.0000000
vn 0.0000000 0.0000000 -1.0000000
vn 0.0000000 -0.3826903 -0.9238767
vn 0.3250835 -0.3250835 -0.8880549
vn 0.3826903 0.0000000 -0.9238767
vn 0.8880549 -0.3250835 -0.3250835
vn 0.9238767 0.0000000 -0.3826903
vn 0.9238767 -0.3826903 0.0000000
vn 1.0000000 0.0000000 0.0000000
vn 0.0000000 -0.3826903 -0.9238767
vn 0.0000000 -0.9238767 -0.3826903
vn 0.3250835 -0.3250835 -0.8880549
vn 0.3250835 -0.8880549 -0.3250835
vn 0.3250835 -0.3250835 -0.8880549
vn 0.3250835 -0.8880549 -0.3250835
vn 0.8880549 -0.3250835 -0.3250835
vn 0.3250835 -0.3250835 -0.8880549
vn 0.3826903 0.0000000 -0.9238767
vn 0.8880549 -0.3250835 -0.3250835
vn 0.9238767 0.0000000 -0.3826903
vn 0.3250835 -0.8880549 -0.3250835
vn 0.3826903 -0.9238767 0.0000000
vn 0.8880549 -0.3250835 -0.3250835
vn 0.9238767 -0.3826903 0.0000000
vn 0.0000000 0.9238767 -0.3826903
vn 0.0000000 1.0000000 0.0000000
vn 0.3250835 0.8880549 -0.3250835
vn 0.3826903 0.9238767 0.0000000
vn 0.8880549 0.3250835 -0.3250835
vn 0.9238767 0.0000000 -0.3826903
vn 0.9238767 0.3826903 0.0000000
vn 1.0000000 0.0000000 0.0000000
vn 0.0000000 0.0000000 -1.0000000
vn 0.0000000 0.3826903 -0.9238767
vn 0.3250835 0.3250835 -0.8880549
vn 0.3826903 0.0000000 -0.9238767
vn 0.3250835 0.8880549 -0.3250835
vn 0.3826903 0.9238767 0.0000000
vn 0.8880549 0.3250835 -0.3250835
vn 0.9238767 0.3826903 0.0000000
vn 0.3250835 0.3250835 -0.8880549
vn 0.3250835 0.8880549 -0.3250835
vn 0.8880549 0.3250835 -0.3250835
vn 0.3250835 0.3250835 -0.8880549
vn 0.3826903 0.0000000 -0.9238767
vn 0.8880549 0.3250835 -0.3250835
vn 0.9238767 0.0000000 -0.3826903
vn 0.0000000 0.3826903 -0.9238767
vn 0.0000000 0.9238767 -0.3826903
vn 0.3250835 0.3250835 -0.8880549
vn 0.3250835 0.8880549 -0.3250835
f 2301/2301/2301 2324/2324/2324 2212/2212/2212
f 2301/2301/2301 2212/2212/2212 2189/2189/2189
f 2358/2358/2358 2381/2381/2381 2331/2331/2331
f 2358/2358/2358 2331/2331/2331 2300/2300/2300
f 2375/2375/2375 2267/2267/2267 2217/2217/2217
f 2375/2375/2375 2217/2217/2217 2321/2321/2321
f 2196/2196/2196 2223/2223/2223 2277/2277/2277
f 2196/2196/2196 2277/2277/2277 2246/2246/2246
f 2247/2247/2247 2270/2270/2270 2382/2382/2382
f 2247/2247/2247 2382/2382/2382 2351/2351/2351
f 2187/2187/2187 2200/2200/2200 2202/2202/2202
f 2187/2187/2187 2202/2202/2202 2208/2208/2208
f 2191/2191/2191 2204/2204/2204 2201/2201/2201
f 2191/2191/2191 2201/2201/2201 2199/2199/2199
f 2193/2193/2193 2210/2210/2210 2203/2203/2203
f 2193/2193/2193 2203/2203/2203 2206/2206/2206
f 2214/2214/2214 2226/2226/2226 2228/2228/2228
f 2214/2214/2214 2228/2228/2228 2235/2235/2235
f 2218/2218/2218 2231/2231/2231 2229/2229/2229
f 2218/2218/2218 2229/2229/2229 2227/2227/2227
f 2220/2220/2220 2237/2237/2237 2230/2230/2230
f 2220/2220/2220 2230/2230/2230 2233/2233/2233
f 2241/2241/2241 2251/2251/2251 2256/2256/2256
f 2241/2241/2241 2256/2256/2256 2265/2265/2265
f 2243/2243/2243 2260/2260/2260 2257/2257/2257
f 2243/2243/2243 2257/2257/2257 2253/2253/2253
f 2249/2249/2249 2264/2264/2264 2255/2255/2255
f 2249/2249/2249 2255/2255/2255 2258/2258/2258
f 2268/2268/2268 2281/2281/2281 2283/2283/2283
f 2268/2268/2268 2283/2283/2283 2289/2289/2289
f 2272/2272/2272 2285/2285/2285 2282/2282/2282
f 2272/2272/2272 2282/2282/2282 2280/2280/2280
f 2274/2274/2274 2291/2291/2291 2284/2284/2284
f 2274/2274/2274 2284/2284/2284 2287/2287/2287
f 2295/2295/2295 2305/2305/2305 2310/2310/2310
f 2295/2295/2295 2310/2310/2310 2319/2319/2319
f 2297/2297/2297 2314/2314/2314 2311/2311/2311
f 2297/2297/2297 2311/2311/2311 2307/2307/2307
f 2303/2303/2303 2318/2318/2318 2309/2309/2309
f 2303/2303/2303 2309/2309/2309 2312/2312/2312
f 2322/2322/2322 2335/2335/2335 2337/2337/2337
f 2322/2322/2322 2337/2337/2337 2343/2343/2343
f 2326/2326/2326 2339/2339/2339 2336/2336/2336
f 2326/2326/2326 2336/2336/2336 2334/2334/2334
f 2328/2328/2328 2345/2345/2345 2338/2338/2338
f 2328/2328/2328 2338/2338/2338 2341/2341/2341
f 2349/2349/2349 2362/2362/2362 2364/2364/2364
f 2349/2349/2349 2364/2364/2364 2370/2370/2370
f 2353/2353/2353 2366/2366/2366 2363/2363/2363
f 2353/2353/2353 2363/2363/2363 2361/2361/2361
f 2355/2355/2355 2372/2372/2372 2365/2365/2365
f 2355/2355/2355 2365/2365/2365 2368/2368/2368
f 2376/2376/2376 2386/2386/2386 2391/2391/2391
f 2376/2376/2376 2391/2391/2391 2400/2400/2400
f 2378/2378/2378 2395/2395/2395 2392/2392/2392
f 2378/2378/2378 2392/2392/2392 2388/2388/2388
f 2384/2384/2384 2399/2399/2399 2390/2390/2390
f 2384/2384/2384 2390/2390/2390 2393/2393/2393
f 2242/2242/2242 2188/2188/2188 2209/2209/2209
f 2242/2242/2242 2209/2209/2209 2252/2252/2252
f 2254/2254/2254 2211/2211/2211 2195/2195/2195
f 2254/2254/2254 2195/2195/2195 2245/2245/2245
f 2192/2192/2192 2215/2215/2215 2236/2236/2236
f 2192/2192/2192 2236/2236/2236 2205/2205/2205
f 2207/2207/2207 2238/2238/2238 2221/2221/2221
f 2207/2207/2207 2221/2221/2221 2194/2194/2194
f 2219/2219/2219 2269/2269/2269 2290/2290/2290
f 2219/2219/2219 2290/2290/2290 2232/2232/2232
f 2234/2234/2234 2292/2292/2292 2276/2276/2276
f 2234/2234/2234 2276/2276/2276 2222/2222/2222
f 2273/2273/2273 2250/2250/2250 2259/2259/2259
f 2273/2273/2273 2259/2259/2259 2286/2286/2286
f 2288/2288/2288 2261/2261/2261 2244/2244/2244
f 2288/2288/2288 2244/2244/2244 2275/2275/2275
f 2347/2347/2347 2239/2239/2239 2263/2263/2263
f 2347/2347/2347 2263/2263/2263 2360/2360/2360
f 2359/2359/2359 2262/2262/2262 2248/2248/2248
f 2359/2359/2359 2248/2248/2248 2352/2352/2352
f 2266/2266/2266 2374/2374/2374 2398/2398/2398
f 2266/2266/2266 2398/2398/2398 2279/2279/2279
f 2278/2278/2278 2397/2397/2397 2383/2383/2383
f 2278/2278/2278 2383/2383/2383 2271/2271/2271
f 2379/2379/2379 2356/2356/2356 2369/2369/2369
f 2379/2379/2379 2369/2369/2369 2396/2396/2396
f 2394/2394/2394 2367/2367/2367 2354/2354/2354
f 2394/2394/2394 2354/2354/2354 2385/2385/2385
f 2296/2296/2296 2350/2350/2350 2371/2371/2371
f 2296/2296/2296 2371/2371/2371 2306/2306/2306
f 2308/2308/2308 2373/2373/2373 2357/2357/2357
f 2308/2308/2308 2357/2357/2357 2299/2299/2299
f 2377/2377/2377 2323/2323/2323 2344/2344/2344
f 2377/2377/2377 2344/2344/2344 2387/2387/2387
f 2389/2389/2389 2346/2346/2346 2330/2330/2330
f 2389/2389/2389 2330/2330/2330 2380/2380/2380
f 2327/2327/2327 2304/2304/2304 2313/2313/2313
f 2327/2327/2327 2313/2313/2313 2340/2340/2340
f 2342/2342/2342 2315/2315/2315 2298/2298/2298
f 2342/2342/2342 2298/2298/2298 2329/2329/2329
f 2185/2185/2185 2293/2293/2293 2317/2317/2317
f 2185/2185/2185 2317/2317/2317 2198/2198/2198
f 2197/2197/2197 2316/2316/2316 2302/2302/2302
f 2197/2197/2197 2302/2302/2302 2190/2190/2190
f 2320/2320/2320 2216/2216/2216 2225/2225/2225
f 2320/2320/2320 2225/2225/2225 2333/2333/2333
f 2332/2332/2332 2224/2224/2224 2213/2213/2213
f 2332/2332/2332 2213/2213/2213 2325/2325/2325
f 2240/2240/2240 2348/2348/2348 2294/2294/2294
f 2240/2240/2240 2294/2294/2294 2186/2186/2186
o Receiver_0
usemtl Gunmetal
v -0.0600000 -0.0800000 0.3950000
v -0.0600000 -0.0800000 0.3950000
v -0.0600000 -0.0800000 0.3950000
v -0.0600000 -0.0800000 0.3950000
v -0.0600000 -0.0400000 0.4350000
v -0.0600000 -0.0400000 0.4350000
v -0.0600000 -0.0400000 0.4350000
v -0.0600000 -0.0400000 0.4350000
v -0.1000000 -0.0400000 0.3950000
v -0.1000000 -0.0400000 0.3950000
v -0.1000000 -0.0400000 0.3950000
v -0.1000000 -0.0400000 0.3950000
v -0.0600000 -0.0682843 0.4232843
v -0.0600000 -0.0682843 0.4232843
v -0.0600000 -0.0682843 0.4232843
v -0.0600000 -0.0682843 0.4232843
v -0.0830940 -0.0630940 0.4180940
v -0.0830940 -0.0630940 0.4180940
v -0.0830940 -0.0630940 0.4180940
v -0.0882843 -0.0400000 0.4232843
v -0.0882843 -0.0400000 0.4232843
v -0.0882843 -0.0400000 0.4232843
v -0.0882843 -0.0400000 0.4232843
v -0.0882843 -0.0682843 0.3950000
v -0.0882843 -0.0682843 0.3950000
v -0.0882843 -0.0682843 0.3950000
v -0.0882843 -0.0682843 0.3950000
v -0.0600000 0.1000000 0.4350000
v -0.0600000 0.1000000 0.4350000
v -0.0600000 0.1000000 0.4350000
v -0.0600000 0.1000000 0.4350000
v -0.0600000 0.1400000 0.3950000
v -0.0600000 0.1400000 0.3950000
v -0.0600000 0.1400000 0.3950000
v -0.0600000 0.1400000 0.3950000
v -0.1000000 0.1000000 0.3950000
v -0.1000000 0.1000000 0.3950000
v -0.1000000 0.1000000 0.3950000
v -0.1000000 0.1000000 0.3950000
v -0.0600000 0.1282843 0.4232843
v -0.0600000 0.1282843 0.4232843
v -0.0600000 0.1282843 0.4232843
v -0.0600000 0.1282843 0.4232843
v -0.0830940 0.1230940 0.4180940
v -0.0830940 0.1230940 0.4180940
v -0.0830940 0.1230940 0.4180940
v -0.0882843 0.1282843 0.3950000
v -0.0882843 0.1282843 0.3950000
v -0.0882843 0.1282843 0.3950000
v -0.0882843 0.1282843 0.3950000
v -0.0882843 0.1000000 0.4232843
v -0.0882843 0.1000000 0.4232843
v -0.0882843 0.1000000 0.4232843
v -0.0882843 0.1000000 0.4232843
v -0.0600000 -0.0800000 -0.0750000
v -0.0600000 -0.0800000 -0.0750000
v -0.0600000 -0.0800000 -0.0750000
v -0.0600000 -0.0800000 -0.0750000
v -0.1000000 -0.0400000 -0.0750000
v -0.1000000 -0.0400000 -0.0750000
v -0.1000000 -0.0400000 -0.0750000
v -0.1000000 -0.0400000 -0.0750000
v -0.0600000 -0.0400000 -0.1150000
v -0.0600000 -0.0400000 -0.1150000
v -0.0600000 -0.0400000 -0.1150000
v -0.0600000 -0.0400000 -0.1150000
v -0.0882843 -0.0682843 -0.0750000
v -0.0882843 -0.0682843 -0.0750000
v -0.0882843 -0.0682843 -0.0750000
v -0.0882843 -0.0682843 -0.0750000
v -0.0830940 -0.0630940 -0.0980940
v -0.0830940 -0.0630940 -0.0980940
v -0.0830940 -0.0630940 -0.0980940
v -0.0882843 -0.0400000 -0.1032843
v -0.0882843 -0.0400000 -0.1032843
v -0.0882843 -0.0400000 -0.1032843
v -0.0882843 -0.0400000 -0.1032843
v -0.0600000 -0.0682843 -0.1032843
v -0.0600000 -0.0682843 -0.1032843
v -0.0600000 -0.0682843 -0.1032843
v -0.0600000 -0.0682843 -0.1032843
v -0.0600000 0.1400000 -0.0750000
v -0.0600000 0.1400000 -0.0750000
v -0.0600000 0.1400000 -0.0750000
v -0.0600000 0.1400000 -0.0750000
v -0.0600000 0.1000000 -0.1150000
v -0.0600000 0.1000000 -0.1150000
v -0.0600000 0.1000000 -0.1150000
v -0.0600000 0.1000000 -0.1150000
v -0.1000000 0.1000000 -0.0750000
v -0.1000000 0.1000000 -0.0750000
v -0.1000000 0.1000000 -0.0750000
v -0.1000000 0.1000000 -0.0750000
v -0.0600000 0.1282843 -0.1032843
v -0.0600000 0.1282843 -0.1032843
v -0.0600000 0.1282843 -0.1032843
v -0.0600000 0.1282843 -0.1032843
v -0.0830940 0.1230940 -0.0980940
v -0.0830940 0.1230940 -0.0980940
v -0.0830940 0.1230940 -0.0980940
v -0.0882843 0.1000000 -0.1032843
v -0.0882843 0.1000000 -0.1032843
v -0.0882843 0.1000000 -0.1032843
v -0.0882843 0.1000000 -0.1032843
v -0.0882843 0.1282843 -0.0750000
v -0.0882843 0.1282843 -0.0750000
v -0.0882843 0.1282843 -0.0750000
v -0.0882843 0.1282843 -0.0750000
v 0.0600000 -0.0800000 0.3950000
v 0.0600000 -0.0800000 0.3950000
v 0.0600000 -0.0800000 0.3950000
v 0.0600000 -0.0800000 0.3950000
v 0.1000000 -0.0400000 0.3950000
v 0.1000000 -0.0400000 0.3950000
v 0.1000000 -0.0400000 0.3950000
v 0.1000000 -0.0400000 0.3950000
v 0.0600000 -0.0400000 0.4350000
v 0.0600000 -0.0400000 0.4350000
v 0.0600000 -0.0400000 0.4350000
v 0.0600000 -0.0400000 0.4350000
v 0.0882843 -0.0682843 0.3950000
v 0.0882843 -0.0682843 0.3950000
v 0.0882843 -0.0682843 0.3950000
v 0.0882843 -0.0682843 0.3950000
v 0.0830940 -0.0630940 0.4180940
v 0.0830940 -0.0630940 0.4180940
v 0.0830940 -0.0630940 0.4180940
v 0.0882843 -0.0400000 0.4232843
v 0.0882843 -0.0400000 0.4232843
v 0.0882843 -0.0400000 0.4232843
v 0.0882843 -0.0400000 0.4232843
v 0.0600000 -0.0682843 0.4232843
v 0.0600000 -0.0682843 0.4232843
v 0.0600000 -0.0682843 0.4232843
v 0.0600000 -0.0682843 0.4232843
v 0.0600000 0.1400000 0.3950000
v 0.0600000 0.1400000 0.3950000
v 0.0600000 0.1400000 0.3950000
v 0.0600000 0.1400000 0.3950000
v 0.0600000 0.1000000 0.4350000
v 0.0600000 0.1000000 0.4350000
v 0.0600000 0.1000000 0.4350000
v 0.0600000 0.1000000 0.4350000
v 0.1000000 0.1000000 0.3950000
v 0.1000000 0.1000000 0.3950000
v 0.1000000 0.1000000 0.3950000
v 0.1000000 0.1000000 0.3950000
v 0.0600000 0.1282843 0.4232843
v 0.0600000 0.1282843 0.4232843
v 0.0600000 0.1282843 0.4232843
v 0.0600000 0.1282843 0.4232843
v 0.0830940 0.1230940 0.4180940
v 0.0830940 0.1230940 0.4180940
v 0.0830940 0.1230940 0.4180940
v 0.0882843 0.1000000 0.4232843
v 0.0882843 0.1000000 0.4232843
v 0.0882843 0.1000000 0.4232843
v 0.0882843 0.1000000 0.4232843
v 0.0882843 0.1282843 0.3950000
v 0.0882843 0.1282843 0.3950000
v 0.0882843 0.1282843 0.3950000
v 0.0882843 0.1282843 0.3950000
v 0.0600000 -0.0800000 -0.0750000
v 0.0600000 -0.0800000 -0.0750000
v 0.0600000 -0.0800000 -0.0750000
v 0.0600000 -0.0800000 -0.0750000
v 0.0600000 -0.0400000 -0.1150000
v 0.0600000 -0.0400000 -0.1150000
v 0.0600000 -0.0400000 -0.1150000
v 0.0600000 -0.0400000 -0.1150000
v 0.1000000 -0.0400000 -0.0750000
v 0.1000000 -0.0400000 -0.0750000
v 0.1000000 -0.0400000 -0.0750000
v 0.1000000 -0.0400000 -0.0750000
v 0.0600000 -0.0682843 -0.1032843
v 0.0600000 -0.0682843 -0.1032843
v 0.0600000 -0.0682843 -0.1032843
v 0.0600000 -0.0682843 -0.1032843
v 0.0830940 -0.0630940 -0.0980940
v 0.0830940 -0.0630940 -0.0980940
v 0.0830940 -0.0630940 -0.0980940
v 0.0882843 -0.0400000 -0.1032843
v 0.0882843 -0.0400000 -0.1032843
v 0.0882843 -0.0400000 -0.1032843
v 0.0882843 -0.0400000 -0.1032843
v 0.0882843 -0.0682843 -0.0750000
v 0.0882843 -0.0682843 -0.0750000
v 0.0882843 -0.0682843 -0.0750000
v 0.0882843 -0.0682843 -0.0750000
v 0.0600000 0.1400000 -0.0750000
v 0.0600000 0.1400000 -0.0750000
v 0.0600000 0.1400000 -0.0750000
v 0.0600000 0.1400000 -0.0750000
v 0.1000000 0.1000000 -0.0750000
v 0.1000000 0.1000000 -0.0750000
v 0.1000000 0.1000000 -0.0750000
v 0.1000000 0.1000000 -0.0750000
v 0.0600000 0.1000000 -0.1150000
v 0.0600000 0.1000000 -0.1150000
v 0.0600000 0.1000000 -0.1150000
v 0.0600000 0.1000000 -0.1150000
v 0.0882843 0.1282843 -0.0750000
v 0.0882843 0.1282843 -0.0750000
v 0.0882843 0.1282843 -0.0750000
v 0.0882843 0.1282843 -0.0750000
v 0.0830940 0.1230940 -0.0980940
v 0.0830940 0.1230940 -0.0980940
v 0.0830940 0.1230940 -0.0980940
v 0.0882843 0.1000000 -0.1032843
v 0.0882843 0.1000000 -0.1032843
v 0.0882843 0.1000000 -0.1032843
v 0.0882843 0.1000000 -0.1032843
v 0.0600000 0.1282843 -0.1032843
v 0.0600000 0.1282843 -0.1032843
v 0.0600000 0.1282843 -0.1032843
v 0.0600000 0.1282843 -0.1032843
vt 0.1750000 0.2681818
vt 0.1750000 0.2681818
vt 0.1750000 0.2681818
vt 0.1750000 0.2681818
vt 0.4204546 0.0500000
vt 0.4204546 0.0500000
vt 0.4204546 0.0500000
vt 0.4204546 0.0500000
vt 0.4204545 0.9818182
vt 0.4204545 0.9818182
vt 0.4204545 0.9818182
vt 0.4204545 0.9818182
vt 0.3750000 0.0500000
vt 0.1750000 0.2500000
vt 0.3750000 0.0500000
vt 0.1750000 0.2500000
vt 0.3942114 0.0000000
vt 0.1461325 0.2500000
vt 0.3750000 0.9923155
vt 0.4204546 0.0000000
vt 0.4204546 0.0000000
vt 0.4204546 1.0000000
vt 0.4204546 1.0000000
vt 0.1250000 0.2681819
vt 0.1250000 0.2681819
vt 0.3750000 0.9818182
vt 0.3750000 0.9818182
vt 0.5795454 0.0500000
vt 0.5795454 0.0500000
vt 0.5795454 0.0500000
vt 0.5795454 0.0500000
vt 0.8250000 0.2681819
vt 0.8250000 0.2681819
vt 0.8250000 0.2681819
vt 0.8250000 0.2681819
vt 0.5795454 0.9818182
vt 0.5795454 0.9818182
vt 0.5795454 0.9818182
vt 0.5795454 0.9818182
vt 0.6250000 0.0500000
vt 0.8249999 0.2500000
vt 0.6250000 0.0500000
vt 0.8249999 0.2500000
vt 0.6250000 0.0211325
vt 0.8750000 0.2576845
vt 0.6057886 1.0000000
vt 0.8750000 0.2681819
vt 0.8750000 0.2681819
vt 0.6250000 0.9818182
vt 0.6250000 0.9818182
vt 0.5795454 0.0000000
vt 0.5795454 0.0000000
vt 0.5795454 1.0000000
vt 0.5795454 1.0000000
vt 0.1750000 0.4818182
vt 0.1750000 0.4818182
vt 0.1750000 0.4818182
vt 0.1750000 0.4818182
vt 0.4204545 0.7681818
vt 0.4204545 0.7681818
vt 0.4204545 0.7681818
vt 0.4204545 0.7681818
vt 0.4204545 0.7000000
vt 0.4204545 0.7000000
vt 0.4204545 0.7000000
vt 0.4204545 0.7000000
vt 0.1250000 0.4818182
vt 0.1250000 0.4818182
vt 0.3750000 0.7681818
vt 0.3750000 0.7681818
vt 0.3750000 0.7288675
vt 0.1250000 0.4923155
vt 0.3942114 0.7500000
vt 0.4204546 0.7500000
vt 0.4204546 0.7500000
vt 0.4204546 0.7500000
vt 0.4204546 0.7500000
vt 0.3750000 0.7000000
vt 0.1750000 0.5000000
vt 0.3750000 0.7000000
vt 0.1750000 0.5000000
vt 0.8249999 0.4818182
vt 0.8249999 0.4818182
vt 0.8249999 0.4818182
vt 0.8249999 0.4818182
vt 0.5795455 0.7000000
vt 0.5795455 0.7000000
vt 0.5795455 0.7000000
vt 0.5795455 0.7000000
vt 0.5795454 0.7681818
vt 0.5795454 0.7681818
vt 0.5795454 0.7681818
vt 0.5795454 0.7681818
vt 0.6250000 0.7000000
vt 0.8249999 0.5000000
vt 0.6250000 0.7000000
vt 0.8249999 0.5000000
vt 0.6057886 0.7500000
vt 0.8538675 0.5000000
vt 0.6250000 0.7576845
vt 0.5795454 0.7500000
vt 0.5795454 0.7500000
vt 0.5795454 0.7500000
vt 0.5795454 0.7500000
vt 0.8750000 0.4818182
vt 0.8750000 0.4818182
vt 0.6250000 0.7681818
vt 0.6250000 0.7681818
vt 0.3250000 0.2681819
vt 0.3250000 0.2681819
vt 0.3250000 0.2681819
vt 0.3250000 0.2681819
vt 0.4204545 0.2681819
vt 0.4204545 0.2681819
vt 0.4204545 0.2681819
vt 0.4204545 0.2681819
vt 0.4204545 0.2000000
vt 0.4204545 0.2000000
vt 0.4204545 0.2000000
vt 0.4204545 0.2000000
vt 0.3750000 0.2681819
vt 0.3750000 0.2681818
vt 0.3750000 0.2681818
vt 0.3750000 0.2681818
vt 0.3814038 0.2455173
vt 0.3814038 0.2455173
vt 0.3814038 0.2455173
vt 0.4204546 0.2500000
vt 0.4204546 0.2500000
vt 0.4204546 0.2500000
vt 0.4204546 0.2500000
vt 0.3750000 0.2000000
vt 0.3250000 0.2500000
vt 0.3750000 0.2000000
vt 0.3250000 0.2500000
vt 0.6750000 0.2681818
vt 0.6750000 0.2681818
vt 0.6750000 0.2681818
vt 0.6750000 0.2681818
vt 0.5795455 0.1999999
vt 0.5795455 0.1999999
vt 0.5795455 0.1999999
vt 0.5795455 0.1999999
vt 0.5795454 0.2681819
vt 0.5795454 0.2681819
vt 0.5795454 0.2681819
vt 0.5795454 0.2681819
vt 0.6250000 0.2000000
vt 0.6750000 0.2500000
vt 0.6250000 0.2000000
vt 0.6750000 0.2500000
vt 0.6256404 0.2525615
vt 0.6256404 0.2525615
vt 0.6256404 0.2525615
vt 0.5795454 0.2500000
vt 0.5795454 0.2500000
vt 0.5795454 0.2500000
vt 0.5795454 0.2500000
vt 0.6250000 0.2681819
vt 0.6250000 0.2681819
vt 0.6250000 0.2681819
vt 0.6250000 0.2681819
vt 0.3250000 0.4818182
vt 0.3250000 0.4818182
vt 0.3250000 0.4818182
vt 0.3250000 0.4818182
vt 0.4204546 0.5500000
vt 0.4204546 0.5500000
vt 0.4204546 0.5500000
vt 0.4204546 0.5500000
vt 0.4204545 0.4818182
vt 0.4204545 0.4818182
vt 0.4204545 0.4818182
vt 0.4204545 0.4818182
vt 0.3750000 0.5500000
vt 0.3250000 0.5000000
vt 0.3750000 0.5500000
vt 0.3250000 0.5000000
vt 0.3743596 0.4974385
vt 0.3743596 0.4974385
vt 0.3743596 0.4974385
vt 0.4204546 0.5000000
vt 0.4204546 0.5000000
vt 0.4204546 0.5000000
vt 0.4204546 0.5000000
vt 0.3750000 0.4818182
vt 0.3750000 0.4818182
vt 0.3750000 0.4818182
vt 0.3750000 0.4818182
vt 0.6750000 0.4818182
vt 0.6750000 0.4818182
vt 0.6750000 0.4818182
vt 0.6750000 0.4818182
vt 0.5795454 0.4818182
vt 0.5795454 0.4818182
vt 0.5795454 0.4818182
vt 0.5795454 0.4818182
vt 0.5795454 0.5500000
vt 0.5795454 0.5500000
vt 0.5795454 0.5500000
vt 0.5795454 0.5500000
vt 0.6250000 0.4818182
vt 0.6250000 0.4818182
vt 0.6250000 0.4818182
vt 0.6250000 0.4818182
vt 0.6185963 0.5044826
vt 0.6185963 0.5044826
vt 0.6185963 0.5044826
vt 0.5795454 0.5000000
vt 0.5795454 0.5000000
vt 0.5795454 0.5000000
vt 0.5795454 0.5000000
vt 0.6250000 0.5500000
vt 0.6750000 0.5000000
vt 0.6250000 0.5500000
vt 0.6750000 0.5000000
vn 0.0000000 -0.9238767 0.3826903
vn 0.0000000 -1.0000000 0.0000000
vn -0.3250835 -0.8880549 0.3250835
vn -0.3826903 -0.9238767 0.0000000
vn 0.0000000 0.0000000 1.0000000
vn 0.0000000 -0.3826903 0.9238767
vn -0.3250835 -0.3250835 0.8880549
vn -0.3826903 0.0000000 0.9238767
vn -0.8880549 -0.3250835 0.3250835
vn -0.9238767 0.0000000 0.3826903
vn -0.9238767 -0.3826903 0.0000000
vn -1.0000000 0.0000000 0.0000000
vn 0.0000000 -0.3826903 0.9238767
vn 0.0000000 -0.9238767 0.3826903
vn -0.3250835 -0.3250835 0.8880549
vn -0.3250835 -0.8880549 0.3250835
vn -0.3250835 -0.3250835 0.8880549
vn -0.3250835 -0.8880549 0.3250835
vn -0.8880549 -0.3250835 0.3250835
vn -0.3250835 -0.3250835 0.8880549
vn -0.3826903 0.0000000 0.9238767
vn -0.8880549 -0.3250835 0.3250835
vn -0.9238767 0.0000000 0.3826903
vn -0.3250835 -0.8880549 0.3250835
vn -0.3826903 -0.9238767 0.0000000
vn -0.8880549 -0.3250835 0.3250835
vn -0.9238767 -0.3826903 0.0000000
vn 0.0000000 0.0000000 1.0000000
vn 0.0000000 0.3826903 0.9238767
vn -0.3250835 0.3250835 0.8880549
vn -0.3826903 0.0000000 0.9238767
vn 0.0000000 0.9238767 0.3826903
vn 0.0000000 1.0000000 0.0000000
vn -0.3250835 0.8880549 0.3250835
vn -0.3826903 0.9238767 0.0000000
vn -0.8880549 0.3250835 0.3250835
vn -0.9238767 0.0000000 0.3826903
vn -0.9238767 0.3826903 0.0000000
vn -1.0000000 0.0000000 0.0000000
vn 0.0000000 0.3826903 0.9238767
vn 0.0000000 0.9238767 0.3826903
vn -0.3250835 0.3250835 0.8880549
vn -0.3250835 0.8880549 0.3250835
vn -0.3250835 0.3250835 0.8880549
vn -0.3250835 0.8880549 0.3250835
vn -0.8880549 0.3250835 0.3250835
vn -0.3250835 0.8880549 0.3250835
vn -0.3826903 0.9238767 0.0000000
vn -0.8880549 0.3250835 0.3250835
vn -0.9238767 0.3826903 0.0000000
vn -0.3250835 0.3250835 0.8880549
vn -0.3826903 0.0000000 0.9238767
vn -0.8880549 0.3250835 0.3250835
vn -0.9238767 0.0000000 0.3826903
vn 0.0000000 -0.9238767 -0.3826903
vn 0.0000000 -1.0000000 0.0000000
vn -0.3250835 -0.8880549 -0.3250835
vn -0.3826903 -0.9238767 0.0000000
vn -0.8880549 -0.3250835 -0.3250835
vn -0.9238767 0.0000000 -0.3826903
vn -0.9238767 -0.3826903 0.0000000
vn -1.0000000 0.0000000 0.0000000
vn 0.0000000 0.0000000 -1.0000000
vn 0.0000000 -0.3826903 -0.9238767
vn -0.3250835 -0.3250835 -0.8880549
vn -0.3826903 0.0000000 -0.9238767
vn -0.3250835 -0.8880549 -0.3250835
vn -0.3826903 -0.9238767 0.0000000
vn -0.8880549 -0.3250835 -0.3250835
vn -0.9238767 -0.3826903 0.0000000
vn -0.3250835 -0.3250835 -0.8880549
vn -0.3250835 -0.8880549 -0.3250835
vn -0.8880549 -0.3250835 -0.3250835
vn -0.3250835 -0.3250835 -0.8880549
vn -0.3826903 0.0000000 -0.9238767
vn -0.8880549 -0.3250835 -0.3250835
vn -0.9238767 0.0000000 -0.3826903
vn 0.0000000 -0.3826903 -0.9238767
vn 0.0000000 -0.9238767 -0.3826903
vn -0.3250835 -0.3250835 -0.8880549
vn -0.3250835 -0.8880549 -0.3250835
vn 0.0000000 0.9238767 -0.3826903
vn 0.0000000 1.0000000 0.0000000
vn -0.3250835 0.8880549 -0.3250835
vn -0.3826903 0.9238767 0.0000000
vn 0.0000000 0.0000000 -1.0000000
vn 0.0000000 0.3826903 -0.9238767
vn -0.3250835 0.3250835 -0.8880549
vn -0.3826903 0.0000000 -0.9238767
vn -0.8880549 0.3250835 -0.3250835
vn -0.9238767 0.0000000 -0.3826903
vn -0.9238767 0.3826903 0.0000000
vn -1.0000000 0.0000000 0.0000000
vn 0.0000000 0.3826903 -0.9238767
vn 0.0000000 0.9238767 -0.3826903
vn -0.3250835 0.3250835 -0.8880549
vn -0.3250835 0.8880549 -0.3250835
vn -0.3250835 0.3250835 -0.8880549
vn -0.3250835 0.8880549 -0.3250835
vn -0.8880549 0.3250835 -0.3250835
vn -0.3250835 0.3250835 -0.8880549
vn -0.3826903 0.0000000 -0.9238767
vn -0.8880549 0.3250835 -0.3250835
vn -0.9238767 0.0000000 -0.3826903
vn -0.3250835 0.8880549 -0.3250835
vn -0.3826903 0.9238767 0.0000000
vn -0.8880549 0.3250835 -0.3250835
vn -0.9238767 0.3826903 0.0000000
vn 0.0000000 -0.9238767 0.3826903
vn 0.0000000 -1.0000000 0.0000000
vn 0.3250835 -0.8880549 0.3250835
vn 0.3826903 -0.9238767 0.0000000
vn 0.8880549 -0.3250835 0.3250835
vn 0.9238767 0.0000000 0.3826903
vn 0.9238767 -0.3826903 0.0000000
vn 1.0000000 0.0000000 0.0000000
vn 0.0000000 0.0000000 1.0000000
vn 0.0000000 -0.3826903 0.9238767
vn 0.3250835 -0.3250835 0.8880549
vn 0.3826903 0.0000000 0.9238767
vn 0.3250835 -0.8880549 0.3250835
vn 0.3826903 -0.9238767 0.0000000
vn 0.8880549 -0.3250835 0.3250835
vn 0.9238767 -0.3826903 0.0000000
vn 0.3250835 -0.3250835 0.8880549
vn 0.3250835 -0.8880549 0.3250835
vn 0.8880549 -0.3250835 0.3250835
vn 0.3250835 -0.3250835 0.8880549
vn 0.3826903 0.0000000 0.9238767
vn 0.8880549 -0.3250835 0.3250835
vn 0.9238767 0.0000000 0.3826903
vn 0.0000000 -0.3826903 0.9238767
vn 0.0000000 -0.9238767 0.3826903
vn 0.3250835 -0.3250835 0.8880549
vn 0.3250835 -0.8880549 0.3250835
vn 0.0000000 0.9238767 0.3826903
vn 0.0000000 1.0000000 0.0000000
vn 0.3250835 0.8880549 0.3250835
vn 0.3826903 0.9238767 0.0000000
vn 0.0000000 0.0000000 1.0000000
vn 0.0000000 0.3826903 0.9238767
vn 0.3250835 0.3250835 0.8880549
vn 0.3826903 0.0000000 0.9238767
vn 0.8880549 0.3250835 0.3250835
vn 0.9238767 0.0000000 0.3826903
vn 0.9238767 0.3826903 0.0000000
vn 1.0000000 0.0000000 0.0000000
vn 0.0000000 0.3826903 0.9238767
vn 0.0000000 0.9238767 0.3826903
vn 0.3250835 0.3250835 0.8880549
vn 0.3250835 0.8880549 0.3250835
vn 0.3250835 0.3250835 0.8880549
vn 0.3250835 0.8880549 0.3250835
vn 0.8880549 0.3250835 0.3250835
vn 0.3250835 0.3250835 0.8880549
vn 0.3826903 0.0000000 0.9238767
vn 0.8880549 0.3250835 0.3250835
vn 0.9238767 0.0000000 0.3826903
vn 0.3250835 0.8880549 0.3250835
vn 0.3826903 0.9238767 0.0000000
vn 0.8880549 0.3250835 0.3250835
vn 0.9238767 0.3826903 0.0000000
vn 0.0000000 -0.9238767 -0.3826903
vn 0.0000000 -1.0000000 0.0000000
vn 0.3250835 -0.8880549 -0.3250835
vn 0.3826903 -0.9238767 0.0000000
vn 0.0000000 0.0000000 -1.0000000
vn 0.0000000 -0.3826903 -0.9238767
vn 0.3250835 -0.3250835 -0.8880549
vn 0.3826903 0.0000000 -0.9238767
vn 0.8880549 -0.3250835 -0.3250835
vn 0.9238767 0.0000000 -0.3826903
vn 0.9238767 -0.3826903 0.0000000
vn 1.0000000 0.0000000 0.0000000
vn 0.0000000 -0.3826903 -0.9238767
vn 0.0000000 -0.9238767 -0.3826903
vn 0.3250835 -0.3250835 -0.8880549
vn 0.3250835 -0.8880549 -0.3250835
vn 0.3250835 -0.3250835 -0.8880549
vn 0.3250835 -0.8880549 -0.3250835
vn 0.8880549 -0.3250835 -0.3250835
vn 0.3250835 -0.3250835 -0.8880549
vn 0.3826903 0.0000000 -0.9238767
vn 0.8880549 -0.3250835 -0.3250835
vn 0.9238767 0.0000000 -0.3826903
vn 0.3250835 -0.8880549 -0.3250835
vn 0.3826903 -0.9238767 0.0000000
vn 0.8880549 -0.3250835 -0.3250835
vn 0.9238767 -0.3826903 0.0000000
vn 0.0000000 0.9238767 -0.3826903
vn 0.0000000 1.0000000 0.0000000
vn 0.3250835 0.8880549 -0.3250835
vn 0.3826903 0.9238767 0.0000000
vn 0.8880549 0.3250835 -0.3250835
vn 0.9238767 0.0000000 -0.3826903
vn 0.9238767 0.3826903 0.0000000
vn 1.0000000 0.0000000 0.0000000
vn 0.0000000 0.0000000 -1.0000000
vn 0.0000000 0.3826903 -0.9238767
vn 0.3250835 0.3250835 -0.8880549
vn 0.3826903 0.0000000 -0.9238767
vn 0.3250835 0.8880549 -0.3250835
vn 0.3826903 0.9238767 0.0000000
vn 0.8880549 0.3250835 -0.3250835
vn 0.9238767 0.3826903 0.0000000
vn 0.3250835 0.3250835 -0.8880549
vn 0.3250835 0.8880549 -0.3250835
vn 0.8880549 0.3250835 -0.3250835
vn 0.3250835 0.3250835 -0.8880549
vn 0.3826903 0.0000000 -0.9238767
vn 0.8880549 0.3250835 -0.3250835
vn 0.9238767 0.0000000 -0.3826903
vn 0.0000000 0.3826903 -0.9238767
vn 0.0000000 0.9238767 -0.3826903
vn 0.3250835 0.3250835 -0.8880549
vn 0.3250835 0.8880549 -0.3250835
f 2517/2517/2517 2540/2540/2540 2428/2428/2428
f 2517/2517/2517 2428/2428/2428 2405/2405/2405
f 2574/2574/2574 2597/2597/2597 2547/2547/2547
f 2574/2574/2574 2547/2547/2547 2516/2516/2516
f 2591/2591/2591 2483/2483/2483 2433/2433/2433
f 2591/2591/2591 2433/2433/2433 2537/2537/2537
f 2412/2412/2412 2439/2439/2439 2493/2493/2493
f 2412/2412/2412 2493/2493/2493 2462/2462/2462
f 2463/2463/2463 2486/2486/2486 2598/2598/2598
f 2463/2463/2463 2598/2598/2598 2567/2567/2567
f 2403/2403/2403 2416/2416/2416 2418/2418/2418
f 2403/2403/2403 2418/2418/2418 2424/2424/2424
f 2407/2407/2407 2420/2420/2420 2417/2417/2417
f 2407/2407/2407 2417/2417/2417 2415/2415/2415
f 2409/2409/2409 2426/2426/2426 2419/2419/2419
f 2409/2409/2409 2419/2419/2419 2422/2422/2422
f 2430/2430/2430 2442/2442/2442 2444/2444/2444
f 2430/2430/2430 2444/2444/2444 2451/2451/2451
f 2434/2434/2434 2447/2447/2447 2445/2445/2445
f 2434/2434/2434 2445/2445/2445 2443/2443/2443
f 2436/2436/2436 2453/2453/2453 2446/2446/2446
f 2436/2436/2436 2446/2446/2446 2449/2449/2449
f 2457/2457/2457 2467/2467/2467 2472/2472/2472
f 2457/2457/2457 2472/2472/2472 2481/2481/2481
f 2459/2459/2459 2476/2476/2476 2473/2473/2473
f 2459/2459/2459 2473/2473/2473 2469/2469/2469
f 2465/2465/2465 2480/2480/2480 2471/2471/2471
f 2465/2465/2465 2471/2471/2471 2474/2474/2474
f 2484/2484/2484 2497/2497/2497 2499/2499/2499
f 2484/2484/2484 2499/2499/2499 2505/2505/2505
f 2488/2488/2488 2501/2501/2501 2498/2498/2498
f 2488/2488/2488 2498/2498/2498 2496/2496/2496
f 2490/2490/2490 2507/2507/2507 2500/2500/2500
f 2490/2490/2490 2500/2500/2500 2503/2503/2503
f 2511/2511/2511 2521/2521/2521 2526/2526/2526
f 2511/2511/2511 2526/2526/2526 2535/2535/2535
f 2513/2513/2513 2530/2530/2530 2527/2527/2527
f 2513/2513/2513 2527/2527/2527 2523/2523/2523
f 2519/2519/2519 2534/2534/2534 2525/2525/2525
f 2519/2519/2519 2525/2525/2525 2528/2528/2528
f 2538/2538/2538 2551/2551/2551 2553/2553/2553
f 2538/2538/2538 2553/2553/2553 2559/2559/2559
f 2542/2542/2542 2555/2555/2555 2552/2552/2552
f 2542/2542/2542 2552/2552/2552 2550/2550/2550
f 2544/2544/2544 2561/2561/2561 2554/2554/2554
f 2544/2544/2544 2554/2554/2554 2557/2557/2557
f 2565/2565/2565 2578/2578/2578 2580/2580/2580
f 2565/2565/2565 2580/2580/2580 2586/2586/2586
f 2569/2569/2569 2582/2582/2582 2579/2579/2579
f 2569/2569/2569 2579/2579/2579 2577/2577/2577
f 2571/2571/2571 2588/2588/2588 2581/2581/2581
f 2571/2571/2571 2581/2581/2581 2584/2584/2584
f 2592/2592/2592 2602/2602/2602 2607/2607/2607
f 2592/2592/2592 2607/2607/2607 2616/2616/2616
f 2594/2594/2594 2611/2611/2611 2608/2608/2608
f 2594/2594/2594 2608/2608/2608 2604/2604/2604
f 2600/2600/2600 2615/2615/2615 2606/2606/2606
f 2600/2600/2600 2606/2606/2606 2609/2609/2609
f 2458/2458/2458 2404/2404/2404 2425/2425/2425
f 2458/2458/2458 2425/2425/2425 2468/2468/2468
f 2470/2470/2470 2427/2427/2427 2411/2411/2411
f 2470/2470/2470 2411/2411/2411 2461/2461/2461
f 2408/2408/2408 2431/2431/2431 2452/2452/2452
f 2408/2408/2408 2452/2452/2452 2421/2421/2421
f 2423/2423/2423 2454/2454/2454 2437/2437/2437
f 2423/2423/2423 2437/2437/2437 2410/2410/2410
f 2435/2435/2435 2485/2485/2485 2506/2506/2506
f 2435/2435/2435 2506/2506/2506 2448/2448/2448
f 2450/2450/2450 2508/2508/2508 2492/2492/2492
f 2450/2450/2450 2492/2492/2492 2438/2438/2438
f 2489/2489/2489 2466/2466/2466 2475/2475/2475
f 2489/2489/2489 2475/2475/2475 2502/2502/2502
f 2504/2504/2504 2477/2477/2477 2460/2460/2460
f 2504/2504/2504 2460/2460/2460 2491/2491/2491
f 2563/2563/2563 2455/2455/2455 2479/2479/2479
f 2563/2563/2563 2479/2479/2479 2576/2576/2576
f 2575/2575/2575 2478/2478/2478 2464/2464/2464
f 2575/2575/2575 2464/2464/2464 2568/2568/2568
f 2482/2482/2482 2590/2590/2590 2614/2614/2614
f 2482/2482/2482 2614/2614/2614 2495/2495/2495
f 2494/2494/2494 2613/2613/2613 2599/2599/2599
f 2494/2494/2494 2599/2599/2599 2487/2487/2487
f 2595/2595/2595 2572/2572/2572 2585/2585/2585
f 2595/2595/2595 2585/2585/2585 2612/2612/2612
f 2610/2610/2610 2583/2583/2583 2570/2570/2570
f 2610/2610/2610 2570/2570/2570 2601/2601/2601
f 2512/2512/2512 2566/2566/2566 2587/2587/2587
f 2512/2512/2512 2587/2587/2587 2522/2522/2522
f 2524/2524/2524 2589/2589/2589 2573/2573/2573
f 2524/2524/2524 2573/2573/2573 2515/2515/2515
f 2593/2593/2593 2539/2539/2539 2560/2560/2560
f 2593/2593/2593 2560/2560/2560 2603/2603/2603
f 2605/2605/2605 2562/2562/2562 2546/2546/2546
f 2605/2605/2605 2546/2546/2546 2596/2596/2596
f 2543/2543/2543 2520/2520/2520 2529/2529/2529
f 2543/2543/2543 2529/2529/2529 2556/2556/2556
f 2558/2558/2558 2531/2531/2531 2514/2514/2514
f 2558/2558/2558 2514/2514/2514 2545/2545/2545
f 2401/2401/2401 2509/2509/2509 2533/2533/2533
f 2401/2401/2401 2533/2533/2533 2414/2414/2414
f 2413/2413/2413 2532/2532/2532 2518/2518/2518
f 2413/2413/2413 2518/2518/2518 2406/2406/2406
f 2536/2536/2536 2432/2432/2432 2441/2441/2441
f 2536/2536/2536 2441/2441/2441 2549/2549/2549
f 2548/2548/2548 2440/2440/2440 2429/2429/2429
f 2548/2548/2548 2429/2429/2429 2541/2541/2541
f 2456/2456/2456 2564/2564/2564 2510/2510/2510
f 2456/2456/2456 2510/2510/2510 2402/2402/2402
o Upper_handguard_0
usemtl Walnut_Laminate
v -0.0520000 -0.0100000 0.6870000
v -0.0520000 -0.0100000 0.6870000
v -0.0520000 -0.0100000 0.6870000
v -0.0520000 -0.0100000 0.6870000
v -0.0520000 0.0230000 0.7200000
v -0.0520000 0.0230000 0.7200000
v -0.0520000 0.0230000 0.7200000
v -0.0520000 0.0230000 0.7200000
v -0.0850000 0.0230000 0.6870000
v -0.0850000 0.0230000 0.6870000
v -0.0850000 0.0230000 0.6870000
v -0.0850000 0.0230000 0.6870000
v -0.0520000 -0.0003345 0.7103345
v -0.0520000 -0.0003345 0.7103345
v -0.0520000 -0.0003345 0.7103345
v -0.0520000 -0.0003345 0.7103345
v -0.0710526 0.0039474 0.7060525
v -0.0710526 0.0039474 0.7060525
v -0.0710526 0.0039474 0.7060525
v -0.0753345 0.0230000 0.7103345
v -0.0753345 0.0230000 0.7103345
v -0.0753345 0.0230000 0.7103345
v -0.0753345 0.0230000 0.7103345
v -0.0753345 -0.0003345 0.6870000
v -0.0753345 -0.0003345 0.6870000
v -0.0753345 -0.0003345 0.6870000
v -0.0753345 -0.0003345 0.6870000
v -0.0520000 0.1070000 0.7200000
v -0.0520000 0.1070000 0.7200000
v -0.0520000 0.1070000 0.7200000
v -0.0520000 0.1070000 0.7200000
v -0.0520000 0.1400000 0.6870000
v -0.0520000 0.1400000 0.6870000
v -0.0520000 0.1400000 0.6870000
v -0.0520000 0.1400000 0.6870000
v -0.0850000 0.1070000 0.6870000
v -0.0850000 0.1070000 0.6870000
v -0.0850000 0.1070000 0.6870000
v -0.0850000 0.1070000 0.6870000
v -0.0520000 0.1303345 0.7103345
v -0.0520000 0.1303345 0.7103345
v -0.0520000 0.1303345 0.7103345
v -0.0520000 0.1303345 0.7103345
v -0.0710526 0.1260526 0.7060525
v -0.0710526 0.1260526 0.7060525
v -0.0710526 0.1260526 0.7060525
v -0.0753345 0.1303345 0.6870000
v -0.0753345 0.1303345 0.6870000
v -0.0753345 0.1303345 0.6870000
v -0.0753345 0.1303345 0.6870000
v -0.0753345 0.1070000 0.7103345
v -0.0753345 0.1070000 0.7103345
v -0.0753345 0.1070000 0.7103345
v -0.0753345 0.1070000 0.7103345
v -0.0520000 -0.0100000 0.3730000
v -0.0520000 -0.0100000 0.3730000
v -0.0520000 -0.0100000 0.3730000
v -0.0520000 -0.0100000 0.3730000
v -0.0850000 0.0230000 0.3730000
v -0.0850000 0.0230000 0.3730000
v -0.0850000 0.0230000 0.3730000
v -0.0850000 0.0230000 0.3730000
v -0.0520000 0.0230000 0.3400000
v -0.0520000 0.0230000 0.3400000
v -0.0520000 0.0230000 0.3400000
v -0.0520000 0.0230000 0.3400000
v -0.0753345 -0.0003345 0.3730000
v -0.0753345 -0.0003345 0.3730000
v -0.0753345 -0.0003345 0.3730000
v -0.0753345 -0.0003345 0.3730000
v -0.0710526 0.0039474 0.3539474
v -0.0710526 0.0039474 0.3539474
v -0.0710526 0.0039474 0.3539474
v -0.0753345 0.0230000 0.3496654
v -0.0753345 0.0230000 0.3496654
v -0.0753345 0.0230000 0.3496654
v -0.0753345 0.0230000 0.3496654
v -0.0520000 -0.0003345 0.3496654
v -0.0520000 -0.0003345 0.3496654
v -0.0520000 -0.0003345 0.3496654
v -0.0520000 -0.0003345 0.3496654
v -0.0520000 0.1400000 0.3730000
v -0.0520000 0.1400000 0.3730000
v -0.0520000 0.1400000 0.3730000
v -0.0520000 0.1400000 0.3730000
v -0.0520000 0.1070000 0.3400000
v -0.0520000 0.1070000 0.3400000
v -0.0520000 0.1070000 0.3400000
v -0.0520000 0.1070000 0.3400000
v -0.0850000 0.1070000 0.3730000
v -0.0850000 0.1070000 0.3730000
v -0.0850000 0.1070000 0.3730000
v -0.0850000 0.1070000 0.3730000
v -0.0520000 0.1303345 0.3496654
v -0.0520000 0.1303345 0.3496654
v -0.0520000 0.1303345 0.3496654
v -0.0520000 0.1303345 0.3496654
v -0.0710526 0.1260526 0.3539474
v -0.0710526 0.1260526 0.3539474
v -0.0710526 0.1260526 0.3539474
v -0.0753345 0.1070000 0.3496654
v -0.0753345 0.1070000 0.3496654
v -0.0753345 0.1070000 0.3496654
v -0.0753345 0.1070000 0.3496654
v -0.0753345 0.1303345 0.3730000
v -0.0753345 0.1303345 0.3730000
v -0.0753345 0.1303345 0.3730000
v -0.0753345 0.1303345 0.3730000
v 0.0520000 -0.0100000 0.6870000
v 0.0520000 -0.0100000 0.6870000
v 0.0520000 -0.0100000 0.6870000
v 0.0520000 -0.0100000 0.6870000
v 0.0850000 0.0230000 0.6870000
v 0.0850000 0.0230000 0.6870000
v 0.0850000 0.0230000 0.6870000
v 0.0850000 0.0230000 0.6870000
v 0.0520000 0.0230000 0.7200000
v 0.0520000 0.0230000 0.7200000
v 0.0520000 0.0230000 0.7200000
v 0.0520000 0.0230000 0.7200000
v 0.0753345 -0.0003345 0.6870000
v 0.0753345 -0.0003345 0.6870000
v 0.0753345 -0.0003345 0.6870000
v 0.0753345 -0.0003345 0.6870000
v 0.0710526 0.0039474 0.7060525
v 0.0710526 0.0039474 0.7060525
v 0.0710526 0.0039474 0.7060525
v 0.0753345 0.0230000 0.7103345
v 0.0753345 0.0230000 0.7103345
v 0.0753345 0.0230000 0.7103345
v 0.0753345 0.0230000 0.7103345
v 0.0520000 -0.0003345 0.7103345
v 0.0520000 -0.0003345 0.7103345
v 0.0520000 -0.0003345 0.7103345
v 0.0520000 -0.0003345 0.7103345
v 0.0520000 0.1400000 0.6870000
v 0.0520000 0.1400000 0.6870000
v 0.0520000 0.1400000 0.6870000
v 0.0520000 0.1400000 0.6870000
v 0.0520000 0.1070000 0.7200000
v 0.0520000 0.1070000 0.7200000
v 0.0520000 0.1070000 0.7200000
v 0.0520000 0.1070000 0.7200000
v 0.0850000 0.1070000 0.6870000
v 0.0850000 0.1070000 0.6870000
v 0.0850000 0.1070000 0.6870000
v 0.0850000 0.1070000 0.6870000
v 0.0520000 0.1303345 0.7103345
v 0.0520000 0.1303345 0.7103345
v 0.0520000 0.1303345 0.7103345
v 0.0520000 0.1303345 0.7103345
v 0.0710526 0.1260526 0.7060525
v 0.0710526 0.1260526 0.7060525
v 0.0710526 0.1260526 0.7060525
v 0.0753345 0.1070000 0.7103345
v 0.0753345 0.1070000 0.7103345
v 0.0753345 0.1070000 0.7103345
v 0.0753345 0.1070000 0.7103345
v 0.0753345 0.1303345 0.6870000
v 0.0753345 0.1303345 0.6870000
v 0.0753345 0.1303345 0.6870000
v 0.0753345 0.1303345 0.6870000
v 0.0520000 -0.0100000 0.3730000
v 0.0520000 -0.0100000 0.3730000
v 0.0520000 -0.0100000 0.3730000
v 0.0520000 -0.0100000 0.3730000
v 0.0520000 0.0230000 0.3400000
v 0.0520000 0.0230000 0.3400000
v 0.0520000 0.0230000 0.3400000
v 0.0520000 0.0230000 0.3400000
v 0.0850000 0.0230000 0.3730000
v 0.0850000 0.0230000 0.3730000
v 0.0850000 0.0230000 0.3730000
v 0.0850000 0.0230000 0.3730000
v 0.0520000 -0.0003345 0.3496654
v 0.0520000 -0.0003345 0.3496654
v 0.0520000 -0.0003345 0.3496654
v 0.0520000 -0.0003345 0.3496654
v 0.0710526 0.0039474 0.3539474
v 0.0710526 0.0039474 0.3539474
v 0.0710526 0.0039474 0.3539474
v 0.0753345 0.0230000 0.3496654
v 0.0753345 0.0230000 0.3496654
v 0.0753345 0.0230000 0.3496654
v 0.0753345 0.0230000 0.3496654
v 0.0753345 -0.0003345 0.3730000
v 0.0753345 -0.0003345 0.3730000
v 0.0753345 -0.0003345 0.3730000
v 0.0753345 -0.0003345 0.3730000
v 0.0520000 0.1400000 0.3730000
v 0.0520000 0.1400000 0.3730000
v 0.0520000 0.1400000 0.3730000
v 0.0520000 0.1400000 0.3730000
v 0.0850000 0.1070000 0.3730000
v 0.0850000 0.1070000 0.3730000
v 0.0850000 0.1070000 0.3730000
v 0.0850000 0.1070000 0.3730000
v 0.0520000 0.1070000 0.3400000
v 0.0520000 0.1070000 0.3400000
v 0.0520000 0.1070000 0.3400000
v 0.0520000 0.1070000 0.3400000
v 0.0753345 0.1303345 0.3730000
v 0.0753345 0.1303345 0.3730000
v 0.0753345 0.1303345 0.3730000
v 0.0753345 0.1303345 0.3730000
v 0.0710526 0.1260526 0.3539474
v 0.0710526 0.1260526 0.3539474
v 0.0710526 0.1260526 0.3539474
v 0.0753345 0.1070000 0.3496654
v 0.0753345 0.1070000 0.3496654
v 0.0753345 0.1070000 0.3496654
v 0.0753345 0.1070000 0.3496654
v 0.0520000 0.1303345 0.3496654
v 0.0520000 0.1303345 0.3496654
v 0.0520000 0.1303345 0.3496654
v 0.0520000 0.1303345 0.3496654
vt 0.1735294 0.2717105
vt 0.1735294 0.2717105
vt 0.1735294 0.2717105
vt 0.1735294 0.2717105
vt 0.4300000 0.0485294
vt 0.4300000 0.0485294
vt 0.4300000 0.0485294
vt 0.4300000 0.0485294
vt 0.4300000 0.9782895
vt 0.4300000 0.9782895
vt 0.4300000 0.9782895
vt 0.4300000 0.9782895
vt 0.3750000 0.0485294
vt 0.1735294 0.2500000
vt 0.3750000 0.0485294
vt 0.1735294 0.2500000
vt 0.3982457 0.0000000
vt 0.1455109 0.2500000
vt 0.3750000 0.9908240
vt 0.4300000 0.0000000
vt 0.4300000 0.0000000
vt 0.4300000 1.0000000
vt 0.4300000 1.0000000
vt 0.1250000 0.2717105
vt 0.1250000 0.2717105
vt 0.3750000 0.9782895
vt 0.3750000 0.9782895
vt 0.5700000 0.0485294
vt 0.5700000 0.0485294
vt 0.5700000 0.0485294
vt 0.5700000 0.0485294
vt 0.8264706 0.2717105
vt 0.8264706 0.2717105
vt 0.8264706 0.2717105
vt 0.8264706 0.2717105
vt 0.5700001 0.9782895
vt 0.5700001 0.9782895
vt 0.5700001 0.9782895
vt 0.5700001 0.9782895
vt 0.6250000 0.0485294
vt 0.8264706 0.2500000
vt 0.6250000 0.0485294
vt 0.8264706 0.2500000
vt 0.6250000 0.0205109
vt 0.8750000 0.2591760
vt 0.6017542 1.0000000
vt 0.8750000 0.2717105
vt 0.8750000 0.2717105
vt 0.6250000 0.9782895
vt 0.6250000 0.9782895
vt 0.5700000 0.0000000
vt 0.5700000 0.0000000
vt 0.5700000 1.0000000
vt 0.5700000 1.0000000
vt 0.1735294 0.4782895
vt 0.1735294 0.4782895
vt 0.1735294 0.4782895
vt 0.1735294 0.4782895
vt 0.4300000 0.7717105
vt 0.4300000 0.7717105
vt 0.4300000 0.7717105
vt 0.4300000 0.7717105
vt 0.4300000 0.7014706
vt 0.4300000 0.7014706
vt 0.4300000 0.7014706
vt 0.4300000 0.7014706
vt 0.1250000 0.4782895
vt 0.1250000 0.4782895
vt 0.3750000 0.7717105
vt 0.3750000 0.7717105
vt 0.3750000 0.7294891
vt 0.1250000 0.4908240
vt 0.3982457 0.7500000
vt 0.4300000 0.7500000
vt 0.4300000 0.7500000
vt 0.4300000 0.7500000
vt 0.4300000 0.7500000
vt 0.3750000 0.7014706
vt 0.1735294 0.5000000
vt 0.3750000 0.7014706
vt 0.1735294 0.5000000
vt 0.8264706 0.4782895
vt 0.8264706 0.4782895
vt 0.8264706 0.4782895
vt 0.8264706 0.4782895
vt 0.5700000 0.7014706
vt 0.5700000 0.7014706
vt 0.5700000 0.7014706
vt 0.5700000 0.7014706
vt 0.5700000 0.7717105
vt 0.5700000 0.7717105
vt 0.5700000 0.7717105
vt 0.5700000 0.7717105
vt 0.6250000 0.7014706
vt 0.8264706 0.5000000
vt 0.6250000 0.7014706
vt 0.8264706 0.5000000
vt 0.6017543 0.7500000
vt 0.8544890 0.5000000
vt 0.6250000 0.7591760
vt 0.5700000 0.7500000
vt 0.5700000 0.7500000
vt 0.5700000 0.7500000
vt 0.5700000 0.7500000
vt 0.8750000 0.4782895
vt 0.8750000 0.4782895
vt 0.6250000 0.7717105
vt 0.6250000 0.7717105
vt 0.3264706 0.2717105
vt 0.3264706 0.2717105
vt 0.3264706 0.2717105
vt 0.3264706 0.2717105
vt 0.4300000 0.2717105
vt 0.4300000 0.2717105
vt 0.4300000 0.2717105
vt 0.4300000 0.2717105
vt 0.4300000 0.2014706
vt 0.4300000 0.2014706
vt 0.4300000 0.2014706
vt 0.4300000 0.2014706
vt 0.3750000 0.2717105
vt 0.3750000 0.2717105
vt 0.3750000 0.2717105
vt 0.3750000 0.2717105
vt 0.3827486 0.2462217
vt 0.3827486 0.2462217
vt 0.3827486 0.2462217
vt 0.4300000 0.2500000
vt 0.4300000 0.2500000
vt 0.4300000 0.2500000
vt 0.4300000 0.2500000
vt 0.3750000 0.2014706
vt 0.3264706 0.2500000
vt 0.3750000 0.2014706
vt 0.3264706 0.2500000
vt 0.6735294 0.2717105
vt 0.6735294 0.2717105
vt 0.6735294 0.2717105
vt 0.6735294 0.2717105
vt 0.5700000 0.2014706
vt 0.5700000 0.2014706
vt 0.5700000 0.2014706
vt 0.5700000 0.2014706
vt 0.5700000 0.2717106
vt 0.5700000 0.2717106
vt 0.5700000 0.2717106
vt 0.5700000 0.2717106
vt 0.6250000 0.2014706
vt 0.6735294 0.2500000
vt 0.6250000 0.2014706
vt 0.6735294 0.2500000
vt 0.6240885 0.2530587
vt 0.6240885 0.2530587
vt 0.6240885 0.2530587
vt 0.5700000 0.2500000
vt 0.5700000 0.2500000
vt 0.5700000 0.2500000
vt 0.5700000 0.2500000
vt 0.6250000 0.2717105
vt 0.6250000 0.2717105
vt 0.6250000 0.2717105
vt 0.6250000 0.2717105
vt 0.3264706 0.4782895
vt 0.3264706 0.4782895
vt 0.3264706 0.4782895
vt 0.3264706 0.4782895
vt 0.4300000 0.5485294
vt 0.4300000 0.5485294
vt 0.4300000 0.5485294
vt 0.4300000 0.5485294
vt 0.4300000 0.4782895
vt 0.4300000 0.4782895
vt 0.4300000 0.4782895
vt 0.4300000 0.4782895
vt 0.3750000 0.5485294
vt 0.3264706 0.5000000
vt 0.3750000 0.5485294
vt 0.3264706 0.5000000
vt 0.3759116 0.4969413
vt 0.3759116 0.4969413
vt 0.3759116 0.4969413
vt 0.4300000 0.5000000
vt 0.4300000 0.5000000
vt 0.4300000 0.5000000
vt 0.4300000 0.5000000
vt 0.3750000 0.4782895
vt 0.3750000 0.4782895
vt 0.3750000 0.4782895
vt 0.3750000 0.4782895
vt 0.6735294 0.4782895
vt 0.6735294 0.4782895
vt 0.6735294 0.4782895
vt 0.6735294 0.4782895
vt 0.5700001 0.4782895
vt 0.5700001 0.4782895
vt 0.5700001 0.4782895
vt 0.5700001 0.4782895
vt 0.5700000 0.5485294
vt 0.5700000 0.5485294
vt 0.5700000 0.5485294
vt 0.5700000 0.5485294
vt 0.6250000 0.4782895
vt 0.6250000 0.4782895
vt 0.6250000 0.4782895
vt 0.6250000 0.4782895
vt 0.6172515 0.5037783
vt 0.6172515 0.5037783
vt 0.6172515 0.5037783
vt 0.5700000 0.5000000
vt 0.5700000 0.5000000
vt 0.5700000 0.5000000
vt 0.5700000 0.5000000
vt 0.6250000 0.5485294
vt 0.6735294 0.5000000
vt 0.6250000 0.5485294
vt 0.6735294 0.5000000
vn 0.0000000 -0.9238767 0.3826903
vn 0.0000000 -1.0000000 0.0000000
vn -0.3250835 -0.8880549 0.3250835
vn -0.3826903 -0.9238767 0.0000000
vn 0.0000000 0.0000000 1.0000000
vn 0.0000000 -0.3826903 0.9238767
vn -0.3250835 -0.3250835 0.8880549
vn -0.3826903 0.0000000 0.9238767
vn -0.8880549 -0.3250835 0.3250835
vn -0.9238767 0.0000000 0.3826903
vn -0.9238767 -0.3826903 0.0000000
vn -1.0000000 0.0000000 0.0000000
vn 0.0000000 -0.3826903 0.9238767
vn 0.0000000 -0.9238767 0.3826903
vn -0.3250835 -0.3250835 0.8880549
vn -0.3250835 -0.8880549 0.3250835
vn -0.3250835 -0.3250835 0.8880549
vn -0.3250835 -0.8880549 0.3250835
vn -0.8880549 -0.3250835 0.3250835
vn -0.3250835 -0.3250835 0.8880549
vn -0.3826903 0.0000000 0.9238767
vn -0.8880549 -0.3250835 0.3250835
vn -0.9238767 0.0000000 0.3826903
vn -0.3250835 -0.8880549 0.3250835
vn -0.3826903 -0.9238767 0.0000000
vn -0.8880549 -0.3250835 0.3250835
vn -0.9238767 -0.3826903 0.0000000
vn 0.0000000 0.0000000 1.0000000
vn 0.0000000 0.3826903 0.9238767
vn -0.3250835 0.3250835 0.8880549
vn -0.3826903 0.0000000 0.9238767
vn 0.0000000 0.9238767 0.3826903
vn 0.0000000 1.0000000 0.0000000
vn -0.3250835 0.8880549 0.3250835
vn -0.3826903 0.9238767 0.0000000
vn -0.8880549 0.3250835 0.3250835
vn -0.9238767 0.0000000 0.3826903
vn -0.9238767 0.3826903 0.0000000
vn -1.0000000 0.0000000 0.0000000
vn 0.0000000 0.3826903 0.9238767
vn 0.0000000 0.9238767 0.3826903
vn -0.3250835 0.3250835 0.8880549
vn -0.3250835 0.8880549 0.3250835
vn -0.3250835 0.3250835 0.8880549
vn -0.3250835 0.8880549 0.3250835
vn -0.8880549 0.3250835 0.3250835
vn -0.3250835 0.8880549 0.3250835
vn -0.3826903 0.9238767 0.0000000
vn -0.8880549 0.3250835 0.3250835
vn -0.9238767 0.3826903 0.0000000
vn -0.3250835 0.3250835 0.8880549
vn -0.3826903 0.0000000 0.9238767
vn -0.8880549 0.3250835 0.3250835
vn -0.9238767 0.0000000 0.3826903
vn 0.0000000 -0.9238767 -0.3826903
vn 0.0000000 -1.0000000 0.0000000
vn -0.3250835 -0.8880549 -0.3250835
vn -0.3826903 -0.9238767 0.0000000
vn -0.8880549 -0.3250835 -0.3250835
vn -0.9238767 0.0000000 -0.3826903
vn -0.9238767 -0.3826903 0.0000000
vn -1.0000000 0.0000000 0.0000000
vn 0.0000000 0.0000000 -1.0000000
vn 0.0000000 -0.3826903 -0.9238767
vn -0.3250835 -0.3250835 -0.8880549
vn -0.3826903 0.0000000 -0.9238767
vn -0.3250835 -0.8880549 -0.3250835
vn -0.3826903 -0.9238767 0.0000000
vn -0.8880549 -0.3250835 -0.3250835
vn -0.9238767 -0.3826903 0.0000000
vn -0.3250835 -0.3250835 -0.8880549
vn -0.3250835 -0.8880549 -0.3250835
vn -0.8880549 -0.3250835 -0.3250835
vn -0.3250835 -0.3250835 -0.8880549
vn -0.3826903 0.0000000 -0.9238767
vn -0.8880549 -0.3250835 -0.3250835
vn -0.9238767 0.0000000 -0.3826903
vn 0.0000000 -0.3826903 -0.9238767
vn 0.0000000 -0.9238767 -0.3826903
vn -0.3250835 -0.3250835 -0.8880549
vn -0.3250835 -0.8880549 -0.3250835
vn 0.0000000 0.9238767 -0.3826903
vn 0.0000000 1.0000000 0.0000000
vn -0.3250835 0.8880549 -0.3250835
vn -0.3826903 0.9238767 0.0000000
vn 0.0000000 0.0000000 -1.0000000
vn 0.0000000 0.3826903 -0.9238767
vn -0.3250835 0.3250835 -0.8880549
vn -0.3826903 0.0000000 -0.9238767
vn -0.8880549 0.3250835 -0.3250835
vn -0.9238767 0.0000000 -0.3826903
vn -0.9238767 0.3826903 0.0000000
vn -1.0000000 0.0000000 0.0000000
vn 0.0000000 0.3826903 -0.9238767
vn 0.0000000 0.9238767 -0.3826903
vn -0.3250835 0.3250835 -0.8880549
vn -0.3250835 0.8880549 -0.3250835
vn -0.3250835 0.3250835 -0.8880549
vn -0.3250835 0.8880549 -0.3250835
vn -0.8880549 0.3250835 -0.3250835
vn -0.3250835 0.3250835 -0.8880549
vn -0.3826903 0.0000000 -0.9238767
vn -0.8880549 0.3250835 -0.3250835
vn -0.9238767 0.0000000 -0.3826903
vn -0.3250835 0.8880549 -0.3250835
vn -0.3826903 0.9238767 0.0000000
vn -0.8880549 0.3250835 -0.3250835
vn -0.9238767 0.3826903 0.0000000
vn 0.0000000 -0.9238767 0.3826903
vn 0.0000000 -1.0000000 0.0000000
vn 0.3250835 -0.8880549 0.3250835
vn 0.3826903 -0.9238767 0.0000000
vn 0.8880549 -0.3250835 0.3250835
vn 0.9238767 0.0000000 0.3826903
vn 0.9238767 -0.3826903 0.0000000
vn 1.0000000 0.0000000 0.0000000
vn 0.0000000 0.0000000 1.0000000
vn 0.0000000 -0.3826903 0.9238767
vn 0.3250835 -0.3250835 0.8880549
vn 0.3826903 0.0000000 0.9238767
vn 0.3250835 -0.8880549 0.3250835
vn 0.3826903 -0.9238767 0.0000000
vn 0.8880549 -0.3250835 0.3250835
vn 0.9238767 -0.3826903 0.0000000
vn 0.3250835 -0.3250835 0.8880549
vn 0.3250835 -0.8880549 0.3250835
vn 0.8880549 -0.3250835 0.3250835
vn 0.3250835 -0.3250835 0.8880549
vn 0.3826903 0.0000000 0.9238767
vn 0.8880549 -0.3250835 0.3250835
vn 0.9238767 0.0000000 0.3826903
vn 0.0000000 -0.3826903 0.9238767
vn 0.0000000 -0.9238767 0.3826903
vn 0.3250835 -0.3250835 0.8880549
vn 0.3250835 -0.8880549 0.3250835
vn 0.0000000 0.9238767 0.3826903
vn 0.0000000 1.0000000 0.0000000
vn 0.3250835 0.8880549 0.3250835
vn 0.3826903 0.9238767 0.0000000
vn 0.0000000 0.0000000 1.0000000
vn 0.0000000 0.3826903 0.9238767
vn 0.3250835 0.3250835 0.8880549
vn 0.3826903 0.0000000 0.9238767
vn 0.8880549 0.3250835 0.3250835
vn 0.9238767 0.0000000 0.3826903
vn 0.9238767 0.3826903 0.0000000
vn 1.0000000 0.0000000 0.0000000
vn 0.0000000 0.3826903 0.9238767
vn 0.0000000 0.9238767 0.3826903
vn 0.3250835 0.3250835 0.8880549
vn 0.3250835 0.8880549 0.3250835
vn 0.3250835 0.3250835 0.8880549
vn 0.3250835 0.8880549 0.3250835
vn 0.8880549 0.3250835 0.3250835
vn 0.3250835 0.3250835 0.8880549
vn 0.3826903 0.0000000 0.9238767
vn 0.8880549 0.3250835 0.3250835
vn 0.9238767 0.0000000 0.3826903
vn 0.3250835 0.8880549 0.3250835
vn 0.3826903 0.9238767 0.0000000
vn 0.8880549 0.3250835 0.3250835
vn 0.9238767 0.3826903 0.0000000
vn 0.0000000 -0.9238767 -0.3826903
vn 0.0000000 -1.0000000 0.0000000
vn 0.3250835 -0.8880549 -0.3250835
vn 0.3826903 -0.9238767 0.0000000
vn 0.0000000 0.0000000 -1.0000000
vn 0.0000000 -0.3826903 -0.9238767
vn 0.3250835 -0.3250835 -0.8880549
vn 0.3826903 0.0000000 -0.9238767
vn 0.8880549 -0.3250835 -0.3250835
vn 0.9238767 0.0000000 -0.3826903
vn 0.9238767 -0.3826903 0.0000000
vn 1.0000000 0.0000000 0.0000000
vn 0.0000000 -0.3826903 -0.9238767
vn 0.0000000 -0.9238767 -0.3826903
vn 0.3250835 -0.3250835 -0.8880549
vn 0.3250835 -0.8880549 -0.3250835
vn 0.3250835 -0.3250835 -0.8880549
vn 0.3250835 -0.8880549 -0.3250835
vn 0.8880549 -0.3250835 -0.3250835
vn 0.3250835 -0.3250835 -0.8880549
vn 0.3826903 0.0000000 -0.9238767
vn 0.8880549 -0.3250835 -0.3250835
vn 0.9238767 0.0000000 -0.3826903
vn 0.3250835 -0.8880549 -0.3250835
vn 0.3826903 -0.9238767 0.0000000
vn 0.8880549 -0.3250835 -0.3250835
vn 0.9238767 -0.3826903 0.0000000
vn 0.0000000 0.9238767 -0.3826903
vn 0.0000000 1.0000000 0.0000000
vn 0.3250835 0.8880549 -0.3250835
vn 0.3826903 0.9238767 0.0000000
vn 0.8880549 0.3250835 -0.3250835
vn 0.9238767 0.0000000 -0.3826903
vn 0.9238767 0.3826903 0.0000000
vn 1.0000000 0.0000000 0.0000000
vn 0.0000000 0.0000000 -1.0000000
vn 0.0000000 0.3826903 -0.9238767
vn 0.3250835 0.3250835 -0.8880549
vn 0.3826903 0.0000000 -0.9238767
vn 0.3250835 0.8880549 -0.3250835
vn 0.3826903 0.9238767 0.0000000
vn 0.8880549 0.3250835 -0.3250835
vn 0.9238767 0.3826903 0.0000000
vn 0.3250835 0.3250835 -0.8880549
vn 0.3250835 0.8880549 -0.3250835
vn 0.8880549 0.3250835 -0.3250835
vn 0.3250835 0.3250835 -0.8880549
vn 0.3826903 0.0000000 -0.9238767
vn 0.8880549 0.3250835 -0.3250835
vn 0.9238767 0.0000000 -0.3826903
vn 0.0000000 0.3826903 -0.9238767
vn 0.0000000 0.9238767 -0.3826903
vn 0.3250835 0.3250835 -0.8880549
vn 0.3250835 0.8880549 -0.3250835
f 2733/2733/2733 2756/2756/2756 2644/2644/2644
f 2733/2733/2733 2644/2644/2644 2621/2621/2621
f 2790/2790/2790 2813/2813/2813 2763/2763/2763
f 2790/2790/2790 2763/2763/2763 2732/2732/2732
f 2807/2807/2807 2699/2699/2699 2649/2649/2649
f 2807/2807/2807 2649/2649/2649 2753/2753/2753
f 2628/2628/2628 2655/2655/2655 2709/2709/2709
f 2628/2628/2628 2709/2709/2709 2678/2678/2678
f 2679/2679/2679 2702/2702/2702 2814/2814/2814
f 2679/2679/2679 2814/2814/2814 2783/2783/2783
f 2619/2619/2619 2632/2632/2632 2634/2634/2634
f 2619/2619/2619 2634/2634/2634 2640/2640/2640
f 2623/2623/2623 2636/2636/2636 2633/2633/2633
f 2623/2623/2623 2633/2633/2633 2631/2631/2631
f 2625/2625/2625 2642/2642/2642 2635/2635/2635
f 2625/2625/2625 2635/2635/2635 2638/2638/2638
f 2646/2646/2646 2658/2658/2658 2660/2660/2660
f 2646/2646/2646 2660/2660/2660 2667/2667/2667
f 2650/2650/2650 2663/2663/2663 2661/2661/2661
f 2650/2650/2650 2661/2661/2661 2659/2659/2659
f 2652/2652/2652 2669/2669/2669 2662/2662/2662
f 2652/2652/2652 2662/2662/2662 2665/2665/2665
f 2673/2673/2673 2683/2683/2683 2688/2688/2688
f 2673/2673/2673 2688/2688/2688 2697/2697/2697
f 2675/2675/2675 2692/2692/2692 2689/2689/2689
f 2675/2675/2675 2689/2689/2689 2685/2685/2685
f 2681/2681/2681 2696/2696/2696 2687/2687/2687
f 2681/2681/2681 2687/2687/2687 2690/2690/2690
f 2700/2700/2700 2713/2713/2713 2715/2715/2715
f 2700/2700/2700 2715/2715/2715 2721/2721/2721
f 2704/2704/2704 2717/2717/2717 2714/2714/2714
f 2704/2704/2704 2714/2714/2714 2712/2712/2712
f 2706/2706/2706 2723/2723/2723 2716/2716/2716
f 2706/2706/2706 2716/2716/2716 2719/2719/2719
f 2727/2727/2727 2737/2737/2737 2742/2742/2742
f 2727/2727/2727 2742/2742/2742 2751/2751/2751
f 2729/2729/2729 2746/2746/2746 2743/2743/2743
f 2729/2729/2729 2743/2743/2743 2739/2739/2739
f 2735/2735/2735 2750/2750/2750 2741/2741/2741
f 2735/2735/2735 2741/2741/2741 2744/2744/2744
f 2754/2754/2754 2767/2767/2767 2769/2769/2769
f 2754/2754/2754 2769/2769/2769 2775/2775/2775
f 2758/2758/2758 2771/2771/2771 2768/2768/2768
f 2758/2758/2758 2768/2768/2768 2766/2766/2766
f 2760/2760/2760 2777/2777/2777 2770/2770/2770
f 2760/2760/2760 2770/2770/2770 2773/2773/2773
f 2781/2781/2781 2794/2794/2794 2796/2796/2796
f 2781/2781/2781 2796/2796/2796 2802/2802/2802
f 2785/2785/2785 2798/2798/2798 2795/2795/2795
f 2785/2785/2785 2795/2795/2795 2793/2793/2793
f 2787/2787/2787 2804/2804/2804 2797/2797/2797
f 2787/2787/2787 2797/2797/2797 2800/2800/2800
f 2808/2808/2808 2818/2818/2818 2823/2823/2823
f 2808/2808/2808 2823/2823/2823 2832/2832/2832
f 2810/2810/2810 2827/2827/2827 2824/2824/2824
f 2810/2810/2810 2824/2824/2824 2820/2820/2820
f 2816/2816/2816 2831/2831/2831 2822/2822/2822
f 2816/2816/2816 2822/2822/2822 2825/2825/2825
f 2674/2674/2674 2620/2620/2620 2641/2641/2641
f 2674/2674/2674 2641/2641/2641 2684/2684/2684
f 2686/2686/2686 2643/2643/2643 2627/2627/2627
f 2686/2686/2686 2627/2627/2627 2677/2677/2677
f 2624/2624/2624 2647/2647/2647 2668/2668/2668
f 2624/2624/2624 2668/2668/2668 2637/2637/2637
f 2639/2639/2639 2670/2670/2670 2653/2653/2653
f 2639/2639/2639 2653/2653/2653 2626/2626/2626
f 2651/2651/2651 2701/2701/2701 2722/2722/2722
f 2651/2651/2651 2722/2722/2722 2664/2664/2664
f 2666/2666/2666 2724/2724/2724 2708/2708/2708
f 2666/2666/2666 2708/2708/2708 2654/2654/2654
f 2705/2705/2705 2682/2682/2682 2691/2691/2691
f 2705/2705/2705 2691/2691/2691 2718/2718/2718
f 2720/2720/2720 2693/2693/2693 2676/2676/2676
f 2720/2720/2720 2676/2676/2676 2707/2707/2707
f 2779/2779/2779 2671/2671/2671 2695/2695/2695
f 2779/2779/2779 2695/2695/2695 2792/2792/2792
f 2791/2791/2791 2694/2694/2694 2680/2680/2680
f 2791/2791/2791 2680/2680/2680 2784/2784/2784
f 2698/2698/2698 2806/2806/2806 2830/2830/2830
f 2698/2698/2698 2830/2830/2830 2711/2711/2711
f 2710/2710/2710 2829/2829/2829 2815/2815/2815
f 2710/2710/2710 2815/2815/2815 2703/2703/2703
f 2811/2811/2811 2788/2788/2788 2801/2801/2801
f 2811/2811/2811 2801/2801/2801 2828/2828/2828
f 2826/2826/2826 2799/2799/2799 2786/2786/2786
f 2826/2826/2826 2786/2786/2786 2817/2817/2817
f 2728/2728/2728 2782/2782/2782 2803/2803/2803
f 2728/2728/2728 2803/2803/2803 2738/2738/2738
f 2740/2740/2740 2805/2805/2805 2789/2789/2789
f 2740/2740/2740 2789/2789/2789 2731/2731/2731
f 2809/2809/2809 2755/2755/2755 2776/2776/2776
f 2809/2809/2809 2776/2776/2776 2819/2819/2819
f 2821/2821/2821 2778/2778/2778 2762/2762/2762
f 2821/2821/2821 2762/2762/2762 2812/2812/2812
f 2759/2759/2759 2736/2736/2736 2745/2745/2745
f 2759/2759/2759 2745/2745/2745 2772/2772/2772
f 2774/2774/2774 2747/2747/2747 2730/2730/2730
f 2774/2774/2774 2730/2730/2730 2761/2761/2761
f 2617/2617/2617 2725/2725/2725 2749/2749/2749
f 2617/2617/2617 2749/2749/2749 2630/2630/2630
f 2629/2629/2629 2748/2748/2748 2734/2734/2734
f 2629/2629/2629 2734/2734/2734 2622/2622/2622
f 2752/2752/2752 2648/2648/2648 2657/2657/2657
f 2752/2752/2752 2657/2657/2657 2765/2765/2765
f 2764/2764/2764 2656/2656/2656 2645/2645/2645
f 2764/2764/2764 2645/2645/2645 2757/2757/2757
f 2672/2672/2672 2780/2780/2780 2726/2726/2726
f 2672/2672/2672 2726/2726/2726 2618/2618/2618
o Wood_stock_0
usemtl Walnut_Laminate
v -0.0476000 -0.0900000 -0.1074000
v -0.0476000 -0.0900000 -0.1074000
v -0.0476000 -0.0900000 -0.1074000
v -0.0476000 -0.0900000 -0.1074000
v -0.0476000 -0.0526000 -0.0700000
v -0.0476000 -0.0526000 -0.0700000
v -0.0476000 -0.0526000 -0.0700000
v -0.0476000 -0.0526000 -0.0700000
v -0.0850000 -0.0526000 -0.1074000
v -0.0850000 -0.0526000 -0.1074000
v -0.0850000 -0.0526000 -0.1074000
v -0.0850000 -0.0526000 -0.1074000
v -0.0476000 -0.0790458 -0.0809542
v -0.0476000 -0.0790458 -0.0809542
v -0.0476000 -0.0790458 -0.0809542
v -0.0476000 -0.0790458 -0.0809542
v -0.0691929 -0.0741929 -0.0858071
v -0.0691929 -0.0741929 -0.0858071
v -0.0691929 -0.0741929 -0.0858071
v -0.0740458 -0.0526000 -0.0809542
v -0.0740458 -0.0526000 -0.0809542
v -0.0740458 -0.0526000 -0.0809542
v -0.0740458 -0.0526000 -0.0809542
v -0.0740458 -0.0790458 -0.1074000
v -0.0740458 -0.0790458 -0.1074000
v -0.0740458 -0.0790458 -0.1074000
v -0.0740458 -0.0790458 -0.1074000
v -0.0476000 0.0726000 -0.0700000
v -0.0476000 0.0726000 -0.0700000
v -0.0476000 0.0726000 -0.0700000
v -0.0476000 0.0726000 -0.0700000
v -0.0476000 0.1100000 -0.1074000
v -0.0476000 0.1100000 -0.1074000
v -0.0476000 0.1100000 -0.1074000
v -0.0476000 0.1100000 -0.1074000
v -0.0850000 0.0726000 -0.1074000
v -0.0850000 0.0726000 -0.1074000
v -0.0850000 0.0726000 -0.1074000
v -0.0850000 0.0726000 -0.1074000
v -0.0476000 0.0990458 -0.0809542
v -0.0476000 0.0990458 -0.0809542
v -0.0476000 0.0990458 -0.0809542
v -0.0476000 0.0990458 -0.0809542
v -0.0691929 0.0941929 -0.0858071
v -0.0691929 0.0941929 -0.0858071
v -0.0691929 0.0941929 -0.0858071
v -0.0740458 0.0990458 -0.1074000
v -0.0740458 0.0990458 -0.1074000
v -0.0740458 0.0990458 -0.1074000
v -0.0740458 0.0990458 -0.1074000
v -0.0740458 0.0726000 -0.0809542
v -0.0740458 0.0726000 -0.0809542
v -0.0740458 0.0726000 -0.0809542
v -0.0740458 0.0726000 -0.0809542
v -0.0476000 -0.0900000 -0.4526000
v -0.0476000 -0.0900000 -0.4526000
v -0.0476000 -0.0900000 -0.4526000
v -0.0476000 -0.0900000 -0.4526000
v -0.0850000 -0.0526000 -0.4526000
v -0.0850000 -0.0526000 -0.4526000
v -0.0850000 -0.0526000 -0.4526000
v -0.0850000 -0.0526000 -0.4526000
v -0.0476000 -0.0526000 -0.4900000
v -0.0476000 -0.0526000 -0.4900000
v -0.0476000 -0.0526000 -0.4900000
v -0.0476000 -0.0526000 -0.4900000
v -0.0740458 -0.0790458 -0.4526000
v -0.0740458 -0.0790458 -0.4526000
v -0.0740458 -0.0790458 -0.4526000
v -0.0740458 -0.0790458 -0.4526000
v -0.0691929 -0.0741929 -0.4741929
v -0.0691929 -0.0741929 -0.4741929
v -0.0691929 -0.0741929 -0.4741929
v -0.0740458 -0.0526000 -0.4790458
v -0.0740458 -0.0526000 -0.4790458
v -0.0740458 -0.0526000 -0.4790458
v -0.0740458 -0.0526000 -0.4790458
v -0.0476000 -0.0790458 -0.4790458
v -0.0476000 -0.0790458 -0.4790458
v -0.0476000 -0.0790458 -0.4790458
v -0.0476000 -0.0790458 -0.4790458
v -0.0476000 0.1100000 -0.4526000
v -0.0476000 0.1100000 -0.4526000
v -0.0476000 0.1100000 -0.4526000
v -0.0476000 0.1100000 -0.4526000
v -0.0476000 0.0726000 -0.4900000
v -0.0476000 0.0726000 -0.4900000
v -0.0476000 0.0726000 -0.4900000
v -0.0476000 0.0726000 -0.4900000
v -0.0850000 0.0726000 -0.4526000
v -0.0850000 0.0726000 -0.4526000
v -0.0850000 0.0726000 -0.4526000
v -0.0850000 0.0726000 -0.4526000
v -0.0476000 0.0990458 -0.4790458
v -0.0476000 0.0990458 -0.4790458
v -0.0476000 0.0990458 -0.4790458
v -0.0476000 0.0990458 -0.4790458
v -0.0691929 0.0941929 -0.4741929
v -0.0691929 0.0941929 -0.4741929
v -0.0691929 0.0941929 -0.4741929
v -0.0740458 0.0726000 -0.4790458
v -0.0740458 0.0726000 -0.4790458
v -0.0740458 0.0726000 -0.4790458
v -0.0740458 0.0726000 -0.4790458
v -0.0740458 0.0990458 -0.4526000
v -0.0740458 0.0990458 -0.4526000
v -0.0740458 0.0990458 -0.4526000
v -0.0740458 0.0990458 -0.4526000
v 0.0476000 -0.0900000 -0.1074000
v 0.0476000 -0.0900000 -0.1074000
v 0.0476000 -0.0900000 -0.1074000
v 0.0476000 -0.0900000 -0.1074000
v 0.0850000 -0.0526000 -0.1074000
v 0.0850000 -0.0526000 -0.1074000
v 0.0850000 -0.0526000 -0.1074000
v 0.0850000 -0.0526000 -0.1074000
v 0.0476000 -0.0526000 -0.0700000
v 0.0476000 -0.0526000 -0.0700000
v 0.0476000 -0.0526000 -0.0700000
v 0.0476000 -0.0526000 -0.0700000
v 0.0740458 -0.0790458 -0.1074000
v 0.0740458 -0.0790458 -0.1074000
v 0.0740458 -0.0790458 -0.1074000
v 0.0740458 -0.0790458 -0.1074000
v 0.0691929 -0.0741929 -0.0858071
v 0.0691929 -0.0741929 -0.0858071
v 0.0691929 -0.0741929 -0.0858071
v 0.0740458 -0.0526000 -0.0809542
v 0.0740458 -0.0526000 -0.0809542
v 0.0740458 -0.0526000 -0.0809542
v 0.0740458 -0.0526000 -0.0809542
v 0.0476000 -0.0790458 -0.0809542
v 0.0476000 -0.0790458 -0.0809542
v 0.0476000 -0.0790458 -0.0809542
v 0.0476000 -0.0790458 -0.0809542
v 0.0476000 0.1100000 -0.1074000
v 0.0476000 0.1100000 -0.1074000
v 0.0476000 0.1100000 -0.1074000
v 0.0476000 0.1100000 -0.1074000
v 0.0476000 0.0726000 -0.0700000
v 0.0476000 0.0726000 -0.0700000
v 0.0476000 0.0726000 -0.0700000
v 0.0476000 0.0726000 -0.0700000
v 0.0850000 0.0726000 -0.1074000
v 0.0850000 0.0726000 -0.1074000
v 0.0850000 0.0726000 -0.1074000
v 0.0850000 0.0726000 -0.1074000
v 0.0476000 0.0990458 -0.0809542
v 0.0476000 0.0990458 -0.0809542
v 0.0476000 0.0990458 -0.0809542
v 0.0476000 0.0990458 -0.0809542
v 0.0691929 0.0941929 -0.0858071
v 0.0691929 0.0941929 -0.0858071
v 0.0691929 0.0941929 -0.0858071
v 0.0740458 0.0726000 -0.0809542
v 0.0740458 0.0726000 -0.0809542
v 0.0740458 0.0726000 -0.0809542
v 0.0740458 0.0726000 -0.0809542
v 0.0740458 0.0990458 -0.1074000
v 0.0740458 0.0990458 -0.1074000
v 0.0740458 0.0990458 -0.1074000
v 0.0740458 0.0990458 -0.1074000
v 0.0476000 -0.0900000 -0.4526000
v 0.0476000 -0.0900000 -0.4526000
v 0.0476000 -0.0900000 -0.4526000
v 0.0476000 -0.0900000 -0.4526000
v 0.0476000 -0.0526000 -0.4900000
v 0.0476000 -0.0526000 -0.4900000
v 0.0476000 -0.0526000 -0.4900000
v 0.0476000 -0.0526000 -0.4900000
v 0.0850000 -0.0526000 -0.4526000
v 0.0850000 -0.0526000 -0.4526000
v 0.0850000 -0.0526000 -0.4526000
v 0.0850000 -0.0526000 -0.4526000
v 0.0476000 -0.0790458 -0.4790458
v 0.0476000 -0.0790458 -0.4790458
v 0.0476000 -0.0790458 -0.4790458
v 0.0476000 -0.0790458 -0.4790458
v 0.0691929 -0.0741929 -0.4741929
v 0.0691929 -0.0741929 -0.4741929
v 0.0691929 -0.0741929 -0.4741929
v 0.0740458 -0.0526000 -0.4790458
v 0.0740458 -0.0526000 -0.4790458
v 0.0740458 -0.0526000 -0.4790458
v 0.0740458 -0.0526000 -0.4790458
v 0.0740458 -0.0790458 -0.4526000
v 0.0740458 -0.0790458 -0.4526000
v 0.0740458 -0.0790458 -0.4526000
v 0.0740458 -0.0790458 -0.4526000
v 0.0476000 0.1100000 -0.4526000
v 0.0476000 0.1100000 -0.4526000
v 0.0476000 0.1100000 -0.4526000
v 0.0476000 0.1100000 -0.4526000
v 0.0850000 0.0726000 -0.4526000
v 0.0850000 0.0726000 -0.4526000
v 0.0850000 0.0726000 -0.4526000
v 0.0850000 0.0726000 -0.4526000
v 0.0476000 0.0726000 -0.4900000
v 0.0476000 0.0726000 -0.4900000
v 0.0476000 0.0726000 -0.4900000
v 0.0476000 0.0726000 -0.4900000
v 0.0740458 0.0990458 -0.4526000
v 0.0740458 0.0990458 -0.4526000
v 0.0740458 0.0990458 -0.4526000
v 0.0740458 0.0990458 -0.4526000
v 0.0691929 0.0941929 -0.4741929
v 0.0691929 0.0941929 -0.4741929
v 0.0691929 0.0941929 -0.4741929
v 0.0740458 0.0726000 -0.4790458
v 0.0740458 0.0726000 -0.4790458
v 0.0740458 0.0726000 -0.4790458
v 0.0740458 0.0726000 -0.4790458
v 0.0476000 0.0990458 -0.4790458
v 0.0476000 0.0990458 -0.4790458
v 0.0476000 0.0990458 -0.4790458
v 0.0476000 0.0990458 -0.4790458
vt 0.1800000 0.2722619
vt 0.1800000 0.2722619
vt 0.1800000 0.2722619
vt 0.1800000 0.2722619
vt 0.4217500 0.0550000
vt 0.4217500 0.0550000
vt 0.4217500 0.0550000
vt 0.4217500 0.0550000
vt 0.4217500 0.9777381
vt 0.4217500 0.9777381
vt 0.4217500 0.9777381
vt 0.4217500 0.9777381
vt 0.3750000 0.0550000
vt 0.1800000 0.2500000
vt 0.3750000 0.0550000
vt 0.1800000 0.2500000
vt 0.3947589 0.0000000
vt 0.1482457 0.2500000
vt 0.3750000 0.9905910
vt 0.4217500 0.0000000
vt 0.4217500 0.0000000
vt 0.4217500 1.0000000
vt 0.4217500 1.0000000
vt 0.1250000 0.2722619
vt 0.1250000 0.2722619
vt 0.3750000 0.9777381
vt 0.3750000 0.9777381
vt 0.5782500 0.0550000
vt 0.5782500 0.0550000
vt 0.5782500 0.0550000
vt 0.5782500 0.0550000
vt 0.8200000 0.2722619
vt 0.8200000 0.2722619
vt 0.8200000 0.2722619
vt 0.8200000 0.2722619
vt 0.5782499 0.9777381
vt 0.5782499 0.9777381
vt 0.5782499 0.9777381
vt 0.5782499 0.9777381
vt 0.6250000 0.0550000
vt 0.8200001 0.2500000
vt 0.6250000 0.0550000
vt 0.8200001 0.2500000
vt 0.6250000 0.0232458
vt 0.8750000 0.2594090
vt 0.6052411 1.0000000
vt 0.8750000 0.2722619
vt 0.8750000 0.2722619
vt 0.6250000 0.9777381
vt 0.6250000 0.9777381
vt 0.5782500 0.0000000
vt 0.5782500 0.0000000
vt 0.5782500 1.0000000
vt 0.5782500 1.0000000
vt 0.1800000 0.4777381
vt 0.1800000 0.4777381
vt 0.1800000 0.4777381
vt 0.1800000 0.4777381
vt 0.4217500 0.7722619
vt 0.4217500 0.7722619
vt 0.4217500 0.7722619
vt 0.4217500 0.7722619
vt 0.4217500 0.6950000
vt 0.4217500 0.6950000
vt 0.4217500 0.6950000
vt 0.4217500 0.6950000
vt 0.1250000 0.4777381
vt 0.1250000 0.4777381
vt 0.3750000 0.7722619
vt 0.3750000 0.7722619
vt 0.3750000 0.7267542
vt 0.1250000 0.4905910
vt 0.3947589 0.7500000
vt 0.4217500 0.7500000
vt 0.4217500 0.7500000
vt 0.4217500 0.7500000
vt 0.4217500 0.7500000
vt 0.3750000 0.6950000
vt 0.1800000 0.5000000
vt 0.3750000 0.6950000
vt 0.1800000 0.5000000
vt 0.8200001 0.4777381
vt 0.8200001 0.4777381
vt 0.8200001 0.4777381
vt 0.8200001 0.4777381
vt 0.5782501 0.6950000
vt 0.5782501 0.6950000
vt 0.5782501 0.6950000
vt 0.5782501 0.6950000
vt 0.5782500 0.7722619
vt 0.5782500 0.7722619
vt 0.5782500 0.7722619
vt 0.5782500 0.7722619
vt 0.6250000 0.6950000
vt 0.8200000 0.5000000
vt 0.6250000 0.6950000
vt 0.8200000 0.5000000
vt 0.6052411 0.7500000
vt 0.8517542 0.5000000
vt 0.6250000 0.7594090
vt 0.5782500 0.7500000
vt 0.5782500 0.7500000
vt 0.5782500 0.7500000
vt 0.5782500 0.7500000
vt 0.8750000 0.4777381
vt 0.8750000 0.4777381
vt 0.6250000 0.7722619
vt 0.6250000 0.7722619
vt 0.3200000 0.2722619
vt 0.3200000 0.2722619
vt 0.3200000 0.2722619
vt 0.3200000 0.2722619
vt 0.4217500 0.2722619
vt 0.4217500 0.2722619
vt 0.4217500 0.2722619
vt 0.4217500 0.2722619
vt 0.4217500 0.1949999
vt 0.4217500 0.1949999
vt 0.4217500 0.1949999
vt 0.4217500 0.1949999
vt 0.3750000 0.2722619
vt 0.3750000 0.2722619
vt 0.3750000 0.2722619
vt 0.3750000 0.2722619
vt 0.3815863 0.2453877
vt 0.3815863 0.2453877
vt 0.3815863 0.2453877
vt 0.4217500 0.2500000
vt 0.4217500 0.2500000
vt 0.4217500 0.2500000
vt 0.4217500 0.2500000
vt 0.3750000 0.1950000
vt 0.3200000 0.2500000
vt 0.3750000 0.1950000
vt 0.3200000 0.2500000
vt 0.6799999 0.2722619
vt 0.6799999 0.2722619
vt 0.6799999 0.2722619
vt 0.6799999 0.2722619
vt 0.5782501 0.1949999
vt 0.5782501 0.1949999
vt 0.5782501 0.1949999
vt 0.5782501 0.1949999
vt 0.5782500 0.2722619
vt 0.5782500 0.2722619
vt 0.5782500 0.2722619
vt 0.5782500 0.2722619
vt 0.6250000 0.1950000
vt 0.6799999 0.2500000
vt 0.6250000 0.1950000
vt 0.6799999 0.2500000
vt 0.6261623 0.2531363
vt 0.6261623 0.2531363
vt 0.6261623 0.2531363
vt 0.5782500 0.2500000
vt 0.5782500 0.2500000
vt 0.5782500 0.2500000
vt 0.5782500 0.2500000
vt 0.6250000 0.2722619
vt 0.6250000 0.2722619
vt 0.6250000 0.2722619
vt 0.6250000 0.2722619
vt 0.3200000 0.4777381
vt 0.3200000 0.4777381
vt 0.3200000 0.4777381
vt 0.3200000 0.4777381
vt 0.4217500 0.5550000
vt 0.4217500 0.5550000
vt 0.4217500 0.5550000
vt 0.4217500 0.5550000
vt 0.4217500 0.4777381
vt 0.4217500 0.4777381
vt 0.4217500 0.4777381
vt 0.4217500 0.4777381
vt 0.3750000 0.5550000
vt 0.3200000 0.5000000
vt 0.3750000 0.5550000
vt 0.3200000 0.5000000
vt 0.3738378 0.4968637
vt 0.3738378 0.4968637
vt 0.3738378 0.4968637
vt 0.4217500 0.5000000
vt 0.4217500 0.5000000
vt 0.4217500 0.5000000
vt 0.4217500 0.5000000
vt 0.3750000 0.4777381
vt 0.3750000 0.4777381
vt 0.3750000 0.4777381
vt 0.3750000 0.4777381
vt 0.6800001 0.4777381
vt 0.6800001 0.4777381
vt 0.6800001 0.4777381
vt 0.6800001 0.4777381
vt 0.5782499 0.4777381
vt 0.5782499 0.4777381
vt 0.5782499 0.4777381
vt 0.5782499 0.4777381
vt 0.5782500 0.5549999
vt 0.5782500 0.5549999
vt 0.5782500 0.5549999
vt 0.5782500 0.5549999
vt 0.6250000 0.4777381
vt 0.6250000 0.4777381
vt 0.6250000 0.4777381
vt 0.6250000 0.4777381
vt 0.6184137 0.5046123
vt 0.6184137 0.5046123
vt 0.6184137 0.5046123
vt 0.5782500 0.5000000
vt 0.5782500 0.5000000
vt 0.5782500 0.5000000
vt 0.5782500 0.5000000
vt 0.6250000 0.5550000
vt 0.6800000 0.5000000
vt 0.6250000 0.5550000
vt 0.6800000 0.5000000
vn 0.0000000 -0.9238767 0.3826903
vn 0.0000000 -1.0000000 0.0000000
vn -0.3250835 -0.8880549 0.3250835
vn -0.3826903 -0.9238767 0.0000000
vn 0.0000000 0.0000000 1.0000000
vn 0.0000000 -0.3826903 0.9238767
vn -0.3250835 -0.3250835 0.8880549
vn -0.3826903 0.0000000 0.9238767
vn -0.8880549 -0.3250835 0.3250835
vn -0.9238767 0.0000000 0.3826903
vn -0.9238767 -0.3826903 0.0000000
vn -1.0000000 0.0000000 0.0000000
vn 0.0000000 -0.3826903 0.9238767
vn 0.0000000 -0.9238767 0.3826903
vn -0.3250835 -0.3250835 0.8880549
vn -0.3250835 -0.8880549 0.3250835
vn -0.3250835 -0.3250835 0.8880549
vn -0.3250835 -0.8880549 0.3250835
vn -0.8880549 -0.3250835 0.3250835
vn -0.3250835 -0.3250835 0.8880549
vn -0.3826903 0.0000000 0.9238767
vn -0.8880549 -0.3250835 0.3250835
vn -0.9238767 0.0000000 0.3826903
vn -0.3250835 -0.8880549 0.3250835
vn -0.3826903 -0.9238767 0.0000000
vn -0.8880549 -0.3250835 0.3250835
vn -0.9238767 -0.3826903 0.0000000
vn 0.0000000 0.0000000 1.0000000
vn 0.0000000 0.3826903 0.9238767
vn -0.3250835 0.3250835 0.8880549
vn -0.3826903 0.0000000 0.9238767
vn 0.0000000 0.9238767 0.3826903
vn 0.0000000 1.0000000 0.0000000
vn -0.3250835 0.8880549 0.3250835
vn -0.3826903 0.9238767 0.0000000
vn -0.8880549 0.3250835 0.3250835
vn -0.9238767 0.0000000 0.3826903
vn -0.9238767 0.3826903 0.0000000
vn -1.0000000 0.0000000 0.0000000
vn 0.0000000 0.3826903 0.9238767
vn 0.0000000 0.9238767 0.3826903
vn -0.3250835 0.3250835 0.8880549
vn -0.3250835 0.8880549 0.3250835
vn -0.3250835 0.3250835 0.8880549
vn -0.3250835 0.8880549 0.3250835
vn -0.8880549 0.3250835 0.3250835
vn -0.3250835 0.8880549 0.3250835
vn -0.3826903 0.9238767 0.0000000
vn -0.8880549 0.3250835 0.3250835
vn -0.9238767 0.3826903 0.0000000
vn -0.3250835 0.3250835 0.8880549
vn -0.3826903 0.0000000 0.9238767
vn -0.8880549 0.3250835 0.3250835
vn -0.9238767 0.0000000 0.3826903
vn 0.0000000 -0.9238767 -0.3826903
vn 0.0000000 -1.0000000 0.0000000
vn -0.3250835 -0.8880549 -0.3250835
vn -0.3826903 -0.9238767 0.0000000
vn -0.8880549 -0.3250835 -0.3250835
vn -0.9238767 0.0000000 -0.3826903
vn -0.9238767 -0.3826903 0.0000000
vn -1.0000000 0.0000000 0.0000000
vn 0.0000000 0.0000000 -1.0000000
vn 0.0000000 -0.3826903 -0.9238767
vn -0.3250835 -0.3250835 -0.8880549
vn -0.3826903 0.0000000 -0.9238767
vn -0.3250835 -0.8880549 -0.3250835
vn -0.3826903 -0.9238767 0.0000000
vn -0.8880549 -0.3250835 -0.3250835
vn -0.9238767 -0.3826903 0.0000000
vn -0.3250835 -0.3250835 -0.8880549
vn -0.3250835 -0.8880549 -0.3250835
vn -0.8880549 -0.3250835 -0.3250835
vn -0.3250835 -0.3250835 -0.8880549
vn -0.3826903 0.0000000 -0.9238767
vn -0.8880549 -0.3250835 -0.3250835
vn -0.9238767 0.0000000 -0.3826903
vn 0.0000000 -0.3826903 -0.9238767
vn 0.0000000 -0.9238767 -0.3826903
vn -0.3250835 -0.3250835 -0.8880549
vn -0.3250835 -0.8880549 -0.3250835
vn 0.0000000 0.9238767 -0.3826903
vn 0.0000000 1.0000000 0.0000000
vn -0.3250835 0.8880549 -0.3250835
vn -0.3826903 0.9238767 0.0000000
vn 0.0000000 0.0000000 -1.0000000
vn 0.0000000 0.3826903 -0.9238767
vn -0.3250835 0.3250835 -0.8880549
vn -0.3826903 0.0000000 -0.9238767
vn -0.8880549 0.3250835 -0.3250835
vn -0.9238767 0.0000000 -0.3826903
vn -0.9238767 0.3826903 0.0000000
vn -1.0000000 0.0000000 0.0000000
vn 0.0000000 0.3826903 -0.9238767
vn 0.0000000 0.9238767 -0.3826903
vn -0.3250835 0.3250835 -0.8880549
vn -0.3250835 0.8880549 -0.3250835
vn -0.3250835 0.3250835 -0.8880549
vn -0.3250835 0.8880549 -0.3250835
vn -0.8880549 0.3250835 -0.3250835
vn -0.3250835 0.3250835 -0.8880549
vn -0.3826903 0.0000000 -0.9238767
vn -0.8880549 0.3250835 -0.3250835
vn -0.9238767 0.0000000 -0.3826903
vn -0.3250835 0.8880549 -0.3250835
vn -0.3826903 0.9238767 0.0000000
vn -0.8880549 0.3250835 -0.3250835
vn -0.9238767 0.3826903 0.0000000
vn 0.0000000 -0.9238767 0.3826903
vn 0.0000000 -1.0000000 0.0000000
vn 0.3250835 -0.8880549 0.3250835
vn 0.3826903 -0.9238767 0.0000000
vn 0.8880549 -0.3250835 0.3250835
vn 0.9238767 0.0000000 0.3826903
vn 0.9238767 -0.3826903 0.0000000
vn 1.0000000 0.0000000 0.0000000
vn 0.0000000 0.0000000 1.0000000
vn 0.0000000 -0.3826903 0.9238767
vn 0.3250835 -0.3250835 0.8880549
vn 0.3826903 0.0000000 0.9238767
vn 0.3250835 -0.8880549 0.3250835
vn 0.3826903 -0.9238767 0.0000000
vn 0.8880549 -0.3250835 0.3250835
vn 0.9238767 -0.3826903 0.0000000
vn 0.3250835 -0.3250835 0.8880549
vn 0.3250835 -0.8880549 0.3250835
vn 0.8880549 -0.3250835 0.3250835
vn 0.3250835 -0.3250835 0.8880549
vn 0.3826903 0.0000000 0.9238767
vn 0.8880549 -0.3250835 0.3250835
vn 0.9238767 0.0000000 0.3826903
vn 0.0000000 -0.3826903 0.9238767
vn 0.0000000 -0.9238767 0.3826903
vn 0.3250835 -0.3250835 0.8880549
vn 0.3250835 -0.8880549 0.3250835
vn 0.0000000 0.9238767 0.3826903
vn 0.0000000 1.0000000 0.0000000
vn 0.3250835 0.8880549 0.3250835
vn 0.3826903 0.9238767 0.0000000
vn 0.0000000 0.0000000 1.0000000
vn 0.0000000 0.3826903 0.9238767
vn 0.3250835 0.3250835 0.8880549
vn 0.3826903 0.0000000 0.9238767
vn 0.8880549 0.3250835 0.3250835
vn 0.9238767 0.0000000 0.3826903
vn 0.9238767 0.3826903 0.0000000
vn 1.0000000 0.0000000 0.0000000
vn 0.0000000 0.3826903 0.9238767
vn 0.0000000 0.9238767 0.3826903
vn 0.3250835 0.3250835 0.8880549
vn 0.3250835 0.8880549 0.3250835
vn 0.3250835 0.3250835 0.8880549
vn 0.3250835 0.8880549 0.3250835
vn 0.8880549 0.3250835 0.3250835
vn 0.3250835 0.3250835 0.8880549
vn 0.3826903 0.0000000 0.9238767
vn 0.8880549 0.3250835 0.3250835
vn 0.9238767 0.0000000 0.3826903
vn 0.3250835 0.8880549 0.3250835
vn 0.3826903 0.9238767 0.0000000
vn 0.8880549 0.3250835 0.3250835
vn 0.9238767 0.3826903 0.0000000
vn 0.0000000 -0.9238767 -0.3826903
vn 0.0000000 -1.0000000 0.0000000
vn 0.3250835 -0.8880549 -0.3250835
vn 0.3826903 -0.9238767 0.0000000
vn 0.0000000 0.0000000 -1.0000000
vn 0.0000000 -0.3826903 -0.9238767
vn 0.3250835 -0.3250835 -0.8880549
vn 0.3826903 0.0000000 -0.9238767
vn 0.8880549 -0.3250835 -0.3250835
vn 0.9238767 0.0000000 -0.3826903
vn 0.9238767 -0.3826903 0.0000000
vn 1.0000000 0.0000000 0.0000000
vn 0.0000000 -0.3826903 -0.9238767
vn 0.0000000 -0.9238767 -0.3826903
vn 0.3250835 -0.3250835 -0.8880549
vn 0.3250835 -0.8880549 -0.3250835
vn 0.3250835 -0.3250835 -0.8880549
vn 0.3250835 -0.8880549 -0.3250835
vn 0.8880549 -0.3250835 -0.3250835
vn 0.3250835 -0.3250835 -0.8880549
vn 0.3826903 0.0000000 -0.9238767
vn 0.8880549 -0.3250835 -0.3250835
vn 0.9238767 0.0000000 -0.3826903
vn 0.3250835 -0.8880549 -0.3250835
vn 0.3826903 -0.9238767 0.0000000
vn 0.8880549 -0.3250835 -0.3250835
vn 0.9238767 -0.3826903 0.0000000
vn 0.0000000 0.9238767 -0.3826903
vn 0.0000000 1.0000000 0.0000000
vn 0.3250835 0.8880549 -0.3250835
vn 0.3826903 0.9238767 0.0000000
vn 0.8880549 0.3250835 -0.3250835
vn 0.9238767 0.0000000 -0.3826903
vn 0.9238767 0.3826903 0.0000000
vn 1.0000000 0.0000000 0.0000000
vn 0.0000000 0.0000000 -1.0000000
vn 0.0000000 0.3826903 -0.9238767
vn 0.3250835 0.3250835 -0.8880549
vn 0.3826903 0.0000000 -0.9238767
vn 0.3250835 0.8880549 -0.3250835
vn 0.3826903 0.9238767 0.0000000
vn 0.8880549 0.3250835 -0.3250835
vn 0.9238767 0.3826903 0.0000000
vn 0.3250835 0.3250835 -0.8880549
vn 0.3250835 0.8880549 -0.3250835
vn 0.8880549 0.3250835 -0.3250835
vn 0.3250835 0.3250835 -0.8880549
vn 0.3826903 0.0000000 -0.9238767
vn 0.8880549 0.3250835 -0.3250835
vn 0.9238767 0.0000000 -0.3826903
vn 0.0000000 0.3826903 -0.9238767
vn 0.0000000 0.9238767 -0.3826903
vn 0.3250835 0.3250835 -0.8880549
vn 0.3250835 0.8880549 -0.3250835
f 2949/2949/2949 2972/2972/2972 2860/2860/2860
f 2949/2949/2949 2860/2860/2860 2837/2837/2837
f 3006/3006/3006 3029/3029/3029 2979/2979/2979
f 3006/3006/3006 2979/2979/2979 2948/2948/2948
f 3023/3023/3023 2915/2915/2915 2865/2865/2865
f 3023/3023/3023 2865/2865/2865 2969/2969/2969
f 2844/2844/2844 2871/2871/2871 2925/2925/2925
f 2844/2844/2844 2925/2925/2925 2894/2894/2894
f 2895/2895/2895 2918/2918/2918 3030/3030/3030
f 2895/2895/2895 3030/3030/3030 2999/2999/2999
f 2835/2835/2835 2848/2848/2848 2850/2850/2850
f 2835/2835/2835 2850/2850/2850 2856/2856/2856
f 2839/2839/2839 2852/2852/2852 2849/2849/2849
f 2839/2839/2839 2849/2849/2849 2847/2847/2847
f 2841/2841/2841 2858/2858/2858 2851/2851/2851
f 2841/2841/2841 2851/2851/2851 2854/2854/2854
f 2862/2862/2862 2874/2874/2874 2876/2876/2876
f 2862/2862/2862 2876/2876/2876 2883/2883/2883
f 2866/2866/2866 2879/2879/2879 2877/2877/2877
f 2866/2866/2866 2877/2877/2877 2875/2875/2875
f 2868/2868/2868 2885/2885/2885 2878/2878/2878
f 2868/2868/2868 2878/2878/2878 2881/2881/2881
f 2889/2889/2889 2899/2899/2899 2904/2904/2904
f 2889/2889/2889 2904/2904/2904 2913/2913/2913
f 2891/2891/2891 2908/2908/2908 2905/2905/2905
f 2891/2891/2891 2905/2905/2905 2901/2901/2901
f 2897/2897/2897 2912/2912/2912 2903/2903/2903
f 2897/2897/2897 2903/2903/2903 2906/2906/2906
f 2916/2916/2916 2929/2929/2929 2931/2931/2931
f 2916/2916/2916 2931/2931/2931 2937/2937/2937
f 2920/2920/2920 2933/2933/2933 2930/2930/2930
f 2920/2920/2920 2930/2930/2930 2928/2928/2928
f 2922/2922/2922 2939/2939/2939 2932/2932/2932
f 2922/2922/2922 2932/2932/2932 2935/2935/2935
f 2943/2943/2943 2953/2953/2953 2958/2958/2958
f 2943/2943/2943 2958/2958/2958 2967/2967/2967
f 2945/2945/2945 2962/2962/2962 2959/2959/2959
f 2945/2945/2945 2959/2959/2959 2955/2955/2955
f 2951/2951/2951 2966/2966/2966 2957/2957/2957
f 2951/2951/2951 2957/2957/2957 2960/2960/2960
f 2970/2970/2970 2983/2983/2983 2985/2985/2985
f 2970/2970/2970 2985/2985/2985 2991/2991/2991
f 2974/2974/2974 2987/2987/2987 2984/2984/2984
f 2974/2974/2974 2984/2984/2984 2982/2982/2982
f 2976/2976/2976 2993/2993/2993 2986/2986/2986
f 2976/2976/2976 2986/2986/2986 2989/2989/2989
f 2997/2997/2997 3010/3010/3010 3012/3012/3012
f 2997/2997/2997 3012/3012/3012 3018/3018/3018
f 3001/3001/3001 3014/3014/3014 3011/3011/3011
f 3001/3001/3001 3011/3011/3011 3009/3009/3009
f 3003/3003/3003 3020/3020/3020 3013/3013/3013
f 3003/3003/3003 3013/3013/3013 3016/3016/3016
f 3024/3024/3024 3034/3034/3034 3039/3039/3039
f 3024/3024/3024 3039/3039/3039 3048/3048/3048
f 3026/3026/3026 3043/3043/3043 3040/3040/3040
f 3026/3026/3026 3040/3040/3040 3036/3036/3036
f 3032/3032/3032 3047/3047/3047 3038/3038/3038
f 3032/3032/3032 3038/3038/3038 3041/3041/3041
f 2890/2890/2890 2836/2836/2836 2857/2857/2857
f 2890/2890/2890 2857/2857/2857 2900/2900/2900
f 2902/2902/2902 2859/2859/2859 2843/2843/2843
f 2902/2902/2902 2843/2843/2843 2893/2893/2893
f 2840/2840/2840 2863/2863/2863 2884/2884/2884
f 2840/2840/2840 2884/2884/2884 2853/2853/2853
f 2855/2855/2855 2886/2886/2886 2869/2869/2869
f 2855/2855/2855 2869/2869/2869 2842/2842/2842
f 2867/2867/2867 2917/2917/2917 2938/2938/2938
f 2867/2867/2867 2938/2938/2938 2880/2880/2880
f 2882/2882/2882 2940/2940/2940 2924/2924/2924
f 2882/2882/2882 2924/2924/2924 2870/2870/2870
f 2921/2921/2921 2898/2898/2898 2907/2907/2907
f 2921/2921/2921 2907/2907/2907 2934/2934/2934
f 2936/2936/2936 2909/2909/2909 2892/2892/2892
f 2936/2936/2936 2892/2892/2892 2923/2923/2923
f 2995/2995/2995 2887/2887/2887 2911/2911/2911
f 2995/2995/2995 2911/2911/2911 3008/3008/3008
f 3007/3007/3007 2910/2910/2910 2896/2896/2896
f 3007/3007/3007 2896/2896/2896 3000/3000/3000
f 2914/2914/2914 3022/3022/3022 3046/3046/3046
f 2914/2914/2914 3046/3046/3046 2927/2927/2927
f 2926/2926/2926 3045/3045/3045 3031/3031/3031
f 2926/2926/2926 3031/3031/3031 2919/2919/2919
f 3027/3027/3027 3004/3004/3004 3017/3017/3017
f 3027/3027/3027 3017/3017/3017 3044/3044/3044
f 3042/3042/3042 3015/3015/3015 3002/3002/3002
f 3042/3042/3042 3002/3002/3002 3033/3033/3033
f 2944/2944/2944 2998/2998/2998 3019/3019/3019
f 2944/2944/2944 3019/3019/3019 2954/2954/2954
f 2956/2956/2956 3021/3021/3021 3005/3005/3005
f 2956/2956/2956 3005/3005/3005 2947/2947/2947
f 3025/3025/3025 2971/2971/2971 2992/2992/2992
f 3025/3025/3025 2992/2992/2992 3035/3035/3035
f 3037/3037/3037 2994/2994/2994 2978/2978/2978
f 3037/3037/3037 2978/2978/2978 3028/3028/3028
f 2975/2975/2975 2952/2952/2952 2961/2961/2961
f 2975/2975/2975 2961/2961/2961 2988/2988/2988
f 2990/2990/2990 2963/2963/2963 2946/2946/2946
f 2990/2990/2990 2946/2946/2946 2977/2977/2977
f 2833/2833/2833 2941/2941/2941 2965/2965/2965
f 2833/2833/2833 2965/2965/2965 2846/2846/2846
f 2845/2845/2845 2964/2964/2964 2950/2950/2950
f 2845/2845/2845 2950/2950/2950 2838/2838/2838
f 2968/2968/2968 2864/2864/2864 2873/2873/2873
f 2968/2968/2968 2873/2873/2873 2981/2981/2981
f 2980/2980/2980 2872/2872/2872 2861/2861/2861
f 2980/2980/2980 2861/2861/2861 2973/2973/2973
f 2888/2888/2888 2996/2996/2996 2942/2942/2942
f 2888/2888/2888 2942/2942/2942 2834/2834/2834
