# Aurora Strike original Blender asset converted from GLB
# Source: game/models/awp.glb
mtllib awp.mtl
o Adjustable_stock.001_0
usemtl Polymer_Black
v -0.0550000 -0.0900000 -0.3500000
v -0.0550000 -0.0900000 -0.3500000
v -0.0550000 -0.0900000 -0.3500000
v -0.0550000 -0.0900000 -0.3500000
v -0.0550000 -0.0500000 -0.3100000
v -0.0550000 -0.0500000 -0.3100000
v -0.0550000 -0.0500000 -0.3100000
v -0.0550000 -0.0500000 -0.3100000
v -0.0950000 -0.0500000 -0.3500000
v -0.0950000 -0.0500000 -0.3500000
v -0.0950000 -0.0500000 -0.3500000
v -0.0950000 -0.0500000 -0.3500000
v -0.0550000 -0.0782843 -0.3217157
v -0.0550000 -0.0782843 -0.3217157
v -0.0550000 -0.0782843 -0.3217157
v -0.0550000 -0.0782843 -0.3217157
v -0.0780940 -0.0730940 -0.3269060
v -0.0780940 -0.0730940 -0.3269060
v -0.0780940 -0.0730940 -0.3269060
v -0.0832843 -0.0500000 -0.3217157
v -0.0832843 -0.0500000 -0.3217157
v -0.0832843 -0.0500000 -0.3217157
v -0.0832843 -0.0500000 -0.3217157
v -0.0832843 -0.0782843 -0.3500000
v -0.0832843 -0.0782843 -0.3500000
v -0.0832843 -0.0782843 -0.3500000
v -0.0832843 -0.0782843 -0.3500000
v -0.0550000 0.1300000 -0.3100000
v -0.0550000 0.1300000 -0.3100000
v -0.0550000 0.1300000 -0.3100000
v -0.0550000 0.1300000 -0.3100000
v -0.0550000 0.1700000 -0.3500000
v -0.0550000 0.1700000 -0.3500000
v -0.0550000 0.1700000 -0.3500000
v -0.0550000 0.1700000 -0.3500000
v -0.0950000 0.1300000 -0.3500000
v -0.0950000 0.1300000 -0.3500000
v -0.0950000 0.1300000 -0.3500000
v -0.0950000 0.1300000 -0.3500000
v -0.0550000 0.1582843 -0.3217157
v -0.0550000 0.1582843 -0.3217157
v -0.0550000 0.1582843 -0.3217157
v -0.0550000 0.1582843 -0.3217157
v -0.0780940 0.1530940 -0.3269060
v -0.0780940 0.1530940 -0.3269060
v -0.0780940 0.1530940 -0.3269060
v -0.0832843 0.1582843 -0.3500000
v -0.0832843 0.1582843 -0.3500000
v -0.0832843 0.1582843 -0.3500000
v -0.0832843 0.1582843 -0.3500000
v -0.0832843 0.1300000 -0.3217157
v -0.0832843 0.1300000 -0.3217157
v -0.0832843 0.1300000 -0.3217157
v -0.0832843 0.1300000 -0.3217157
v -0.0550000 -0.0900000 -0.6100000
v -0.0550000 -0.0900000 -0.6100000
v -0.0550000 -0.0900000 -0.6100000
v -0.0550000 -0.0900000 -0.6100000
v -0.0950000 -0.0500000 -0.6100000
v -0.0950000 -0.0500000 -0.6100000
v -0.0950000 -0.0500000 -0.6100000
v -0.0950000 -0.0500000 -0.6100000
v -0.0550000 -0.0500000 -0.6500000
v -0.0550000 -0.0500000 -0.6500000
v -0.0550000 -0.0500000 -0.6500000
v -0.0550000 -0.0500000 -0.6500000
v -0.0832843 -0.0782843 -0.6100000
v -0.0832843 -0.0782843 -0.6100000
v -0.0832843 -0.0782843 -0.6100000
v -0.0832843 -0.0782843 -0.6100000
v -0.0780940 -0.0730940 -0.6330940
v -0.0780940 -0.0730940 -0.6330940
v -0.0780940 -0.0730940 -0.6330940
v -0.0832843 -0.0500000 -0.6382843
v -0.0832843 -0.0500000 -0.6382843
v -0.0832843 -0.0500000 -0.6382843
v -0.0832843 -0.0500000 -0.6382843
v -0.0550000 -0.0782843 -0.6382843
v -0.0550000 -0.0782843 -0.6382843
v -0.0550000 -0.0782843 -0.6382843
v -0.0550000 -0.0782843 -0.6382843
v -0.0550000 0.1700000 -0.6100000
v -0.0550000 0.1700000 -0.6100000
v -0.0550000 0.1700000 -0.6100000
v -0.0550000 0.1700000 -0.6100000
v -0.0550000 0.1300000 -0.6500000
v -0.0550000 0.1300000 -0.6500000
v -0.0550000 0.1300000 -0.6500000
v -0.0550000 0.1300000 -0.6500000
v -0.0950000 0.1300000 -0.6100000
v -0.0950000 0.1300000 -0.6100000
v -0.0950000 0.1300000 -0.6100000
v -0.0950000 0.1300000 -0.6100000
v -0.0550000 0.1582843 -0.6382843
v -0.0550000 0.1582843 -0.6382843
v -0.0550000 0.1582843 -0.6382843
v -0.0550000 0.1582843 -0.6382843
v -0.0780940 0.1530940 -0.6330940
v -0.0780940 0.1530940 -0.6330940
v -0.0780940 0.1530940 -0.6330940
v -0.0832843 0.1300000 -0.6382843
v -0.0832843 0.1300000 -0.6382843
v -0.0832843 0.1300000 -0.6382843
v -0.0832843 0.1300000 -0.6382843
v -0.0832843 0.1582843 -0.6100000
v -0.0832843 0.1582843 -0.6100000
v -0.0832843 0.1582843 -0.6100000
v -0.0832843 0.1582843 -0.6100000
v 0.0550000 -0.0900000 -0.3500000
v 0.0550000 -0.0900000 -0.3500000
v 0.0550000 -0.0900000 -0.3500000
v 0.0550000 -0.0900000 -0.3500000
v 0.0950000 -0.0500000 -0.3500000
v 0.0950000 -0.0500000 -0.3500000
v 0.0950000 -0.0500000 -0.3500000
v 0.0950000 -0.0500000 -0.3500000
v 0.0550000 -0.0500000 -0.3100000
v 0.0550000 -0.0500000 -0.3100000
v 0.0550000 -0.0500000 -0.3100000
v 0.0550000 -0.0500000 -0.3100000
v 0.0832843 -0.0782843 -0.3500000
v 0.0832843 -0.0782843 -0.3500000
v 0.0832843 -0.0782843 -0.3500000
v 0.0832843 -0.0782843 -0.3500000
v 0.0780940 -0.0730940 -0.3269060
v 0.0780940 -0.0730940 -0.3269060
v 0.0780940 -0.0730940 -0.3269060
v 0.0832843 -0.0500000 -0.3217157
v 0.0832843 -0.0500000 -0.3217157
v 0.0832843 -0.0500000 -0.3217157
v 0.0832843 -0.0500000 -0.3217157
v 0.0550000 -0.0782843 -0.3217157
v 0.0550000 -0.0782843 -0.3217157
v 0.0550000 -0.0782843 -0.3217157
v 0.0550000 -0.0782843 -0.3217157
v 0.0550000 0.1700000 -0.3500000
v 0.0550000 0.1700000 -0.3500000
v 0.0550000 0.1700000 -0.3500000
v 0.0550000 0.1700000 -0.3500000
v 0.0550000 0.1300000 -0.3100000
v 0.0550000 0.1300000 -0.3100000
v 0.0550000 0.1300000 -0.3100000
v 0.0550000 0.1300000 -0.3100000
v 0.0950000 0.1300000 -0.3500000
v 0.0950000 0.1300000 -0.3500000
v 0.0950000 0.1300000 -0.3500000
v 0.0950000 0.1300000 -0.3500000
v 0.0550000 0.1582843 -0.3217157
v 0.0550000 0.1582843 -0.3217157
v 0.0550000 0.1582843 -0.3217157
v 0.0550000 0.1582843 -0.3217157
v 0.0780940 0.1530940 -0.3269060
v 0.0780940 0.1530940 -0.3269060
v 0.0780940 0.1530940 -0.3269060
v 0.0832843 0.1300000 -0.3217157
v 0.0832843 0.1300000 -0.3217157
v 0.0832843 0.1300000 -0.3217157
v 0.0832843 0.1300000 -0.3217157
v 0.0832843 0.1582843 -0.3500000
v 0.0832843 0.1582843 -0.3500000
v 0.0832843 0.1582843 -0.3500000
v 0.0832843 0.1582843 -0.3500000
v 0.0550000 -0.0900000 -0.6100000
v 0.0550000 -0.0900000 -0.6100000
v 0.0550000 -0.0900000 -0.6100000
v 0.0550000 -0.0900000 -0.6100000
v 0.0550000 -0.0500000 -0.6500000
v 0.0550000 -0.0500000 -0.6500000
v 0.0550000 -0.0500000 -0.6500000
v 0.0550000 -0.0500000 -0.6500000
v 0.0950000 -0.0500000 -0.6100000
v 0.0950000 -0.0500000 -0.6100000
v 0.0950000 -0.0500000 -0.6100000
v 0.0950000 -0.0500000 -0.6100000
v 0.0550000 -0.0782843 -0.6382843
v 0.0550000 -0.0782843 -0.6382843
v 0.0550000 -0.0782843 -0.6382843
v 0.0550000 -0.0782843 -0.6382843
v 0.0780940 -0.0730940 -0.6330940
v 0.0780940 -0.0730940 -0.6330940
v 0.0780940 -0.0730940 -0.6330940
v 0.0832843 -0.0500000 -0.6382843
v 0.0832843 -0.0500000 -0.6382843
v 0.0832843 -0.0500000 -0.6382843
v 0.0832843 -0.0500000 -0.6382843
v 0.0832843 -0.0782843 -0.6100000
v 0.0832843 -0.0782843 -0.6100000
v 0.0832843 -0.0782843 -0.6100000
v 0.0832843 -0.0782843 -0.6100000
v 0.0550000 0.1700000 -0.6100000
v 0.0550000 0.1700000 -0.6100000
v 0.0550000 0.1700000 -0.6100000
v 0.0550000 0.1700000 -0.6100000
v 0.0950000 0.1300000 -0.6100000
v 0.0950000 0.1300000 -0.6100000
v 0.0950000 0.1300000 -0.6100000
v 0.0950000 0.1300000 -0.6100000
v 0.0550000 0.1300000 -0.6500000
v 0.0550000 0.1300000 -0.6500000
v 0.0550000 0.1300000 -0.6500000
v 0.0550000 0.1300000 -0.6500000
v 0.0832843 0.1582843 -0.6100000
v 0.0832843 0.1582843 -0.6100000
v 0.0832843 0.1582843 -0.6100000
v 0.0832843 0.1582843 -0.6100000
v 0.0780940 0.1530940 -0.6330940
v 0.0780940 0.1530940 -0.6330940
v 0.0780940 0.1530940 -0.6330940
v 0.0832843 0.1300000 -0.6382843
v 0.0832843 0.1300000 -0.6382843
v 0.0832843 0.1300000 -0.6382843
v 0.0832843 0.1300000 -0.6382843
v 0.0550000 0.1582843 -0.6382843
v 0.0550000 0.1582843 -0.6382843
v 0.0550000 0.1582843 -0.6382843
v 0.0550000 0.1582843 -0.6382843
vt 0.1776316 0.2794117
vt 0.1776316 0.2794117
vt 0.1776316 0.2794117
vt 0.1776316 0.2794117
vt 0.4134615 0.0526315
vt 0.4134615 0.0526315
vt 0.4134615 0.0526315
vt 0.4134615 0.0526315
vt 0.4134616 0.9705882
vt 0.4134616 0.9705882
vt 0.4134616 0.9705882
vt 0.4134616 0.9705882
vt 0.3750000 0.0526316
vt 0.1776316 0.2500000
vt 0.3750000 0.0526316
vt 0.1776316 0.2500000
vt 0.3912557 0.0000000
vt 0.1472447 0.2500000
vt 0.3750000 0.9875691
vt 0.4134616 0.0000000
vt 0.4134616 0.0000000
vt 0.4134615 1.0000000
vt 0.4134615 1.0000000
vt 0.1250000 0.2794117
vt 0.1250000 0.2794117
vt 0.3750000 0.9705882
vt 0.3750000 0.9705882
vt 0.5865384 0.0526316
vt 0.5865384 0.0526316
vt 0.5865384 0.0526316
vt 0.5865384 0.0526316
vt 0.8223684 0.2794119
vt 0.8223684 0.2794119
vt 0.8223684 0.2794119
vt 0.8223684 0.2794119
vt 0.5865385 0.9705882
vt 0.5865385 0.9705882
vt 0.5865385 0.9705882
vt 0.5865385 0.9705882
vt 0.6250000 0.0526316
vt 0.8223684 0.2500000
vt 0.6250000 0.0526316
vt 0.8223684 0.2500000
vt 0.6250000 0.0222448
vt 0.8750000 0.2624309
vt 0.6087443 1.0000000
vt 0.8750000 0.2794117
vt 0.8750000 0.2794117
vt 0.6250000 0.9705882
vt 0.6250000 0.9705882
vt 0.5865384 0.0000000
vt 0.5865384 0.0000000
vt 0.5865385 1.0000000
vt 0.5865385 1.0000000
vt 0.1776316 0.4705882
vt 0.1776316 0.4705882
vt 0.1776316 0.4705882
vt 0.1776316 0.4705882
vt 0.4134615 0.7794118
vt 0.4134615 0.7794118
vt 0.4134615 0.7794118
vt 0.4134615 0.7794118
vt 0.4134616 0.6973684
vt 0.4134616 0.6973684
vt 0.4134616 0.6973684
vt 0.4134616 0.6973684
vt 0.1250000 0.4705882
vt 0.1250000 0.4705882
vt 0.3750000 0.7794118
vt 0.3750000 0.7794118
vt 0.3750000 0.7277552
vt 0.1250000 0.4875691
vt 0.3912557 0.7500000
vt 0.4134616 0.7500000
vt 0.4134616 0.7500000
vt 0.4134616 0.7500000
vt 0.4134616 0.7500000
vt 0.3750000 0.6973684
vt 0.1776316 0.5000000
vt 0.3750000 0.6973684
vt 0.1776316 0.5000000
vt 0.8223684 0.4705882
vt 0.8223684 0.4705882
vt 0.8223684 0.4705882
vt 0.8223684 0.4705882
vt 0.5865385 0.6973684
vt 0.5865385 0.6973684
vt 0.5865385 0.6973684
vt 0.5865385 0.6973684
vt 0.5865384 0.7794118
vt 0.5865384 0.7794118
vt 0.5865384 0.7794118
vt 0.5865384 0.7794118
vt 0.6250000 0.6973684
vt 0.8223684 0.5000000
vt 0.6250000 0.6973684
vt 0.8223684 0.5000000
vt 0.6087443 0.7500000
vt 0.8527552 0.5000000
vt 0.6250000 0.7624309
vt 0.5865385 0.7500000
vt 0.5865384 0.7500000
vt 0.5865384 0.7500000
vt 0.5865384 0.7500000
vt 0.8750000 0.4705883
vt 0.8750000 0.4705883
vt 0.6250000 0.7794118
vt 0.6250000 0.7794118
vt 0.3223684 0.2794119
vt 0.3223684 0.2794119
vt 0.3223684 0.2794119
vt 0.3223684 0.2794119
vt 0.4134615 0.2794119
vt 0.4134615 0.2794119
vt 0.4134615 0.2794119
vt 0.4134615 0.2794119
vt 0.4134616 0.1973684
vt 0.4134616 0.1973684
vt 0.4134616 0.1973684
vt 0.4134616 0.1973684
vt 0.3750000 0.2794117
vt 0.3750000 0.2794117
vt 0.3750000 0.2794117
vt 0.3750000 0.2794117
vt 0.3804186 0.2467287
vt 0.3804186 0.2467287
vt 0.3804186 0.2467287
vt 0.4134616 0.2499999
vt 0.4134616 0.2500000
vt 0.4134616 0.2500000
vt 0.4134616 0.2500000
vt 0.3750000 0.1973684
vt 0.3223684 0.2500000
vt 0.3750000 0.1973684
vt 0.3223684 0.2500000
vt 0.6776316 0.2794117
vt 0.6776316 0.2794117
vt 0.6776316 0.2794117
vt 0.6776316 0.2794117
vt 0.5865385 0.1973684
vt 0.5865385 0.1973684
vt 0.5865385 0.1973684
vt 0.5865385 0.1973684
vt 0.5865384 0.2794118
vt 0.5865384 0.2794118
vt 0.5865384 0.2794118
vt 0.5865384 0.2794118
vt 0.6250000 0.1973684
vt 0.6776316 0.2500000
vt 0.6250000 0.1973684
vt 0.6776316 0.2500000
vt 0.6269964 0.2541436
vt 0.6269964 0.2541436
vt 0.6269964 0.2541436
vt 0.5865385 0.2500000
vt 0.5865384 0.2500000
vt 0.5865384 0.2500000
vt 0.5865384 0.2500000
vt 0.6250000 0.2794117
vt 0.6250000 0.2794117
vt 0.6250000 0.2794117
vt 0.6250000 0.2794117
vt 0.3223684 0.4705882
vt 0.3223684 0.4705882
vt 0.3223684 0.4705882
vt 0.3223684 0.4705882
vt 0.4134615 0.5526316
vt 0.4134615 0.5526316
vt 0.4134615 0.5526316
vt 0.4134615 0.5526316
vt 0.4134616 0.4705882
vt 0.4134616 0.4705882
vt 0.4134616 0.4705882
vt 0.4134616 0.4705882
vt 0.3750000 0.5526316
vt 0.3223684 0.5000000
vt 0.3750000 0.5526316
vt 0.3223684 0.5000000
vt 0.3730037 0.4958563
vt 0.3730037 0.4958563
vt 0.3730037 0.4958563
vt 0.4134616 0.5000000
vt 0.4134616 0.5000000
vt 0.4134616 0.5000000
vt 0.4134616 0.5000000
vt 0.3750000 0.4705883
vt 0.3750000 0.4705882
vt 0.3750000 0.4705882
vt 0.3750000 0.4705882
vt 0.6776316 0.4705882
vt 0.6776316 0.4705882
vt 0.6776316 0.4705882
vt 0.6776316 0.4705882
vt 0.5865385 0.4705882
vt 0.5865385 0.4705882
vt 0.5865385 0.4705882
vt 0.5865385 0.4705882
vt 0.5865384 0.5526316
vt 0.5865384 0.5526316
vt 0.5865384 0.5526316
vt 0.5865384 0.5526316
vt 0.6250000 0.4705882
vt 0.6250000 0.4705882
vt 0.6250000 0.4705882
vt 0.6250000 0.4705882
vt 0.6195815 0.5032712
vt 0.6195815 0.5032712
vt 0.6195815 0.5032712
vt 0.5865384 0.5000000
vt 0.5865384 0.5000000
vt 0.5865385 0.5000000
vt 0.5865384 0.5000000
vt 0.6250000 0.5526316
vt 0.6776316 0.5000000
vt 0.6250000 0.5526316
vt 0.6776316 0.5000000
vn 0.0000000 -0.9238767 0.3826903
vn 0.0000000 -1.0000000 0.0000000
vn -0.3250835 -0.8880549 0.3250835
vn -0.3826903 -0.9238767 0.0000000
vn 0.0000000 0.0000000 1.0000000
vn 0.0000000 -0.3826903 0.9238767
vn -0.3250835 -0.3250835 0.8880549
vn -0.3826903 0.0000000 0.9238767
vn -0.8880549 -0.3250835 0.3250835
vn -0.9238767 0.0000000 0.3826903
vn -0.9238767 -0.3826903 0.0000000
vn -1.0000000 0.0000000 0.0000000
vn 0.0000000 -0.3826903 0.9238767
vn 0.0000000 -0.9238767 0.3826903
vn -0.3250835 -0.3250835 0.8880549
vn -0.3250835 -0.8880549 0.3250835
vn -0.3250835 -0.3250835 0.8880549
vn -0.3250835 -0.8880549 0.3250835
vn -0.8880549 -0.3250835 0.3250835
vn -0.3250835 -0.3250835 0.8880549
vn -0.3826903 0.0000000 0.9238767
vn -0.8880549 -0.3250835 0.3250835
vn -0.9238767 0.0000000 0.3826903
vn -0.3250835 -0.8880549 0.3250835
vn -0.3826903 -0.9238767 0.0000000
vn -0.8880549 -0.3250835 0.3250835
vn -0.9238767 -0.3826903 0.0000000
vn 0.0000000 0.0000000 1.0000000
vn 0.0000000 0.3826903 0.9238767
vn -0.3250835 0.3250835 0.8880549
vn -0.3826903 0.0000000 0.9238767
vn 0.0000000 0.9238767 0.3826903
vn 0.0000000 1.0000000 0.0000000
vn -0.3250835 0.8880549 0.3250835
vn -0.3826903 0.9238767 0.0000000
vn -0.8880549 0.3250835 0.3250835
vn -0.9238767 0.0000000 0.3826903
vn -0.9238767 0.3826903 0.0000000
vn -1.0000000 0.0000000 0.0000000
vn 0.0000000 0.3826903 0.9238767
vn 0.0000000 0.9238767 0.3826903
vn -0.3250835 0.3250835 0.8880549
vn -0.3250835 0.8880549 0.3250835
vn -0.3250835 0.3250835 0.8880549
vn -0.3250835 0.8880549 0.3250835
vn -0.8880549 0.3250835 0.3250835
vn -0.3250835 0.8880549 0.3250835
vn -0.3826903 0.9238767 0.0000000
vn -0.8880549 0.3250835 0.3250835
vn -0.9238767 0.3826903 0.0000000
vn -0.3250835 0.3250835 0.8880549
vn -0.3826903 0.0000000 0.9238767
vn -0.8880549 0.3250835 0.3250835
vn -0.9238767 0.0000000 0.3826903
vn 0.0000000 -0.9238767 -0.3826903
vn 0.0000000 -1.0000000 0.0000000
vn -0.3250835 -0.8880549 -0.3250835
vn -0.3826903 -0.9238767 0.0000000
vn -0.8880549 -0.3250835 -0.3250835
vn -0.9238767 0.0000000 -0.3826903
vn -0.9238767 -0.3826903 0.0000000
vn -1.0000000 0.0000000 0.0000000
vn 0.0000000 0.0000000 -1.0000000
vn 0.0000000 -0.3826903 -0.9238767
vn -0.3250835 -0.3250835 -0.8880549
vn -0.3826903 0.0000000 -0.9238767
vn -0.3250835 -0.8880549 -0.3250835
vn -0.3826903 -0.9238767 0.0000000
vn -0.8880549 -0.3250835 -0.3250835
vn -0.9238767 -0.3826903 0.0000000
vn -0.3250835 -0.3250835 -0.8880549
vn -0.3250835 -0.8880549 -0.3250835
vn -0.8880549 -0.3250835 -0.3250835
vn -0.3250835 -0.3250835 -0.8880549
vn -0.3826903 0.0000000 -0.9238767
vn -0.8880549 -0.3250835 -0.3250835
vn -0.9238767 0.0000000 -0.3826903
vn 0.0000000 -0.3826903 -0.9238767
vn 0.0000000 -0.9238767 -0.3826903
vn -0.3250835 -0.3250835 -0.8880549
vn -0.3250835 -0.8880549 -0.3250835
vn 0.0000000 0.9238767 -0.3826903
vn 0.0000000 1.0000000 0.0000000
vn -0.3250835 0.8880549 -0.3250835
vn -0.3826903 0.9238767 0.0000000
vn 0.0000000 0.0000000 -1.0000000
vn 0.0000000 0.3826903 -0.9238767
vn -0.3250835 0.3250835 -0.8880549
vn -0.3826903 0.0000000 -0.9238767
vn -0.8880549 0.3250835 -0.3250835
vn -0.9238767 0.0000000 -0.3826903
vn -0.9238767 0.3826903 0.0000000
vn -1.0000000 0.0000000 0.0000000
vn 0.0000000 0.3826903 -0.9238767
vn 0.0000000 0.9238767 -0.3826903
vn -0.3250835 0.3250835 -0.8880549
vn -0.3250835 0.8880549 -0.3250835
vn -0.3250835 0.3250835 -0.8880549
vn -0.3250835 0.8880549 -0.3250835
vn -0.8880549 0.3250835 -0.3250835
vn -0.3250835 0.3250835 -0.8880549
vn -0.3826903 0.0000000 -0.9238767
vn -0.8880549 0.3250835 -0.3250835
vn -0.9238767 0.0000000 -0.3826903
vn -0.3250835 0.8880549 -0.3250835
vn -0.3826903 0.9238767 0.0000000
vn -0.8880549 0.3250835 -0.3250835
vn -0.9238767 0.3826903 0.0000000
vn 0.0000000 -0.9238767 0.3826903
vn 0.0000000 -1.0000000 0.0000000
vn 0.3250835 -0.8880549 0.3250835
vn 0.3826903 -0.9238767 0.0000000
vn 0.8880549 -0.3250835 0.3250835
vn 0.9238767 0.0000000 0.3826903
vn 0.9238767 -0.3826903 0.0000000
vn 1.0000000 0.0000000 0.0000000
vn 0.0000000 0.0000000 1.0000000
vn 0.0000000 -0.3826903 0.9238767
vn 0.3250835 -0.3250835 0.8880549
vn 0.3826903 0.0000000 0.9238767
vn 0.3250835 -0.8880549 0.3250835
vn 0.3826903 -0.9238767 0.0000000
vn 0.8880549 -0.3250835 0.3250835
vn 0.9238767 -0.3826903 0.0000000
vn 0.3250835 -0.3250835 0.8880549
vn 0.3250835 -0.8880549 0.3250835
vn 0.8880549 -0.3250835 0.3250835
vn 0.3250835 -0.3250835 0.8880549
vn 0.3826903 0.0000000 0.9238767
vn 0.8880549 -0.3250835 0.3250835
vn 0.9238767 0.0000000 0.3826903
vn 0.0000000 -0.3826903 0.9238767
vn 0.0000000 -0.9238767 0.3826903
vn 0.3250835 -0.3250835 0.8880549
vn 0.3250835 -0.8880549 0.3250835
vn 0.0000000 0.9238767 0.3826903
vn 0.0000000 1.0000000 0.0000000
vn 0.3250835 0.8880549 0.3250835
vn 0.3826903 0.9238767 0.0000000
vn 0.0000000 0.0000000 1.0000000
vn 0.0000000 0.3826903 0.9238767
vn 0.3250835 0.3250835 0.8880549
vn 0.3826903 0.0000000 0.9238767
vn 0.8880549 0.3250835 0.3250835
vn 0.9238767 0.0000000 0.3826903
vn 0.9238767 0.3826903 0.0000000
vn 1.0000000 0.0000000 0.0000000
vn 0.0000000 0.3826903 0.9238767
vn 0.0000000 0.9238767 0.3826903
vn 0.3250835 0.3250835 0.8880549
vn 0.3250835 0.8880549 0.3250835
vn 0.3250835 0.3250835 0.8880549
vn 0.3250835 0.8880549 0.3250835
vn 0.8880549 0.3250835 0.3250835
vn 0.3250835 0.3250835 0.8880549
vn 0.3826903 0.0000000 0.9238767
vn 0.8880549 0.3250835 0.3250835
vn 0.9238767 0.0000000 0.3826903
vn 0.3250835 0.8880549 0.3250835
vn 0.3826903 0.9238767 0.0000000
vn 0.8880549 0.3250835 0.3250835
vn 0.9238767 0.3826903 0.0000000
vn 0.0000000 -0.9238767 -0.3826903
vn 0.0000000 -1.0000000 0.0000000
vn 0.3250835 -0.8880549 -0.3250835
vn 0.3826903 -0.9238767 0.0000000
vn 0.0000000 0.0000000 -1.0000000
vn 0.0000000 -0.3826903 -0.9238767
vn 0.3250835 -0.3250835 -0.8880549
vn 0.3826903 0.0000000 -0.9238767
vn 0.8880549 -0.3250835 -0.3250835
vn 0.9238767 0.0000000 -0.3826903
vn 0.9238767 -0.3826903 0.0000000
vn 1.0000000 0.0000000 0.0000000
vn 0.0000000 -0.3826903 -0.9238767
vn 0.0000000 -0.9238767 -0.3826903
vn 0.3250835 -0.3250835 -0.8880549
vn 0.3250835 -0.8880549 -0.3250835
vn 0.3250835 -0.3250835 -0.8880549
vn 0.3250835 -0.8880549 -0.3250835
vn 0.8880549 -0.3250835 -0.3250835
vn 0.3250835 -0.3250835 -0.8880549
vn 0.3826903 0.0000000 -0.9238767
vn 0.8880549 -0.3250835 -0.3250835
vn 0.9238767 0.0000000 -0.3826903
vn 0.3250835 -0.8880549 -0.3250835
vn 0.3826903 -0.9238767 0.0000000
vn 0.8880549 -0.3250835 -0.3250835
vn 0.9238767 -0.3826903 0.0000000
vn 0.0000000 0.9238767 -0.3826903
vn 0.0000000 1.0000000 0.0000000
vn 0.3250835 0.8880549 -0.3250835
vn 0.3826903 0.9238767 0.0000000
vn 0.8880549 0.3250835 -0.3250835
vn 0.9238767 0.0000000 -0.3826903
vn 0.9238767 0.3826903 0.0000000
vn 1.0000000 0.0000000 0.0000000
vn 0.0000000 0.0000000 -1.0000000
vn 0.0000000 0.3826903 -0.9238767
vn 0.3250835 0.3250835 -0.8880549
vn 0.3826903 0.0000000 -0.9238767
vn 0.3250835 0.8880549 -0.3250835
vn 0.3826903 0.9238767 0.0000000
vn 0.8880549 0.3250835 -0.3250835
vn 0.9238767 0.3826903 0.0000000
vn 0.3250835 0.3250835 -0.8880549
vn 0.3250835 0.8880549 -0.3250835
vn 0.8880549 0.3250835 -0.3250835
vn 0.3250835 0.3250835 -0.8880549
vn 0.3826903 0.0000000 -0.9238767
vn 0.8880549 0.3250835 -0.3250835
vn 0.9238767 0.0000000 -0.3826903
vn 0.0000000 0.3826903 -0.9238767
vn 0.0000000 0.9238767 -0.3826903
vn 0.3250835 0.3250835 -0.8880549
vn 0.3250835 0.8880549 -0.3250835
f 117/117/117 140/140/140 28/28/28
f 117/117/117 28/28/28 5/5/5
f 174/174/174 197/197/197 147/147/147
f 174/174/174 147/147/147 116/116/116
f 191/191/191 83/83/83 33/33/33
f 191/191/191 33/33/33 137/137/137
f 12/12/12 39/39/39 93/93/93
f 12/12/12 93/93/93 62/62/62
f 63/63/63 86/86/86 198/198/198
f 63/63/63 198/198/198 167/167/167
f 3/3/3 16/16/16 18/18/18
f 3/3/3 18/18/18 24/24/24
f 7/7/7 20/20/20 17/17/17
f 7/7/7 17/17/17 15/15/15
f 9/9/9 26/26/26 19/19/19
f 9/9/9 19/19/19 22/22/22
f 30/30/30 42/42/42 44/44/44
f 30/30/30 44/44/44 51/51/51
f 34/34/34 47/47/47 45/45/45
f 34/34/34 45/45/45 43/43/43
f 36/36/36 53/53/53 46/46/46
f 36/36/36 46/46/46 49/49/49
f 57/57/57 67/67/67 72/72/72
f 57/57/57 72/72/72 81/81/81
f 59/59/59 76/76/76 73/73/73
f 59/59/59 73/73/73 69/69/69
f 65/65/65 80/80/80 71/71/71
f 65/65/65 71/71/71 74/74/74
f 84/84/84 97/97/97 99/99/99
f 84/84/84 99/99/99 105/105/105
f 88/88/88 101/101/101 98/98/98
f 88/88/88 98/98/98 96/96/96
f 90/90/90 107/107/107 100/100/100
f 90/90/90 100/100/100 103/103/103
f 111/111/111 121/121/121 126/126/126
f 111/111/111 126/126/126 135/135/135
f 113/113/113 130/130/130 127/127/127
f 113/113/113 127/127/127 123/123/123
f 119/119/119 134/134/134 125/125/125
f 119/119/119 125/125/125 128/128/128
f 138/138/138 151/151/151 153/153/153
f 138/138/138 153/153/153 159/159/159
f 142/142/142 155/155/155 152/152/152
f 142/142/142 152/152/152 150/150/150
f 144/144/144 161/161/161 154/154/154
f 144/144/144 154/154/154 157/157/157
f 165/165/165 178/178/178 180/180/180
f 165/165/165 180/180/180 186/186/186
f 169/169/169 182/182/182 179/179/179
f 169/169/169 179/179/179 177/177/177
f 171/171/171 188/188/188 181/181/181
f 171/171/171 181/181/181 184/184/184
f 192/192/192 202/202/202 207/207/207
f 192/192/192 207/207/207 216/216/216
f 194/194/194 211/211/211 208/208/208
f 194/194/194 208/208/208 204/204/204
f 200/200/200 215/215/215 206/206/206
f 200/200/200 206/206/206 209/209/209
f 58/58/58 4/4/4 25/25/25
f 58/58/58 25/25/25 68/68/68
f 70/70/70 27/27/27 11/11/11
f 70/70/70 11/11/11 61/61/61
f 8/8/8 31/31/31 52/52/52
f 8/8/8 52/52/52 21/21/21
f 23/23/23 54/54/54 37/37/37
f 23/23/23 37/37/37 10/10/10
f 35/35/35 85/85/85 106/106/106
f 35/35/35 106/106/106 48/48/48
f 50/50/50 108/108/108 92/92/92
f 50/50/50 92/92/92 38/38/38
f 89/89/89 66/66/66 75/75/75
f 89/89/89 75/75/75 102/102/102
f 104/104/104 77/77/77 60/60/60
f 104/104/104 60/60/60 91/91/91
f 163/163/163 55/55/55 79/79/79
f 163/163/163 79/79/79 176/176/176
f 175/175/175 78/78/78 64/64/64
f 175/175/175 64/64/64 168/168/168
f 82/82/82 190/190/190 214/214/214
f 82/82/82 214/214/214 95/95/95
f 94/94/94 213/213/213 199/199/199
f 94/94/94 199/199/199 87/87/87
f 195/195/195 172/172/172 185/185/185
f 195/195/195 185/185/185 212/212/212
f 210/210/210 183/183/183 170/170/170
f 210/210/210 170/170/170 201/201/201
f 112/112/112 166/166/166 187/187/187
f 112/112/112 187/187/187 122/122/122
f 124/124/124 189/189/189 173/173/173
f 124/124/124 173/173/173 115/115/115
f 193/193/193 139/139/139 160/160/160
f 193/193/193 160/160/160 203/203/203
f 205/205/205 162/162/162 146/146/146
f 205/205/205 146/146/146 196/196/196
f 143/143/143 120/120/120 129/129/129
f 143/143/143 129/129/129 156/156/156
f 158/158/158 131/131/131 114/114/114
f 158/158/158 114/114/114 145/145/145
f 1/1/1 109/109/109 133/133/133
f 1/1/1 133/133/133 14/14/14
f 13/13/13 132/132/132 118/118/118
f 13/13/13 118/118/118 6/6/6
f 136/136/136 32/32/32 41/41/41
f 136/136/136 41/41/41 149/149/149
f 148/148/148 40/40/40 29/29/29
f 148/148/148 29/29/29 141/141/141
f 56/56/56 164/164/164 110/110/110
f 56/56/56 110/110/110 2/2/2
o Aurora_serial_plate.002_0
usemtl Aurora_Blue
v 0.1026400 0.0325000 0.2473600
v 0.1026400 0.0325000 0.2473600
v 0.1026400 0.0325000 0.2473600
v 0.1026400 0.0325000 0.2473600
v 0.1026400 0.0351400 0.2500000
v 0.1026400 0.0351400 0.2500000
v 0.1026400 0.0351400 0.2500000
v 0.1026400 0.0351400 0.2500000
v 0.1000000 0.0351400 0.2473600
v 0.1000000 0.0351400 0.2473600
v 0.1000000 0.0351400 0.2473600
v 0.1000000 0.0351400 0.2473600
v 0.1026400 0.0332732 0.2492268
v 0.1026400 0.0332732 0.2492268
v 0.1026400 0.0332732 0.2492268
v 0.1026400 0.0332732 0.2492268
v 0.1011158 0.0336158 0.2488842
v 0.1011158 0.0336158 0.2488842
v 0.1011158 0.0336158 0.2488842
v 0.1007732 0.0351400 0.2492268
v 0.1007732 0.0351400 0.2492268
v 0.1007732 0.0351400 0.2492268
v 0.1007732 0.0351400 0.2492268
v 0.1007732 0.0332732 0.2473600
v 0.1007732 0.0332732 0.2473600
v 0.1007732 0.0332732 0.2473600
v 0.1007732 0.0332732 0.2473600
v 0.1026400 0.0848600 0.2500000
v 0.1026400 0.0848600 0.2500000
v 0.1026400 0.0848600 0.2500000
v 0.1026400 0.0848600 0.2500000
v 0.1026400 0.0875000 0.2473600
v 0.1026400 0.0875000 0.2473600
v 0.1026400 0.0875000 0.2473600
v 0.1026400 0.0875000 0.2473600
v 0.1000000 0.0848600 0.2473600
v 0.1000000 0.0848600 0.2473600
v 0.1000000 0.0848600 0.2473600
v 0.1000000 0.0848600 0.2473600
v 0.1026400 0.0867268 0.2492268
v 0.1026400 0.0867268 0.2492268
v 0.1026400 0.0867268 0.2492268
v 0.1026400 0.0867268 0.2492268
v 0.1011158 0.0863842 0.2488842
v 0.1011158 0.0863842 0.2488842
v 0.1011158 0.0863842 0.2488842
v 0.1007732 0.0867268 0.2473600
v 0.1007732 0.0867268 0.2473600
v 0.1007732 0.0867268 0.2473600
v 0.1007732 0.0867268 0.2473600
v 0.1007732 0.0848600 0.2492268
v 0.1007732 0.0848600 0.2492268
v 0.1007732 0.0848600 0.2492268
v 0.1007732 0.0848600 0.2492268
v 0.1026400 0.0325000 0.0126400
v 0.1026400 0.0325000 0.0126400
v 0.1026400 0.0325000 0.0126400
v 0.1026400 0.0325000 0.0126400
v 0.1000000 0.0351400 0.0126400
v 0.1000000 0.0351400 0.0126400
v 0.1000000 0.0351400 0.0126400
v 0.1000000 0.0351400 0.0126400
v 0.1026400 0.0351400 0.0100000
v 0.1026400 0.0351400 0.0100000
v 0.1026400 0.0351400 0.0100000
v 0.1026400 0.0351400 0.0100000
v 0.1007732 0.0332732 0.0126400
v 0.1007732 0.0332732 0.0126400
v 0.1007732 0.0332732 0.0126400
v 0.1007732 0.0332732 0.0126400
v 0.1011158 0.0336158 0.0111158
v 0.1011158 0.0336158 0.0111158
v 0.1011158 0.0336158 0.0111158
v 0.1007732 0.0351400 0.0107732
v 0.1007732 0.0351400 0.0107732
v 0.1007732 0.0351400 0.0107732
v 0.1007732 0.0351400 0.0107732
v 0.1026400 0.0332732 0.0107732
v 0.1026400 0.0332732 0.0107732
v 0.1026400 0.0332732 0.0107732
v 0.1026400 0.0332732 0.0107732
v 0.1026400 0.0875000 0.0126400
v 0.1026400 0.0875000 0.0126400
v 0.1026400 0.0875000 0.0126400
v 0.1026400 0.0875000 0.0126400
v 0.1026400 0.0848600 0.0100000
v 0.1026400 0.0848600 0.0100000
v 0.1026400 0.0848600 0.0100000
v 0.1026400 0.0848600 0.0100000
v 0.1000000 0.0848600 0.0126400
v 0.1000000 0.0848600 0.0126400
v 0.1000000 0.0848600 0.0126400
v 0.1000000 0.0848600 0.0126400
v 0.1026400 0.0867268 0.0107732
v 0.1026400 0.0867268 0.0107732
v 0.1026400 0.0867268 0.0107732
v 0.1026400 0.0867268 0.0107732
v 0.1011158 0.0863842 0.0111158
v 0.1011158 0.0863842 0.0111158
v 0.1011158 0.0863842 0.0111158
v 0.1007732 0.0848600 0.0107732
v 0.1007732 0.0848600 0.0107732
v 0.1007732 0.0848600 0.0107732
v 0.1007732 0.0848600 0.0107732
v 0.1007732 0.0867268 0.0126400
v 0.1007732 0.0867268 0.0126400
v 0.1007732 0.0867268 0.0126400
v 0.1007732 0.0867268 0.0126400
v 0.1093600 0.0325000 0.2473600
v 0.1093600 0.0325000 0.2473600
v 0.1093600 0.0325000 0.2473600
v 0.1093600 0.0325000 0.2473600
v 0.1120000 0.0351400 0.2473600
v 0.1120000 0.0351400 0.2473600
v 0.1120000 0.0351400 0.2473600
v 0.1120000 0.0351400 0.2473600
v 0.1093600 0.0351400 0.2500000
v 0.1093600 0.0351400 0.2500000
v 0.1093600 0.0351400 0.2500000
v 0.1093600 0.0351400 0.2500000
v 0.1112268 0.0332732 0.2473600
v 0.1112268 0.0332732 0.2473600
v 0.1112268 0.0332732 0.2473600
v 0.1112268 0.0332732 0.2473600
v 0.1108842 0.0336158 0.2488842
v 0.1108842 0.0336158 0.2488842
v 0.1108842 0.0336158 0.2488842
v 0.1112268 0.0351400 0.2492268
v 0.1112268 0.0351400 0.2492268
v 0.1112268 0.0351400 0.2492268
v 0.1112268 0.0351400 0.2492268
v 0.1093600 0.0332732 0.2492268
v 0.1093600 0.0332732 0.2492268
v 0.1093600 0.0332732 0.2492268
v 0.1093600 0.0332732 0.2492268
v 0.1093600 0.0875000 0.2473600
v 0.1093600 0.0875000 0.2473600
v 0.1093600 0.0875000 0.2473600
v 0.1093600 0.0875000 0.2473600
v 0.1093600 0.0848600 0.2500000
v 0.1093600 0.0848600 0.2500000
v 0.1093600 0.0848600 0.2500000
v 0.1093600 0.0848600 0.2500000
v 0.1120000 0.0848600 0.2473600
v 0.1120000 0.0848600 0.2473600
v 0.1120000 0.0848600 0.2473600
v 0.1120000 0.0848600 0.2473600
v 0.1093600 0.0867268 0.2492268
v 0.1093600 0.0867268 0.2492268
v 0.1093600 0.0867268 0.2492268
v 0.1093600 0.0867268 0.2492268
v 0.1108842 0.0863842 0.2488842
v 0.1108842 0.0863842 0.2488842
v 0.1108842 0.0863842 0.2488842
v 0.1112268 0.0848600 0.2492268
v 0.1112268 0.0848600 0.2492268
v 0.1112268 0.0848600 0.2492268
v 0.1112268 0.0848600 0.2492268
v 0.1112268 0.0867268 0.2473600
v 0.1112268 0.0867268 0.2473600
v 0.1112268 0.0867268 0.2473600
v 0.1112268 0.0867268 0.2473600
v 0.1093600 0.0325000 0.0126400
v 0.1093600 0.0325000 0.0126400
v 0.1093600 0.0325000 0.0126400
v 0.1093600 0.0325000 0.0126400
v 0.1093600 0.0351400 0.0100000
v 0.1093600 0.0351400 0.0100000
v 0.1093600 0.0351400 0.0100000
v 0.1093600 0.0351400 0.0100000
v 0.1120000 0.0351400 0.0126400
v 0.1120000 0.0351400 0.0126400
v 0.1120000 0.0351400 0.0126400
v 0.1120000 0.0351400 0.0126400
v 0.1093600 0.0332732 0.0107732
v 0.1093600 0.0332732 0.0107732
v 0.1093600 0.0332732 0.0107732
v 0.1093600 0.0332732 0.0107732
v 0.1108842 0.0336158 0.0111158
v 0.1108842 0.0336158 0.0111158
v 0.1108842 0.0336158 0.0111158
v 0.1112268 0.0351400 0.0107732
v 0.1112268 0.0351400 0.0107732
v 0.1112268 0.0351400 0.0107732
v 0.1112268 0.0351400 0.0107732
v 0.1112268 0.0332732 0.0126400
v 0.1112268 0.0332732 0.0126400
v 0.1112268 0.0332732 0.0126400
v 0.1112268 0.0332732 0.0126400
v 0.1093600 0.0875000 0.0126400
v 0.1093600 0.0875000 0.0126400
v 0.1093600 0.0875000 0.0126400
v 0.1093600 0.0875000 0.0126400
v 0.1120000 0.0848600 0.0126400
v 0.1120000 0.0848600 0.0126400
v 0.1120000 0.0848600 0.0126400
v 0.1120000 0.0848600 0.0126400
v 0.1093600 0.0848600 0.0100000
v 0.1093600 0.0848600 0.0100000
v 0.1093600 0.0848600 0.0100000
v 0.1093600 0.0848600 0.0100000
v 0.1112268 0.0867268 0.0126400
v 0.1112268 0.0867268 0.0126400
v 0.1112268 0.0867268 0.0126400
v 0.1112268 0.0867268 0.0126400
v 0.1108842 0.0863842 0.0111158
v 0.1108842 0.0863842 0.0111158
v 0.1108842 0.0863842 0.0111158
v 0.1112268 0.0848600 0.0107732
v 0.1112268 0.0848600 0.0107732
v 0.1112268 0.0848600 0.0107732
v 0.1112268 0.0848600 0.0107732
v 0.1093600 0.0867268 0.0107732
v 0.1093600 0.0867268 0.0107732
v 0.1093600 0.0867268 0.0107732
v 0.1093600 0.0867268 0.0107732
vt 0.1800000 0.2527501
vt 0.1800000 0.2527501
vt 0.1800000 0.2527501
vt 0.1800000 0.2527501
vt 0.3870000 0.0549999
vt 0.3870000 0.0549999
vt 0.3870000 0.0549999
vt 0.3870000 0.0549999
vt 0.3870000 0.9972500
vt 0.3870000 0.9972500
vt 0.3870000 0.9972500
vt 0.3870000 0.9972500
vt 0.3750000 0.0549999
vt 0.1800000 0.2500000
vt 0.3750000 0.0549999
vt 0.1800000 0.2500000
vt 0.3800718 0.0000000
vt 0.1482458 0.2500000
vt 0.3750000 0.9988377
vt 0.3870000 0.0000000
vt 0.3870000 0.0000000
vt 0.3870000 1.0000000
vt 0.3870000 1.0000000
vt 0.1250000 0.2527500
vt 0.1250000 0.2527500
vt 0.3750000 0.9972500
vt 0.3750000 0.9972500
vt 0.6130000 0.0550000
vt 0.6130000 0.0550000
vt 0.6130000 0.0550000
vt 0.6130000 0.0550000
vt 0.8200001 0.2527500
vt 0.8200001 0.2527500
vt 0.8200001 0.2527500
vt 0.8200001 0.2527500
vt 0.6130000 0.9972500
vt 0.6130000 0.9972500
vt 0.6130000 0.9972500
vt 0.6130000 0.9972500
vt 0.6250000 0.0550000
vt 0.8200000 0.2500000
vt 0.6250000 0.0550000
vt 0.8200000 0.2500000
vt 0.6250000 0.0232458
vt 0.8750000 0.2511623
vt 0.6199282 1.0000000
vt 0.8750000 0.2527500
vt 0.8750000 0.2527500
vt 0.6250000 0.9972500
vt 0.6250000 0.9972500
vt 0.6130000 0.0000000
vt 0.6130000 0.0000000
vt 0.6130000 1.0000000
vt 0.6130000 1.0000000
vt 0.1800000 0.4972500
vt 0.1800000 0.4972500
vt 0.1800000 0.4972500
vt 0.1800000 0.4972500
vt 0.3870000 0.7527500
vt 0.3870000 0.7527500
vt 0.3870000 0.7527500
vt 0.3870000 0.7527500
vt 0.3870000 0.6950001
vt 0.3870000 0.6950001
vt 0.3870000 0.6950001
vt 0.3870000 0.6950001
vt 0.1250000 0.4972500
vt 0.1250000 0.4972500
vt 0.3750000 0.7527500
vt 0.3750000 0.7527500
vt 0.3750000 0.7267542
vt 0.1250000 0.4988377
vt 0.3800718 0.7500000
vt 0.3870000 0.7500000
vt 0.3870000 0.7500000
vt 0.3870000 0.7500000
vt 0.3870000 0.7500000
vt 0.3750000 0.6950000
vt 0.1800000 0.5000000
vt 0.3750000 0.6950000
vt 0.1800000 0.5000000
vt 0.8199999 0.4972501
vt 0.8199999 0.4972501
vt 0.8199999 0.4972501
vt 0.8199999 0.4972501
vt 0.6130000 0.6950001
vt 0.6130000 0.6950001
vt 0.6130000 0.6950001
vt 0.6130000 0.6950001
vt 0.6130000 0.7527500
vt 0.6130000 0.7527500
vt 0.6130000 0.7527500
vt 0.6130000 0.7527500
vt 0.6250000 0.6950000
vt 0.8200000 0.5000000
vt 0.6250000 0.6950000
vt 0.8200000 0.5000000
vt 0.6199282 0.7500000
vt 0.8517543 0.5000000
vt 0.6250000 0.7511623
vt 0.6130000 0.7500000
vt 0.6130000 0.7500000
vt 0.6130000 0.7500000
vt 0.6130000 0.7500000
vt 0.8750000 0.4972500
vt 0.8750000 0.4972500
vt 0.6250000 0.7527500
vt 0.6250000 0.7527500
vt 0.3200000 0.2527500
vt 0.3200000 0.2527500
vt 0.3200000 0.2527500
vt 0.3200000 0.2527500
vt 0.3870000 0.2527500
vt 0.3870000 0.2527500
vt 0.3870000 0.2527500
vt 0.3870000 0.2527500
vt 0.3870000 0.1950001
vt 0.3870000 0.1950001
vt 0.3870000 0.1950001
vt 0.3870000 0.1950001
vt 0.3750000 0.2527500
vt 0.3750000 0.2527500
vt 0.3750000 0.2527500
vt 0.3750000 0.2527500
vt 0.3766906 0.2426388
vt 0.3766906 0.2426388
vt 0.3766906 0.2426388
vt 0.3870000 0.2500000
vt 0.3870000 0.2500000
vt 0.3870000 0.2500000
vt 0.3870000 0.2500000
vt 0.3750000 0.1950000
vt 0.3200000 0.2500000
vt 0.3750000 0.1950000
vt 0.3200000 0.2500000
vt 0.6799999 0.2527501
vt 0.6799999 0.2527501
vt 0.6799999 0.2527501
vt 0.6799999 0.2527501
vt 0.6130000 0.1950000
vt 0.6130000 0.1950000
vt 0.6130000 0.1950000
vt 0.6130000 0.1950000
vt 0.6130000 0.2527500
vt 0.6130000 0.2527500
vt 0.6130000 0.2527500
vt 0.6130000 0.2527500
vt 0.6250000 0.1950000
vt 0.6799999 0.2500000
vt 0.6250000 0.1950000
vt 0.6799999 0.2500000
vt 0.6310580 0.2503874
vt 0.6310580 0.2503874
vt 0.6310580 0.2503874
vt 0.6130000 0.2500000
vt 0.6130000 0.2500000
vt 0.6130000 0.2500000
vt 0.6130000 0.2500000
vt 0.6250000 0.2527500
vt 0.6250000 0.2527500
vt 0.6250000 0.2527500
vt 0.6250000 0.2527500
vt 0.3200000 0.4972501
vt 0.3200000 0.4972501
vt 0.3200000 0.4972501
vt 0.3200000 0.4972501
vt 0.3870000 0.5549999
vt 0.3870000 0.5549999
vt 0.3870000 0.5549999
vt 0.3870000 0.5549999
vt 0.3870000 0.4972500
vt 0.3870000 0.4972500
vt 0.3870000 0.4972500
vt 0.3870000 0.4972500
vt 0.3750000 0.5549999
vt 0.3200000 0.5000000
vt 0.3750000 0.5549999
vt 0.3200000 0.5000000
vt 0.3689420 0.4996126
vt 0.3689420 0.4996126
vt 0.3689420 0.4996126
vt 0.3870000 0.5000000
vt 0.3870000 0.5000000
vt 0.3870000 0.5000000
vt 0.3870000 0.5000000
vt 0.3750000 0.4972500
vt 0.3750000 0.4972500
vt 0.3750000 0.4972500
vt 0.3750000 0.4972500
vt 0.6799999 0.4972500
vt 0.6799999 0.4972500
vt 0.6799999 0.4972500
vt 0.6799999 0.4972500
vt 0.6130000 0.4972500
vt 0.6130000 0.4972500
vt 0.6130000 0.4972500
vt 0.6130000 0.4972500
vt 0.6130000 0.5550000
vt 0.6130000 0.5550000
vt 0.6130000 0.5550000
vt 0.6130000 0.5550000
vt 0.6250000 0.4972500
vt 0.6250000 0.4972500
vt 0.6250000 0.4972500
vt 0.6250000 0.4972500
vt 0.6233094 0.5073612
vt 0.6233094 0.5073612
vt 0.6233094 0.5073612
vt 0.6130000 0.5000000
vt 0.6130000 0.5000000
vt 0.6130000 0.5000000
vt 0.6130000 0.5000000
vt 0.6250000 0.5550000
vt 0.6799999 0.5000000
vt 0.6250000 0.5550000
vt 0.6799999 0.5000000
vn 0.0000000 -0.9238767 0.3826903
vn 0.0000000 -1.0000000 0.0000000
vn -0.3250835 -0.8880549 0.3250835
vn -0.3826903 -0.9238767 0.0000000
vn 0.0000000 0.0000000 1.0000000
vn 0.0000000 -0.3826903 0.9238767
vn -0.3250835 -0.3250835 0.8880549
vn -0.3826903 0.0000000 0.9238767
vn -0.8880549 -0.3250835 0.3250835
vn -0.9238767 0.0000000 0.3826903
vn -0.9238767 -0.3826903 0.0000000
vn -1.0000000 0.0000000 0.0000000
vn 0.0000000 -0.3826903 0.9238767
vn 0.0000000 -0.9238767 0.3826903
vn -0.3250835 -0.3250835 0.8880549
vn -0.3250835 -0.8880549 0.3250835
vn -0.3250835 -0.3250835 0.8880549
vn -0.3250835 -0.8880549 0.3250835
vn -0.8880549 -0.3250835 0.3250835
vn -0.3250835 -0.3250835 0.8880549
vn -0.3826903 0.0000000 0.9238767
vn -0.8880549 -0.3250835 0.3250835
vn -0.9238767 0.0000000 0.3826903
vn -0.3250835 -0.8880549 0.3250835
vn -0.3826903 -0.9238767 0.0000000
vn -0.8880549 -0.3250835 0.3250835
vn -0.9238767 -0.3826903 0.0000000
vn 0.0000000 0.0000000 1.0000000
vn 0.0000000 0.3826903 0.9238767
vn -0.3250835 0.3250835 0.8880549
vn -0.3826903 0.0000000 0.9238767
vn 0.0000000 0.9238767 0.3826903
vn 0.0000000 1.0000000 0.0000000
vn -0.3250835 0.8880549 0.3250835
vn -0.3826903 0.9238767 0.0000000
vn -0.8880549 0.3250835 0.3250835
vn -0.9238767 0.0000000 0.3826903
vn -0.9238767 0.3826903 0.0000000
vn -1.0000000 0.0000000 0.0000000
vn 0.0000000 0.3826903 0.9238767
vn 0.0000000 0.9238767 0.3826903
vn -0.3250835 0.3250835 0.8880549
vn -0.3250835 0.8880549 0.3250835
vn -0.3250835 0.3250835 0.8880549
vn -0.3250835 0.8880549 0.3250835
vn -0.8880549 0.3250835 0.3250835
vn -0.3250835 0.8880549 0.3250835
vn -0.3826903 0.9238767 0.0000000
vn -0.8880549 0.3250835 0.3250835
vn -0.9238767 0.3826903 0.0000000
vn -0.3250835 0.3250835 0.8880549
vn -0.3826903 0.0000000 0.9238767
vn -0.8880549 0.3250835 0.3250835
vn -0.9238767 0.0000000 0.3826903
vn 0.0000000 -0.9238767 -0.3826903
vn 0.0000000 -1.0000000 0.0000000
vn -0.3250835 -0.8880549 -0.3250835
vn -0.3826903 -0.9238767 0.0000000
vn -0.8880549 -0.3250835 -0.3250835
vn -0.9238767 0.0000000 -0.3826903
vn -0.9238767 -0.3826903 0.0000000
vn -1.0000000 0.0000000 0.0000000
vn 0.0000000 0.0000000 -1.0000000
vn 0.0000000 -0.3826903 -0.9238767
vn -0.3250835 -0.3250835 -0.8880549
vn -0.3826903 0.0000000 -0.9238767
vn -0.3250835 -0.8880549 -0.3250835
vn -0.3826903 -0.9238767 0.0000000
vn -0.8880549 -0.3250835 -0.3250835
vn -0.9238767 -0.3826903 0.0000000
vn -0.3250835 -0.3250835 -0.8880549
vn -0.3250835 -0.8880549 -0.3250835
vn -0.8880549 -0.3250835 -0.3250835
vn -0.3250835 -0.3250835 -0.8880549
vn -0.3826903 0.0000000 -0.9238767
vn -0.8880549 -0.3250835 -0.3250835
vn -0.9238767 0.0000000 -0.3826903
vn 0.0000000 -0.3826903 -0.9238767
vn 0.0000000 -0.9238767 -0.3826903
vn -0.3250835 -0.3250835 -0.8880549
vn -0.3250835 -0.8880549 -0.3250835
vn 0.0000000 0.9238767 -0.3826903
vn 0.0000000 1.0000000 0.0000000
vn -0.3250835 0.8880549 -0.3250835
vn -0.3826903 0.9238767 0.0000000
vn 0.0000000 0.0000000 -1.0000000
vn 0.0000000 0.3826903 -0.9238767
vn -0.3250835 0.3250835 -0.8880549
vn -0.3826903 0.0000000 -0.9238767
vn -0.8880549 0.3250835 -0.3250835
vn -0.9238767 0.0000000 -0.3826903
vn -0.9238767 0.3826903 0.0000000
vn -1.0000000 0.0000000 0.0000000
vn 0.0000000 0.3826903 -0.9238767
vn 0.0000000 0.9238767 -0.3826903
vn -0.3250835 0.3250835 -0.8880549
vn -0.3250835 0.8880549 -0.3250835
vn -0.3250835 0.3250835 -0.8880549
vn -0.3250835 0.8880549 -0.3250835
vn -0.8880549 0.3250835 -0.3250835
vn -0.3250835 0.3250835 -0.8880549
vn -0.3826903 0.0000000 -0.9238767
vn -0.8880549 0.3250835 -0.3250835
vn -0.9238767 0.0000000 -0.3826903
vn -0.3250835 0.8880549 -0.3250835
vn -0.3826903 0.9238767 0.0000000
vn -0.8880549 0.3250835 -0.3250835
vn -0.9238767 0.3826903 0.0000000
vn 0.0000000 -0.9238767 0.3826903
vn 0.0000000 -1.0000000 0.0000000
vn 0.3250835 -0.8880549 0.3250835
vn 0.3826903 -0.9238767 0.0000000
vn 0.8880549 -0.3250835 0.3250835
vn 0.9238767 0.0000000 0.3826903
vn 0.9238767 -0.3826903 0.0000000
vn 1.0000000 0.0000000 0.0000000
vn 0.0000000 0.0000000 1.0000000
vn 0.0000000 -0.3826903 0.9238767
vn 0.3250835 -0.3250835 0.8880549
vn 0.3826903 0.0000000 0.9238767
vn 0.3250835 -0.8880549 0.3250835
vn 0.3826903 -0.9238767 0.0000000
vn 0.8880549 -0.3250835 0.3250835
vn 0.9238767 -0.3826903 0.0000000
vn 0.3250835 -0.3250835 0.8880549
vn 0.3250835 -0.8880549 0.3250835
vn 0.8880549 -0.3250835 0.3250835
vn 0.3250835 -0.3250835 0.8880549
vn 0.3826903 0.0000000 0.9238767
vn 0.8880549 -0.3250835 0.3250835
vn 0.9238767 0.0000000 0.3826903
vn 0.0000000 -0.3826903 0.9238767
vn 0.0000000 -0.9238767 0.3826903
vn 0.3250835 -0.3250835 0.8880549
vn 0.3250835 -0.8880549 0.3250835
vn 0.0000000 0.9238767 0.3826903
vn 0.0000000 1.0000000 0.0000000
vn 0.3250835 0.8880549 0.3250835
vn 0.3826903 0.9238767 0.0000000
vn 0.0000000 0.0000000 1.0000000
vn 0.0000000 0.3826903 0.9238767
vn 0.3250835 0.3250835 0.8880549
vn 0.3826903 0.0000000 0.9238767
vn 0.8880549 0.3250835 0.3250835
vn 0.9238767 0.0000000 0.3826903
vn 0.9238767 0.3826903 0.0000000
vn 1.0000000 0.0000000 0.0000000
vn 0.0000000 0.3826903 0.9238767
vn 0.0000000 0.9238767 0.3826903
vn 0.3250835 0.3250835 0.8880549
vn 0.3250835 0.8880549 0.3250835
vn 0.3250835 0.3250835 0.8880549
vn 0.3250835 0.8880549 0.3250835
vn 0.8880549 0.3250835 0.3250835
vn 0.3250835 0.3250835 0.8880549
vn 0.3826903 0.0000000 0.9238767
vn 0.8880549 0.3250835 0.3250835
vn 0.9238767 0.0000000 0.3826903
vn 0.3250835 0.8880549 0.3250835
vn 0.3826903 0.9238767 0.0000000
vn 0.8880549 0.3250835 0.3250835
vn 0.9238767 0.3826903 0.0000000
vn 0.0000000 -0.9238767 -0.3826903
vn 0.0000000 -1.0000000 0.0000000
vn 0.3250835 -0.8880549 -0.3250835
vn 0.3826903 -0.9238767 0.0000000
vn 0.0000000 0.0000000 -1.0000000
vn 0.0000000 -0.3826903 -0.9238767
vn 0.3250835 -0.3250835 -0.8880549
vn 0.3826903 0.0000000 -0.9238767
vn 0.8880549 -0.3250835 -0.3250835
vn 0.9238767 0.0000000 -0.3826903
vn 0.9238767 -0.3826903 0.0000000
vn 1.0000000 0.0000000 0.0000000
vn 0.0000000 -0.3826903 -0.9238767
vn 0.0000000 -0.9238767 -0.3826903
vn 0.3250835 -0.3250835 -0.8880549
vn 0.3250835 -0.8880549 -0.3250835
vn 0.3250835 -0.3250835 -0.8880549
vn 0.3250835 -0.8880549 -0.3250835
vn 0.8880549 -0.3250835 -0.3250835
vn 0.3250835 -0.3250835 -0.8880549
vn 0.3826903 0.0000000 -0.9238767
vn 0.8880549 -0.3250835 -0.3250835
vn 0.9238767 0.0000000 -0.3826903
vn 0.3250835 -0.8880549 -0.3250835
vn 0.3826903 -0.9238767 0.0000000
vn 0.8880549 -0.3250835 -0.3250835
vn 0.9238767 -0.3826903 0.0000000
vn 0.0000000 0.9238767 -0.3826903
vn 0.0000000 1.0000000 0.0000000
vn 0.3250835 0.8880549 -0.3250835
vn 0.3826903 0.9238767 0.0000000
vn 0.8880549 0.3250835 -0.3250835
vn 0.9238767 0.0000000 -0.3826903
vn 0.9238767 0.3826903 0.0000000
vn 1.0000000 0.0000000 0.0000000
vn 0.0000000 0.0000000 -1.0000000
vn 0.0000000 0.3826903 -0.9238767
vn 0.3250835 0.3250835 -0.8880549
vn 0.3826903 0.0000000 -0.9238767
vn 0.3250835 0.8880549 -0.3250835
vn 0.3826903 0.9238767 0.0000000
vn 0.8880549 0.3250835 -0.3250835
vn 0.9238767 0.3826903 0.0000000
vn 0.3250835 0.3250835 -0.8880549
vn 0.3250835 0.8880549 -0.3250835
vn 0.8880549 0.3250835 -0.3250835
vn 0.3250835 0.3250835 -0.8880549
vn 0.3826903 0.0000000 -0.9238767
vn 0.8880549 0.3250835 -0.3250835
vn 0.9238767 0.0000000 -0.3826903
vn 0.0000000 0.3826903 -0.9238767
vn 0.0000000 0.9238767 -0.3826903
vn 0.3250835 0.3250835 -0.8880549
vn 0.3250835 0.8880549 -0.3250835
f 333/333/333 356/356/356 244/244/244
f 333/333/333 244/244/244 221/221/221
f 390/390/390 413/413/413 363/363/363
f 390/390/390 363/363/363 332/332/332
f 407/407/407 299/299/299 249/249/249
f 407/407/407 249/249/249 353/353/353
f 228/228/228 255/255/255 309/309/309
f 228/228/228 309/309/309 278/278/278
f 279/279/279 302/302/302 414/414/414
f 279/279/279 414/414/414 383/383/383
f 219/219/219 232/232/232 234/234/234
f 219/219/219 234/234/234 240/240/240
f 223/223/223 236/236/236 233/233/233
f 223/223/223 233/233/233 231/231/231
f 225/225/225 242/242/242 235/235/235
f 225/225/225 235/235/235 238/238/238
f 246/246/246 258/258/258 260/260/260
f 246/246/246 260/260/260 267/267/267
f 250/250/250 263/263/263 261/261/261
f 250/250/250 261/261/261 259/259/259
f 252/252/252 269/269/269 262/262/262
f 252/252/252 262/262/262 265/265/265
f 273/273/273 283/283/283 288/288/288
f 273/273/273 288/288/288 297/297/297
f 275/275/275 292/292/292 289/289/289
f 275/275/275 289/289/289 285/285/285
f 281/281/281 296/296/296 287/287/287
f 281/281/281 287/287/287 290/290/290
f 300/300/300 313/313/313 315/315/315
f 300/300/300 315/315/315 321/321/321
f 304/304/304 317/317/317 314/314/314
f 304/304/304 314/314/314 312/312/312
f 306/306/306 323/323/323 316/316/316
f 306/306/306 316/316/316 319/319/319
f 327/327/327 337/337/337 342/342/342
f 327/327/327 342/342/342 351/351/351
f 329/329/329 346/346/346 343/343/343
f 329/329/329 343/343/343 339/339/339
f 335/335/335 350/350/350 341/341/341
f 335/335/335 341/341/341 344/344/344
f 354/354/354 367/367/367 369/369/369
f 354/354/354 369/369/369 375/375/375
f 358/358/358 371/371/371 368/368/368
f 358/358/358 368/368/368 366/366/366
f 360/360/360 377/377/377 370/370/370
f 360/360/360 370/370/370 373/373/373
f 381/381/381 394/394/394 396/396/396
f 381/381/381 396/396/396 402/402/402
f 385/385/385 398/398/398 395/395/395
f 385/385/385 395/395/395 393/393/393
f 387/387/387 404/404/404 397/397/397
f 387/387/387 397/397/397 400/400/400
f 408/408/408 418/418/418 423/423/423
f 408/408/408 423/423/423 432/432/432
f 410/410/410 427/427/427 424/424/424
f 410/410/410 424/424/424 420/420/420
f 416/416/416 431/431/431 422/422/422
f 416/416/416 422/422/422 425/425/425
f 274/274/274 220/220/220 241/241/241
f 274/274/274 241/241/241 284/284/284
f 286/286/286 243/243/243 227/227/227
f 286/286/286 227/227/227 277/277/277
f 224/224/224 247/247/247 268/268/268
f 224/224/224 268/268/268 237/237/237
f 239/239/239 270/270/270 253/253/253
f 239/239/239 253/253/253 226/226/226
f 251/251/251 301/301/301 322/322/322
f 251/251/251 322/322/322 264/264/264
f 266/266/266 324/324/324 308/308/308
f 266/266/266 308/308/308 254/254/254
f 305/305/305 282/282/282 291/291/291
f 305/305/305 291/291/291 318/318/318
f 320/320/320 293/293/293 276/276/276
f 320/320/320 276/276/276 307/307/307
f 379/379/379 271/271/271 295/295/295
f 379/379/379 295/295/295 392/392/392
f 391/391/391 294/294/294 280/280/280
f 391/391/391 280/280/280 384/384/384
f 298/298/298 406/406/406 430/430/430
f 298/298/298 430/430/430 311/311/311
f 310/310/310 429/429/429 415/415/415
f 310/310/310 415/415/415 303/303/303
f 411/411/411 388/388/388 401/401/401
f 411/411/411 401/401/401 428/428/428
f 426/426/426 399/399/399 386/386/386
f 426/426/426 386/386/386 417/417/417
f 328/328/328 382/382/382 403/403/403
f 328/328/328 403/403/403 338/338/338
f 340/340/340 405/405/405 389/389/389
f 340/340/340 389/389/389 331/331/331
f 409/409/409 355/355/355 376/376/376
f 409/409/409 376/376/376 419/419/419
f 421/421/421 378/378/378 362/362/362
f 421/421/421 362/362/362 412/412/412
f 359/359/359 336/336/336 345/345/345
f 359/359/359 345/345/345 372/372/372
f 374/374/374 347/347/347 330/330/330
f 374/374/374 330/330/330 361/361/361
f 217/217/217 325/325/325 349/349/349
f 217/217/217 349/349/349 230/230/230
f 229/229/229 348/348/348 334/334/334
f 229/229/229 334/334/334 222/222/222
f 352/352/352 248/248/248 257/257/257
f 352/352/352 257/257/257 365/365/365
f 364/364/364 256/256/256 245/245/245
f 364/364/364 245/245/245 357/357/357
f 272/272/272 380/380/380 326/326/326
f 272/272/272 326/326/326 218/218/218
o Barrel.002_0
usemtl Machined_Steel
v -0.0000000 0.0991807 0.5699999
v -0.0000000 0.0991807 0.5699999
v -0.0000000 0.0991807 0.5699999
v 0.0000000 0.1040001 0.5747599
v 0.0000000 0.1040001 0.5747599
v 0.0000000 0.1040001 0.5747599
v 0.0000000 0.1040001 0.5747599
v -0.0000000 0.1025885 0.5713942
v -0.0000000 0.1025885 0.5713942
v -0.0000000 0.1025885 0.5713942
v -0.0000000 0.1025885 0.5713942
v 0.0000000 0.0991806 1.3500000
v 0.0000000 0.0991806 1.3500000
v 0.0000000 0.0991806 1.3500000
v 0.0000000 0.1040000 1.3452400
v 0.0000000 0.1040000 1.3452400
v 0.0000000 0.1040000 1.3452400
v 0.0000000 0.1040000 1.3452400
v 0.0000000 0.1025884 1.3486058
v 0.0000000 0.1025884 1.3486058
v 0.0000000 0.1025884 1.3486058
v 0.0000000 0.1025884 1.3486058
v 0.0090173 0.0977525 0.5699999
v 0.0090173 0.0977525 0.5699999
v 0.0090173 0.0977525 0.5699999
v 0.0105066 0.1023360 0.5747599
v 0.0105066 0.1023360 0.5747599
v 0.0105066 0.1023360 0.5747599
v 0.0105066 0.1023360 0.5747599
v 0.0100704 0.1009935 0.5713942
v 0.0100704 0.1009935 0.5713942
v 0.0100704 0.1009935 0.5713942
v 0.0100704 0.1009935 0.5713942
v 0.0090173 0.0977524 1.3500000
v 0.0090173 0.0977524 1.3500000
v 0.0090173 0.0977524 1.3500000
v 0.0105066 0.1023359 1.3452400
v 0.0105066 0.1023359 1.3452400
v 0.0105066 0.1023359 1.3452400
v 0.0105066 0.1023359 1.3452400
v 0.0100704 0.1009934 1.3486058
v 0.0100704 0.1009934 1.3486058
v 0.0100704 0.1009934 1.3486058
v 0.0100704 0.1009934 1.3486058
v 0.0171520 0.0936077 0.5699999
v 0.0171520 0.0936077 0.5699999
v 0.0171520 0.0936077 0.5699999
v 0.0199847 0.0975066 0.5747599
v 0.0199847 0.0975066 0.5747599
v 0.0199847 0.0975066 0.5747599
v 0.0199847 0.0975066 0.5747599
v 0.0191550 0.0963647 0.5713942
v 0.0191550 0.0963647 0.5713942
v 0.0191550 0.0963647 0.5713942
v 0.0191550 0.0963647 0.5713942
v 0.0171520 0.0936076 1.3500000
v 0.0171520 0.0936076 1.3500000
v 0.0171520 0.0936076 1.3500000
v 0.0199847 0.0975065 1.3452400
v 0.0199847 0.0975065 1.3452400
v 0.0199847 0.0975065 1.3452400
v 0.0199847 0.0975065 1.3452400
v 0.0191550 0.0963646 1.3486058
v 0.0191550 0.0963646 1.3486058
v 0.0191550 0.0963646 1.3486058
v 0.0191550 0.0963646 1.3486058
v 0.0236077 0.0871520 0.5699999
v 0.0236077 0.0871520 0.5699999
v 0.0236077 0.0871520 0.5699999
v 0.0275066 0.0899848 0.5747599
v 0.0275066 0.0899848 0.5747599
v 0.0275066 0.0899848 0.5747599
v 0.0275066 0.0899848 0.5747599
v 0.0263646 0.0891551 0.5713942
v 0.0263646 0.0891551 0.5713942
v 0.0263646 0.0891551 0.5713942
v 0.0263646 0.0891551 0.5713942
v 0.0236077 0.0871519 1.3500000
v 0.0236077 0.0871519 1.3500000
v 0.0236077 0.0871519 1.3500000
v 0.0275066 0.0899847 1.3452400
v 0.0275066 0.0899847 1.3452400
v 0.0275066 0.0899847 1.3452400
v 0.0275066 0.0899847 1.3452400
v 0.0263646 0.0891550 1.3486058
v 0.0263646 0.0891550 1.3486058
v 0.0263646 0.0891550 1.3486058
v 0.0263646 0.0891550 1.3486058
v 0.0277525 0.0790174 0.5699999
v 0.0277525 0.0790174 0.5699999
v 0.0277525 0.0790174 0.5699999
v 0.0323359 0.0805066 0.5747599
v 0.0323359 0.0805066 0.5747599
v 0.0323359 0.0805066 0.5747599
v 0.0323359 0.0805066 0.5747599
v 0.0309935 0.0800704 0.5713942
v 0.0309935 0.0800704 0.5713942
v 0.0309935 0.0800704 0.5713942
v 0.0309935 0.0800704 0.5713942
v 0.0277525 0.0790173 1.3500000
v 0.0277525 0.0790173 1.3500000
v 0.0277525 0.0790173 1.3500000
v 0.0323359 0.0805065 1.3452400
v 0.0323359 0.0805065 1.3452400
v 0.0323359 0.0805065 1.3452400
v 0.0323359 0.0805065 1.3452400
v 0.0309935 0.0800703 1.3486058
v 0.0309935 0.0800703 1.3486058
v 0.0309935 0.0800703 1.3486058
v 0.0309935 0.0800703 1.3486058
v 0.0291807 0.0700001 0.5699999
v 0.0291807 0.0700001 0.5699999
v 0.0291807 0.0700001 0.5699999
v 0.0340000 0.0700001 0.5747599
v 0.0340000 0.0700001 0.5747599
v 0.0340000 0.0700001 0.5747599
v 0.0340000 0.0700001 0.5747599
v 0.0325885 0.0700001 0.5713942
v 0.0325885 0.0700001 0.5713942
v 0.0325885 0.0700001 0.5713942
v 0.0325885 0.0700001 0.5713942
v 0.0291807 0.0699999 1.3500000
v 0.0291807 0.0699999 1.3500000
v 0.0291807 0.0699999 1.3500000
v 0.0340000 0.0699999 1.3452400
v 0.0340000 0.0699999 1.3452400
v 0.0340000 0.0699999 1.3452400
v 0.0340000 0.0699999 1.3452400
v 0.0325885 0.0699999 1.3486058
v 0.0325885 0.0699999 1.3486058
v 0.0325885 0.0699999 1.3486058
v 0.0325885 0.0699999 1.3486058
v 0.0277525 0.0609827 0.5699999
v 0.0277525 0.0609827 0.5699999
v 0.0277525 0.0609827 0.5699999
v 0.0323359 0.0594935 0.5747599
v 0.0323359 0.0594935 0.5747599
v 0.0323359 0.0594935 0.5747599
v 0.0323359 0.0594935 0.5747599
v 0.0309935 0.0599297 0.5713942
v 0.0309935 0.0599297 0.5713942
v 0.0309935 0.0599297 0.5713942
v 0.0309935 0.0599297 0.5713942
v 0.0277525 0.0609826 1.3500000
v 0.0277525 0.0609826 1.3500000
v 0.0277525 0.0609826 1.3500000
v 0.0323359 0.0594934 1.3452400
v 0.0323359 0.0594934 1.3452400
v 0.0323359 0.0594934 1.3452400
v 0.0323359 0.0594934 1.3452400
v 0.0309935 0.0599296 1.3486058
v 0.0309935 0.0599296 1.3486058
v 0.0309935 0.0599296 1.3486058
v 0.0309935 0.0599296 1.3486058
v 0.0236077 0.0528481 0.5699999
v 0.0236077 0.0528481 0.5699999
v 0.0236077 0.0528481 0.5699999
v 0.0275066 0.0500153 0.5747599
v 0.0275066 0.0500153 0.5747599
v 0.0275066 0.0500153 0.5747599
v 0.0275066 0.0500153 0.5747599
v 0.0263646 0.0508450 0.5713942
v 0.0263646 0.0508450 0.5713942
v 0.0263646 0.0508450 0.5713942
v 0.0263646 0.0508450 0.5713942
v 0.0236077 0.0528480 1.3500000
v 0.0236077 0.0528480 1.3500000
v 0.0236077 0.0528480 1.3500000
v 0.0275066 0.0500152 1.3452400
v 0.0275066 0.0500152 1.3452400
v 0.0275066 0.0500152 1.3452400
v 0.0275066 0.0500152 1.3452400
v 0.0263646 0.0508449 1.3486058
v 0.0263646 0.0508449 1.3486058
v 0.0263646 0.0508449 1.3486058
v 0.0263646 0.0508449 1.3486058
v 0.0171520 0.0463924 0.5699999
v 0.0171520 0.0463924 0.5699999
v 0.0171520 0.0463924 0.5699999
v 0.0199847 0.0424935 0.5747599
v 0.0199847 0.0424935 0.5747599
v 0.0199847 0.0424935 0.5747599
v 0.0199847 0.0424935 0.5747599
v 0.0191550 0.0436354 0.5713941
v 0.0191550 0.0436354 0.5713941
v 0.0191550 0.0436354 0.5713941
v 0.0191550 0.0436354 0.5713941
v 0.0171520 0.0463923 1.3500000
v 0.0171520 0.0463923 1.3500000
v 0.0171520 0.0463923 1.3500000
v 0.0199847 0.0424934 1.3452400
v 0.0199847 0.0424934 1.3452400
v 0.0199847 0.0424934 1.3452400
v 0.0199847 0.0424934 1.3452400
v 0.0191550 0.0436353 1.3486058
v 0.0191550 0.0436353 1.3486058
v 0.0191550 0.0436353 1.3486058
v 0.0191550 0.0436353 1.3486058
v 0.0090173 0.0422476 0.5699999
v 0.0090173 0.0422476 0.5699999
v 0.0090173 0.0422476 0.5699999
v 0.0105066 0.0376641 0.5747599
v 0.0105066 0.0376641 0.5747599
v 0.0105066 0.0376641 0.5747599
v 0.0105066 0.0376641 0.5747599
v 0.0100704 0.0390066 0.5713941
v 0.0100704 0.0390066 0.5713941
v 0.0100704 0.0390066 0.5713941
v 0.0100704 0.0390066 0.5713941
v 0.0090173 0.0422475 1.3500000
v 0.0090173 0.0422475 1.3500000
v 0.0090173 0.0422475 1.3500000
v 0.0105066 0.0376640 1.3452400
v 0.0105066 0.0376640 1.3452400
v 0.0105066 0.0376640 1.3452400
v 0.0105066 0.0376640 1.3452400
v 0.0100704 0.0390065 1.3486058
v 0.0100704 0.0390065 1.3486058
v 0.0100704 0.0390065 1.3486058
v 0.0100704 0.0390065 1.3486058
v 0.0000000 0.0408194 0.5699999
v 0.0000000 0.0408194 0.5699999
v 0.0000000 0.0408194 0.5699999
v 0.0000000 0.0360000 0.5747599
v 0.0000000 0.0360000 0.5747599
v 0.0000000 0.0360000 0.5747599
v 0.0000000 0.0360000 0.5747599
v 0.0000000 0.0374116 0.5713941
v 0.0000000 0.0374116 0.5713941
v 0.0000000 0.0374116 0.5713941
v 0.0000000 0.0374116 0.5713941
v -0.0000000 0.0408193 1.3500000
v -0.0000000 0.0408193 1.3500000
v -0.0000000 0.0408193 1.3500000
v 0.0000000 0.0359999 1.3452400
v 0.0000000 0.0359999 1.3452400
v 0.0000000 0.0359999 1.3452400
v 0.0000000 0.0359999 1.3452400
v -0.0000000 0.0374115 1.3486058
v -0.0000000 0.0374115 1.3486058
v -0.0000000 0.0374115 1.3486058
v -0.0000000 0.0374115 1.3486058
v -0.0090173 0.0422476 0.5699999
v -0.0090173 0.0422476 0.5699999
v -0.0090173 0.0422476 0.5699999
v -0.0105066 0.0376641 0.5747599
v -0.0105066 0.0376641 0.5747599
v -0.0105066 0.0376641 0.5747599
v -0.0105066 0.0376641 0.5747599
v -0.0100704 0.0390066 0.5713941
v -0.0100704 0.0390066 0.5713941
v -0.0100704 0.0390066 0.5713941
v -0.0100704 0.0390066 0.5713941
v -0.0090173 0.0422475 1.3500000
v -0.0090173 0.0422475 1.3500000
v -0.0090173 0.0422475 1.3500000
v -0.0105066 0.0376640 1.3452400
v -0.0105066 0.0376640 1.3452400
v -0.0105066 0.0376640 1.3452400
v -0.0105066 0.0376640 1.3452400
v -0.0100704 0.0390065 1.3486058
v -0.0100704 0.0390065 1.3486058
v -0.0100704 0.0390065 1.3486058
v -0.0100704 0.0390065 1.3486058
v -0.0171520 0.0463924 0.5699999
v -0.0171520 0.0463924 0.5699999
v -0.0171520 0.0463924 0.5699999
v -0.0199847 0.0424935 0.5747599
v -0.0199847 0.0424935 0.5747599
v -0.0199847 0.0424935 0.5747599
v -0.0199847 0.0424935 0.5747599
v -0.0191550 0.0436354 0.5713941
v -0.0191550 0.0436354 0.5713941
v -0.0191550 0.0436354 0.5713941
v -0.0191550 0.0436354 0.5713941
v -0.0171520 0.0463923 1.3500000
v -0.0171520 0.0463923 1.3500000
v -0.0171520 0.0463923 1.3500000
v -0.0199847 0.0424934 1.3452400
v -0.0199847 0.0424934 1.3452400
v -0.0199847 0.0424934 1.3452400
v -0.0199847 0.0424934 1.3452400
v -0.0191550 0.0436353 1.3486058
v -0.0191550 0.0436353 1.3486058
v -0.0191550 0.0436353 1.3486058
v -0.0191550 0.0436353 1.3486058
v -0.0236077 0.0528481 0.5699999
v -0.0236077 0.0528481 0.5699999
v -0.0236077 0.0528481 0.5699999
v -0.0275066 0.0500153 0.5747599
v -0.0275066 0.0500153 0.5747599
v -0.0275066 0.0500153 0.5747599
v -0.0275066 0.0500153 0.5747599
v -0.0263646 0.0508450 0.5713942
v -0.0263646 0.0508450 0.5713942
v -0.0263646 0.0508450 0.5713942
v -0.0263646 0.0508450 0.5713942
v -0.0236077 0.0528480 1.3500000
v -0.0236077 0.0528480 1.3500000
v -0.0236077 0.0528480 1.3500000
v -0.0275066 0.0500152 1.3452400
v -0.0275066 0.0500152 1.3452400
v -0.0275066 0.0500152 1.3452400
v -0.0275066 0.0500152 1.3452400
v -0.0263646 0.0508449 1.3486058
v -0.0263646 0.0508449 1.3486058
v -0.0263646 0.0508449 1.3486058
v -0.0263646 0.0508449 1.3486058
v -0.0277525 0.0609827 0.5699999
v -0.0277525 0.0609827 0.5699999
v -0.0277525 0.0609827 0.5699999
v -0.0323359 0.0594935 0.5747599
v -0.0323359 0.0594935 0.5747599
v -0.0323359 0.0594935 0.5747599
v -0.0323359 0.0594935 0.5747599
v -0.0309935 0.0599297 0.5713942
v -0.0309935 0.0599297 0.5713942
v -0.0309935 0.0599297 0.5713942
v -0.0309935 0.0599297 0.5713942
v -0.0277525 0.0609826 1.3500000
v -0.0277525 0.0609826 1.3500000
v -0.0277525 0.0609826 1.3500000
v -0.0323359 0.0594934 1.3452400
v -0.0323359 0.0594934 1.3452400
v -0.0323359 0.0594934 1.3452400
v -0.0323359 0.0594934 1.3452400
v -0.0309935 0.0599296 1.3486058
v -0.0309935 0.0599296 1.3486058
v -0.0309935 0.0599296 1.3486058
v -0.0309935 0.0599296 1.3486058
v -0.0291807 0.0700001 0.5699999
v -0.0291807 0.0700001 0.5699999
v -0.0291807 0.0700001 0.5699999
v -0.0340000 0.0700001 0.5747599
v -0.0340000 0.0700001 0.5747599
v -0.0340000 0.0700001 0.5747599
v -0.0340000 0.0700001 0.5747599
v -0.0325885 0.0700001 0.5713942
v -0.0325885 0.0700001 0.5713942
v -0.0325885 0.0700001 0.5713942
v -0.0325885 0.0700001 0.5713942
v -0.0291807 0.0699999 1.3500000
v -0.0291807 0.0699999 1.3500000
v -0.0291807 0.0699999 1.3500000
v -0.0340000 0.0699999 1.3452400
v -0.0340000 0.0699999 1.3452400
v -0.0340000 0.0699999 1.3452400
v -0.0340000 0.0699999 1.3452400
v -0.0325885 0.0699999 1.3486058
v -0.0325885 0.0699999 1.3486058
v -0.0325885 0.0699999 1.3486058
v -0.0325885 0.0699999 1.3486058
v -0.0277525 0.0790174 0.5699999
v -0.0277525 0.0790174 0.5699999
v -0.0277525 0.0790174 0.5699999
v -0.0323359 0.0805066 0.5747599
v -0.0323359 0.0805066 0.5747599
v -0.0323359 0.0805066 0.5747599
v -0.0323359 0.0805066 0.5747599
v -0.0309935 0.0800704 0.5713942
v -0.0309935 0.0800704 0.5713942
v -0.0309935 0.0800704 0.5713942
v -0.0309935 0.0800704 0.5713942
v -0.0277525 0.0790173 1.3500000
v -0.0277525 0.0790173 1.3500000
v -0.0277525 0.0790173 1.3500000
v -0.0323359 0.0805065 1.3452400
v -0.0323359 0.0805065 1.3452400
v -0.0323359 0.0805065 1.3452400
v -0.0323359 0.0805065 1.3452400
v -0.0309935 0.0800703 1.3486058
v -0.0309935 0.0800703 1.3486058
v -0.0309935 0.0800703 1.3486058
v -0.0309935 0.0800703 1.3486058
v -0.0236077 0.0871520 0.5699999
v -0.0236077 0.0871520 0.5699999
v -0.0236077 0.0871520 0.5699999
v -0.0275066 0.0899848 0.5747599
v -0.0275066 0.0899848 0.5747599
v -0.0275066 0.0899848 0.5747599
v -0.0275066 0.0899848 0.5747599
v -0.0263646 0.0891551 0.5713942
v -0.0263646 0.0891551 0.5713942
v -0.0263646 0.0891551 0.5713942
v -0.0263646 0.0891551 0.5713942
v -0.0236077 0.0871519 1.3500000
v -0.0236077 0.0871519 1.3500000
v -0.0236077 0.0871519 1.3500000
v -0.0275066 0.0899847 1.3452400
v -0.0275066 0.0899847 1.3452400
v -0.0275066 0.0899847 1.3452400
v -0.0275066 0.0899847 1.3452400
v -0.0263646 0.0891550 1.3486058
v -0.0263646 0.0891550 1.3486058
v -0.0263646 0.0891550 1.3486058
v -0.0263646 0.0891550 1.3486058
v -0.0171520 0.0936077 0.5699999
v -0.0171520 0.0936077 0.5699999
v -0.0171520 0.0936077 0.5699999
v -0.0199847 0.0975066 0.5747599
v -0.0199847 0.0975066 0.5747599
v -0.0199847 0.0975066 0.5747599
v -0.0199847 0.0975066 0.5747599
v -0.0191550 0.0963647 0.5713942
v -0.0191550 0.0963647 0.5713942
v -0.0191550 0.0963647 0.5713942
v -0.0191550 0.0963647 0.5713942
v -0.0171520 0.0936076 1.3500000
v -0.0171520 0.0936076 1.3500000
v -0.0171520 0.0936076 1.3500000
v -0.0199847 0.0975065 1.3452400
v -0.0199847 0.0975065 1.3452400
v -0.0199847 0.0975065 1.3452400
v -0.0199847 0.0975065 1.3452400
v -0.0191550 0.0963646 1.3486058
v -0.0191550 0.0963646 1.3486058
v -0.0191550 0.0963646 1.3486058
v -0.0191550 0.0963646 1.3486058
v -0.0090173 0.0977525 0.5699999
v -0.0090173 0.0977525 0.5699999
v -0.0090173 0.0977525 0.5699999
v -0.0105066 0.1023360 0.5747599
v -0.0105066 0.1023360 0.5747599
v -0.0105066 0.1023360 0.5747599
v -0.0105066 0.1023360 0.5747599
v -0.0100704 0.1009935 0.5713942
v -0.0100704 0.1009935 0.5713942
v -0.0100704 0.1009935 0.5713942
v -0.0100704 0.1009935 0.5713942
v -0.0090173 0.0977524 1.3500000
v -0.0090173 0.0977524 1.3500000
v -0.0090173 0.0977524 1.3500000
v -0.0105066 0.1023359 1.3452400
v -0.0105066 0.1023359 1.3452400
v -0.0105066 0.1023359 1.3452400
v -0.0105066 0.1023359 1.3452400
v -0.0100704 0.1009934 1.3486058
v -0.0100704 0.1009934 1.3486058
v -0.0100704 0.1009934 1.3486058
v -0.0100704 0.1009934 1.3486058
vt 0.7500000 0.5440187
vt 0.7500000 0.5440187
vt 0.7500000 0.5440187
vt 1.0000000 0.4969487
vt 1.0000000 0.4969487
vt -0.0000002 0.4969487
vt -0.0000002 0.4969487
vt 0.7515395 0.5102438
vt 0.9989621 0.5000000
vt 0.7484605 0.5102438
vt 0.0010377 0.5000000
vt 0.2500000 0.5440186
vt 0.2500000 0.5440186
vt 0.2500000 0.5440186
vt 1.0000000 0.0030513
vt 1.0000000 0.0030513
vt -0.0000002 0.0030513
vt -0.0000002 0.0030513
vt 0.2515395 0.5102438
vt 0.9989621 0.0000000
vt 0.2484605 0.5102438
vt 0.0010378 0.0000000
vt 0.8136517 0.5541002
vt 0.8136517 0.5541002
vt 0.8136517 0.5541002
vt 0.9500000 0.4969487
vt 0.9500000 0.4969487
vt 0.9500000 0.4969487
vt 0.9500000 0.4969487
vt 0.8226246 0.5215026
vt 0.9510379 0.5000000
vt 0.8255529 0.5224540
vt 0.9489621 0.5000000
vt 0.3136517 0.5541002
vt 0.3136517 0.5541002
vt 0.3136517 0.5541002
vt 0.9500000 0.0030513
vt 0.9500000 0.0030513
vt 0.9500000 0.0030513
vt 0.9500000 0.0030513
vt 0.3226246 0.5215026
vt 0.9510379 0.0000000
vt 0.3255529 0.5224540
vt 0.9489621 0.0000000
vt 0.8710728 0.5833577
vt 0.8710728 0.5833577
vt 0.8710728 0.5833577
vt 0.9000000 0.4969487
vt 0.9000000 0.4969487
vt 0.9000000 0.4969487
vt 0.9000000 0.4969487
vt 0.8896797 0.5551283
vt 0.8921707 0.5569381
vt 0.9010379 0.5000000
vt 0.8989621 0.5000000
vt 0.3710727 0.5833577
vt 0.3710727 0.5833577
vt 0.3710727 0.5833577
vt 0.9000000 0.0030513
vt 0.9000000 0.0030513
vt 0.9000000 0.0030513
vt 0.9000000 0.0030513
vt 0.3896796 0.5551283
vt 0.3921706 0.5569381
vt 0.9010379 0.0000000
vt 0.8989621 0.0000000
vt 0.9166423 0.6289273
vt 0.9166423 0.6289273
vt 0.9166423 0.6289273
vt 0.8500000 0.4969487
vt 0.8500000 0.4969487
vt 0.8500000 0.4969487
vt 0.8500000 0.4969487
vt 0.9430619 0.6078293
vt 0.9448717 0.6103203
vt 0.8510379 0.5000000
vt 0.8489621 0.5000000
vt 0.4166422 0.6289273
vt 0.4166422 0.6289273
vt 0.4166422 0.6289273
vt 0.8500000 0.0030513
vt 0.8500000 0.0030513
vt 0.8500000 0.0030513
vt 0.8500000 0.0030513
vt 0.4430619 0.6078293
vt 0.4448717 0.6103203
vt 0.8510379 0.0000000
vt 0.8489621 0.0000000
vt 0.9458999 0.6863483
vt 0.9458999 0.6863483
vt 0.9458999 0.6863483
vt 0.8000000 0.4969487
vt 0.8000000 0.4969487
vt 0.8000000 0.4969487
vt 0.8000000 0.4969487
vt 0.9775459 0.6744471
vt 0.9784974 0.6773754
vt 0.8010378 0.5000000
vt 0.7989621 0.5000000
vt 0.4458998 0.6863483
vt 0.4458998 0.6863483
vt 0.4458998 0.6863483
vt 0.8000000 0.0030513
vt 0.8000000 0.0030513
vt 0.8000000 0.0030513
vt 0.8000000 0.0030513
vt 0.4775459 0.6744471
vt 0.4784974 0.6773754
vt 0.8010378 0.0000000
vt 0.7989621 0.0000000
vt 0.9559813 0.7500000
vt 0.9559813 0.7500000
vt 0.9559813 0.7500000
vt 0.7499999 0.4969487
vt 0.7499999 0.4969487
vt 0.7499999 0.4969487
vt 0.7499999 0.4969487
vt 0.9897562 0.7515395
vt 0.9897562 0.7484605
vt 0.7489620 0.5000000
vt 0.7510378 0.5000000
vt 0.4559812 0.7500000
vt 0.4559812 0.7500000
vt 0.4559812 0.7500000
vt 0.7499999 0.0030513
vt 0.7499999 0.0030513
vt 0.7499999 0.0030513
vt 0.7499999 0.0030513
vt 0.4897562 0.7515395
vt 0.4897562 0.7484605
vt 0.7489620 0.0000000
vt 0.7510378 0.0000000
vt 0.9458999 0.8136516
vt 0.9458999 0.8136516
vt 0.9458999 0.8136516
vt 0.6999999 0.4969487
vt 0.6999999 0.4969487
vt 0.6999999 0.4969487
vt 0.6999999 0.4969487
vt 0.9775460 0.8255529
vt 0.9784974 0.8226246
vt 0.6989620 0.5000000
vt 0.7010378 0.5000000
vt 0.4458998 0.8136517
vt 0.4458998 0.8136517
vt 0.4458998 0.8136517
vt 0.6999999 0.0030513
vt 0.6999999 0.0030513
vt 0.6999999 0.0030513
vt 0.6999999 0.0030513
vt 0.4775459 0.8255529
vt 0.4784974 0.8226246
vt 0.6989620 0.0000000
vt 0.7010378 0.0000000
vt 0.9166424 0.8710727
vt 0.9166424 0.8710727
vt 0.9166424 0.8710727
vt 0.6499999 0.4969487
vt 0.6499999 0.4969487
vt 0.6499999 0.4969487
vt 0.6499999 0.4969487
vt 0.9430619 0.8921706
vt 0.9448717 0.8896797
vt 0.6489620 0.5000000
vt 0.6510378 0.5000000
vt 0.4166423 0.8710727
vt 0.4166423 0.8710727
vt 0.4166423 0.8710727
vt 0.6499999 0.0030513
vt 0.6499999 0.0030513
vt 0.6499999 0.0030513
vt 0.6499999 0.0030513
vt 0.4430619 0.8921707
vt 0.4448717 0.8896797
vt 0.6489620 0.0000000
vt 0.6510378 0.0000000
vt 0.8710728 0.9166422
vt 0.8710728 0.9166422
vt 0.8710728 0.9166422
vt 0.5999999 0.4969487
vt 0.5999999 0.4969487
vt 0.5999999 0.4969487
vt 0.5999999 0.4969487
vt 0.8896797 0.9448717
vt 0.8921706 0.9430619
vt 0.5989620 0.5000000
vt 0.6010378 0.5000000
vt 0.3710727 0.9166422
vt 0.3710727 0.9166422
vt 0.3710727 0.9166422
vt 0.5999999 0.0030513
vt 0.5999999 0.0030513
vt 0.5999999 0.0030513
vt 0.5999999 0.0030513
vt 0.3896797 0.9448717
vt 0.3921706 0.9430619
vt 0.5989619 0.0000000
vt 0.6010378 0.0000000
vt 0.8136517 0.9458997
vt 0.8136517 0.9458997
vt 0.8136517 0.9458997
vt 0.5499999 0.4969487
vt 0.5499999 0.4969487
vt 0.5499999 0.4969487
vt 0.5499999 0.4969487
vt 0.8226246 0.9784974
vt 0.5489620 0.5000000
vt 0.8255529 0.9775459
vt 0.5510377 0.5000000
vt 0.3136517 0.9458997
vt 0.3136517 0.9458997
vt 0.3136517 0.9458997
vt 0.5499999 0.0030513
vt 0.5499999 0.0030513
vt 0.5499999 0.0030513
vt 0.5499999 0.0030513
vt 0.3226246 0.9784974
vt 0.5489620 0.0000000
vt 0.3255529 0.9775459
vt 0.5510378 0.0000000
vt 0.7500000 0.9559812
vt 0.7500000 0.9559812
vt 0.7500000 0.9559812
vt 0.4999999 0.4969487
vt 0.4999999 0.4969487
vt 0.4999999 0.4969487
vt 0.4999999 0.4969487
vt 0.7515395 0.9897562
vt 0.5010378 0.5000000
vt 0.7484605 0.9897562
vt 0.4989620 0.5000000
vt 0.2500000 0.9559811
vt 0.2500000 0.9559811
vt 0.2500000 0.9559811
vt 0.4999999 0.0030513
vt 0.4999999 0.0030513
vt 0.4999999 0.0030513
vt 0.4999999 0.0030513
vt 0.2515395 0.9897562
vt 0.5010378 0.0000000
vt 0.2484605 0.9897562
vt 0.4989620 0.0000000
vt 0.6863483 0.9458997
vt 0.6863483 0.9458997
vt 0.6863483 0.9458997
vt 0.4499999 0.4969487
vt 0.4499999 0.4969487
vt 0.4499999 0.4969487
vt 0.4499999 0.4969487
vt 0.6773754 0.9784974
vt 0.4510378 0.5000000
vt 0.6744471 0.9775459
vt 0.4489620 0.5000000
vt 0.1863483 0.9458997
vt 0.1863483 0.9458997
vt 0.1863483 0.9458997
vt 0.4499999 0.0030513
vt 0.4499999 0.0030513
vt 0.4499999 0.0030513
vt 0.4499999 0.0030513
vt 0.1773754 0.9784974
vt 0.4510378 0.0000000
vt 0.1744471 0.9775459
vt 0.4489620 0.0000000
vt 0.6289274 0.9166422
vt 0.6289274 0.9166422
vt 0.6289274 0.9166422
vt 0.3999999 0.4969487
vt 0.3999999 0.4969487
vt 0.3999999 0.4969487
vt 0.3999999 0.4969487
vt 0.6103204 0.9448717
vt 0.6078294 0.9430619
vt 0.4010378 0.5000000
vt 0.3989620 0.5000000
vt 0.1289273 0.9166422
vt 0.1289273 0.9166422
vt 0.1289273 0.9166422
vt 0.3999999 0.0030513
vt 0.3999999 0.0030513
vt 0.3999999 0.0030513
vt 0.3999999 0.0030513
vt 0.1103203 0.9448717
vt 0.1078294 0.9430619
vt 0.4010378 0.0000000
vt 0.3989619 0.0000000
vt 0.5833577 0.8710727
vt 0.5833577 0.8710727
vt 0.5833577 0.8710727
vt 0.3499998 0.4969487
vt 0.3499998 0.4969487
vt 0.3499998 0.4969487
vt 0.3499998 0.4969487
vt 0.5569382 0.8921707
vt 0.5551283 0.8896797
vt 0.3510377 0.5000000
vt 0.3489619 0.5000000
vt 0.0833578 0.8710727
vt 0.0833578 0.8710727
vt 0.0833578 0.8710727
vt 0.3499998 0.0030513
vt 0.3499998 0.0030513
vt 0.3499998 0.0030513
vt 0.3499998 0.0030513
vt 0.0569381 0.8921706
vt 0.0551283 0.8896797
vt 0.3510377 0.0000000
vt 0.3489619 0.0000000
vt 0.5541003 0.8136516
vt 0.5541003 0.8136516
vt 0.5541003 0.8136516
vt 0.2999998 0.4969487
vt 0.2999998 0.4969487
vt 0.2999998 0.4969487
vt 0.2999998 0.4969487
vt 0.5224540 0.8255529
vt 0.5215026 0.8226246
vt 0.3010377 0.5000000
vt 0.2989619 0.5000000
vt 0.0541003 0.8136517
vt 0.0541003 0.8136517
vt 0.0541003 0.8136517
vt 0.2999998 0.0030513
vt 0.2999998 0.0030513
vt 0.2999998 0.0030513
vt 0.2999998 0.0030513
vt 0.0224541 0.8255529
vt 0.0215026 0.8226246
vt 0.3010378 0.0000000
vt 0.2989619 0.0000000
vt 0.5440189 0.7500000
vt 0.5440189 0.7500000
vt 0.5440189 0.7500000
vt 0.2499998 0.4969487
vt 0.2499998 0.4969487
vt 0.2499998 0.4969487
vt 0.2499998 0.4969487
vt 0.5102438 0.7515395
vt 0.5102438 0.7484605
vt 0.2510377 0.5000000
vt 0.2489619 0.5000000
vt 0.0440188 0.7500000
vt 0.0440188 0.7500000
vt 0.0440188 0.7500000
vt 0.2499998 0.0030513
vt 0.2499998 0.0030513
vt 0.2499998 0.0030513
vt 0.2499998 0.0030513
vt 0.0102438 0.7515395
vt 0.0102438 0.7484605
vt 0.2510377 0.0000000
vt 0.2489619 0.0000000
vt 0.5541002 0.6863483
vt 0.5541002 0.6863483
vt 0.5541002 0.6863483
vt 0.1999998 0.4969487
vt 0.1999998 0.4969487
vt 0.1999998 0.4969487
vt 0.1999998 0.4969487
vt 0.5224541 0.6744471
vt 0.5215026 0.6773754
vt 0.1989619 0.5000000
vt 0.2010377 0.5000000
vt 0.0541003 0.6863483
vt 0.0541003 0.6863483
vt 0.0541003 0.6863483
vt 0.1999998 0.0030513
vt 0.1999998 0.0030513
vt 0.1999998 0.0030513
vt 0.1999998 0.0030513
vt 0.0224541 0.6744471
vt 0.0215026 0.6773754
vt 0.1989619 0.0000000
vt 0.2010377 0.0000000
vt 0.5833577 0.6289273
vt 0.5833577 0.6289273
vt 0.5833577 0.6289273
vt 0.1499998 0.4969487
vt 0.1499998 0.4969487
vt 0.1499998 0.4969487
vt 0.1499998 0.4969487
vt 0.5569381 0.6078293
vt 0.5551283 0.6103203
vt 0.1489619 0.5000000
vt 0.1510377 0.5000000
vt 0.0833578 0.6289273
vt 0.0833578 0.6289273
vt 0.0833578 0.6289273
vt 0.1499998 0.0030513
vt 0.1499998 0.0030513
vt 0.1499998 0.0030513
vt 0.1499998 0.0030513
vt 0.0569381 0.6078293
vt 0.0551283 0.6103203
vt 0.1489619 0.0000000
vt 0.1510378 0.0000000
vt 0.6289272 0.5833578
vt 0.6289272 0.5833578
vt 0.6289272 0.5833578
vt 0.0999998 0.4969487
vt 0.0999998 0.4969487
vt 0.0999998 0.4969487
vt 0.0999998 0.4969487
vt 0.6103203 0.5551283
vt 0.6078293 0.5569381
vt 0.0989619 0.5000000
vt 0.1010378 0.5000000
vt 0.1289273 0.5833577
vt 0.1289273 0.5833577
vt 0.1289273 0.5833577
vt 0.0999998 0.0030513
vt 0.0999998 0.0030513
vt 0.0999998 0.0030513
vt 0.0999998 0.0030513
vt 0.1103203 0.5551283
vt 0.1078294 0.5569381
vt 0.0989619 0.0000000
vt 0.1010377 0.0000000
vt 0.6863483 0.5541003
vt 0.6863483 0.5541003
vt 0.6863483 0.5541003
vt 0.0499998 0.4969487
vt 0.0499998 0.4969487
vt 0.0499998 0.4969487
vt 0.0499998 0.4969487
vt 0.6773754 0.5215026
vt 0.0489619 0.5000000
vt 0.6744471 0.5224540
vt 0.0510377 0.5000000
vt 0.1863483 0.5541002
vt 0.1863483 0.5541002
vt 0.1863483 0.5541002
vt 0.0499998 0.0030513
vt 0.0499998 0.0030513
vt 0.0499998 0.0030513
vt 0.0499998 0.0030513
vt 0.1773754 0.5215026
vt 0.0489619 0.0000000
vt 0.1744471 0.5224540
vt 0.0510377 0.0000000
vn 0.0000000 0.0000001 -1.0000000
vn 0.0598981 0.3779882 -0.9238708
vn -0.0598981 0.3779882 -0.9238708
vn 0.1445003 0.9125020 -0.3827007
vn 0.1563990 0.9876940 0.0000001
vn -0.1445003 0.9125020 -0.3827007
vn -0.1563990 0.9876940 0.0000001
vn 0.0598981 0.3779882 -0.9238708
vn 0.1445003 0.9125020 -0.3827007
vn -0.0598981 0.3779882 -0.9238708
vn -0.1445003 0.9125020 -0.3827007
vn 0.0000000 -0.0000001 1.0000000
vn 0.0598981 0.3779879 0.9238709
vn -0.0598981 0.3779879 0.9238709
vn 0.1445003 0.9125019 0.3827009
vn 0.1563990 0.9876940 0.0000001
vn -0.1445003 0.9125019 0.3827009
vn -0.1563990 0.9876940 0.0000001
vn 0.0598981 0.3779879 0.9238709
vn 0.1445003 0.9125019 0.3827009
vn -0.0598981 0.3779879 0.9238709
vn -0.1445003 0.9125019 0.3827009
vn 0.0000000 0.0000001 -1.0000000
vn 0.0598981 0.3779882 -0.9238708
vn 0.1736962 0.3409926 -0.9238797
vn 0.1445003 0.9125020 -0.3827007
vn 0.1563990 0.9876940 0.0000001
vn 0.4193970 0.8231944 -0.3826972
vn 0.4540007 0.8910014 0.0000001
vn 0.0598981 0.3779882 -0.9238708
vn 0.1445003 0.9125020 -0.3827007
vn 0.1736962 0.3409926 -0.9238797
vn 0.4193970 0.8231944 -0.3826972
vn 0.0000000 -0.0000001 1.0000000
vn 0.0598981 0.3779879 0.9238709
vn 0.1736962 0.3409924 0.9238798
vn 0.1445003 0.9125019 0.3827009
vn 0.1563990 0.9876940 0.0000001
vn 0.4193970 0.8231943 0.3826974
vn 0.4540007 0.8910014 0.0000001
vn 0.0598981 0.3779879 0.9238709
vn 0.1445003 0.9125019 0.3827009
vn 0.1736962 0.3409924 0.9238798
vn 0.4193970 0.8231943 0.3826974
vn 0.0000000 0.0000001 -1.0000000
vn 0.1736962 0.3409926 -0.9238797
vn 0.2705946 0.2705947 -0.9238815
vn 0.4193970 0.8231944 -0.3826972
vn 0.4540007 0.8910014 0.0000001
vn 0.6532800 0.6532801 -0.3826882
vn 0.7071067 0.7071068 0.0000001
vn 0.1736962 0.3409926 -0.9238797
vn 0.2705946 0.2705947 -0.9238815
vn 0.4193970 0.8231944 -0.3826972
vn 0.6532800 0.6532801 -0.3826882
vn 0.0000000 -0.0000001 1.0000000
vn 0.1736962 0.3409924 0.9238798
vn 0.2705946 0.2705945 0.9238816
vn 0.4193970 0.8231943 0.3826974
vn 0.4540007 0.8910014 0.0000001
vn 0.6532800 0.6532800 0.3826884
vn 0.7071067 0.7071068 0.0000001
vn 0.1736962 0.3409924 0.9238798
vn 0.2705946 0.2705945 0.9238816
vn 0.4193970 0.8231943 0.3826974
vn 0.6532800 0.6532800 0.3826884
vn 0.0000000 0.0000001 -1.0000000
vn 0.2705946 0.2705947 -0.9238815
vn 0.3409925 0.1736963 -0.9238797
vn 0.6532800 0.6532801 -0.3826882
vn 0.7071067 0.7071068 0.0000001
vn 0.8231943 0.4193972 -0.3826973
vn 0.8910013 0.4540008 0.0000001
vn 0.2705946 0.2705947 -0.9238815
vn 0.3409925 0.1736963 -0.9238797
vn 0.6532800 0.6532801 -0.3826882
vn 0.8231943 0.4193972 -0.3826973
vn 0.0000000 -0.0000001 1.0000000
vn 0.2705946 0.2705945 0.9238816
vn 0.3409925 0.1736961 0.9238798
vn 0.6532800 0.6532800 0.3826884
vn 0.7071067 0.7071068 0.0000001
vn 0.8231943 0.4193971 0.3826974
vn 0.8910013 0.4540008 0.0000001
vn 0.2705946 0.2705945 0.9238816
vn 0.3409925 0.1736961 0.9238798
vn 0.6532800 0.6532800 0.3826884
vn 0.8231943 0.4193971 0.3826974
vn 0.0000000 0.0000001 -1.0000000
vn 0.3409925 0.1736963 -0.9238797
vn 0.3779880 0.0598982 -0.9238708
vn 0.8231943 0.4193972 -0.3826973
vn 0.8910013 0.4540008 0.0000001
vn 0.9125019 0.1445004 -0.3827008
vn 0.9876939 0.1563991 0.0000000
vn 0.3409925 0.1736963 -0.9238797
vn 0.3779880 0.0598982 -0.9238708
vn 0.8231943 0.4193972 -0.3826973
vn 0.9125019 0.1445004 -0.3827008
vn 0.0000000 -0.0000001 1.0000000
vn 0.3409925 0.1736961 0.9238798
vn 0.3779880 0.0598980 0.9238708
vn 0.8231943 0.4193971 0.3826974
vn 0.8910013 0.4540008 0.0000001
vn 0.9125019 0.1445003 0.3827009
vn 0.9876939 0.1563991 0.0000000
vn 0.3409925 0.1736961 0.9238798
vn 0.3779880 0.0598980 0.9238708
vn 0.8231943 0.4193971 0.3826974
vn 0.9125019 0.1445003 0.3827009
vn 0.0000000 0.0000001 -1.0000000
vn 0.3779880 -0.0598980 -0.9238708
vn 0.3779880 0.0598982 -0.9238708
vn 0.9125019 -0.1445003 -0.3827009
vn 0.9125019 0.1445004 -0.3827008
vn 0.9876939 -0.1563991 -0.0000000
vn 0.9876939 0.1563991 0.0000000
vn 0.3779880 -0.0598980 -0.9238708
vn 0.3779880 0.0598982 -0.9238708
vn 0.9125019 -0.1445003 -0.3827009
vn 0.9125019 0.1445004 -0.3827008
vn 0.0000000 -0.0000001 1.0000000
vn 0.3779880 -0.0598982 0.9238708
vn 0.3779880 0.0598980 0.9238708
vn 0.9125019 -0.1445004 0.3827008
vn 0.9125019 0.1445003 0.3827009
vn 0.9876939 -0.1563991 -0.0000000
vn 0.9876939 0.1563991 0.0000000
vn 0.3779880 -0.0598982 0.9238708
vn 0.3779880 0.0598980 0.9238708
vn 0.9125019 -0.1445004 0.3827008
vn 0.9125019 0.1445003 0.3827009
vn 0.0000000 0.0000001 -1.0000000
vn 0.3409925 -0.1736961 -0.9238798
vn 0.3779880 -0.0598980 -0.9238708
vn 0.8231943 -0.4193971 -0.3826974
vn 0.8910013 -0.4540008 -0.0000001
vn 0.9125019 -0.1445003 -0.3827009
vn 0.9876939 -0.1563991 -0.0000000
vn 0.3409925 -0.1736961 -0.9238798
vn 0.3779880 -0.0598980 -0.9238708
vn 0.8231943 -0.4193971 -0.3826974
vn 0.9125019 -0.1445003 -0.3827009
vn 0.0000000 -0.0000001 1.0000000
vn 0.3409925 -0.1736963 0.9238797
vn 0.3779880 -0.0598982 0.9238708
vn 0.8231943 -0.4193972 0.3826973
vn 0.8910013 -0.4540008 -0.0000001
vn 0.9125019 -0.1445004 0.3827008
vn 0.9876939 -0.1563991 -0.0000000
vn 0.3409925 -0.1736963 0.9238797
vn 0.3779880 -0.0598982 0.9238708
vn 0.8231943 -0.4193972 0.3826973
vn 0.9125019 -0.1445004 0.3827008
vn 0.0000000 0.0000001 -1.0000000
vn 0.2705946 -0.2705945 -0.9238816
vn 0.3409925 -0.1736961 -0.9238798
vn 0.6532800 -0.6532800 -0.3826884
vn 0.7071067 -0.7071068 -0.0000001
vn 0.8231943 -0.4193971 -0.3826974
vn 0.8910013 -0.4540008 -0.0000001
vn 0.2705946 -0.2705945 -0.9238816
vn 0.3409925 -0.1736961 -0.9238798
vn 0.6532800 -0.6532800 -0.3826884
vn 0.8231943 -0.4193971 -0.3826974
vn 0.0000000 -0.0000001 1.0000000
vn 0.2705946 -0.2705947 0.9238815
vn 0.3409925 -0.1736963 0.9238797
vn 0.6532800 -0.6532801 0.3826882
vn 0.7071067 -0.7071068 -0.0000001
vn 0.8231943 -0.4193972 0.3826973
vn 0.8910013 -0.4540008 -0.0000001
vn 0.2705946 -0.2705947 0.9238815
vn 0.3409925 -0.1736963 0.9238797
vn 0.6532800 -0.6532801 0.3826882
vn 0.8231943 -0.4193972 0.3826973
vn 0.0000000 0.0000001 -1.0000000
vn 0.1736962 -0.3409924 -0.9238798
vn 0.2705946 -0.2705945 -0.9238816
vn 0.4193970 -0.8231943 -0.3826974
vn 0.4540007 -0.8910014 -0.0000001
vn 0.6532800 -0.6532800 -0.3826884
vn 0.7071067 -0.7071068 -0.0000001
vn 0.1736962 -0.3409924 -0.9238798
vn 0.2705946 -0.2705945 -0.9238816
vn 0.4193970 -0.8231943 -0.3826974
vn 0.6532800 -0.6532800 -0.3826884
vn 0.0000000 -0.0000001 1.0000000
vn 0.1736962 -0.3409926 0.9238797
vn 0.2705946 -0.2705947 0.9238815
vn 0.4193970 -0.8231944 0.3826972
vn 0.4540007 -0.8910014 -0.0000001
vn 0.6532800 -0.6532801 0.3826882
vn 0.7071067 -0.7071068 -0.0000001
vn 0.1736962 -0.3409926 0.9238797
vn 0.2705946 -0.2705947 0.9238815
vn 0.4193970 -0.8231944 0.3826972
vn 0.6532800 -0.6532801 0.3826882
vn 0.0000000 0.0000001 -1.0000000
vn 0.0598981 -0.3779879 -0.9238709
vn 0.1736962 -0.3409924 -0.9238798
vn 0.1445003 -0.9125019 -0.3827009
vn 0.1563990 -0.9876940 -0.0000001
vn 0.4193970 -0.8231943 -0.3826974
vn 0.4540007 -0.8910014 -0.0000001
vn 0.0598981 -0.3779879 -0.9238709
vn 0.1445003 -0.9125019 -0.3827009
vn 0.1736962 -0.3409924 -0.9238798
vn 0.4193970 -0.8231943 -0.3826974
vn 0.0000000 -0.0000001 1.0000000
vn 0.0598981 -0.3779882 0.9238708
vn 0.1736962 -0.3409926 0.9238797
vn 0.1445003 -0.9125020 0.3827007
vn 0.1563990 -0.9876940 -0.0000001
vn 0.4193970 -0.8231944 0.3826972
vn 0.4540007 -0.8910014 -0.0000001
vn 0.0598981 -0.3779882 0.9238708
vn 0.1445003 -0.9125020 0.3827007
vn 0.1736962 -0.3409926 0.9238797
vn 0.4193970 -0.8231944 0.3826972
vn 0.0000000 0.0000001 -1.0000000
vn 0.0598981 -0.3779879 -0.9238709
vn -0.0598981 -0.3779879 -0.9238709
vn 0.1445003 -0.9125019 -0.3827009
vn 0.1563990 -0.9876940 -0.0000001
vn -0.1445003 -0.9125019 -0.3827009
vn -0.1563990 -0.9876940 -0.0000001
vn 0.0598981 -0.3779879 -0.9238709
vn 0.1445003 -0.9125019 -0.3827009
vn -0.0598981 -0.3779879 -0.9238709
vn -0.1445003 -0.9125019 -0.3827009
vn 0.0000000 -0.0000001 1.0000000
vn 0.0598981 -0.3779882 0.9238708
vn -0.0598981 -0.3779882 0.9238708
vn 0.1445003 -0.9125020 0.3827007
vn 0.1563990 -0.9876940 -0.0000001
vn -0.1445003 -0.9125020 0.3827007
vn -0.1563990 -0.9876940 -0.0000001
vn 0.0598981 -0.3779882 0.9238708
vn 0.1445003 -0.9125020 0.3827007
vn -0.0598981 -0.3779882 0.9238708
vn -0.1445003 -0.9125020 0.3827007
vn 0.0000000 0.0000001 -1.0000000
vn -0.0598981 -0.3779879 -0.9238709
vn -0.1736962 -0.3409924 -0.9238798
vn -0.1445003 -0.9125019 -0.3827009
vn -0.1563990 -0.9876940 -0.0000001
vn -0.4193970 -0.8231943 -0.3826974
vn -0.4540007 -0.8910014 -0.0000001
vn -0.0598981 -0.3779879 -0.9238709
vn -0.1445003 -0.9125019 -0.3827009
vn -0.1736962 -0.3409924 -0.9238798
vn -0.4193970 -0.8231943 -0.3826974
vn 0.0000000 -0.0000001 1.0000000
vn -0.0598981 -0.3779882 0.9238708
vn -0.1736962 -0.3409926 0.9238797
vn -0.1445003 -0.9125020 0.3827007
vn -0.1563990 -0.9876940 -0.0000001
vn -0.4193970 -0.8231944 0.3826972
vn -0.4540007 -0.8910014 -0.0000001
vn -0.0598981 -0.3779882 0.9238708
vn -0.1445003 -0.9125020 0.3827007
vn -0.1736962 -0.3409926 0.9238797
vn -0.4193970 -0.8231944 0.3826972
vn 0.0000000 0.0000001 -1.0000000
vn -0.1736962 -0.3409924 -0.9238798
vn -0.2705946 -0.2705945 -0.9238816
vn -0.4193970 -0.8231943 -0.3826974
vn -0.4540007 -0.8910014 -0.0000001
vn -0.6532800 -0.6532800 -0.3826884
vn -0.7071067 -0.7071068 -0.0000001
vn -0.1736962 -0.3409924 -0.9238798
vn -0.2705946 -0.2705945 -0.9238816
vn -0.4193970 -0.8231943 -0.3826974
vn -0.6532800 -0.6532800 -0.3826884
vn 0.0000000 -0.0000001 1.0000000
vn -0.1736962 -0.3409926 0.9238797
vn -0.2705946 -0.2705947 0.9238815
vn -0.4193970 -0.8231944 0.3826972
vn -0.4540007 -0.8910014 -0.0000001
vn -0.6532800 -0.6532801 0.3826882
vn -0.7071067 -0.7071068 -0.0000001
vn -0.1736962 -0.3409926 0.9238797
vn -0.2705946 -0.2705947 0.9238815
vn -0.4193970 -0.8231944 0.3826972
vn -0.6532800 -0.6532801 0.3826882
vn 0.0000000 0.0000001 -1.0000000
vn -0.2705946 -0.2705945 -0.9238816
vn -0.3409925 -0.1736961 -0.9238798
vn -0.6532800 -0.6532800 -0.3826884
vn -0.7071067 -0.7071068 -0.0000001
vn -0.8231943 -0.4193971 -0.3826974
vn -0.8910013 -0.4540008 -0.0000001
vn -0.2705946 -0.2705945 -0.9238816
vn -0.3409925 -0.1736961 -0.9238798
vn -0.6532800 -0.6532800 -0.3826884
vn -0.8231943 -0.4193971 -0.3826974
vn 0.0000000 -0.0000001 1.0000000
vn -0.2705946 -0.2705947 0.9238815
vn -0.3409925 -0.1736963 0.9238797
vn -0.6532800 -0.6532801 0.3826882
vn -0.7071067 -0.7071068 -0.0000001
vn -0.8231943 -0.4193972 0.3826973
vn -0.8910013 -0.4540008 -0.0000001
vn -0.2705946 -0.2705947 0.9238815
vn -0.3409925 -0.1736963 0.9238797
vn -0.6532800 -0.6532801 0.3826882
vn -0.8231943 -0.4193972 0.3826973
vn 0.0000000 0.0000001 -1.0000000
vn -0.3409925 -0.1736961 -0.9238798
vn -0.3779880 -0.0598980 -0.9238708
vn -0.8231943 -0.4193971 -0.3826974
vn -0.8910013 -0.4540008 -0.0000001
vn -0.9125019 -0.1445003 -0.3827009
vn -0.9876939 -0.1563991 -0.0000000
vn -0.3409925 -0.1736961 -0.9238798
vn -0.3779880 -0.0598980 -0.9238708
vn -0.8231943 -0.4193971 -0.3826974
vn -0.9125019 -0.1445003 -0.3827009
vn 0.0000000 -0.0000001 1.0000000
vn -0.3409925 -0.1736963 0.9238797
vn -0.3779880 -0.0598982 0.9238708
vn -0.8231943 -0.4193972 0.3826973
vn -0.8910013 -0.4540008 -0.0000001
vn -0.9125019 -0.1445004 0.3827008
vn -0.9876939 -0.1563991 -0.0000000
vn -0.3409925 -0.1736963 0.9238797
vn -0.3779880 -0.0598982 0.9238708
vn -0.8231943 -0.4193972 0.3826973
vn -0.9125019 -0.1445004 0.3827008
vn 0.0000000 0.0000001 -1.0000000
vn -0.3779880 -0.0598980 -0.9238708
vn -0.3779880 0.0598982 -0.9238708
vn -0.9125019 -0.1445003 -0.3827009
vn -0.9125019 0.1445004 -0.3827008
vn -0.9876939 -0.1563991 -0.0000000
vn -0.9876939 0.1563991 0.0000000
vn -0.3779880 -0.0598980 -0.9238708
vn -0.3779880 0.0598982 -0.9238708
vn -0.9125019 -0.1445003 -0.3827009
vn -0.9125019 0.1445004 -0.3827008
vn 0.0000000 -0.0000001 1.0000000
vn -0.3779880 -0.0598982 0.9238708
vn -0.3779880 0.0598980 0.9238708
vn -0.9125019 -0.1445004 0.3827008
vn -0.9125019 0.1445003 0.3827009
vn -0.9876939 -0.1563991 -0.0000000
vn -0.9876939 0.1563991 0.0000000
vn -0.3779880 -0.0598982 0.9238708
vn -0.3779880 0.0598980 0.9238708
vn -0.9125019 -0.1445004 0.3827008
vn -0.9125019 0.1445003 0.3827009
vn 0.0000000 0.0000001 -1.0000000
vn -0.3409925 0.1736963 -0.9238797
vn -0.3779880 0.0598982 -0.9238708
vn -0.8231943 0.4193972 -0.3826973
vn -0.8910013 0.4540008 0.0000001
vn -0.9125019 0.1445004 -0.3827008
vn -0.9876939 0.1563991 0.0000000
vn -0.3409925 0.1736963 -0.9238797
vn -0.3779880 0.0598982 -0.9238708
vn -0.8231943 0.4193972 -0.3826973
vn -0.9125019 0.1445004 -0.3827008
vn 0.0000000 -0.0000001 1.0000000
vn -0.3409925 0.1736961 0.9238798
vn -0.3779880 0.0598980 0.9238708
vn -0.8231943 0.4193971 0.3826974
vn -0.8910013 0.4540008 0.0000001
vn -0.9125019 0.1445003 0.3827009
vn -0.9876939 0.1563991 0.0000000
vn -0.3409925 0.1736961 0.9238798
vn -0.3779880 0.0598980 0.9238708
vn -0.8231943 0.4193971 0.3826974
vn -0.9125019 0.1445003 0.3827009
vn 0.0000000 0.0000001 -1.0000000
vn -0.2705946 0.2705947 -0.9238815
vn -0.3409925 0.1736963 -0.9238797
vn -0.6532800 0.6532801 -0.3826882
vn -0.7071067 0.7071068 0.0000001
vn -0.8231943 0.4193972 -0.3826973
vn -0.8910013 0.4540008 0.0000001
vn -0.2705946 0.2705947 -0.9238815
vn -0.3409925 0.1736963 -0.9238797
vn -0.6532800 0.6532801 -0.3826882
vn -0.8231943 0.4193972 -0.3826973
vn 0.0000000 -0.0000001 1.0000000
vn -0.2705946 0.2705945 0.9238816
vn -0.3409925 0.1736961 0.9238798
vn -0.6532800 0.6532800 0.3826884
vn -0.7071067 0.7071068 0.0000001
vn -0.8231943 0.4193971 0.3826974
vn -0.8910013 0.4540008 0.0000001
vn -0.2705946 0.2705945 0.9238816
vn -0.3409925 0.1736961 0.9238798
vn -0.6532800 0.6532800 0.3826884
vn -0.8231943 0.4193971 0.3826974
vn 0.0000000 0.0000001 -1.0000000
vn -0.1736962 0.3409926 -0.9238797
vn -0.2705946 0.2705947 -0.9238815
vn -0.4193970 0.8231944 -0.3826972
vn -0.4540007 0.8910014 0.0000001
vn -0.6532800 0.6532801 -0.3826882
vn -0.7071067 0.7071068 0.0000001
vn -0.1736962 0.3409926 -0.9238797
vn -0.2705946 0.2705947 -0.9238815
vn -0.4193970 0.8231944 -0.3826972
vn -0.6532800 0.6532801 -0.3826882
vn 0.0000000 -0.0000001 1.0000000
vn -0.1736962 0.3409924 0.9238798
vn -0.2705946 0.2705945 0.9238816
vn -0.4193970 0.8231943 0.3826974
vn -0.4540007 0.8910014 0.0000001
vn -0.6532800 0.6532800 0.3826884
vn -0.7071067 0.7071068 0.0000001
vn -0.1736962 0.3409924 0.9238798
vn -0.2705946 0.2705945 0.9238816
vn -0.4193970 0.8231943 0.3826974
vn -0.6532800 0.6532800 0.3826884
vn 0.0000000 0.0000001 -1.0000000
vn -0.0598981 0.3779882 -0.9238708
vn -0.1736962 0.3409926 -0.9238797
vn -0.1445003 0.9125020 -0.3827007
vn -0.1563990 0.9876940 0.0000001
vn -0.4193970 0.8231944 -0.3826972
vn -0.4540007 0.8910014 0.0000001
vn -0.0598981 0.3779882 -0.9238708
vn -0.1445003 0.9125020 -0.3827007
vn -0.1736962 0.3409926 -0.9238797
vn -0.4193970 0.8231944 -0.3826972
vn 0.0000000 -0.0000001 1.0000000
vn -0.0598981 0.3779879 0.9238709
vn -0.1736962 0.3409924 0.9238798
vn -0.1445003 0.9125019 0.3827009
vn -0.1563990 0.9876940 0.0000001
vn -0.4193970 0.8231943 0.3826974
vn -0.4540007 0.8910014 0.0000001
vn -0.0598981 0.3779879 0.9238709
vn -0.1445003 0.9125019 0.3827009
vn -0.1736962 0.3409924 0.9238798
vn -0.4193970 0.8231943 0.3826974
f 855/855/855 866/866/866 450/450/450
f 855/855/855 450/450/450 439/439/439
f 483/483/483 494/494/494 514/514/514
f 483/483/483 514/514/514 503/503/503
f 505/505/505 516/516/516 536/536/536
f 505/505/505 536/536/536 525/525/525
f 527/527/527 538/538/538 560/560/560
f 527/527/527 560/560/560 549/549/549
f 548/548/548 559/559/559 582/582/582
f 548/548/548 582/582/582 571/571/571
f 569/569/569 580/580/580 604/604/604
f 569/569/569 604/604/604 593/593/593
f 591/591/591 602/602/602 626/626/626
f 591/591/591 626/626/626 615/615/615
f 613/613/613 624/624/624 648/648/648
f 613/613/613 648/648/648 637/637/637
f 635/635/635 646/646/646 668/668/668
f 635/635/635 668/668/668 657/657/657
f 659/659/659 670/670/670 690/690/690
f 659/659/659 690/690/690 679/679/679
f 681/681/681 692/692/692 712/712/712
f 681/681/681 712/712/712 701/701/701
f 703/703/703 714/714/714 734/734/734
f 703/703/703 734/734/734 723/723/723
f 725/725/725 736/736/736 756/756/756
f 725/725/725 756/756/756 745/745/745
f 747/747/747 758/758/758 779/779/779
f 747/747/747 779/779/779 768/768/768
f 769/769/769 780/780/780 802/802/802
f 769/769/769 802/802/802 791/791/791
f 789/789/789 800/800/800 824/824/824
f 789/789/789 824/824/824 813/813/813
f 811/811/811 822/822/822 846/846/846
f 811/811/811 846/846/846 835/835/835
f 833/833/833 844/844/844 868/868/868
f 833/833/833 868/868/868 857/857/857
f 461/461/461 472/472/472 492/492/492
f 461/461/461 492/492/492 481/481/481
f 488/488/488 466/466/466 444/444/444
f 444/444/444 862/862/862 840/840/840
f 840/840/840 818/818/818 796/796/796
f 796/796/796 774/774/774 752/752/752
f 752/752/752 730/730/730 708/708/708
f 708/708/708 686/686/686 664/664/664
f 664/664/664 642/642/642 620/620/620
f 620/620/620 598/598/598 576/576/576
f 576/576/576 554/554/554 532/532/532
f 532/532/532 510/510/510 488/488/488
f 488/488/488 444/444/444 840/840/840
f 840/840/840 796/796/796 752/752/752
f 752/752/752 708/708/708 664/664/664
f 664/664/664 620/620/620 576/576/576
f 576/576/576 532/532/532 488/488/488
f 488/488/488 840/840/840 752/752/752
f 752/752/752 664/664/664 576/576/576
f 752/752/752 576/576/576 488/488/488
f 437/437/437 448/448/448 470/470/470
f 437/437/437 470/470/470 459/459/459
f 436/436/436 458/458/458 463/463/463
f 436/436/436 463/463/463 441/441/441
f 440/440/440 462/462/462 456/456/456
f 440/440/440 456/456/456 434/434/434
f 469/469/469 447/447/447 452/452/452
f 469/469/469 452/452/452 474/474/474
f 473/473/473 451/451/451 445/445/445
f 473/473/473 445/445/445 467/467/467
f 460/460/460 480/480/480 486/486/486
f 460/460/460 486/486/486 465/465/465
f 464/464/464 484/484/484 478/478/478
f 464/464/464 478/478/478 457/457/457
f 491/491/491 471/471/471 476/476/476
f 491/491/491 476/476/476 497/497/497
f 495/495/495 475/475/475 468/468/468
f 495/495/495 468/468/468 489/489/489
f 482/482/482 502/502/502 508/508/508
f 482/482/482 508/508/508 487/487/487
f 485/485/485 506/506/506 500/500/500
f 485/485/485 500/500/500 479/479/479
f 513/513/513 493/493/493 498/498/498
f 513/513/513 498/498/498 519/519/519
f 517/517/517 496/496/496 490/490/490
f 517/517/517 490/490/490 511/511/511
f 504/504/504 524/524/524 530/530/530
f 504/504/504 530/530/530 509/509/509
f 507/507/507 528/528/528 522/522/522
f 507/507/507 522/522/522 501/501/501
f 535/535/535 515/515/515 520/520/520
f 535/535/535 520/520/520 541/541/541
f 539/539/539 518/518/518 512/512/512
f 539/539/539 512/512/512 533/533/533
f 526/526/526 547/547/547 553/553/553
f 526/526/526 553/553/553 531/531/531
f 529/529/529 551/551/551 545/545/545
f 529/529/529 545/545/545 523/523/523
f 558/558/558 537/537/537 542/542/542
f 558/558/558 542/542/542 564/564/564
f 562/562/562 540/540/540 534/534/534
f 562/562/562 534/534/534 556/556/556
f 546/546/546 570/570/570 575/575/575
f 546/546/546 575/575/575 552/552/552
f 550/550/550 573/573/573 567/567/567
f 550/550/550 567/567/567 544/544/544
f 581/581/581 557/557/557 563/563/563
f 581/581/581 563/563/563 586/586/586
f 584/584/584 561/561/561 555/555/555
f 584/584/584 555/555/555 578/578/578
f 568/568/568 592/592/592 597/597/597
f 568/568/568 597/597/597 574/574/574
f 572/572/572 595/595/595 589/589/589
f 572/572/572 589/589/589 566/566/566
f 603/603/603 579/579/579 585/585/585
f 603/603/603 585/585/585 608/608/608
f 606/606/606 583/583/583 577/577/577
f 606/606/606 577/577/577 600/600/600
f 590/590/590 614/614/614 619/619/619
f 590/590/590 619/619/619 596/596/596
f 594/594/594 617/617/617 611/611/611
f 594/594/594 611/611/611 588/588/588
f 625/625/625 601/601/601 607/607/607
f 625/625/625 607/607/607 630/630/630
f 628/628/628 605/605/605 599/599/599
f 628/628/628 599/599/599 622/622/622
f 612/612/612 636/636/636 641/641/641
f 612/612/612 641/641/641 618/618/618
f 616/616/616 640/640/640 633/633/633
f 616/616/616 633/633/633 610/610/610
f 647/647/647 623/623/623 629/629/629
f 647/647/647 629/629/629 652/652/652
f 651/651/651 627/627/627 621/621/621
f 651/651/651 621/621/621 644/644/644
f 634/634/634 656/656/656 661/661/661
f 634/634/634 661/661/661 639/639/639
f 638/638/638 660/660/660 654/654/654
f 638/638/638 654/654/654 632/632/632
f 667/667/667 645/645/645 650/650/650
f 667/667/667 650/650/650 672/672/672
f 671/671/671 649/649/649 643/643/643
f 671/671/671 643/643/643 665/665/665
f 658/658/658 678/678/678 683/683/683
f 658/658/658 683/683/683 663/663/663
f 662/662/662 682/682/682 676/676/676
f 662/662/662 676/676/676 655/655/655
f 689/689/689 669/669/669 674/674/674
f 689/689/689 674/674/674 694/694/694
f 693/693/693 673/673/673 666/666/666
f 693/693/693 666/666/666 687/687/687
f 680/680/680 700/700/700 706/706/706
f 680/680/680 706/706/706 685/685/685
f 684/684/684 704/704/704 698/698/698
f 684/684/684 698/698/698 677/677/677
f 711/711/711 691/691/691 696/696/696
f 711/711/711 696/696/696 717/717/717
f 715/715/715 695/695/695 688/688/688
f 715/715/715 688/688/688 709/709/709
f 702/702/702 722/722/722 728/728/728
f 702/702/702 728/728/728 707/707/707
f 705/705/705 726/726/726 720/720/720
f 705/705/705 720/720/720 699/699/699
f 733/733/733 713/713/713 718/718/718
f 733/733/733 718/718/718 739/739/739
f 737/737/737 716/716/716 710/710/710
f 737/737/737 710/710/710 731/731/731
f 724/724/724 744/744/744 750/750/750
f 724/724/724 750/750/750 729/729/729
f 727/727/727 748/748/748 742/742/742
f 727/727/727 742/742/742 721/721/721
f 755/755/755 735/735/735 740/740/740
f 755/755/755 740/740/740 761/761/761
f 759/759/759 738/738/738 732/732/732
f 759/759/759 732/732/732 753/753/753
f 746/746/746 766/766/766 772/772/772
f 746/746/746 772/772/772 751/751/751
f 749/749/749 770/770/770 764/764/764
f 749/749/749 764/764/764 743/743/743
f 777/777/777 757/757/757 762/762/762
f 777/777/777 762/762/762 783/783/783
f 781/781/781 760/760/760 754/754/754
f 781/781/781 754/754/754 775/775/775
f 767/767/767 790/790/790 795/795/795
f 767/767/767 795/795/795 773/773/773
f 771/771/771 793/793/793 787/787/787
f 771/771/771 787/787/787 765/765/765
f 801/801/801 778/778/778 784/784/784
f 801/801/801 784/784/784 806/806/806
f 804/804/804 782/782/782 776/776/776
f 804/804/804 776/776/776 798/798/798
f 788/788/788 812/812/812 817/817/817
f 788/788/788 817/817/817 794/794/794
f 792/792/792 815/815/815 809/809/809
f 792/792/792 809/809/809 786/786/786
f 823/823/823 799/799/799 805/805/805
f 823/823/823 805/805/805 828/828/828
f 826/826/826 803/803/803 797/797/797
f 826/826/826 797/797/797 820/820/820
f 810/810/810 834/834/834 839/839/839
f 810/810/810 839/839/839 816/816/816
f 814/814/814 837/837/837 831/831/831
f 814/814/814 831/831/831 808/808/808
f 845/845/845 821/821/821 827/827/827
f 845/845/845 827/827/827 850/850/850
f 848/848/848 825/825/825 819/819/819
f 848/848/848 819/819/819 842/842/842
f 832/832/832 856/856/856 861/861/861
f 832/832/832 861/861/861 838/838/838
f 836/836/836 860/860/860 853/853/853
f 836/836/836 853/853/853 830/830/830
f 867/867/867 843/843/843 849/849/849
f 867/867/867 849/849/849 872/872/872
f 871/871/871 847/847/847 841/841/841
f 871/871/871 841/841/841 864/864/864
f 854/854/854 438/438/438 443/443/443
f 854/854/854 443/443/443 859/859/859
f 858/858/858 442/442/442 435/435/435
f 858/858/858 435/435/435 852/852/852
f 449/449/449 865/865/865 870/870/870
f 449/449/449 870/870/870 454/454/454
f 453/453/453 869/869/869 863/863/863
f 453/453/453 863/863/863 446/446/446
f 851/851/851 433/433/433 455/455/455
f 455/455/455 477/477/477 499/499/499
f 499/499/499 521/521/521 543/543/543
f 543/543/543 565/565/565 587/587/587
f 587/587/587 609/609/609 631/631/631
f 631/631/631 653/653/653 675/675/675
f 675/675/675 697/697/697 719/719/719
f 719/719/719 741/741/741 763/763/763
f 763/763/763 785/785/785 807/807/807
f 807/807/807 829/829/829 851/851/851
f 851/851/851 455/455/455 499/499/499
f 499/499/499 543/543/543 587/587/587
f 587/587/587 631/631/631 675/675/675
f 675/675/675 719/719/719 763/763/763
f 763/763/763 807/807/807 851/851/851
f 851/851/851 499/499/499 587/587/587
f 587/587/587 675/675/675 763/763/763
f 587/587/587 763/763/763 851/851/851
o Bolt_handle_0
usemtl Machined_Steel
v 0.0400000 0.0900000 0.0176854
v 0.0400000 0.0900000 0.0176854
v 0.0400000 0.0900000 0.0176854
v 0.0436400 0.0900000 0.0140000
v 0.0436400 0.0900000 0.0140000
v 0.0436400 0.0900000 0.0140000
v 0.0436400 0.0900000 0.0140000
v 0.0410661 0.0900000 0.0150794
v 0.0410661 0.0900000 0.0150794
v 0.0410661 0.0900000 0.0150794
v 0.0410661 0.0900000 0.0150794
v 0.2200000 0.0900000 0.0176854
v 0.2200000 0.0900000 0.0176854
v 0.2200000 0.0900000 0.0176854
v 0.2163600 0.0900000 0.0140000
v 0.2163600 0.0900000 0.0140000
v 0.2163600 0.0900000 0.0140000
v 0.2163600 0.0900000 0.0140000
v 0.2189339 0.0900000 0.0150794
v 0.2189339 0.0900000 0.0150794
v 0.2189339 0.0900000 0.0150794
v 0.2189339 0.0900000 0.0150794
v 0.0400000 0.0831044 0.0187775
v 0.0400000 0.0831044 0.0187775
v 0.0400000 0.0831044 0.0187775
v 0.0436400 0.0819656 0.0152725
v 0.0436400 0.0819656 0.0152725
v 0.0436400 0.0819656 0.0152725
v 0.0436400 0.0819656 0.0152725
v 0.0410661 0.0822991 0.0162991
v 0.0410661 0.0822991 0.0162991
v 0.0410661 0.0822991 0.0162991
v 0.0410661 0.0822991 0.0162991
v 0.2200000 0.0831044 0.0187775
v 0.2200000 0.0831044 0.0187775
v 0.2200000 0.0831044 0.0187775
v 0.2163600 0.0819655 0.0152725
v 0.2163600 0.0819655 0.0152725
v 0.2163600 0.0819655 0.0152725
v 0.2163600 0.0819655 0.0152725
v 0.2189339 0.0822991 0.0162991
v 0.2189339 0.0822991 0.0162991
v 0.2189339 0.0822991 0.0162991
v 0.2189339 0.0822991 0.0162991
v 0.0400000 0.0768838 0.0219471
v 0.0400000 0.0768838 0.0219471
v 0.0400000 0.0768838 0.0219471
v 0.0436400 0.0747176 0.0189656
v 0.0436400 0.0747176 0.0189656
v 0.0436400 0.0747176 0.0189656
v 0.0436400 0.0747176 0.0189656
v 0.0410661 0.0753521 0.0198388
v 0.0410661 0.0753521 0.0198388
v 0.0410661 0.0753521 0.0198388
v 0.0410661 0.0753521 0.0198388
v 0.2200000 0.0768838 0.0219471
v 0.2200000 0.0768838 0.0219471
v 0.2200000 0.0768838 0.0219471
v 0.2163600 0.0747176 0.0189656
v 0.2163600 0.0747176 0.0189656
v 0.2163600 0.0747176 0.0189656
v 0.2163600 0.0747176 0.0189656
v 0.2189339 0.0753520 0.0198388
v 0.2189339 0.0753520 0.0198388
v 0.2189339 0.0753520 0.0198388
v 0.2189339 0.0753520 0.0198388
v 0.0400000 0.0719471 0.0268838
v 0.0400000 0.0719471 0.0268838
v 0.0400000 0.0719471 0.0268838
v 0.0436400 0.0689656 0.0247176
v 0.0436400 0.0689656 0.0247176
v 0.0436400 0.0689656 0.0247176
v 0.0436400 0.0689656 0.0247176
v 0.0410661 0.0698388 0.0253520
v 0.0410661 0.0698388 0.0253520
v 0.0410661 0.0698388 0.0253520
v 0.0410661 0.0698388 0.0253520
v 0.2200000 0.0719471 0.0268838
v 0.2200000 0.0719471 0.0268838
v 0.2200000 0.0719471 0.0268838
v 0.2163600 0.0689655 0.0247176
v 0.2163600 0.0689655 0.0247176
v 0.2163600 0.0689655 0.0247176
v 0.2163600 0.0689655 0.0247176
v 0.2189339 0.0698388 0.0253520
v 0.2189339 0.0698388 0.0253520
v 0.2189339 0.0698388 0.0253520
v 0.2189339 0.0698388 0.0253520
v 0.0400000 0.0687775 0.0331044
v 0.0400000 0.0687775 0.0331044
v 0.0400000 0.0687775 0.0331044
v 0.0436400 0.0652725 0.0319656
v 0.0436400 0.0652725 0.0319656
v 0.0436400 0.0652725 0.0319656
v 0.0436400 0.0652725 0.0319656
v 0.0410661 0.0662991 0.0322991
v 0.0410661 0.0662991 0.0322991
v 0.0410661 0.0662991 0.0322991
v 0.0410661 0.0662991 0.0322991
v 0.2200000 0.0687775 0.0331044
v 0.2200000 0.0687775 0.0331044
v 0.2200000 0.0687775 0.0331044
v 0.2163600 0.0652725 0.0319656
v 0.2163600 0.0652725 0.0319656
v 0.2163600 0.0652725 0.0319656
v 0.2163600 0.0652725 0.0319656
v 0.2189339 0.0662991 0.0322991
v 0.2189339 0.0662991 0.0322991
v 0.2189339 0.0662991 0.0322991
v 0.2189339 0.0662991 0.0322991
v 0.0400000 0.0676854 0.0400000
v 0.0400000 0.0676854 0.0400000
v 0.0400000 0.0676854 0.0400000
v 0.0436400 0.0640000 0.0400000
v 0.0436400 0.0640000 0.0400000
v 0.0436400 0.0640000 0.0400000
v 0.0436400 0.0640000 0.0400000
v 0.0410661 0.0650794 0.0400000
v 0.0410661 0.0650794 0.0400000
v 0.0410661 0.0650794 0.0400000
v 0.0410661 0.0650794 0.0400000
v 0.2200000 0.0676854 0.0400000
v 0.2200000 0.0676854 0.0400000
v 0.2200000 0.0676854 0.0400000
v 0.2163600 0.0640000 0.0400000
v 0.2163600 0.0640000 0.0400000
v 0.2163600 0.0640000 0.0400000
v 0.2163600 0.0640000 0.0400000
v 0.2189339 0.0650794 0.0400000
v 0.2189339 0.0650794 0.0400000
v 0.2189339 0.0650794 0.0400000
v 0.2189339 0.0650794 0.0400000
v 0.0400000 0.0687775 0.0468956
v 0.0400000 0.0687775 0.0468956
v 0.0400000 0.0687775 0.0468956
v 0.0436400 0.0652725 0.0480344
v 0.0436400 0.0652725 0.0480344
v 0.0436400 0.0652725 0.0480344
v 0.0436400 0.0652725 0.0480344
v 0.0410661 0.0662991 0.0477009
v 0.0410661 0.0662991 0.0477009
v 0.0410661 0.0662991 0.0477009
v 0.0410661 0.0662991 0.0477009
v 0.2200000 0.0687775 0.0468956
v 0.2200000 0.0687775 0.0468956
v 0.2200000 0.0687775 0.0468956
v 0.2163600 0.0652725 0.0480344
v 0.2163600 0.0652725 0.0480344
v 0.2163600 0.0652725 0.0480344
v 0.2163600 0.0652725 0.0480344
v 0.2189339 0.0662991 0.0477009
v 0.2189339 0.0662991 0.0477009
v 0.2189339 0.0662991 0.0477009
v 0.2189339 0.0662991 0.0477009
v 0.0400000 0.0719471 0.0531162
v 0.0400000 0.0719471 0.0531162
v 0.0400000 0.0719471 0.0531162
v 0.0436400 0.0689656 0.0552824
v 0.0436400 0.0689656 0.0552824
v 0.0436400 0.0689656 0.0552824
v 0.0436400 0.0689656 0.0552824
v 0.0410661 0.0698388 0.0546480
v 0.0410661 0.0698388 0.0546480
v 0.0410661 0.0698388 0.0546480
v 0.0410661 0.0698388 0.0546480
v 0.2200000 0.0719471 0.0531162
v 0.2200000 0.0719471 0.0531162
v 0.2200000 0.0719471 0.0531162
v 0.2163600 0.0689655 0.0552824
v 0.2163600 0.0689655 0.0552824
v 0.2163600 0.0689655 0.0552824
v 0.2163600 0.0689655 0.0552824
v 0.2189339 0.0698388 0.0546479
v 0.2189339 0.0698388 0.0546479
v 0.2189339 0.0698388 0.0546479
v 0.2189339 0.0698388 0.0546479
v 0.0400000 0.0768838 0.0580529
v 0.0400000 0.0768838 0.0580529
v 0.0400000 0.0768838 0.0580529
v 0.0436400 0.0747176 0.0610344
v 0.0436400 0.0747176 0.0610344
v 0.0436400 0.0747176 0.0610344
v 0.0436400 0.0747176 0.0610344
v 0.0410661 0.0753521 0.0601612
v 0.0410661 0.0753521 0.0601612
v 0.0410661 0.0753521 0.0601612
v 0.0410661 0.0753521 0.0601612
v 0.2200000 0.0768838 0.0580529
v 0.2200000 0.0768838 0.0580529
v 0.2200000 0.0768838 0.0580529
v 0.2163600 0.0747176 0.0610344
v 0.2163600 0.0747176 0.0610344
v 0.2163600 0.0747176 0.0610344
v 0.2163600 0.0747176 0.0610344
v 0.2189339 0.0753520 0.0601612
v 0.2189339 0.0753520 0.0601612
v 0.2189339 0.0753520 0.0601612
v 0.2189339 0.0753520 0.0601612
v 0.0400000 0.0831044 0.0612225
v 0.0400000 0.0831044 0.0612225
v 0.0400000 0.0831044 0.0612225
v 0.0436400 0.0819656 0.0647275
v 0.0436400 0.0819656 0.0647275
v 0.0436400 0.0819656 0.0647275
v 0.0436400 0.0819656 0.0647275
v 0.0410661 0.0822991 0.0637009
v 0.0410661 0.0822991 0.0637009
v 0.0410661 0.0822991 0.0637009
v 0.0410661 0.0822991 0.0637009
v 0.2200000 0.0831044 0.0612225
v 0.2200000 0.0831044 0.0612225
v 0.2200000 0.0831044 0.0612225
v 0.2163600 0.0819655 0.0647275
v 0.2163600 0.0819655 0.0647275
v 0.2163600 0.0819655 0.0647275
v 0.2163600 0.0819655 0.0647275
v 0.2189339 0.0822991 0.0637009
v 0.2189339 0.0822991 0.0637009
v 0.2189339 0.0822991 0.0637009
v 0.2189339 0.0822991 0.0637009
v 0.0400000 0.0900000 0.0623146
v 0.0400000 0.0900000 0.0623146
v 0.0400000 0.0900000 0.0623146
v 0.0436400 0.0900000 0.0660000
v 0.0436400 0.0900000 0.0660000
v 0.0436400 0.0900000 0.0660000
v 0.0436400 0.0900000 0.0660000
v 0.0410661 0.0900000 0.0649206
v 0.0410661 0.0900000 0.0649206
v 0.0410661 0.0900000 0.0649206
v 0.0410661 0.0900000 0.0649206
v 0.2200000 0.0900000 0.0623146
v 0.2200000 0.0900000 0.0623146
v 0.2200000 0.0900000 0.0623146
v 0.2163600 0.0900000 0.0660000
v 0.2163600 0.0900000 0.0660000
v 0.2163600 0.0900000 0.0660000
v 0.2163600 0.0900000 0.0660000
v 0.2189339 0.0900000 0.0649206
v 0.2189339 0.0900000 0.0649206
v 0.2189339 0.0900000 0.0649206
v 0.2189339 0.0900000 0.0649206
v 0.0400000 0.0968956 0.0612225
v 0.0400000 0.0968956 0.0612225
v 0.0400000 0.0968956 0.0612225
v 0.0436400 0.0980345 0.0647275
v 0.0436400 0.0980345 0.0647275
v 0.0436400 0.0980345 0.0647275
v 0.0436400 0.0980345 0.0647275
v 0.0410661 0.0977009 0.0637009
v 0.0410661 0.0977009 0.0637009
v 0.0410661 0.0977009 0.0637009
v 0.0410661 0.0977009 0.0637009
v 0.2200000 0.0968956 0.0612225
v 0.2200000 0.0968956 0.0612225
v 0.2200000 0.0968956 0.0612225
v 0.2163600 0.0980344 0.0647275
v 0.2163600 0.0980344 0.0647275
v 0.2163600 0.0980344 0.0647275
v 0.2163600 0.0980344 0.0647275
v 0.2189339 0.0977009 0.0637009
v 0.2189339 0.0977009 0.0637009
v 0.2189339 0.0977009 0.0637009
v 0.2189339 0.0977009 0.0637009
v 0.0400000 0.1031162 0.0580529
v 0.0400000 0.1031162 0.0580529
v 0.0400000 0.1031162 0.0580529
v 0.0436400 0.1052824 0.0610344
v 0.0436400 0.1052824 0.0610344
v 0.0436400 0.1052824 0.0610344
v 0.0436400 0.1052824 0.0610344
v 0.0410661 0.1046480 0.0601612
v 0.0410661 0.1046480 0.0601612
v 0.0410661 0.1046480 0.0601612
v 0.0410661 0.1046480 0.0601612
v 0.2200000 0.1031162 0.0580529
v 0.2200000 0.1031162 0.0580529
v 0.2200000 0.1031162 0.0580529
v 0.2163600 0.1052824 0.0610344
v 0.2163600 0.1052824 0.0610344
v 0.2163600 0.1052824 0.0610344
v 0.2163600 0.1052824 0.0610344
v 0.2189339 0.1046479 0.0601612
v 0.2189339 0.1046479 0.0601612
v 0.2189339 0.1046479 0.0601612
v 0.2189339 0.1046479 0.0601612
v 0.0400000 0.1080529 0.0531162
v 0.0400000 0.1080529 0.0531162
v 0.0400000 0.1080529 0.0531162
v 0.0436400 0.1110345 0.0552824
v 0.0436400 0.1110345 0.0552824
v 0.0436400 0.1110345 0.0552824
v 0.0436400 0.1110345 0.0552824
v 0.0410661 0.1101612 0.0546479
v 0.0410661 0.1101612 0.0546479
v 0.0410661 0.1101612 0.0546479
v 0.0410661 0.1101612 0.0546479
v 0.2200000 0.1080529 0.0531162
v 0.2200000 0.1080529 0.0531162
v 0.2200000 0.1080529 0.0531162
v 0.2163600 0.1110344 0.0552824
v 0.2163600 0.1110344 0.0552824
v 0.2163600 0.1110344 0.0552824
v 0.2163600 0.1110344 0.0552824
v 0.2189339 0.1101612 0.0546480
v 0.2189339 0.1101612 0.0546480
v 0.2189339 0.1101612 0.0546480
v 0.2189339 0.1101612 0.0546480
v 0.0400000 0.1112225 0.0468956
v 0.0400000 0.1112225 0.0468956
v 0.0400000 0.1112225 0.0468956
v 0.0436400 0.1147275 0.0480344
v 0.0436400 0.1147275 0.0480344
v 0.0436400 0.1147275 0.0480344
v 0.0436400 0.1147275 0.0480344
v 0.0410661 0.1137009 0.0477009
v 0.0410661 0.1137009 0.0477009
v 0.0410661 0.1137009 0.0477009
v 0.0410661 0.1137009 0.0477009
v 0.2200000 0.1112225 0.0468956
v 0.2200000 0.1112225 0.0468956
v 0.2200000 0.1112225 0.0468956
v 0.2163600 0.1147275 0.0480344
v 0.2163600 0.1147275 0.0480344
v 0.2163600 0.1147275 0.0480344
v 0.2163600 0.1147275 0.0480344
v 0.2189339 0.1137009 0.0477009
v 0.2189339 0.1137009 0.0477009
v 0.2189339 0.1137009 0.0477009
v 0.2189339 0.1137009 0.0477009
v 0.0400000 0.1123146 0.0400000
v 0.0400000 0.1123146 0.0400000
v 0.0400000 0.1123146 0.0400000
v 0.0436400 0.1160000 0.0400000
v 0.0436400 0.1160000 0.0400000
v 0.0436400 0.1160000 0.0400000
v 0.0436400 0.1160000 0.0400000
v 0.0410661 0.1149206 0.0400000
v 0.0410661 0.1149206 0.0400000
v 0.0410661 0.1149206 0.0400000
v 0.0410661 0.1149206 0.0400000
v 0.2200000 0.1123146 0.0400000
v 0.2200000 0.1123146 0.0400000
v 0.2200000 0.1123146 0.0400000
v 0.2163600 0.1160000 0.0400000
v 0.2163600 0.1160000 0.0400000
v 0.2163600 0.1160000 0.0400000
v 0.2163600 0.1160000 0.0400000
v 0.2189339 0.1149206 0.0400000
v 0.2189339 0.1149206 0.0400000
v 0.2189339 0.1149206 0.0400000
v 0.2189339 0.1149206 0.0400000
v 0.0400000 0.1112225 0.0331044
v 0.0400000 0.1112225 0.0331044
v 0.0400000 0.1112225 0.0331044
v 0.0436400 0.1147275 0.0319656
v 0.0436400 0.1147275 0.0319656
v 0.0436400 0.1147275 0.0319656
v 0.0436400 0.1147275 0.0319656
v 0.0410661 0.1137009 0.0322991
v 0.0410661 0.1137009 0.0322991
v 0.0410661 0.1137009 0.0322991
v 0.0410661 0.1137009 0.0322991
v 0.2200000 0.1112225 0.0331044
v 0.2200000 0.1112225 0.0331044
v 0.2200000 0.1112225 0.0331044
v 0.2163600 0.1147275 0.0319656
v 0.2163600 0.1147275 0.0319656
v 0.2163600 0.1147275 0.0319656
v 0.2163600 0.1147275 0.0319656
v 0.2189339 0.1137009 0.0322991
v 0.2189339 0.1137009 0.0322991
v 0.2189339 0.1137009 0.0322991
v 0.2189339 0.1137009 0.0322991
v 0.0400000 0.1080529 0.0268838
v 0.0400000 0.1080529 0.0268838
v 0.0400000 0.1080529 0.0268838
v 0.0436400 0.1110345 0.0247176
v 0.0436400 0.1110345 0.0247176
v 0.0436400 0.1110345 0.0247176
v 0.0436400 0.1110345 0.0247176
v 0.0410661 0.1101612 0.0253520
v 0.0410661 0.1101612 0.0253520
v 0.0410661 0.1101612 0.0253520
v 0.0410661 0.1101612 0.0253520
v 0.2200000 0.1080529 0.0268838
v 0.2200000 0.1080529 0.0268838
v 0.2200000 0.1080529 0.0268838
v 0.2163600 0.1110344 0.0247176
v 0.2163600 0.1110344 0.0247176
v 0.2163600 0.1110344 0.0247176
v 0.2163600 0.1110344 0.0247176
v 0.2189339 0.1101612 0.0253520
v 0.2189339 0.1101612 0.0253520
v 0.2189339 0.1101612 0.0253520
v 0.2189339 0.1101612 0.0253520
v 0.0400000 0.1031162 0.0219471
v 0.0400000 0.1031162 0.0219471
v 0.0400000 0.1031162 0.0219471
v 0.0436400 0.1052824 0.0189656
v 0.0436400 0.1052824 0.0189656
v 0.0436400 0.1052824 0.0189656
v 0.0436400 0.1052824 0.0189656
v 0.0410661 0.1046480 0.0198388
v 0.0410661 0.1046480 0.0198388
v 0.0410661 0.1046480 0.0198388
v 0.0410661 0.1046480 0.0198388
v 0.2200000 0.1031162 0.0219471
v 0.2200000 0.1031162 0.0219471
v 0.2200000 0.1031162 0.0219471
v 0.2163600 0.1052824 0.0189656
v 0.2163600 0.1052824 0.0189656
v 0.2163600 0.1052824 0.0189656
v 0.2163600 0.1052824 0.0189656
v 0.2189339 0.1046479 0.0198388
v 0.2189339 0.1046479 0.0198388
v 0.2189339 0.1046479 0.0198388
v 0.2189339 0.1046479 0.0198388
v 0.0400000 0.0968956 0.0187775
v 0.0400000 0.0968956 0.0187775
v 0.0400000 0.0968956 0.0187775
v 0.0436400 0.0980345 0.0152725
v 0.0436400 0.0980345 0.0152725
v 0.0436400 0.0980345 0.0152725
v 0.0436400 0.0980345 0.0152725
v 0.0410661 0.0977009 0.0162991
v 0.0410661 0.0977009 0.0162991
v 0.0410661 0.0977009 0.0162991
v 0.0410661 0.0977009 0.0162991
v 0.2200000 0.0968956 0.0187775
v 0.2200000 0.0968956 0.0187775
v 0.2200000 0.0968956 0.0187775
v 0.2163600 0.0980344 0.0152725
v 0.2163600 0.0980344 0.0152725
v 0.2163600 0.0980344 0.0152725
v 0.2163600 0.0980344 0.0152725
v 0.2189339 0.0977009 0.0162991
v 0.2189339 0.0977009 0.0162991
v 0.2189339 0.0977009 0.0162991
v 0.2189339 0.0977009 0.0162991
vt 0.7499999 0.5440187
vt 0.7499999 0.5440187
vt 0.7499999 0.5440187
vt 1.0000000 0.4898889
vt 1.0000000 0.4898889
vt -0.0000002 0.4898889
vt -0.0000002 0.4898889
vt 0.7515395 0.5102438
vt 0.9989621 0.5000000
vt 0.7484605 0.5102438
vt 0.0010377 0.5000000
vt 0.2500000 0.5440187
vt 0.2500000 0.5440187
vt 0.2500000 0.5440187
vt 1.0000000 0.0101111
vt 1.0000000 0.0101111
vt -0.0000002 0.0101112
vt -0.0000002 0.0101112
vt 0.2515395 0.5102438
vt 0.9989621 0.0000000
vt 0.2484605 0.5102438
vt 0.0010378 0.0000000
vt 0.8136516 0.5541003
vt 0.8136516 0.5541003
vt 0.8136516 0.5541003
vt 0.9500000 0.4898889
vt 0.9500000 0.4898889
vt 0.9500000 0.4898889
vt 0.9500000 0.4898889
vt 0.8226246 0.5215026
vt 0.9510379 0.5000000
vt 0.8255529 0.5224540
vt 0.9489621 0.5000000
vt 0.3136517 0.5541003
vt 0.3136517 0.5541003
vt 0.3136517 0.5541003
vt 0.9500000 0.0101112
vt 0.9500000 0.0101112
vt 0.9500000 0.0101111
vt 0.9500000 0.0101111
vt 0.3226246 0.5215026
vt 0.9510379 0.0000000
vt 0.3255529 0.5224541
vt 0.9489620 0.0000000
vt 0.8710728 0.5833577
vt 0.8710728 0.5833577
vt 0.8710728 0.5833577
vt 0.9000000 0.4898889
vt 0.9000000 0.4898889
vt 0.9000000 0.4898889
vt 0.9000000 0.4898889
vt 0.8896797 0.5551283
vt 0.8921707 0.5569381
vt 0.9010379 0.5000000
vt 0.8989620 0.5000000
vt 0.3710727 0.5833577
vt 0.3710727 0.5833577
vt 0.3710727 0.5833577
vt 0.9000000 0.0101112
vt 0.9000000 0.0101112
vt 0.9000000 0.0101112
vt 0.9000000 0.0101112
vt 0.3896796 0.5551283
vt 0.3921706 0.5569381
vt 0.9010379 0.0000000
vt 0.8989620 0.0000000
vt 0.9166421 0.6289274
vt 0.9166421 0.6289274
vt 0.9166421 0.6289274
vt 0.8500000 0.4898888
vt 0.8500000 0.4898888
vt 0.8500000 0.4898889
vt 0.8500000 0.4898889
vt 0.9430619 0.6078293
vt 0.9448718 0.6103203
vt 0.8510379 0.5000000
vt 0.8489621 0.5000000
vt 0.4166423 0.6289272
vt 0.4166423 0.6289272
vt 0.4166423 0.6289272
vt 0.8500000 0.0101112
vt 0.8500000 0.0101112
vt 0.8500000 0.0101111
vt 0.8500000 0.0101111
vt 0.4430619 0.6078293
vt 0.4448717 0.6103203
vt 0.8510379 0.0000000
vt 0.8489621 0.0000000
vt 0.9458997 0.6863483
vt 0.9458997 0.6863483
vt 0.9458997 0.6863483
vt 0.8000000 0.4898889
vt 0.8000000 0.4898889
vt 0.8000000 0.4898889
vt 0.8000000 0.4898889
vt 0.9775460 0.6744471
vt 0.9784974 0.6773754
vt 0.8010379 0.5000000
vt 0.7989621 0.5000000
vt 0.4458998 0.6863483
vt 0.4458998 0.6863483
vt 0.4458998 0.6863483
vt 0.8000000 0.0101112
vt 0.8000000 0.0101112
vt 0.8000000 0.0101111
vt 0.8000000 0.0101111
vt 0.4775459 0.6744471
vt 0.4784974 0.6773754
vt 0.8010378 0.0000000
vt 0.7989621 0.0000000
vt 0.9559812 0.7500000
vt 0.9559812 0.7500000
vt 0.9559812 0.7500000
vt 0.7499999 0.4898889
vt 0.7499999 0.4898889
vt 0.7499999 0.4898889
vt 0.7499999 0.4898889
vt 0.9897562 0.7515395
vt 0.9897562 0.7484605
vt 0.7489620 0.5000000
vt 0.7510379 0.5000000
vt 0.4559812 0.7500000
vt 0.4559812 0.7500000
vt 0.4559812 0.7500000
vt 0.7499999 0.0101111
vt 0.7499999 0.0101112
vt 0.7499999 0.0101111
vt 0.7499999 0.0101112
vt 0.4897562 0.7515395
vt 0.4897562 0.7484605
vt 0.7489620 0.0000000
vt 0.7510378 0.0000000
vt 0.9458997 0.8136517
vt 0.9458997 0.8136517
vt 0.9458997 0.8136517
vt 0.6999999 0.4898889
vt 0.6999999 0.4898889
vt 0.6999999 0.4898889
vt 0.6999999 0.4898889
vt 0.9775459 0.8255529
vt 0.9784974 0.8226246
vt 0.6989620 0.5000000
vt 0.7010378 0.5000000
vt 0.4458997 0.8136517
vt 0.4458997 0.8136517
vt 0.4458997 0.8136517
vt 0.6999999 0.0101111
vt 0.6999999 0.0101111
vt 0.6999999 0.0101112
vt 0.6999999 0.0101112
vt 0.4775459 0.8255529
vt 0.4784974 0.8226246
vt 0.6989620 0.0000000
vt 0.7010378 0.0000000
vt 0.9166424 0.8710727
vt 0.9166424 0.8710727
vt 0.9166424 0.8710727
vt 0.6499999 0.4898889
vt 0.6499999 0.4898889
vt 0.6499999 0.4898889
vt 0.6499999 0.4898889
vt 0.9430619 0.8921706
vt 0.9448718 0.8896797
vt 0.6489620 0.5000000
vt 0.6510378 0.5000000
vt 0.4166423 0.8710727
vt 0.4166423 0.8710727
vt 0.4166423 0.8710727
vt 0.6499999 0.0101112
vt 0.6499999 0.0101112
vt 0.6499999 0.0101112
vt 0.6499999 0.0101112
vt 0.4430619 0.8921706
vt 0.4448717 0.8896797
vt 0.6489620 0.0000000
vt 0.6510378 0.0000000
vt 0.8710728 0.9166422
vt 0.8710728 0.9166422
vt 0.8710728 0.9166422
vt 0.5999999 0.4898889
vt 0.5999999 0.4898889
vt 0.5999999 0.4898888
vt 0.5999999 0.4898888
vt 0.8896797 0.9448717
vt 0.8921706 0.9430619
vt 0.5989620 0.5000000
vt 0.6010378 0.5000000
vt 0.3710727 0.9166422
vt 0.3710727 0.9166422
vt 0.3710727 0.9166422
vt 0.5999999 0.0101111
vt 0.5999999 0.0101111
vt 0.5999999 0.0101112
vt 0.5999999 0.0101112
vt 0.3896796 0.9448717
vt 0.3921706 0.9430619
vt 0.5989620 0.0000000
vt 0.6010379 0.0000000
vt 0.8136516 0.9458997
vt 0.8136516 0.9458997
vt 0.8136516 0.9458997
vt 0.5499999 0.4898889
vt 0.5499999 0.4898889
vt 0.5499999 0.4898889
vt 0.5499999 0.4898889
vt 0.8226246 0.9784974
vt 0.5489620 0.5000000
vt 0.8255529 0.9775459
vt 0.5510378 0.5000000
vt 0.3136517 0.9458997
vt 0.3136517 0.9458997
vt 0.3136517 0.9458997
vt 0.5499999 0.0101111
vt 0.5499999 0.0101111
vt 0.5499999 0.0101112
vt 0.5499999 0.0101112
vt 0.3226246 0.9784974
vt 0.5489619 0.0000000
vt 0.3255529 0.9775459
vt 0.5510378 0.0000000
vt 0.7499999 0.9559811
vt 0.7499999 0.9559811
vt 0.7499999 0.9559811
vt 0.4999999 0.4898889
vt 0.4999999 0.4898889
vt 0.4999999 0.4898889
vt 0.4999999 0.4898889
vt 0.7515395 0.9897562
vt 0.5010378 0.5000000
vt 0.7484605 0.9897562
vt 0.4989620 0.5000000
vt 0.2500000 0.9559812
vt 0.2500000 0.9559812
vt 0.2500000 0.9559812
vt 0.4999999 0.0101112
vt 0.4999999 0.0101112
vt 0.4999999 0.0101111
vt 0.4999999 0.0101111
vt 0.2515395 0.9897562
vt 0.5010378 0.0000000
vt 0.2484605 0.9897562
vt 0.4989620 0.0000000
vt 0.6863483 0.9458997
vt 0.6863483 0.9458997
vt 0.6863483 0.9458997
vt 0.4499999 0.4898889
vt 0.4499999 0.4898889
vt 0.4499999 0.4898889
vt 0.4499999 0.4898889
vt 0.6773754 0.9784974
vt 0.4510378 0.5000000
vt 0.6744471 0.9775459
vt 0.4489620 0.5000000
vt 0.1863483 0.9458997
vt 0.1863483 0.9458997
vt 0.1863483 0.9458997
vt 0.4499999 0.0101112
vt 0.4499999 0.0101112
vt 0.4499999 0.0101111
vt 0.4499999 0.0101111
vt 0.1773754 0.9784974
vt 0.4510378 0.0000000
vt 0.1744471 0.9775459
vt 0.4489619 0.0000000
vt 0.6289272 0.9166422
vt 0.6289272 0.9166422
vt 0.6289272 0.9166422
vt 0.3999999 0.4898889
vt 0.3999999 0.4898889
vt 0.3999999 0.4898889
vt 0.3999999 0.4898889
vt 0.6103203 0.9448717
vt 0.6078294 0.9430619
vt 0.4010378 0.5000000
vt 0.3989620 0.5000000
vt 0.1289273 0.9166422
vt 0.1289273 0.9166422
vt 0.1289273 0.9166422
vt 0.3999999 0.0101112
vt 0.3999999 0.0101112
vt 0.3999999 0.0101112
vt 0.3999999 0.0101112
vt 0.1103203 0.9448717
vt 0.1078294 0.9430619
vt 0.4010378 0.0000000
vt 0.3989620 0.0000000
vt 0.5833576 0.8710728
vt 0.5833576 0.8710728
vt 0.5833576 0.8710728
vt 0.3499998 0.4898888
vt 0.3499998 0.4898888
vt 0.3499998 0.4898889
vt 0.3499998 0.4898889
vt 0.5569381 0.8921706
vt 0.5551282 0.8896797
vt 0.3510377 0.5000000
vt 0.3489619 0.5000000
vt 0.0833577 0.8710727
vt 0.0833577 0.8710727
vt 0.0833577 0.8710727
vt 0.3499998 0.0101112
vt 0.3499998 0.0101112
vt 0.3499998 0.0101111
vt 0.3499998 0.0101111
vt 0.0569381 0.8921706
vt 0.0551283 0.8896797
vt 0.3510377 0.0000000
vt 0.3489619 0.0000000
vt 0.5541003 0.8136517
vt 0.5541003 0.8136517
vt 0.5541003 0.8136517
vt 0.2999998 0.4898889
vt 0.2999998 0.4898889
vt 0.2999998 0.4898889
vt 0.2999998 0.4898889
vt 0.5224540 0.8255529
vt 0.5215026 0.8226246
vt 0.3010377 0.5000000
vt 0.2989619 0.5000000
vt 0.0541003 0.8136517
vt 0.0541003 0.8136517
vt 0.0541003 0.8136517
vt 0.2999998 0.0101112
vt 0.2999998 0.0101112
vt 0.2999998 0.0101111
vt 0.2999998 0.0101111
vt 0.0224541 0.8255529
vt 0.0215026 0.8226246
vt 0.3010377 0.0000000
vt 0.2989619 0.0000000
vt 0.5440189 0.7500000
vt 0.5440189 0.7500000
vt 0.5440189 0.7500000
vt 0.2499998 0.4898889
vt 0.2499998 0.4898889
vt 0.2499998 0.4898889
vt 0.2499998 0.4898889
vt 0.5102438 0.7515395
vt 0.5102438 0.7484605
vt 0.2510377 0.5000000
vt 0.2489619 0.5000000
vt 0.0440188 0.7500000
vt 0.0440188 0.7500000
vt 0.0440188 0.7500000
vt 0.2499998 0.0101112
vt 0.2499998 0.0101111
vt 0.2499998 0.0101112
vt 0.2499998 0.0101111
vt 0.0102438 0.7515395
vt 0.0102438 0.7484605
vt 0.2510377 0.0000000
vt 0.2489619 0.0000000
vt 0.5541002 0.6863483
vt 0.5541002 0.6863483
vt 0.5541002 0.6863483
vt 0.1999998 0.4898889
vt 0.1999998 0.4898889
vt 0.1999998 0.4898889
vt 0.1999998 0.4898889
vt 0.5224541 0.6744471
vt 0.5215026 0.6773754
vt 0.1989619 0.5000000
vt 0.2010377 0.5000000
vt 0.0541003 0.6863483
vt 0.0541003 0.6863483
vt 0.0541003 0.6863483
vt 0.1999998 0.0101111
vt 0.1999998 0.0101111
vt 0.1999998 0.0101112
vt 0.1999998 0.0101112
vt 0.0224541 0.6744471
vt 0.0215026 0.6773754
vt 0.1989619 0.0000000
vt 0.2010377 0.0000000
vt 0.5833577 0.6289272
vt 0.5833577 0.6289272
vt 0.5833577 0.6289272
vt 0.1499998 0.4898889
vt 0.1499998 0.4898889
vt 0.1499998 0.4898889
vt 0.1499998 0.4898889
vt 0.5569381 0.6078293
vt 0.5551282 0.6103203
vt 0.1489619 0.5000000
vt 0.1510377 0.5000000
vt 0.0833577 0.6289273
vt 0.0833577 0.6289273
vt 0.0833577 0.6289273
vt 0.1499998 0.0101112
vt 0.1499998 0.0101112
vt 0.1499998 0.0101112
vt 0.1499998 0.0101112
vt 0.0569381 0.6078293
vt 0.0551283 0.6103203
vt 0.1489619 0.0000000
vt 0.1510377 0.0000000
vt 0.6289274 0.5833577
vt 0.6289274 0.5833577
vt 0.6289274 0.5833577
vt 0.0999998 0.4898889
vt 0.0999998 0.4898889
vt 0.0999998 0.4898888
vt 0.0999998 0.4898888
vt 0.6103203 0.5551283
vt 0.6078294 0.5569381
vt 0.0989619 0.5000000
vt 0.1010377 0.5000000
vt 0.1289273 0.5833577
vt 0.1289273 0.5833577
vt 0.1289273 0.5833577
vt 0.0999998 0.0101111
vt 0.0999998 0.0101111
vt 0.0999998 0.0101112
vt 0.0999998 0.0101112
vt 0.1103203 0.5551283
vt 0.1078294 0.5569381
vt 0.0989619 0.0000000
vt 0.1010377 0.0000000
vt 0.6863483 0.5541003
vt 0.6863483 0.5541003
vt 0.6863483 0.5541003
vt 0.0499998 0.4898889
vt 0.0499998 0.4898889
vt 0.0499998 0.4898889
vt 0.0499998 0.4898889
vt 0.6773754 0.5215026
vt 0.0489619 0.5000000
vt 0.6744471 0.5224541
vt 0.0510378 0.5000000
vt 0.1863483 0.5541003
vt 0.1863483 0.5541003
vt 0.1863483 0.5541003
vt 0.0499998 0.0101111
vt 0.0499998 0.0101111
vt 0.0499998 0.0101112
vt 0.0499998 0.0101112
vt 0.1773754 0.5215026
vt 0.0489619 0.0000000
vt 0.1744471 0.5224540
vt 0.0510377 0.0000000
vn -1.0000000 0.0000001 0.0000000
vn -0.9238708 -0.0598980 -0.3779880
vn -0.9238708 0.0598982 -0.3779880
vn -0.3827009 -0.1445003 -0.9125019
vn -0.0000000 -0.1563991 -0.9876939
vn -0.3827008 0.1445004 -0.9125019
vn 0.0000000 0.1563991 -0.9876939
vn -0.9238708 -0.0598980 -0.3779880
vn -0.3827009 -0.1445003 -0.9125019
vn -0.9238708 0.0598982 -0.3779880
vn -0.3827008 0.1445004 -0.9125019
vn 1.0000000 -0.0000001 0.0000000
vn 0.9238708 -0.0598982 -0.3779880
vn 0.9238708 0.0598980 -0.3779880
vn 0.3827008 -0.1445004 -0.9125019
vn -0.0000000 -0.1563991 -0.9876939
vn 0.3827009 0.1445003 -0.9125019
vn 0.0000000 0.1563991 -0.9876939
vn 0.9238708 -0.0598982 -0.3779880
vn 0.3827008 -0.1445004 -0.9125019
vn 0.9238708 0.0598980 -0.3779880
vn 0.3827009 0.1445003 -0.9125019
vn -1.0000000 0.0000001 0.0000000
vn -0.9238708 -0.0598980 -0.3779880
vn -0.9238798 -0.1736961 -0.3409925
vn -0.3827009 -0.1445003 -0.9125019
vn -0.0000000 -0.1563991 -0.9876939
vn -0.3826974 -0.4193971 -0.8231943
vn -0.0000001 -0.4540008 -0.8910013
vn -0.9238708 -0.0598980 -0.3779880
vn -0.3827009 -0.1445003 -0.9125019
vn -0.9238798 -0.1736961 -0.3409925
vn -0.3826974 -0.4193971 -0.8231943
vn 1.0000000 -0.0000001 0.0000000
vn 0.9238708 -0.0598982 -0.3779880
vn 0.9238797 -0.1736963 -0.3409925
vn 0.3827008 -0.1445004 -0.9125019
vn -0.0000000 -0.1563991 -0.9876939
vn 0.3826973 -0.4193972 -0.8231943
vn -0.0000001 -0.4540008 -0.8910013
vn 0.9238708 -0.0598982 -0.3779880
vn 0.3827008 -0.1445004 -0.9125019
vn 0.9238797 -0.1736963 -0.3409925
vn 0.3826973 -0.4193972 -0.8231943
vn -1.0000000 0.0000001 0.0000000
vn -0.9238798 -0.1736961 -0.3409925
vn -0.9238816 -0.2705945 -0.2705946
vn -0.3826974 -0.4193971 -0.8231943
vn -0.0000001 -0.4540008 -0.8910013
vn -0.3826884 -0.6532800 -0.6532800
vn -0.0000001 -0.7071068 -0.7071067
vn -0.9238798 -0.1736961 -0.3409925
vn -0.9238816 -0.2705945 -0.2705946
vn -0.3826974 -0.4193971 -0.8231943
vn -0.3826884 -0.6532800 -0.6532800
vn 1.0000000 -0.0000001 0.0000000
vn 0.9238797 -0.1736963 -0.3409925
vn 0.9238815 -0.2705947 -0.2705946
vn 0.3826973 -0.4193972 -0.8231943
vn -0.0000001 -0.4540008 -0.8910013
vn 0.3826882 -0.6532801 -0.6532800
vn -0.0000001 -0.7071068 -0.7071067
vn 0.9238797 -0.1736963 -0.3409925
vn 0.9238815 -0.2705947 -0.2705946
vn 0.3826973 -0.4193972 -0.8231943
vn 0.3826882 -0.6532801 -0.6532800
vn -1.0000000 0.0000001 0.0000000
vn -0.9238816 -0.2705945 -0.2705946
vn -0.9238798 -0.3409924 -0.1736962
vn -0.3826884 -0.6532800 -0.6532800
vn -0.0000001 -0.7071068 -0.7071067
vn -0.3826974 -0.8231943 -0.4193970
vn -0.0000001 -0.8910014 -0.4540007
vn -0.9238816 -0.2705945 -0.2705946
vn -0.9238798 -0.3409924 -0.1736962
vn -0.3826884 -0.6532800 -0.6532800
vn -0.3826974 -0.8231943 -0.4193970
vn 1.0000000 -0.0000001 0.0000000
vn 0.9238815 -0.2705947 -0.2705946
vn 0.9238797 -0.3409926 -0.1736962
vn 0.3826882 -0.6532801 -0.6532800
vn -0.0000001 -0.7071068 -0.7071067
vn 0.3826972 -0.8231944 -0.4193970
vn -0.0000001 -0.8910014 -0.4540007
vn 0.9238815 -0.2705947 -0.2705946
vn 0.9238797 -0.3409926 -0.1736962
vn 0.3826882 -0.6532801 -0.6532800
vn 0.3826972 -0.8231944 -0.4193970
vn -1.0000000 0.0000001 0.0000000
vn -0.9238798 -0.3409924 -0.1736962
vn -0.9238709 -0.3779879 -0.0598981
vn -0.3826974 -0.8231943 -0.4193970
vn -0.0000001 -0.8910014 -0.4540007
vn -0.3827009 -0.9125019 -0.1445003
vn -0.0000001 -0.9876940 -0.1563990
vn -0.9238798 -0.3409924 -0.1736962
vn -0.9238709 -0.3779879 -0.0598981
vn -0.3826974 -0.8231943 -0.4193970
vn -0.3827009 -0.9125019 -0.1445003
vn 1.0000000 -0.0000001 0.0000000
vn 0.9238797 -0.3409926 -0.1736962
vn 0.9238708 -0.3779882 -0.0598981
vn 0.3826972 -0.8231944 -0.4193970
vn -0.0000001 -0.8910014 -0.4540007
vn 0.3827007 -0.9125020 -0.1445003
vn -0.0000001 -0.9876940 -0.1563990
vn 0.9238797 -0.3409926 -0.1736962
vn 0.9238708 -0.3779882 -0.0598981
vn 0.3826972 -0.8231944 -0.4193970
vn 0.3827007 -0.9125020 -0.1445003
vn -1.0000000 0.0000001 0.0000000
vn -0.9238709 -0.3779879 0.0598981
vn -0.9238709 -0.3779879 -0.0598981
vn -0.3827009 -0.9125019 0.1445003
vn -0.3827009 -0.9125019 -0.1445003
vn -0.0000001 -0.9876940 0.1563990
vn -0.0000001 -0.9876940 -0.1563990
vn -0.9238709 -0.3779879 0.0598981
vn -0.9238709 -0.3779879 -0.0598981
vn -0.3827009 -0.9125019 0.1445003
vn -0.3827009 -0.9125019 -0.1445003
vn 1.0000000 -0.0000001 0.0000000
vn 0.9238708 -0.3779882 0.0598981
vn 0.9238708 -0.3779882 -0.0598981
vn 0.3827007 -0.9125020 0.1445003
vn 0.3827007 -0.9125020 -0.1445003
vn -0.0000001 -0.9876940 0.1563990
vn -0.0000001 -0.9876940 -0.1563990
vn 0.9238708 -0.3779882 0.0598981
vn 0.9238708 -0.3779882 -0.0598981
vn 0.3827007 -0.9125020 0.1445003
vn 0.3827007 -0.9125020 -0.1445003
vn -1.0000000 0.0000001 0.0000000
vn -0.9238798 -0.3409924 0.1736962
vn -0.9238709 -0.3779879 0.0598981
vn -0.3826974 -0.8231943 0.4193970
vn -0.0000001 -0.8910014 0.4540007
vn -0.3827009 -0.9125019 0.1445003
vn -0.0000001 -0.9876940 0.1563990
vn -0.9238798 -0.3409924 0.1736962
vn -0.9238709 -0.3779879 0.0598981
vn -0.3826974 -0.8231943 0.4193970
vn -0.3827009 -0.9125019 0.1445003
vn 1.0000000 -0.0000001 0.0000000
vn 0.9238797 -0.3409926 0.1736962
vn 0.9238708 -0.3779882 0.0598981
vn 0.3826972 -0.8231944 0.4193970
vn -0.0000001 -0.8910014 0.4540007
vn 0.3827007 -0.9125020 0.1445003
vn -0.0000001 -0.9876940 0.1563990
vn 0.9238797 -0.3409926 0.1736962
vn 0.9238708 -0.3779882 0.0598981
vn 0.3826972 -0.8231944 0.4193970
vn 0.3827007 -0.9125020 0.1445003
vn -1.0000000 0.0000001 0.0000000
vn -0.9238816 -0.2705945 0.2705946
vn -0.9238798 -0.3409924 0.1736962
vn -0.3826884 -0.6532800 0.6532800
vn -0.0000001 -0.7071068 0.7071067
vn -0.3826974 -0.8231943 0.4193970
vn -0.0000001 -0.8910014 0.4540007
vn -0.9238816 -0.2705945 0.2705946
vn -0.9238798 -0.3409924 0.1736962
vn -0.3826884 -0.6532800 0.6532800
vn -0.3826974 -0.8231943 0.4193970
vn 1.0000000 -0.0000001 0.0000000
vn 0.9238815 -0.2705947 0.2705946
vn 0.9238797 -0.3409926 0.1736962
vn 0.3826882 -0.6532801 0.6532800
vn -0.0000001 -0.7071068 0.7071067
vn 0.3826972 -0.8231944 0.4193970
vn -0.0000001 -0.8910014 0.4540007
vn 0.9238815 -0.2705947 0.2705946
vn 0.9238797 -0.3409926 0.1736962
vn 0.3826882 -0.6532801 0.6532800
vn 0.3826972 -0.8231944 0.4193970
vn -1.0000000 0.0000001 0.0000000
vn -0.9238798 -0.1736961 0.3409925
vn -0.9238816 -0.2705945 0.2705946
vn -0.3826974 -0.4193971 0.8231943
vn -0.0000001 -0.4540008 0.8910013
vn -0.3826884 -0.6532800 0.6532800
vn -0.0000001 -0.7071068 0.7071067
vn -0.9238798 -0.1736961 0.3409925
vn -0.9238816 -0.2705945 0.2705946
vn -0.3826974 -0.4193971 0.8231943
vn -0.3826884 -0.6532800 0.6532800
vn 1.0000000 -0.0000001 0.0000000
vn 0.9238797 -0.1736963 0.3409925
vn 0.9238815 -0.2705947 0.2705946
vn 0.3826973 -0.4193972 0.8231943
vn -0.0000001 -0.4540008 0.8910013
vn 0.3826882 -0.6532801 0.6532800
vn -0.0000001 -0.7071068 0.7071067
vn 0.9238797 -0.1736963 0.3409925
vn 0.9238815 -0.2705947 0.2705946
vn 0.3826973 -0.4193972 0.8231943
vn 0.3826882 -0.6532801 0.6532800
vn -1.0000000 0.0000001 0.0000000
vn -0.9238708 -0.0598980 0.3779880
vn -0.9238798 -0.1736961 0.3409925
vn -0.3827009 -0.1445003 0.9125019
vn -0.0000000 -0.1563991 0.9876939
vn -0.3826974 -0.4193971 0.8231943
vn -0.0000001 -0.4540008 0.8910013
vn -0.9238708 -0.0598980 0.3779880
vn -0.3827009 -0.1445003 0.9125019
vn -0.9238798 -0.1736961 0.3409925
vn -0.3826974 -0.4193971 0.8231943
vn 1.0000000 -0.0000001 0.0000000
vn 0.9238708 -0.0598982 0.3779880
vn 0.9238797 -0.1736963 0.3409925
vn 0.3827008 -0.1445004 0.9125019
vn -0.0000000 -0.1563991 0.9876939
vn 0.3826973 -0.4193972 0.8231943
vn -0.0000001 -0.4540008 0.8910013
vn 0.9238708 -0.0598982 0.3779880
vn 0.3827008 -0.1445004 0.9125019
vn 0.9238797 -0.1736963 0.3409925
vn 0.3826973 -0.4193972 0.8231943
vn -1.0000000 0.0000001 0.0000000
vn -0.9238708 -0.0598980 0.3779880
vn -0.9238708 0.0598982 0.3779880
vn -0.3827009 -0.1445003 0.9125019
vn -0.0000000 -0.1563991 0.9876939
vn -0.3827008 0.1445004 0.9125019
vn 0.0000000 0.1563991 0.9876939
vn -0.9238708 -0.0598980 0.3779880
vn -0.3827009 -0.1445003 0.9125019
vn -0.9238708 0.0598982 0.3779880
vn -0.3827008 0.1445004 0.9125019
vn 1.0000000 -0.0000001 0.0000000
vn 0.9238708 -0.0598982 0.3779880
vn 0.9238708 0.0598980 0.3779880
vn 0.3827008 -0.1445004 0.9125019
vn -0.0000000 -0.1563991 0.9876939
vn 0.3827009 0.1445003 0.9125019
vn 0.0000000 0.1563991 0.9876939
vn 0.9238708 -0.0598982 0.3779880
vn 0.3827008 -0.1445004 0.9125019
vn 0.9238708 0.0598980 0.3779880
vn 0.3827009 0.1445003 0.9125019
vn -1.0000000 0.0000001 0.0000000
vn -0.9238708 0.0598982 0.3779880
vn -0.9238797 0.1736963 0.3409925
vn -0.3827008 0.1445004 0.9125019
vn 0.0000000 0.1563991 0.9876939
vn -0.3826973 0.4193972 0.8231943
vn 0.0000001 0.4540008 0.8910013
vn -0.9238708 0.0598982 0.3779880
vn -0.3827008 0.1445004 0.9125019
vn -0.9238797 0.1736963 0.3409925
vn -0.3826973 0.4193972 0.8231943
vn 1.0000000 -0.0000001 0.0000000
vn 0.9238708 0.0598980 0.3779880
vn 0.9238798 0.1736961 0.3409925
vn 0.3827009 0.1445003 0.9125019
vn 0.0000000 0.1563991 0.9876939
vn 0.3826974 0.4193971 0.8231943
vn 0.0000001 0.4540008 0.8910013
vn 0.9238708 0.0598980 0.3779880
vn 0.3827009 0.1445003 0.9125019
vn 0.9238798 0.1736961 0.3409925
vn 0.3826974 0.4193971 0.8231943
vn -1.0000000 0.0000001 0.0000000
vn -0.9238797 0.1736963 0.3409925
vn -0.9238815 0.2705947 0.2705946
vn -0.3826973 0.4193972 0.8231943
vn 0.0000001 0.4540008 0.8910013
vn -0.3826882 0.6532801 0.6532800
vn 0.0000001 0.7071068 0.7071067
vn -0.9238797 0.1736963 0.3409925
vn -0.9238815 0.2705947 0.2705946
vn -0.3826973 0.4193972 0.8231943
vn -0.3826882 0.6532801 0.6532800
vn 1.0000000 -0.0000001 0.0000000
vn 0.9238798 0.1736961 0.3409925
vn 0.9238816 0.2705945 0.2705946
vn 0.3826974 0.4193971 0.8231943
vn 0.0000001 0.4540008 0.8910013
vn 0.3826884 0.6532800 0.6532800
vn 0.0000001 0.7071068 0.7071067
vn 0.9238798 0.1736961 0.3409925
vn 0.9238816 0.2705945 0.2705946
vn 0.3826974 0.4193971 0.8231943
vn 0.3826884 0.6532800 0.6532800
vn -1.0000000 0.0000001 0.0000000
vn -0.9238815 0.2705947 0.2705946
vn -0.9238797 0.3409926 0.1736962
vn -0.3826882 0.6532801 0.6532800
vn 0.0000001 0.7071068 0.7071067
vn -0.3826972 0.8231944 0.4193970
vn 0.0000001 0.8910014 0.4540007
vn -0.9238815 0.2705947 0.2705946
vn -0.9238797 0.3409926 0.1736962
vn -0.3826882 0.6532801 0.6532800
vn -0.3826972 0.8231944 0.4193970
vn 1.0000000 -0.0000001 0.0000000
vn 0.9238816 0.2705945 0.2705946
vn 0.9238798 0.3409924 0.1736962
vn 0.3826884 0.6532800 0.6532800
vn 0.0000001 0.7071068 0.7071067
vn 0.3826974 0.8231943 0.4193970
vn 0.0000001 0.8910014 0.4540007
vn 0.9238816 0.2705945 0.2705946
vn 0.9238798 0.3409924 0.1736962
vn 0.3826884 0.6532800 0.6532800
vn 0.3826974 0.8231943 0.4193970
vn -1.0000000 0.0000001 0.0000000
vn -0.9238797 0.3409926 0.1736962
vn -0.9238708 0.3779882 0.0598981
vn -0.3826972 0.8231944 0.4193970
vn 0.0000001 0.8910014 0.4540007
vn -0.3827007 0.9125020 0.1445003
vn 0.0000001 0.9876940 0.1563990
vn -0.9238797 0.3409926 0.1736962
vn -0.9238708 0.3779882 0.0598981
vn -0.3826972 0.8231944 0.4193970
vn -0.3827007 0.9125020 0.1445003
vn 1.0000000 -0.0000001 0.0000000
vn 0.9238798 0.3409924 0.1736962
vn 0.9238709 0.3779879 0.0598981
vn 0.3826974 0.8231943 0.4193970
vn 0.0000001 0.8910014 0.4540007
vn 0.3827009 0.9125019 0.1445003
vn 0.0000001 0.9876940 0.1563990
vn 0.9238798 0.3409924 0.1736962
vn 0.9238709 0.3779879 0.0598981
vn 0.3826974 0.8231943 0.4193970
vn 0.3827009 0.9125019 0.1445003
vn -1.0000000 0.0000001 0.0000000
vn -0.9238708 0.3779882 0.0598981
vn -0.9238708 0.3779882 -0.0598981
vn -0.3827007 0.9125020 0.1445003
vn -0.3827007 0.9125020 -0.1445003
vn 0.0000001 0.9876940 0.1563990
vn 0.0000001 0.9876940 -0.1563990
vn -0.9238708 0.3779882 0.0598981
vn -0.9238708 0.3779882 -0.0598981
vn -0.3827007 0.9125020 0.1445003
vn -0.3827007 0.9125020 -0.1445003
vn 1.0000000 -0.0000001 0.0000000
vn 0.9238709 0.3779879 0.0598981
vn 0.9238709 0.3779879 -0.0598981
vn 0.3827009 0.9125019 0.1445003
vn 0.3827009 0.9125019 -0.1445003
vn 0.0000001 0.9876940 0.1563990
vn 0.0000001 0.9876940 -0.1563990
vn 0.9238709 0.3779879 0.0598981
vn 0.9238709 0.3779879 -0.0598981
vn 0.3827009 0.9125019 0.1445003
vn 0.3827009 0.9125019 -0.1445003
vn -1.0000000 0.0000001 0.0000000
vn -0.9238797 0.3409926 -0.1736962
vn -0.9238708 0.3779882 -0.0598981
vn -0.3826972 0.8231944 -0.4193970
vn 0.0000001 0.8910014 -0.4540007
vn -0.3827007 0.9125020 -0.1445003
vn 0.0000001 0.9876940 -0.1563990
vn -0.9238797 0.3409926 -0.1736962
vn -0.9238708 0.3779882 -0.0598981
vn -0.3826972 0.8231944 -0.4193970
vn -0.3827007 0.9125020 -0.1445003
vn 1.0000000 -0.0000001 0.0000000
vn 0.9238798 0.3409924 -0.1736962
vn 0.9238709 0.3779879 -0.0598981
vn 0.3826974 0.8231943 -0.4193970
vn 0.0000001 0.8910014 -0.4540007
vn 0.3827009 0.9125019 -0.1445003
vn 0.0000001 0.9876940 -0.1563990
vn 0.9238798 0.3409924 -0.1736962
vn 0.9238709 0.3779879 -0.0598981
vn 0.3826974 0.8231943 -0.4193970
vn 0.3827009 0.9125019 -0.1445003
vn -1.0000000 0.0000001 0.0000000
vn -0.9238815 0.2705947 -0.2705946
vn -0.9238797 0.3409926 -0.1736962
vn -0.3826882 0.6532801 -0.6532800
vn 0.0000001 0.7071068 -0.7071067
vn -0.3826972 0.8231944 -0.4193970
vn 0.0000001 0.8910014 -0.4540007
vn -0.9238815 0.2705947 -0.2705946
vn -0.9238797 0.3409926 -0.1736962
vn -0.3826882 0.6532801 -0.6532800
vn -0.3826972 0.8231944 -0.4193970
vn 1.0000000 -0.0000001 0.0000000
vn 0.9238816 0.2705945 -0.2705946
vn 0.9238798 0.3409924 -0.1736962
vn 0.3826884 0.6532800 -0.6532800
vn 0.0000001 0.7071068 -0.7071067
vn 0.3826974 0.8231943 -0.4193970
vn 0.0000001 0.8910014 -0.4540007
vn 0.9238816 0.2705945 -0.2705946
vn 0.9238798 0.3409924 -0.1736962
vn 0.3826884 0.6532800 -0.6532800
vn 0.3826974 0.8231943 -0.4193970
vn -1.0000000 0.0000001 0.0000000
vn -0.9238797 0.1736963 -0.3409925
vn -0.9238815 0.2705947 -0.2705946
vn -0.3826973 0.4193972 -0.8231943
vn 0.0000001 0.4540008 -0.8910013
vn -0.3826882 0.6532801 -0.6532800
vn 0.0000001 0.7071068 -0.7071067
vn -0.9238797 0.1736963 -0.3409925
vn -0.9238815 0.2705947 -0.2705946
vn -0.3826973 0.4193972 -0.8231943
vn -0.3826882 0.6532801 -0.6532800
vn 1.0000000 -0.0000001 0.0000000
vn 0.9238798 0.1736961 -0.3409925
vn 0.9238816 0.2705945 -0.2705946
vn 0.3826974 0.4193971 -0.8231943
vn 0.0000001 0.4540008 -0.8910013
vn 0.3826884 0.6532800 -0.6532800
vn 0.0000001 0.7071068 -0.7071067
vn 0.9238798 0.1736961 -0.3409925
vn 0.9238816 0.2705945 -0.2705946
vn 0.3826974 0.4193971 -0.8231943
vn 0.3826884 0.6532800 -0.6532800
vn -1.0000000 0.0000001 0.0000000
vn -0.9238708 0.0598982 -0.3779880
vn -0.9238797 0.1736963 -0.3409925
vn -0.3827008 0.1445004 -0.9125019
vn 0.0000000 0.1563991 -0.9876939
vn -0.3826973 0.4193972 -0.8231943
vn 0.0000001 0.4540008 -0.8910013
vn -0.9238708 0.0598982 -0.3779880
vn -0.3827008 0.1445004 -0.9125019
vn -0.9238797 0.1736963 -0.3409925
vn -0.3826973 0.4193972 -0.8231943
vn 1.0000000 -0.0000001 0.0000000
vn 0.9238708 0.0598980 -0.3779880
vn 0.9238798 0.1736961 -0.3409925
vn 0.3827009 0.1445003 -0.9125019
vn 0.0000000 0.1563991 -0.9876939
vn 0.3826974 0.4193971 -0.8231943
vn 0.0000001 0.4540008 -0.8910013
vn 0.9238708 0.0598980 -0.3779880
vn 0.3827009 0.1445003 -0.9125019
vn 0.9238798 0.1736961 -0.3409925
vn 0.3826974 0.4193971 -0.8231943
f 1295/1295/1295 1306/1306/1306 890/890/890
f 1295/1295/1295 890/890/890 879/879/879
f 923/923/923 934/934/934 954/954/954
f 923/923/923 954/954/954 943/943/943
f 945/945/945 956/956/956 976/976/976
f 945/945/945 976/976/976 965/965/965
f 967/967/967 978/978/978 1000/1000/1000
f 967/967/967 1000/1000/1000 989/989/989
f 988/988/988 999/999/999 1022/1022/1022
f 988/988/988 1022/1022/1022 1011/1011/1011
f 1009/1009/1009 1020/1020/1020 1044/1044/1044
f 1009/1009/1009 1044/1044/1044 1033/1033/1033
f 1031/1031/1031 1042/1042/1042 1066/1066/1066
f 1031/1031/1031 1066/1066/1066 1055/1055/1055
f 1053/1053/1053 1064/1064/1064 1088/1088/1088
f 1053/1053/1053 1088/1088/1088 1077/1077/1077
f 1075/1075/1075 1086/1086/1086 1108/1108/1108
f 1075/1075/1075 1108/1108/1108 1097/1097/1097
f 1099/1099/1099 1110/1110/1110 1130/1130/1130
f 1099/1099/1099 1130/1130/1130 1119/1119/1119
f 1121/1121/1121 1132/1132/1132 1152/1152/1152
f 1121/1121/1121 1152/1152/1152 1141/1141/1141
f 1143/1143/1143 1154/1154/1154 1174/1174/1174
f 1143/1143/1143 1174/1174/1174 1163/1163/1163
f 1165/1165/1165 1176/1176/1176 1196/1196/1196
f 1165/1165/1165 1196/1196/1196 1185/1185/1185
f 1187/1187/1187 1198/1198/1198 1219/1219/1219
f 1187/1187/1187 1219/1219/1219 1208/1208/1208
f 1209/1209/1209 1220/1220/1220 1242/1242/1242
f 1209/1209/1209 1242/1242/1242 1231/1231/1231
f 1229/1229/1229 1240/1240/1240 1264/1264/1264
f 1229/1229/1229 1264/1264/1264 1253/1253/1253
f 1251/1251/1251 1262/1262/1262 1286/1286/1286
f 1251/1251/1251 1286/1286/1286 1275/1275/1275
f 1273/1273/1273 1284/1284/1284 1308/1308/1308
f 1273/1273/1273 1308/1308/1308 1297/1297/1297
f 901/901/901 912/912/912 932/932/932
f 901/901/901 932/932/932 921/921/921
f 928/928/928 906/906/906 884/884/884
f 884/884/884 1302/1302/1302 1280/1280/1280
f 1280/1280/1280 1258/1258/1258 1236/1236/1236
f 1236/1236/1236 1214/1214/1214 1192/1192/1192
f 1192/1192/1192 1170/1170/1170 1148/1148/1148
f 1148/1148/1148 1126/1126/1126 1104/1104/1104
f 1104/1104/1104 1082/1082/1082 1060/1060/1060
f 1060/1060/1060 1038/1038/1038 1016/1016/1016
f 1016/1016/1016 994/994/994 972/972/972
f 972/972/972 950/950/950 928/928/928
f 928/928/928 884/884/884 1280/1280/1280
f 1280/1280/1280 1236/1236/1236 1192/1192/1192
f 1192/1192/1192 1148/1148/1148 1104/1104/1104
f 1104/1104/1104 1060/1060/1060 1016/1016/1016
f 1016/1016/1016 972/972/972 928/928/928
f 928/928/928 1280/1280/1280 1192/1192/1192
f 1192/1192/1192 1104/1104/1104 1016/1016/1016
f 1192/1192/1192 1016/1016/1016 928/928/928
f 877/877/877 888/888/888 910/910/910
f 877/877/877 910/910/910 899/899/899
f 876/876/876 898/898/898 903/903/903
f 876/876/876 903/903/903 881/881/881
f 880/880/880 902/902/902 896/896/896
f 880/880/880 896/896/896 874/874/874
f 909/909/909 887/887/887 892/892/892
f 909/909/909 892/892/892 914/914/914
f 913/913/913 891/891/891 885/885/885
f 913/913/913 885/885/885 907/907/907
f 900/900/900 920/920/920 926/926/926
f 900/900/900 926/926/926 905/905/905
f 904/904/904 924/924/924 918/918/918
f 904/904/904 918/918/918 897/897/897
f 931/931/931 911/911/911 916/916/916
f 931/931/931 916/916/916 937/937/937
f 935/935/935 915/915/915 908/908/908
f 935/935/935 908/908/908 929/929/929
f 922/922/922 942/942/942 948/948/948
f 922/922/922 948/948/948 927/927/927
f 925/925/925 946/946/946 940/940/940
f 925/925/925 940/940/940 919/919/919
f 953/953/953 933/933/933 938/938/938
f 953/953/953 938/938/938 959/959/959
f 957/957/957 936/936/936 930/930/930
f 957/957/957 930/930/930 951/951/951
f 944/944/944 964/964/964 970/970/970
f 944/944/944 970/970/970 949/949/949
f 947/947/947 968/968/968 962/962/962
f 947/947/947 962/962/962 941/941/941
f 975/975/975 955/955/955 960/960/960
f 975/975/975 960/960/960 981/981/981
f 979/979/979 958/958/958 952/952/952
f 979/979/979 952/952/952 973/973/973
f 966/966/966 987/987/987 993/993/993
f 966/966/966 993/993/993 971/971/971
f 969/969/969 991/991/991 985/985/985
f 969/969/969 985/985/985 963/963/963
f 998/998/998 977/977/977 982/982/982
f 998/998/998 982/982/982 1004/1004/1004
f 1002/1002/1002 980/980/980 974/974/974
f 1002/1002/1002 974/974/974 996/996/996
f 986/986/986 1010/1010/1010 1015/1015/1015
f 986/986/986 1015/1015/1015 992/992/992
f 990/990/990 1013/1013/1013 1007/1007/1007
f 990/990/990 1007/1007/1007 984/984/984
f 1021/1021/1021 997/997/997 1003/1003/1003
f 1021/1021/1021 1003/1003/1003 1026/1026/1026
f 1024/1024/1024 1001/1001/1001 995/995/995
f 1024/1024/1024 995/995/995 1018/1018/1018
f 1008/1008/1008 1032/1032/1032 1037/1037/1037
f 1008/1008/1008 1037/1037/1037 1014/1014/1014
f 1012/1012/1012 1035/1035/1035 1029/1029/1029
f 1012/1012/1012 1029/1029/1029 1006/1006/1006
f 1043/1043/1043 1019/1019/1019 1025/1025/1025
f 1043/1043/1043 1025/1025/1025 1048/1048/1048
f 1046/1046/1046 1023/1023/1023 1017/1017/1017
f 1046/1046/1046 1017/1017/1017 1040/1040/1040
f 1030/1030/1030 1054/1054/1054 1059/1059/1059
f 1030/1030/1030 1059/1059/1059 1036/1036/1036
f 1034/1034/1034 1057/1057/1057 1051/1051/1051
f 1034/1034/1034 1051/1051/1051 1028/1028/1028
f 1065/1065/1065 1041/1041/1041 1047/1047/1047
f 1065/1065/1065 1047/1047/1047 1070/1070/1070
f 1068/1068/1068 1045/1045/1045 1039/1039/1039
f 1068/1068/1068 1039/1039/1039 1062/1062/1062
f 1052/1052/1052 1076/1076/1076 1081/1081/1081
f 1052/1052/1052 1081/1081/1081 1058/1058/1058
f 1056/1056/1056 1080/1080/1080 1073/1073/1073
f 1056/1056/1056 1073/1073/1073 1050/1050/1050
f 1087/1087/1087 1063/1063/1063 1069/1069/1069
f 1087/1087/1087 1069/1069/1069 1092/1092/1092
f 1091/1091/1091 1067/1067/1067 1061/1061/1061
f 1091/1091/1091 1061/1061/1061 1084/1084/1084
f 1074/1074/1074 1096/1096/1096 1101/1101/1101
f 1074/1074/1074 1101/1101/1101 1079/1079/1079
f 1078/1078/1078 1100/1100/1100 1094/1094/1094
f 1078/1078/1078 1094/1094/1094 1072/1072/1072
f 1107/1107/1107 1085/1085/1085 1090/1090/1090
f 1107/1107/1107 1090/1090/1090 1112/1112/1112
f 1111/1111/1111 1089/1089/1089 1083/1083/1083
f 1111/1111/1111 1083/1083/1083 1105/1105/1105
f 1098/1098/1098 1118/1118/1118 1123/1123/1123
f 1098/1098/1098 1123/1123/1123 1103/1103/1103
f 1102/1102/1102 1122/1122/1122 1116/1116/1116
f 1102/1102/1102 1116/1116/1116 1095/1095/1095
f 1129/1129/1129 1109/1109/1109 1114/1114/1114
f 1129/1129/1129 1114/1114/1114 1134/1134/1134
f 1133/1133/1133 1113/1113/1113 1106/1106/1106
f 1133/1133/1133 1106/1106/1106 1127/1127/1127
f 1120/1120/1120 1140/1140/1140 1146/1146/1146
f 1120/1120/1120 1146/1146/1146 1125/1125/1125
f 1124/1124/1124 1144/1144/1144 1138/1138/1138
f 1124/1124/1124 1138/1138/1138 1117/1117/1117
f 1151/1151/1151 1131/1131/1131 1136/1136/1136
f 1151/1151/1151 1136/1136/1136 1157/1157/1157
f 1155/1155/1155 1135/1135/1135 1128/1128/1128
f 1155/1155/1155 1128/1128/1128 1149/1149/1149
f 1142/1142/1142 1162/1162/1162 1168/1168/1168
f 1142/1142/1142 1168/1168/1168 1147/1147/1147
f 1145/1145/1145 1166/1166/1166 1160/1160/1160
f 1145/1145/1145 1160/1160/1160 1139/1139/1139
f 1173/1173/1173 1153/1153/1153 1158/1158/1158
f 1173/1173/1173 1158/1158/1158 1179/1179/1179
f 1177/1177/1177 1156/1156/1156 1150/1150/1150
f 1177/1177/1177 1150/1150/1150 1171/1171/1171
f 1164/1164/1164 1184/1184/1184 1190/1190/1190
f 1164/1164/1164 1190/1190/1190 1169/1169/1169
f 1167/1167/1167 1188/1188/1188 1182/1182/1182
f 1167/1167/1167 1182/1182/1182 1161/1161/1161
f 1195/1195/1195 1175/1175/1175 1180/1180/1180
f 1195/1195/1195 1180/1180/1180 1201/1201/1201
f 1199/1199/1199 1178/1178/1178 1172/1172/1172
f 1199/1199/1199 1172/1172/1172 1193/1193/1193
f 1186/1186/1186 1206/1206/1206 1212/1212/1212
f 1186/1186/1186 1212/1212/1212 1191/1191/1191
f 1189/1189/1189 1210/1210/1210 1204/1204/1204
f 1189/1189/1189 1204/1204/1204 1183/1183/1183
f 1217/1217/1217 1197/1197/1197 1202/1202/1202
f 1217/1217/1217 1202/1202/1202 1223/1223/1223
f 1221/1221/1221 1200/1200/1200 1194/1194/1194
f 1221/1221/1221 1194/1194/1194 1215/1215/1215
f 1207/1207/1207 1230/1230/1230 1235/1235/1235
f 1207/1207/1207 1235/1235/1235 1213/1213/1213
f 1211/1211/1211 1233/1233/1233 1227/1227/1227
f 1211/1211/1211 1227/1227/1227 1205/1205/1205
f 1241/1241/1241 1218/1218/1218 1224/1224/1224
f 1241/1241/1241 1224/1224/1224 1246/1246/1246
f 1244/1244/1244 1222/1222/1222 1216/1216/1216
f 1244/1244/1244 1216/1216/1216 1238/1238/1238
f 1228/1228/1228 1252/1252/1252 1257/1257/1257
f 1228/1228/1228 1257/1257/1257 1234/1234/1234
f 1232/1232/1232 1255/1255/1255 1249/1249/1249
f 1232/1232/1232 1249/1249/1249 1226/1226/1226
f 1263/1263/1263 1239/1239/1239 1245/1245/1245
f 1263/1263/1263 1245/1245/1245 1268/1268/1268
f 1266/1266/1266 1243/1243/1243 1237/1237/1237
f 1266/1266/1266 1237/1237/1237 1260/1260/1260
f 1250/1250/1250 1274/1274/1274 1279/1279/1279
f 1250/1250/1250 1279/1279/1279 1256/1256/1256
f 1254/1254/1254 1277/1277/1277 1271/1271/1271
f 1254/1254/1254 1271/1271/1271 1248/1248/1248
f 1285/1285/1285 1261/1261/1261 1267/1267/1267
f 1285/1285/1285 1267/1267/1267 1290/1290/1290
f 1288/1288/1288 1265/1265/1265 1259/1259/1259
f 1288/1288/1288 1259/1259/1259 1282/1282/1282
f 1272/1272/1272 1296/1296/1296 1301/1301/1301
f 1272/1272/1272 1301/1301/1301 1278/1278/1278
f 1276/1276/1276 1300/1300/1300 1293/1293/1293
f 1276/1276/1276 1293/1293/1293 1270/1270/1270
f 1307/1307/1307 1283/1283/1283 1289/1289/1289
f 1307/1307/1307 1289/1289/1289 1312/1312/1312
f 1311/1311/1311 1287/1287/1287 1281/1281/1281
f 1311/1311/1311 1281/1281/1281 1304/1304/1304
f 1294/1294/1294 878/878/878 883/883/883
f 1294/1294/1294 883/883/883 1299/1299/1299
f 1298/1298/1298 882/882/882 875/875/875
f 1298/1298/1298 875/875/875 1292/1292/1292
f 889/889/889 1305/1305/1305 1310/1310/1310
f 889/889/889 1310/1310/1310 894/894/894
f 893/893/893 1309/1309/1309 1303/1303/1303
f 893/893/893 1303/1303/1303 886/886/886
f 1291/1291/1291 873/873/873 895/895/895
f 895/895/895 917/917/917 939/939/939
f 939/939/939 961/961/961 983/983/983
f 983/983/983 1005/1005/1005 1027/1027/1027
f 1027/1027/1027 1049/1049/1049 1071/1071/1071
f 1071/1071/1071 1093/1093/1093 1115/1115/1115
f 1115/1115/1115 1137/1137/1137 1159/1159/1159
f 1159/1159/1159 1181/1181/1181 1203/1203/1203
f 1203/1203/1203 1225/1225/1225 1247/1247/1247
f 1247/1247/1247 1269/1269/1269 1291/1291/1291
f 1291/1291/1291 895/895/895 939/939/939
f 939/939/939 983/983/983 1027/1027/1027
f 1027/1027/1027 1071/1071/1071 1115/1115/1115
f 1115/1115/1115 1159/1159/1159 1203/1203/1203
f 1203/1203/1203 1247/1247/1247 1291/1291/1291
f 1291/1291/1291 939/939/939 1027/1027/1027
f 1027/1027/1027 1115/1115/1115 1203/1203/1203
f 1027/1027/1027 1203/1203/1203 1291/1291/1291
o Buffer_tube.001_0
usemtl Machined_Steel
v -0.0238000 0.0275000 -0.0787000
v -0.0238000 0.0275000 -0.0787000
v -0.0238000 0.0275000 -0.0787000
v -0.0238000 0.0275000 -0.0787000
v -0.0238000 0.0462000 -0.0600000
v -0.0238000 0.0462000 -0.0600000
v -0.0238000 0.0462000 -0.0600000
v -0.0238000 0.0462000 -0.0600000
v -0.0425000 0.0462000 -0.0787000
v -0.0425000 0.0462000 -0.0787000
v -0.0425000 0.0462000 -0.0787000
v -0.0425000 0.0462000 -0.0787000
v -0.0238000 0.0329771 -0.0654771
v -0.0238000 0.0329771 -0.0654771
v -0.0238000 0.0329771 -0.0654771
v -0.0238000 0.0329771 -0.0654771
v -0.0345965 0.0354035 -0.0679035
v -0.0345965 0.0354035 -0.0679035
v -0.0345965 0.0354035 -0.0679035
v -0.0370229 0.0462000 -0.0654771
v -0.0370229 0.0462000 -0.0654771
v -0.0370229 0.0462000 -0.0654771
v -0.0370229 0.0462000 -0.0654771
v -0.0370229 0.0329771 -0.0787000
v -0.0370229 0.0329771 -0.0787000
v -0.0370229 0.0329771 -0.0787000
v -0.0370229 0.0329771 -0.0787000
v -0.0238000 0.0938000 -0.0600000
v -0.0238000 0.0938000 -0.0600000
v -0.0238000 0.0938000 -0.0600000
v -0.0238000 0.0938000 -0.0600000
v -0.0238000 0.1125000 -0.0787000
v -0.0238000 0.1125000 -0.0787000
v -0.0238000 0.1125000 -0.0787000
v -0.0238000 0.1125000 -0.0787000
v -0.0425000 0.0938000 -0.0787000
v -0.0425000 0.0938000 -0.0787000
v -0.0425000 0.0938000 -0.0787000
v -0.0425000 0.0938000 -0.0787000
v -0.0238000 0.1070229 -0.0654771
v -0.0238000 0.1070229 -0.0654771
v -0.0238000 0.1070229 -0.0654771
v -0.0238000 0.1070229 -0.0654771
v -0.0345965 0.1045965 -0.0679035
v -0.0345965 0.1045965 -0.0679035
v -0.0345965 0.1045965 -0.0679035
v -0.0370229 0.1070229 -0.0787000
v -0.0370229 0.1070229 -0.0787000
v -0.0370229 0.1070229 -0.0787000
v -0.0370229 0.1070229 -0.0787000
v -0.0370229 0.0938000 -0.0654771
v -0.0370229 0.0938000 -0.0654771
v -0.0370229 0.0938000 -0.0654771
v -0.0370229 0.0938000 -0.0654771
v -0.0238000 0.0275000 -0.4613000
v -0.0238000 0.0275000 -0.4613000
v -0.0238000 0.0275000 -0.4613000
v -0.0238000 0.0275000 -0.4613000
v -0.0425000 0.0462000 -0.4613000
v -0.0425000 0.0462000 -0.4613000
v -0.0425000 0.0462000 -0.4613000
v -0.0425000 0.0462000 -0.4613000
v -0.0238000 0.0462000 -0.4800000
v -0.0238000 0.0462000 -0.4800000
v -0.0238000 0.0462000 -0.4800000
v -0.0238000 0.0462000 -0.4800000
v -0.0370229 0.0329771 -0.4613000
v -0.0370229 0.0329771 -0.4613000
v -0.0370229 0.0329771 -0.4613000
v -0.0370229 0.0329771 -0.4613000
v -0.0345965 0.0354035 -0.4720965
v -0.0345965 0.0354035 -0.4720965
v -0.0345965 0.0354035 -0.4720965
v -0.0370229 0.0462000 -0.4745229
v -0.0370229 0.0462000 -0.4745229
v -0.0370229 0.0462000 -0.4745229
v -0.0370229 0.0462000 -0.4745229
v -0.0238000 0.0329771 -0.4745229
v -0.0238000 0.0329771 -0.4745229
v -0.0238000 0.0329771 -0.4745229
v -0.0238000 0.0329771 -0.4745229
v -0.0238000 0.1125000 -0.4613000
v -0.0238000 0.1125000 -0.4613000
v -0.0238000 0.1125000 -0.4613000
v -0.0238000 0.1125000 -0.4613000
v -0.0238000 0.0938000 -0.4800000
v -0.0238000 0.0938000 -0.4800000
v -0.0238000 0.0938000 -0.4800000
v -0.0238000 0.0938000 -0.4800000
v -0.0425000 0.0938000 -0.4613000
v -0.0425000 0.0938000 -0.4613000
v -0.0425000 0.0938000 -0.4613000
v -0.0425000 0.0938000 -0.4613000
v -0.0238000 0.1070229 -0.4745229
v -0.0238000 0.1070229 -0.4745229
v -0.0238000 0.1070229 -0.4745229
v -0.0238000 0.1070229 -0.4745229
v -0.0345965 0.1045965 -0.4720965
v -0.0345965 0.1045965 -0.4720965
v -0.0345965 0.1045965 -0.4720965
v -0.0370229 0.0938000 -0.4745229
v -0.0370229 0.0938000 -0.4745229
v -0.0370229 0.0938000 -0.4745229
v -0.0370229 0.0938000 -0.4745229
v -0.0370229 0.1070229 -0.4613000
v -0.0370229 0.1070229 -0.4613000
v -0.0370229 0.1070229 -0.4613000
v -0.0370229 0.1070229 -0.4613000
v 0.0238000 0.0275000 -0.0787000
v 0.0238000 0.0275000 -0.0787000
v 0.0238000 0.0275000 -0.0787000
v 0.0238000 0.0275000 -0.0787000
v 0.0425000 0.0462000 -0.0787000
v 0.0425000 0.0462000 -0.0787000
v 0.0425000 0.0462000 -0.0787000
v 0.0425000 0.0462000 -0.0787000
v 0.0238000 0.0462000 -0.0600000
v 0.0238000 0.0462000 -0.0600000
v 0.0238000 0.0462000 -0.0600000
v 0.0238000 0.0462000 -0.0600000
v 0.0370229 0.0329771 -0.0787000
v 0.0370229 0.0329771 -0.0787000
v 0.0370229 0.0329771 -0.0787000
v 0.0370229 0.0329771 -0.0787000
v 0.0345965 0.0354035 -0.0679035
v 0.0345965 0.0354035 -0.0679035
v 0.0345965 0.0354035 -0.0679035
v 0.0370229 0.0462000 -0.0654771
v 0.0370229 0.0462000 -0.0654771
v 0.0370229 0.0462000 -0.0654771
v 0.0370229 0.0462000 -0.0654771
v 0.0238000 0.0329771 -0.0654771
v 0.0238000 0.0329771 -0.0654771
v 0.0238000 0.0329771 -0.0654771
v 0.0238000 0.0329771 -0.0654771
v 0.0238000 0.1125000 -0.0787000
v 0.0238000 0.1125000 -0.0787000
v 0.0238000 0.1125000 -0.0787000
v 0.0238000 0.1125000 -0.0787000
v 0.0238000 0.0938000 -0.0600000
v 0.0238000 0.0938000 -0.0600000
v 0.0238000 0.0938000 -0.0600000
v 0.0238000 0.0938000 -0.0600000
v 0.0425000 0.0938000 -0.0787000
v 0.0425000 0.0938000 -0.0787000
v 0.0425000 0.0938000 -0.0787000
v 0.0425000 0.0938000 -0.0787000
v 0.0238000 0.1070229 -0.0654771
v 0.0238000 0.1070229 -0.0654771
v 0.0238000 0.1070229 -0.0654771
v 0.0238000 0.1070229 -0.0654771
v 0.0345965 0.1045965 -0.0679035
v 0.0345965 0.1045965 -0.0679035
v 0.0345965 0.1045965 -0.0679035
v 0.0370229 0.0938000 -0.0654771
v 0.0370229 0.0938000 -0.0654771
v 0.0370229 0.0938000 -0.0654771
v 0.0370229 0.0938000 -0.0654771
v 0.0370229 0.1070229 -0.0787000
v 0.0370229 0.1070229 -0.0787000
v 0.0370229 0.1070229 -0.0787000
v 0.0370229 0.1070229 -0.0787000
v 0.0238000 0.0275000 -0.4613000
v 0.0238000 0.0275000 -0.4613000
v 0.0238000 0.0275000 -0.4613000
v 0.0238000 0.0275000 -0.4613000
v 0.0238000 0.0462000 -0.4800000
v 0.0238000 0.0462000 -0.4800000
v 0.0238000 0.0462000 -0.4800000
v 0.0238000 0.0462000 -0.4800000
v 0.0425000 0.0462000 -0.4613000
v 0.0425000 0.0462000 -0.4613000
v 0.0425000 0.0462000 -0.4613000
v 0.0425000 0.0462000 -0.4613000
v 0.0238000 0.0329771 -0.4745229
v 0.0238000 0.0329771 -0.4745229
v 0.0238000 0.0329771 -0.4745229
v 0.0238000 0.0329771 -0.4745229
v 0.0345965 0.0354035 -0.4720965
v 0.0345965 0.0354035 -0.4720965
v 0.0345965 0.0354035 -0.4720965
v 0.0370229 0.0462000 -0.4745229
v 0.0370229 0.0462000 -0.4745229
v 0.0370229 0.0462000 -0.4745229
v 0.0370229 0.0462000 -0.4745229
v 0.0370229 0.0329771 -0.4613000
v 0.0370229 0.0329771 -0.4613000
v 0.0370229 0.0329771 -0.4613000
v 0.0370229 0.0329771 -0.4613000
v 0.0238000 0.1125000 -0.4613000
v 0.0238000 0.1125000 -0.4613000
v 0.0238000 0.1125000 -0.4613000
v 0.0238000 0.1125000 -0.4613000
v 0.0425000 0.0938000 -0.4613000
v 0.0425000 0.0938000 -0.4613000
v 0.0425000 0.0938000 -0.4613000
v 0.0425000 0.0938000 -0.4613000
v 0.0238000 0.0938000 -0.4800000
v 0.0238000 0.0938000 -0.4800000
v 0.0238000 0.0938000 -0.4800000
v 0.0238000 0.0938000 -0.4800000
v 0.0370229 0.1070229 -0.4613000
v 0.0370229 0.1070229 -0.4613000
v 0.0370229 0.1070229 -0.4613000
v 0.0370229 0.1070229 -0.4613000
v 0.0345965 0.1045965 -0.4720965
v 0.0345965 0.1045965 -0.4720965
v 0.0345965 0.1045965 -0.4720965
v 0.0370229 0.0938000 -0.4745229
v 0.0370229 0.0938000 -0.4745229
v 0.0370229 0.0938000 -0.4745229
v 0.0370229 0.0938000 -0.4745229
v 0.0238000 0.1070229 -0.4745229
v 0.0238000 0.1070229 -0.4745229
v 0.0238000 0.1070229 -0.4745229
v 0.0238000 0.1070229 -0.4745229
vt 0.1800000 0.2611310
vt 0.1800000 0.2611310
vt 0.1800000 0.2611310
vt 0.1800000 0.2611310
vt 0.4300000 0.0550000
vt 0.4300000 0.0550000
vt 0.4300000 0.0550000
vt 0.4300000 0.0550000
vt 0.4299999 0.9888691
vt 0.4299999 0.9888691
vt 0.4299999 0.9888691
vt 0.4299999 0.9888691
vt 0.3750000 0.0550000
vt 0.1800000 0.2500000
vt 0.3750000 0.0550000
vt 0.1800000 0.2500000
vt 0.3982458 0.0000000
vt 0.1482457 0.2500000
vt 0.3750000 0.9952955
vt 0.4300000 0.0000000
vt 0.4300000 0.0000000
vt 0.4300000 1.0000000
vt 0.4300000 1.0000000
vt 0.1250000 0.2611309
vt 0.1250000 0.2611309
vt 0.3750000 0.9888691
vt 0.3750000 0.9888691
vt 0.5700000 0.0550000
vt 0.5700000 0.0550000
vt 0.5700000 0.0550000
vt 0.5700000 0.0550000
vt 0.8200000 0.2611310
vt 0.8200000 0.2611310
vt 0.8200000 0.2611310
vt 0.8200000 0.2611310
vt 0.5700000 0.9888691
vt 0.5700000 0.9888691
vt 0.5700000 0.9888691
vt 0.5700000 0.9888691
vt 0.6250000 0.0550000
vt 0.8200001 0.2500000
vt 0.6250000 0.0550000
vt 0.8200001 0.2500000
vt 0.6250000 0.0232458
vt 0.8750000 0.2547045
vt 0.6017542 1.0000000
vt 0.8750000 0.2611309
vt 0.8750000 0.2611309
vt 0.6250000 0.9888691
vt 0.6250000 0.9888691
vt 0.5700000 0.0000000
vt 0.5700000 0.0000000
vt 0.5700000 1.0000000
vt 0.5700000 1.0000000
vt 0.1800000 0.4888691
vt 0.1800000 0.4888691
vt 0.1800000 0.4888691
vt 0.1800000 0.4888691
vt 0.4300000 0.7611309
vt 0.4300000 0.7611309
vt 0.4300000 0.7611309
vt 0.4300000 0.7611309
vt 0.4300000 0.6950000
vt 0.4300000 0.6950000
vt 0.4300000 0.6950000
vt 0.4300000 0.6950000
vt 0.1250000 0.4888691
vt 0.1250000 0.4888691
vt 0.3750000 0.7611309
vt 0.3750000 0.7611309
vt 0.3750000 0.7267542
vt 0.1250000 0.4952955
vt 0.3982458 0.7500000
vt 0.4300000 0.7500000
vt 0.4300000 0.7500000
vt 0.4300000 0.7500000
vt 0.4300000 0.7500000
vt 0.3750000 0.6950000
vt 0.1800000 0.5000000
vt 0.3750000 0.6950000
vt 0.1800000 0.5000000
vt 0.8200000 0.4888690
vt 0.8200000 0.4888690
vt 0.8200000 0.4888690
vt 0.8200000 0.4888690
vt 0.5700000 0.6950000
vt 0.5700000 0.6950000
vt 0.5700000 0.6950000
vt 0.5700000 0.6950000
vt 0.5700001 0.7611309
vt 0.5700001 0.7611309
vt 0.5700001 0.7611309
vt 0.5700001 0.7611309
vt 0.6250000 0.6950000
vt 0.8200000 0.5000000
vt 0.6250000 0.6950000
vt 0.8200000 0.5000000
vt 0.6017542 0.7500000
vt 0.8517542 0.5000000
vt 0.6250000 0.7547045
vt 0.5700000 0.7500000
vt 0.5700000 0.7500000
vt 0.5700000 0.7500000
vt 0.5700000 0.7500000
vt 0.8750000 0.4888691
vt 0.8750000 0.4888691
vt 0.6250000 0.7611309
vt 0.6250000 0.7611309
vt 0.3200000 0.2611310
vt 0.3200000 0.2611310
vt 0.3200000 0.2611310
vt 0.3200000 0.2611310
vt 0.4300000 0.2611310
vt 0.4300000 0.2611310
vt 0.4300000 0.2611310
vt 0.4300000 0.2611310
vt 0.4300000 0.1950000
vt 0.4300000 0.1950000
vt 0.4300000 0.1950000
vt 0.4300000 0.1950000
vt 0.3750000 0.2611309
vt 0.3750000 0.2611309
vt 0.3750000 0.2611309
vt 0.3750000 0.2611309
vt 0.3827486 0.2438195
vt 0.3827486 0.2438195
vt 0.3827486 0.2438195
vt 0.4300000 0.2500000
vt 0.4300000 0.2500000
vt 0.4300000 0.2500000
vt 0.4300000 0.2500000
vt 0.3750000 0.1950000
vt 0.3200000 0.2500000
vt 0.3750000 0.1950000
vt 0.3200000 0.2500000
vt 0.6800000 0.2611310
vt 0.6800000 0.2611310
vt 0.6800000 0.2611310
vt 0.6800000 0.2611310
vt 0.5700000 0.1950001
vt 0.5700000 0.1950001
vt 0.5700000 0.1950001
vt 0.5700000 0.1950001
vt 0.5700001 0.2611310
vt 0.5700001 0.2611310
vt 0.5700001 0.2611310
vt 0.5700001 0.2611310
vt 0.6250000 0.1950000
vt 0.6799999 0.2500000
vt 0.6250000 0.1950000
vt 0.6799999 0.2500000
vt 0.6250000 0.2515681
vt 0.6250000 0.2515681
vt 0.6250000 0.2515681
vt 0.5700000 0.2500000
vt 0.5700000 0.2500000
vt 0.5700000 0.2500000
vt 0.5700000 0.2500000
vt 0.6250000 0.2611309
vt 0.6250000 0.2611309
vt 0.6250000 0.2611309
vt 0.6250000 0.2611309
vt 0.3200000 0.4888690
vt 0.3200000 0.4888690
vt 0.3200000 0.4888690
vt 0.3200000 0.4888690
vt 0.4300000 0.5550000
vt 0.4300000 0.5550000
vt 0.4300000 0.5550000
vt 0.4300000 0.5550000
vt 0.4299999 0.4888691
vt 0.4299999 0.4888691
vt 0.4299999 0.4888691
vt 0.4299999 0.4888691
vt 0.3750000 0.5550000
vt 0.3200000 0.5000000
vt 0.3750000 0.5550000
vt 0.3200000 0.5000000
vt 0.3750000 0.4984318
vt 0.3750000 0.4984318
vt 0.3750000 0.4984318
vt 0.4300000 0.5000000
vt 0.4300000 0.5000000
vt 0.4300000 0.5000000
vt 0.4300000 0.5000000
vt 0.3750000 0.4888691
vt 0.3750000 0.4888691
vt 0.3750000 0.4888691
vt 0.3750000 0.4888691
vt 0.6799999 0.4888691
vt 0.6799999 0.4888691
vt 0.6799999 0.4888691
vt 0.6799999 0.4888691
vt 0.5700000 0.4888690
vt 0.5700000 0.4888690
vt 0.5700000 0.4888690
vt 0.5700000 0.4888690
vt 0.5700000 0.5550000
vt 0.5700000 0.5550000
vt 0.5700000 0.5550000
vt 0.5700000 0.5550000
vt 0.6250000 0.4888691
vt 0.6250000 0.4888691
vt 0.6250000 0.4888691
vt 0.6250000 0.4888691
vt 0.6172514 0.5061804
vt 0.6172514 0.5061804
vt 0.6172514 0.5061804
vt 0.5700000 0.5000000
vt 0.5700000 0.5000000
vt 0.5700000 0.5000000
vt 0.5700000 0.5000000
vt 0.6250000 0.5550000
vt 0.6800000 0.5000000
vt 0.6250000 0.5550000
vt 0.6800000 0.5000000
vn 0.0000000 -0.9238767 0.3826903
vn 0.0000000 -1.0000000 0.0000000
vn -0.3250835 -0.8880549 0.3250835
vn -0.3826903 -0.9238767 0.0000000
vn 0.0000000 0.0000000 1.0000000
vn 0.0000000 -0.3826903 0.9238767
vn -0.3250835 -0.3250835 0.8880549
vn -0.3826903 0.0000000 0.9238767
vn -0.8880549 -0.3250835 0.3250835
vn -0.9238767 0.0000000 0.3826903
vn -0.9238767 -0.3826903 0.0000000
vn -1.0000000 0.0000000 0.0000000
vn 0.0000000 -0.3826903 0.9238767
vn 0.0000000 -0.9238767 0.3826903
vn -0.3250835 -0.3250835 0.8880549
vn -0.3250835 -0.8880549 0.3250835
vn -0.3250835 -0.3250835 0.8880549
vn -0.3250835 -0.8880549 0.3250835
vn -0.8880549 -0.3250835 0.3250835
vn -0.3250835 -0.3250835 0.8880549
vn -0.3826903 0.0000000 0.9238767
vn -0.8880549 -0.3250835 0.3250835
vn -0.9238767 0.0000000 0.3826903
vn -0.3250835 -0.8880549 0.3250835
vn -0.3826903 -0.9238767 0.0000000
vn -0.8880549 -0.3250835 0.3250835
vn -0.9238767 -0.3826903 0.0000000
vn 0.0000000 0.0000000 1.0000000
vn 0.0000000 0.3826903 0.9238767
vn -0.3250835 0.3250835 0.8880549
vn -0.3826903 0.0000000 0.9238767
vn 0.0000000 0.9238767 0.3826903
vn 0.0000000 1.0000000 0.0000000
vn -0.3250835 0.8880549 0.3250835
vn -0.3826903 0.9238767 0.0000000
vn -0.8880549 0.3250835 0.3250835
vn -0.9238767 0.0000000 0.3826903
vn -0.9238767 0.3826903 0.0000000
vn -1.0000000 0.0000000 0.0000000
vn 0.0000000 0.3826903 0.9238767
vn 0.0000000 0.9238767 0.3826903
vn -0.3250835 0.3250835 0.8880549
vn -0.3250835 0.8880549 0.3250835
vn -0.3250835 0.3250835 0.8880549
vn -0.3250835 0.8880549 0.3250835
vn -0.8880549 0.3250835 0.3250835
vn -0.3250835 0.8880549 0.3250835
vn -0.3826903 0.9238767 0.0000000
vn -0.8880549 0.3250835 0.3250835
vn -0.9238767 0.3826903 0.0000000
vn -0.3250835 0.3250835 0.8880549
vn -0.3826903 0.0000000 0.9238767
vn -0.8880549 0.3250835 0.3250835
vn -0.9238767 0.0000000 0.3826903
vn 0.0000000 -0.9238767 -0.3826903
vn 0.0000000 -1.0000000 0.0000000
vn -0.3250835 -0.8880549 -0.3250835
vn -0.3826903 -0.9238767 0.0000000
vn -0.8880549 -0.3250835 -0.3250835
vn -0.9238767 0.0000000 -0.3826903
vn -0.9238767 -0.3826903 0.0000000
vn -1.0000000 0.0000000 0.0000000
vn 0.0000000 0.0000000 -1.0000000
vn 0.0000000 -0.3826903 -0.9238767
vn -0.3250835 -0.3250835 -0.8880549
vn -0.3826903 0.0000000 -0.9238767
vn -0.3250835 -0.8880549 -0.3250835
vn -0.3826903 -0.9238767 0.0000000
vn -0.8880549 -0.3250835 -0.3250835
vn -0.9238767 -0.3826903 0.0000000
vn -0.3250835 -0.3250835 -0.8880549
vn -0.3250835 -0.8880549 -0.3250835
vn -0.8880549 -0.3250835 -0.3250835
vn -0.3250835 -0.3250835 -0.8880549
vn -0.3826903 0.0000000 -0.9238767
vn -0.8880549 -0.3250835 -0.3250835
vn -0.9238767 0.0000000 -0.3826903
vn 0.0000000 -0.3826903 -0.9238767
vn 0.0000000 -0.9238767 -0.3826903
vn -0.3250835 -0.3250835 -0.8880549
vn -0.3250835 -0.8880549 -0.3250835
vn 0.0000000 0.9238767 -0.3826903
vn 0.0000000 1.0000000 0.0000000
vn -0.3250835 0.8880549 -0.3250835
vn -0.3826903 0.9238767 0.0000000
vn 0.0000000 0.0000000 -1.0000000
vn 0.0000000 0.3826903 -0.9238767
vn -0.3250835 0.3250835 -0.8880549
vn -0.3826903 0.0000000 -0.9238767
vn -0.8880549 0.3250835 -0.3250835
vn -0.9238767 0.0000000 -0.3826903
vn -0.9238767 0.3826903 0.0000000
vn -1.0000000 0.0000000 0.0000000
vn 0.0000000 0.3826903 -0.9238767
vn 0.0000000 0.9238767 -0.3826903
vn -0.3250835 0.3250835 -0.8880549
vn -0.3250835 0.8880549 -0.3250835
vn -0.3250835 0.3250835 -0.8880549
vn -0.3250835 0.8880549 -0.3250835
vn -0.8880549 0.3250835 -0.3250835
vn -0.3250835 0.3250835 -0.8880549
vn -0.3826903 0.0000000 -0.9238767
vn -0.8880549 0.3250835 -0.3250835
vn -0.9238767 0.0000000 -0.3826903
vn -0.3250835 0.8880549 -0.3250835
vn -0.3826903 0.9238767 0.0000000
vn -0.8880549 0.3250835 -0.3250835
vn -0.9238767 0.3826903 0.0000000
vn 0.0000000 -0.9238767 0.3826903
vn 0.0000000 -1.0000000 0.0000000
vn 0.3250835 -0.8880549 0.3250835
vn 0.3826903 -0.9238767 0.0000000
vn 0.8880549 -0.3250835 0.3250835
vn 0.9238767 0.0000000 0.3826903
vn 0.9238767 -0.3826903 0.0000000
vn 1.0000000 0.0000000 0.0000000
vn 0.0000000 0.0000000 1.0000000
vn 0.0000000 -0.3826903 0.9238767
vn 0.3250835 -0.3250835 0.8880549
vn 0.3826903 0.0000000 0.9238767
vn 0.3250835 -0.8880549 0.3250835
vn 0.3826903 -0.9238767 0.0000000
vn 0.8880549 -0.3250835 0.3250835
vn 0.9238767 -0.3826903 0.0000000
vn 0.3250835 -0.3250835 0.8880549
vn 0.3250835 -0.8880549 0.3250835
vn 0.8880549 -0.3250835 0.3250835
vn 0.3250835 -0.3250835 0.8880549
vn 0.3826903 0.0000000 0.9238767
vn 0.8880549 -0.3250835 0.3250835
vn 0.9238767 0.0000000 0.3826903
vn 0.0000000 -0.3826903 0.9238767
vn 0.0000000 -0.9238767 0.3826903
vn 0.3250835 -0.3250835 0.8880549
vn 0.3250835 -0.8880549 0.3250835
vn 0.0000000 0.9238767 0.3826903
vn 0.0000000 1.0000000 0.0000000
vn 0.3250835 0.8880549 0.3250835
vn 0.3826903 0.9238767 0.0000000
vn 0.0000000 0.0000000 1.0000000
vn 0.0000000 0.3826903 0.9238767
vn 0.3250835 0.3250835 0.8880549
vn 0.3826903 0.0000000 0.9238767
vn 0.8880549 0.3250835 0.3250835
vn 0.9238767 0.0000000 0.3826903
vn 0.9238767 0.3826903 0.0000000
vn 1.0000000 0.0000000 0.0000000
vn 0.0000000 0.3826903 0.9238767
vn 0.0000000 0.9238767 0.3826903
vn 0.3250835 0.3250835 0.8880549
vn 0.3250835 0.8880549 0.3250835
vn 0.3250835 0.3250835 0.8880549
vn 0.3250835 0.8880549 0.3250835
vn 0.8880549 0.3250835 0.3250835
vn 0.3250835 0.3250835 0.8880549
vn 0.3826903 0.0000000 0.9238767
vn 0.8880549 0.3250835 0.3250835
vn 0.9238767 0.0000000 0.3826903
vn 0.3250835 0.8880549 0.3250835
vn 0.3826903 0.9238767 0.0000000
vn 0.8880549 0.3250835 0.3250835
vn 0.9238767 0.3826903 0.0000000
vn 0.0000000 -0.9238767 -0.3826903
vn 0.0000000 -1.0000000 0.0000000
vn 0.3250835 -0.8880549 -0.3250835
vn 0.3826903 -0.9238767 0.0000000
vn 0.0000000 0.0000000 -1.0000000
vn 0.0000000 -0.3826903 -0.9238767
vn 0.3250835 -0.3250835 -0.8880549
vn 0.3826903 0.0000000 -0.9238767
vn 0.8880549 -0.3250835 -0.3250835
vn 0.9238767 0.0000000 -0.3826903
vn 0.9238767 -0.3826903 0.0000000
vn 1.0000000 0.0000000 0.0000000
vn 0.0000000 -0.3826903 -0.9238767
vn 0.0000000 -0.9238767 -0.3826903
vn 0.3250835 -0.3250835 -0.8880549
vn 0.3250835 -0.8880549 -0.3250835
vn 0.3250835 -0.3250835 -0.8880549
vn 0.3250835 -0.8880549 -0.3250835
vn 0.8880549 -0.3250835 -0.3250835
vn 0.3250835 -0.3250835 -0.8880549
vn 0.3826903 0.0000000 -0.9238767
vn 0.8880549 -0.3250835 -0.3250835
vn 0.9238767 0.0000000 -0.3826903
vn 0.3250835 -0.8880549 -0.3250835
vn 0.3826903 -0.9238767 0.0000000
vn 0.8880549 -0.3250835 -0.3250835
vn 0.9238767 -0.3826903 0.0000000
vn 0.0000000 0.9238767 -0.3826903
vn 0.0000000 1.0000000 0.0000000
vn 0.3250835 0.8880549 -0.3250835
vn 0.3826903 0.9238767 0.0000000
vn 0.8880549 0.3250835 -0.3250835
vn 0.9238767 0.0000000 -0.3826903
vn 0.9238767 0.3826903 0.0000000
vn 1.0000000 0.0000000 0.0000000
vn 0.0000000 0.0000000 -1.0000000
vn 0.0000000 0.3826903 -0.9238767
vn 0.3250835 0.3250835 -0.8880549
vn 0.3826903 0.0000000 -0.9238767
vn 0.3250835 0.8880549 -0.3250835
vn 0.3826903 0.9238767 0.0000000
vn 0.8880549 0.3250835 -0.3250835
vn 0.9238767 0.3826903 0.0000000
vn 0.3250835 0.3250835 -0.8880549
vn 0.3250835 0.8880549 -0.3250835
vn 0.8880549 0.3250835 -0.3250835
vn 0.3250835 0.3250835 -0.8880549
vn 0.3826903 0.0000000 -0.9238767
vn 0.8880549 0.3250835 -0.3250835
vn 0.9238767 0.0000000 -0.3826903
vn 0.0000000 0.3826903 -0.9238767
vn 0.0000000 0.9238767 -0.3826903
vn 0.3250835 0.3250835 -0.8880549
vn 0.3250835 0.8880549 -0.3250835
f 1429/1429/1429 1452/1452/1452 1340/1340/1340
f 1429/1429/1429 1340/1340/1340 1317/1317/1317
f 1486/1486/1486 1509/1509/1509 1459/1459/1459
f 1486/1486/1486 1459/1459/1459 1428/1428/1428
f 1503/1503/1503 1395/1395/1395 1345/1345/1345
f 1503/1503/1503 1345/1345/1345 1449/1449/1449
f 1324/1324/1324 1351/1351/1351 1405/1405/1405
f 1324/1324/1324 1405/1405/1405 1374/1374/1374
f 1375/1375/1375 1398/1398/1398 1510/1510/1510
f 1375/1375/1375 1510/1510/1510 1479/1479/1479
f 1315/1315/1315 1328/1328/1328 1330/1330/1330
f 1315/1315/1315 1330/1330/1330 1336/1336/1336
f 1319/1319/1319 1332/1332/1332 1329/1329/1329
f 1319/1319/1319 1329/1329/1329 1327/1327/1327
f 1321/1321/1321 1338/1338/1338 1331/1331/1331
f 1321/1321/1321 1331/1331/1331 1334/1334/1334
f 1342/1342/1342 1354/1354/1354 1356/1356/1356
f 1342/1342/1342 1356/1356/1356 1363/1363/1363
f 1346/1346/1346 1359/1359/1359 1357/1357/1357
f 1346/1346/1346 1357/1357/1357 1355/1355/1355
f 1348/1348/1348 1365/1365/1365 1358/1358/1358
f 1348/1348/1348 1358/1358/1358 1361/1361/1361
f 1369/1369/1369 1379/1379/1379 1384/1384/1384
f 1369/1369/1369 1384/1384/1384 1393/1393/1393
f 1371/1371/1371 1388/1388/1388 1385/1385/1385
f 1371/1371/1371 1385/1385/1385 1381/1381/1381
f 1377/1377/1377 1392/1392/1392 1383/1383/1383
f 1377/1377/1377 1383/1383/1383 1386/1386/1386
f 1396/1396/1396 1409/1409/1409 1411/1411/1411
f 1396/1396/1396 1411/1411/1411 1417/1417/1417
f 1400/1400/1400 1413/1413/1413 1410/1410/1410
f 1400/1400/1400 1410/1410/1410 1408/1408/1408
f 1402/1402/1402 1419/1419/1419 1412/1412/1412
f 1402/1402/1402 1412/1412/1412 1415/1415/1415
f 1423/1423/1423 1433/1433/1433 1438/1438/1438
f 1423/1423/1423 1438/1438/1438 1447/1447/1447
f 1425/1425/1425 1442/1442/1442 1439/1439/1439
f 1425/1425/1425 1439/1439/1439 1435/1435/1435
f 1431/1431/1431 1446/1446/1446 1437/1437/1437
f 1431/1431/1431 1437/1437/1437 1440/1440/1440
f 1450/1450/1450 1463/1463/1463 1465/1465/1465
f 1450/1450/1450 1465/1465/1465 1471/1471/1471
f 1454/1454/1454 1467/1467/1467 1464/1464/1464
f 1454/1454/1454 1464/1464/1464 1462/1462/1462
f 1456/1456/1456 1473/1473/1473 1466/1466/1466
f 1456/1456/1456 1466/1466/1466 1469/1469/1469
f 1477/1477/1477 1490/1490/1490 1492/1492/1492
f 1477/1477/1477 1492/1492/1492 1498/1498/1498
f 1481/1481/1481 1494/1494/1494 1491/1491/1491
f 1481/1481/1481 1491/1491/1491 1489/1489/1489
f 1483/1483/1483 1500/1500/1500 1493/1493/1493
f 1483/1483/1483 1493/1493/1493 1496/1496/1496
f 1504/1504/1504 1514/1514/1514 1519/1519/1519
f 1504/1504/1504 1519/1519/1519 1528/1528/1528
f 1506/1506/1506 1523/1523/1523 1520/1520/1520
f 1506/1506/1506 1520/1520/1520 1516/1516/1516
f 1512/1512/1512 1527/1527/1527 1518/1518/1518
f 1512/1512/1512 1518/1518/1518 1521/1521/1521
f 1370/1370/1370 1316/1316/1316 1337/1337/1337
f 1370/1370/1370 1337/1337/1337 1380/1380/1380
f 1382/1382/1382 1339/1339/1339 1323/1323/1323
f 1382/1382/1382 1323/1323/1323 1373/1373/1373
f 1320/1320/1320 1343/1343/1343 1364/1364/1364
f 1320/1320/1320 1364/1364/1364 1333/1333/1333
f 1335/1335/1335 1366/1366/1366 1349/1349/1349
f 1335/1335/1335 1349/1349/1349 1322/1322/1322
f 1347/1347/1347 1397/1397/1397 1418/1418/1418
f 1347/1347/1347 1418/1418/1418 1360/1360/1360
f 1362/1362/1362 1420/1420/1420 1404/1404/1404
f 1362/1362/1362 1404/1404/1404 1350/1350/1350
f 1401/1401/1401 1378/1378/1378 1387/1387/1387
f 1401/1401/1401 1387/1387/1387 1414/1414/1414
f 1416/1416/1416 1389/1389/1389 1372/1372/1372
f 1416/1416/1416 1372/1372/1372 1403/1403/1403
f 1475/1475/1475 1367/1367/1367 1391/1391/1391
f 1475/1475/1475 1391/1391/1391 1488/1488/1488
f 1487/1487/1487 1390/1390/1390 1376/1376/1376
f 1487/1487/1487 1376/1376/1376 1480/1480/1480
f 1394/1394/1394 1502/1502/1502 1526/1526/1526
f 1394/1394/1394 1526/1526/1526 1407/1407/1407
f 1406/1406/1406 1525/1525/1525 1511/1511/1511
f 1406/1406/1406 1511/1511/1511 1399/1399/1399
f 1507/1507/1507 1484/1484/1484 1497/1497/1497
f 1507/1507/1507 1497/1497/1497 1524/1524/1524
f 1522/1522/1522 1495/1495/1495 1482/1482/1482
f 1522/1522/1522 1482/1482/1482 1513/1513/1513
f 1424/1424/1424 1478/1478/1478 1499/1499/1499
f 1424/1424/1424 1499/1499/1499 1434/1434/1434
f 1436/1436/1436 1501/1501/1501 1485/1485/1485
f 1436/1436/1436 1485/1485/1485 1427/1427/1427
f 1505/1505/1505 1451/1451/1451 1472/1472/1472
f 1505/1505/1505 1472/1472/1472 1515/1515/1515
f 1517/1517/1517 1474/1474/1474 1458/1458/1458
f 1517/1517/1517 1458/1458/1458 1508/1508/1508
f 1455/1455/1455 1432/1432/1432 1441/1441/1441
f 1455/1455/1455 1441/1441/1441 1468/1468/1468
f 1470/1470/1470 1443/1443/1443 1426/1426/1426
f 1470/1470/1470 1426/1426/1426 1457/1457/1457
f 1313/1313/1313 1421/1421/1421 1445/1445/1445
f 1313/1313/1313 1445/1445/1445 1326/1326/1326
f 1325/1325/1325 1444/1444/1444 1430/1430/1430
f 1325/1325/1325 1430/1430/1430 1318/1318/1318
f 1448/1448/1448 1344/1344/1344 1353/1353/1353
f 1448/1448/1448 1353/1353/1353 1461/1461/1461
f 1460/1460/1460 1352/1352/1352 1341/1341/1341
f 1460/1460/1460 1341/1341/1341 1453/1453/1453
f 1368/1368/1368 1476/1476/1476 1422/1422/1422
f 1368/1368/1368 1422/1422/1422 1314/1314/1314
o Cheek_rest_0
usemtl Polymer_Black
v -0.0580000 0.1100000 -0.1670000
v -0.0580000 0.1100000 -0.1670000
v -0.0580000 0.1100000 -0.1670000
v -0.0580000 0.1100000 -0.1670000
v -0.0580000 0.1320000 -0.1450000
v -0.0580000 0.1320000 -0.1450000
v -0.0580000 0.1320000 -0.1450000
v -0.0580000 0.1320000 -0.1450000
v -0.0800000 0.1320000 -0.1670000
v -0.0800000 0.1320000 -0.1670000
v -0.0800000 0.1320000 -0.1670000
v -0.0800000 0.1320000 -0.1670000
v -0.0580000 0.1164436 -0.1514436
v -0.0580000 0.1164436 -0.1514436
v -0.0580000 0.1164436 -0.1514436
v -0.0580000 0.1164436 -0.1514436
v -0.0707017 0.1192983 -0.1542983
v -0.0707017 0.1192983 -0.1542983
v -0.0707017 0.1192983 -0.1542983
v -0.0735563 0.1320000 -0.1514436
v -0.0735563 0.1320000 -0.1514436
v -0.0735563 0.1320000 -0.1514436
v -0.0735563 0.1320000 -0.1514436
v -0.0735563 0.1164436 -0.1670000
v -0.0735563 0.1164436 -0.1670000
v -0.0735563 0.1164436 -0.1670000
v -0.0735563 0.1164436 -0.1670000
v -0.0580000 0.1880000 -0.1450000
v -0.0580000 0.1880000 -0.1450000
v -0.0580000 0.1880000 -0.1450000
v -0.0580000 0.1880000 -0.1450000
v -0.0580000 0.2100000 -0.1670000
v -0.0580000 0.2100000 -0.1670000
v -0.0580000 0.2100000 -0.1670000
v -0.0580000 0.2100000 -0.1670000
v -0.0800000 0.1880000 -0.1670000
v -0.0800000 0.1880000 -0.1670000
v -0.0800000 0.1880000 -0.1670000
v -0.0800000 0.1880000 -0.1670000
v -0.0580000 0.2035564 -0.1514436
v -0.0580000 0.2035564 -0.1514436
v -0.0580000 0.2035564 -0.1514436
v -0.0580000 0.2035564 -0.1514436
v -0.0707017 0.2007017 -0.1542983
v -0.0707017 0.2007017 -0.1542983
v -0.0707017 0.2007017 -0.1542983
v -0.0735563 0.2035564 -0.1670000
v -0.0735563 0.2035564 -0.1670000
v -0.0735563 0.2035564 -0.1670000
v -0.0735563 0.2035564 -0.1670000
v -0.0735563 0.1880000 -0.1514436
v -0.0735563 0.1880000 -0.1514436
v -0.0735563 0.1880000 -0.1514436
v -0.0735563 0.1880000 -0.1514436
v -0.0580000 0.1100000 -0.4530000
v -0.0580000 0.1100000 -0.4530000
v -0.0580000 0.1100000 -0.4530000
v -0.0580000 0.1100000 -0.4530000
v -0.0800000 0.1320000 -0.4530000
v -0.0800000 0.1320000 -0.4530000
v -0.0800000 0.1320000 -0.4530000
v -0.0800000 0.1320000 -0.4530000
v -0.0580000 0.1320000 -0.4750000
v -0.0580000 0.1320000 -0.4750000
v -0.0580000 0.1320000 -0.4750000
v -0.0580000 0.1320000 -0.4750000
v -0.0735563 0.1164436 -0.4530000
v -0.0735563 0.1164436 -0.4530000
v -0.0735563 0.1164436 -0.4530000
v -0.0735563 0.1164436 -0.4530000
v -0.0707017 0.1192983 -0.4657017
v -0.0707017 0.1192983 -0.4657017
v -0.0707017 0.1192983 -0.4657017
v -0.0735563 0.1320000 -0.4685564
v -0.0735563 0.1320000 -0.4685564
v -0.0735563 0.1320000 -0.4685564
v -0.0735563 0.1320000 -0.4685564
v -0.0580000 0.1164436 -0.4685564
v -0.0580000 0.1164436 -0.4685564
v -0.0580000 0.1164436 -0.4685564
v -0.0580000 0.1164436 -0.4685564
v -0.0580000 0.2100000 -0.4530000
v -0.0580000 0.2100000 -0.4530000
v -0.0580000 0.2100000 -0.4530000
v -0.0580000 0.2100000 -0.4530000
v -0.0580000 0.1880000 -0.4750000
v -0.0580000 0.1880000 -0.4750000
v -0.0580000 0.1880000 -0.4750000
v -0.0580000 0.1880000 -0.4750000
v -0.0800000 0.1880000 -0.4530000
v -0.0800000 0.1880000 -0.4530000
v -0.0800000 0.1880000 -0.4530000
v -0.0800000 0.1880000 -0.4530000
v -0.0580000 0.2035564 -0.4685564
v -0.0580000 0.2035564 -0.4685564
v -0.0580000 0.2035564 -0.4685564
v -0.0580000 0.2035564 -0.4685564
v -0.0707017 0.2007017 -0.4657017
v -0.0707017 0.2007017 -0.4657017
v -0.0707017 0.2007017 -0.4657017
v -0.0735563 0.1880000 -0.4685564
v -0.0735563 0.1880000 -0.4685564
v -0.0735563 0.1880000 -0.4685564
v -0.0735563 0.1880000 -0.4685564
v -0.0735563 0.2035564 -0.4530000
v -0.0735563 0.2035564 -0.4530000
v -0.0735563 0.2035564 -0.4530000
v -0.0735563 0.2035564 -0.4530000
v 0.0580000 0.1100000 -0.1670000
v 0.0580000 0.1100000 -0.1670000
v 0.0580000 0.1100000 -0.1670000
v 0.0580000 0.1100000 -0.1670000
v 0.0800000 0.1320000 -0.1670000
v 0.0800000 0.1320000 -0.1670000
v 0.0800000 0.1320000 -0.1670000
v 0.0800000 0.1320000 -0.1670000
v 0.0580000 0.1320000 -0.1450000
v 0.0580000 0.1320000 -0.1450000
v 0.0580000 0.1320000 -0.1450000
v 0.0580000 0.1320000 -0.1450000
v 0.0735563 0.1164436 -0.1670000
v 0.0735563 0.1164436 -0.1670000
v 0.0735563 0.1164436 -0.1670000
v 0.0735563 0.1164436 -0.1670000
v 0.0707017 0.1192983 -0.1542983
v 0.0707017 0.1192983 -0.1542983
v 0.0707017 0.1192983 -0.1542983
v 0.0735563 0.1320000 -0.1514436
v 0.0735563 0.1320000 -0.1514436
v 0.0735563 0.1320000 -0.1514436
v 0.0735563 0.1320000 -0.1514436
v 0.0580000 0.1164436 -0.1514436
v 0.0580000 0.1164436 -0.1514436
v 0.0580000 0.1164436 -0.1514436
v 0.0580000 0.1164436 -0.1514436
v 0.0580000 0.2100000 -0.1670000
v 0.0580000 0.2100000 -0.1670000
v 0.0580000 0.2100000 -0.1670000
v 0.0580000 0.2100000 -0.1670000
v 0.0580000 0.1880000 -0.1450000
v 0.0580000 0.1880000 -0.1450000
v 0.0580000 0.1880000 -0.1450000
v 0.0580000 0.1880000 -0.1450000
v 0.0800000 0.1880000 -0.1670000
v 0.0800000 0.1880000 -0.1670000
v 0.0800000 0.1880000 -0.1670000
v 0.0800000 0.1880000 -0.1670000
v 0.0580000 0.2035564 -0.1514436
v 0.0580000 0.2035564 -0.1514436
v 0.0580000 0.2035564 -0.1514436
v 0.0580000 0.2035564 -0.1514436
v 0.0707017 0.2007017 -0.1542983
v 0.0707017 0.2007017 -0.1542983
v 0.0707017 0.2007017 -0.1542983
v 0.0735563 0.1880000 -0.1514436
v 0.0735563 0.1880000 -0.1514436
v 0.0735563 0.1880000 -0.1514436
v 0.0735563 0.1880000 -0.1514436
v 0.0735563 0.2035564 -0.1670000
v 0.0735563 0.2035564 -0.1670000
v 0.0735563 0.2035564 -0.1670000
v 0.0735563 0.2035564 -0.1670000
v 0.0580000 0.1100000 -0.4530000
v 0.0580000 0.1100000 -0.4530000
v 0.0580000 0.1100000 -0.4530000
v 0.0580000 0.1100000 -0.4530000
v 0.0580000 0.1320000 -0.4750000
v 0.0580000 0.1320000 -0.4750000
v 0.0580000 0.1320000 -0.4750000
v 0.0580000 0.1320000 -0.4750000
v 0.0800000 0.1320000 -0.4530000
v 0.0800000 0.1320000 -0.4530000
v 0.0800000 0.1320000 -0.4530000
v 0.0800000 0.1320000 -0.4530000
v 0.0580000 0.1164436 -0.4685564
v 0.0580000 0.1164436 -0.4685564
v 0.0580000 0.1164436 -0.4685564
v 0.0580000 0.1164436 -0.4685564
v 0.0707017 0.1192983 -0.4657017
v 0.0707017 0.1192983 -0.4657017
v 0.0707017 0.1192983 -0.4657017
v 0.0735563 0.1320000 -0.4685564
v 0.0735563 0.1320000 -0.4685564
v 0.0735563 0.1320000 -0.4685564
v 0.0735563 0.1320000 -0.4685564
v 0.0735563 0.1164436 -0.4530000
v 0.0735563 0.1164436 -0.4530000
v 0.0735563 0.1164436 -0.4530000
v 0.0735563 0.1164436 -0.4530000
v 0.0580000 0.2100000 -0.4530000
v 0.0580000 0.2100000 -0.4530000
v 0.0580000 0.2100000 -0.4530000
v 0.0580000 0.2100000 -0.4530000
v 0.0800000 0.1880000 -0.4530000
v 0.0800000 0.1880000 -0.4530000
v 0.0800000 0.1880000 -0.4530000
v 0.0800000 0.1880000 -0.4530000
v 0.0580000 0.1880000 -0.4750000
v 0.0580000 0.1880000 -0.4750000
v 0.0580000 0.1880000 -0.4750000
v 0.0580000 0.1880000 -0.4750000
v 0.0735563 0.2035564 -0.4530000
v 0.0735563 0.2035564 -0.4530000
v 0.0735563 0.2035564 -0.4530000
v 0.0735563 0.2035564 -0.4530000
v 0.0707017 0.2007017 -0.4657017
v 0.0707017 0.2007017 -0.4657017
v 0.0707017 0.2007017 -0.4657017
v 0.0735563 0.1880000 -0.4685564
v 0.0735563 0.1880000 -0.4685564
v 0.0735563 0.1880000 -0.4685564
v 0.0735563 0.1880000 -0.4685564
v 0.0580000 0.2035564 -0.4685564
v 0.0580000 0.2035564 -0.4685564
v 0.0580000 0.2035564 -0.4685564
v 0.0580000 0.2035564 -0.4685564
vt 0.1593750 0.2666667
vt 0.1593750 0.2666667
vt 0.1593750 0.2666667
vt 0.1593750 0.2666667
vt 0.4300000 0.0343750
vt 0.4300000 0.0343750
vt 0.4300000 0.0343750
vt 0.4300000 0.0343750
vt 0.4300000 0.9833333
vt 0.4300000 0.9833333
vt 0.4300000 0.9833333
vt 0.4300000 0.9833333
vt 0.3750000 0.0343750
vt 0.1593750 0.2500000
vt 0.3750000 0.0343750
vt 0.1593750 0.2500000
vt 0.3982457 0.0000000
vt 0.1395286 0.2500000
vt 0.3750000 0.9929558
vt 0.4299999 0.0000000
vt 0.4299999 0.0000000
vt 0.4300000 1.0000000
vt 0.4300000 1.0000000
vt 0.1250000 0.2666667
vt 0.1250000 0.2666667
vt 0.3750000 0.9833333
vt 0.3750000 0.9833333
vt 0.5700000 0.0343750
vt 0.5700000 0.0343750
vt 0.5700000 0.0343750
vt 0.5700000 0.0343750
vt 0.8406250 0.2666667
vt 0.8406250 0.2666667
vt 0.8406250 0.2666667
vt 0.8406250 0.2666667
vt 0.5700001 0.9833333
vt 0.5700001 0.9833333
vt 0.5700001 0.9833333
vt 0.5700001 0.9833333
vt 0.6250000 0.0343750
vt 0.8406250 0.2500000
vt 0.6250000 0.0343750
vt 0.8406250 0.2500000
vt 0.6250000 0.0145286
vt 0.8750000 0.2570441
vt 0.6017543 1.0000000
vt 0.8750000 0.2666667
vt 0.8750000 0.2666667
vt 0.6250000 0.9833333
vt 0.6250000 0.9833333
vt 0.5700000 0.0000000
vt 0.5700000 0.0000000
vt 0.5700000 1.0000000
vt 0.5700000 1.0000000
vt 0.1593750 0.4833333
vt 0.1593750 0.4833333
vt 0.1593750 0.4833333
vt 0.1593750 0.4833333
vt 0.4300000 0.7666667
vt 0.4300000 0.7666667
vt 0.4300000 0.7666667
vt 0.4300000 0.7666667
vt 0.4300000 0.7156250
vt 0.4300000 0.7156250
vt 0.4300000 0.7156250
vt 0.4300000 0.7156250
vt 0.1250000 0.4833333
vt 0.1250000 0.4833333
vt 0.3750000 0.7666667
vt 0.3750000 0.7666667
vt 0.3750000 0.7354714
vt 0.1250000 0.4929558
vt 0.3982457 0.7500000
vt 0.4300000 0.7500000
vt 0.4300000 0.7500000
vt 0.4300000 0.7500000
vt 0.4300000 0.7500000
vt 0.3750000 0.7156250
vt 0.1593750 0.5000000
vt 0.3750000 0.7156250
vt 0.1593750 0.5000000
vt 0.8406250 0.4833333
vt 0.8406250 0.4833333
vt 0.8406250 0.4833333
vt 0.8406250 0.4833333
vt 0.5700000 0.7156250
vt 0.5700000 0.7156250
vt 0.5700000 0.7156250
vt 0.5700000 0.7156250
vt 0.5700000 0.7666667
vt 0.5700000 0.7666667
vt 0.5700000 0.7666667
vt 0.5700000 0.7666667
vt 0.6250000 0.7156250
vt 0.8406249 0.5000000
vt 0.6250000 0.7156250
vt 0.8406249 0.5000000
vt 0.6017543 0.7500000
vt 0.8604714 0.5000000
vt 0.6250000 0.7570442
vt 0.5700001 0.7500000
vt 0.5700001 0.7500000
vt 0.5700000 0.7500000
vt 0.5700001 0.7500000
vt 0.8750000 0.4833333
vt 0.8750000 0.4833333
vt 0.6250000 0.7666667
vt 0.6250000 0.7666667
vt 0.3406250 0.2666667
vt 0.3406250 0.2666667
vt 0.3406250 0.2666667
vt 0.3406250 0.2666667
vt 0.4300000 0.2666667
vt 0.4300000 0.2666667
vt 0.4300000 0.2666667
vt 0.4300000 0.2666667
vt 0.4300000 0.2156250
vt 0.4300000 0.2156250
vt 0.4300000 0.2156250
vt 0.4300000 0.2156250
vt 0.3750000 0.2666667
vt 0.3750000 0.2666667
vt 0.3750000 0.2666667
vt 0.3750000 0.2666667
vt 0.3827486 0.2475052
vt 0.3827486 0.2475052
vt 0.3827486 0.2475052
vt 0.4300000 0.2500000
vt 0.4300000 0.2500000
vt 0.4300000 0.2500000
vt 0.4300000 0.2500000
vt 0.3750000 0.2156250
vt 0.3406250 0.2500000
vt 0.3750000 0.2156250
vt 0.3406250 0.2500000
vt 0.6593750 0.2666667
vt 0.6593750 0.2666667
vt 0.6593750 0.2666667
vt 0.6593750 0.2666667
vt 0.5700000 0.2156250
vt 0.5700000 0.2156250
vt 0.5700000 0.2156250
vt 0.5700000 0.2156250
vt 0.5700000 0.2666667
vt 0.5700000 0.2666667
vt 0.5700000 0.2666667
vt 0.5700000 0.2666667
vt 0.6250000 0.2156250
vt 0.6593751 0.2500000
vt 0.6250000 0.2156250
vt 0.6593751 0.2500000
vt 0.6220943 0.2523480
vt 0.6220943 0.2523480
vt 0.6220943 0.2523480
vt 0.5700001 0.2500000
vt 0.5700001 0.2500000
vt 0.5700000 0.2500000
vt 0.5700001 0.2500000
vt 0.6250000 0.2666667
vt 0.6250000 0.2666667
vt 0.6250000 0.2666667
vt 0.6250000 0.2666667
vt 0.3406250 0.4833333
vt 0.3406250 0.4833333
vt 0.3406250 0.4833333
vt 0.3406250 0.4833333
vt 0.4300000 0.5343750
vt 0.4300000 0.5343750
vt 0.4300000 0.5343750
vt 0.4300000 0.5343750
vt 0.4300000 0.4833333
vt 0.4300000 0.4833333
vt 0.4300000 0.4833333
vt 0.4300000 0.4833333
vt 0.3750000 0.5343750
vt 0.3406250 0.5000000
vt 0.3750000 0.5343750
vt 0.3406250 0.5000000
vt 0.3779057 0.4976519
vt 0.3779057 0.4976519
vt 0.3779057 0.4976519
vt 0.4300000 0.5000000
vt 0.4300000 0.5000000
vt 0.4300000 0.5000000
vt 0.4300000 0.5000000
vt 0.3750000 0.4833333
vt 0.3750000 0.4833333
vt 0.3750000 0.4833333
vt 0.3750000 0.4833333
vt 0.6593750 0.4833333
vt 0.6593750 0.4833333
vt 0.6593750 0.4833333
vt 0.6593750 0.4833333
vt 0.5700001 0.4833333
vt 0.5700001 0.4833333
vt 0.5700001 0.4833333
vt 0.5700001 0.4833333
vt 0.5700000 0.5343750
vt 0.5700000 0.5343750
vt 0.5700000 0.5343750
vt 0.5700000 0.5343750
vt 0.6250000 0.4833333
vt 0.6250000 0.4833333
vt 0.6250000 0.4833333
vt 0.6250000 0.4833333
vt 0.6172515 0.5024948
vt 0.6172515 0.5024948
vt 0.6172515 0.5024948
vt 0.5700000 0.5000000
vt 0.5700001 0.5000000
vt 0.5700001 0.5000000
vt 0.5700001 0.5000000
vt 0.6250000 0.5343750
vt 0.6593750 0.5000000
vt 0.6250000 0.5343750
vt 0.6593750 0.5000000
vn 0.0000000 -0.9238767 0.3826903
vn 0.0000000 -1.0000000 0.0000000
vn -0.3250835 -0.8880549 0.3250835
vn -0.3826903 -0.9238767 0.0000000
vn 0.0000000 0.0000000 1.0000000
vn 0.0000000 -0.3826903 0.9238767
vn -0.3250835 -0.3250835 0.8880549
vn -0.3826903 0.0000000 0.9238767
vn -0.8880549 -0.3250835 0.3250835
vn -0.9238767 0.0000000 0.3826903
vn -0.9238767 -0.3826903 0.0000000
vn -1.0000000 0.0000000 0.0000000
vn 0.0000000 -0.3826903 0.9238767
vn 0.0000000 -0.9238767 0.3826903
vn -0.3250835 -0.3250835 0.8880549
vn -0.3250835 -0.8880549 0.3250835
vn -0.3250835 -0.3250835 0.8880549
vn -0.3250835 -0.8880549 0.3250835
vn -0.8880549 -0.3250835 0.3250835
vn -0.3250835 -0.3250835 0.8880549
vn -0.3826903 0.0000000 0.9238767
vn -0.8880549 -0.3250835 0.3250835
vn -0.9238767 0.0000000 0.3826903
vn -0.3250835 -0.8880549 0.3250835
vn -0.3826903 -0.9238767 0.0000000
vn -0.8880549 -0.3250835 0.3250835
vn -0.9238767 -0.3826903 0.0000000
vn 0.0000000 0.0000000 1.0000000
vn 0.0000000 0.3826903 0.9238767
vn -0.3250835 0.3250835 0.8880549
vn -0.3826903 0.0000000 0.9238767
vn 0.0000000 0.9238767 0.3826903
vn 0.0000000 1.0000000 0.0000000
vn -0.3250835 0.8880549 0.3250835
vn -0.3826903 0.9238767 0.0000000
vn -0.8880549 0.3250835 0.3250835
vn -0.9238767 0.0000000 0.3826903
vn -0.9238767 0.3826903 0.0000000
vn -1.0000000 0.0000000 0.0000000
vn 0.0000000 0.3826903 0.9238767
vn 0.0000000 0.9238767 0.3826903
vn -0.3250835 0.3250835 0.8880549
vn -0.3250835 0.8880549 0.3250835
vn -0.3250835 0.3250835 0.8880549
vn -0.3250835 0.8880549 0.3250835
vn -0.8880549 0.3250835 0.3250835
vn -0.3250835 0.8880549 0.3250835
vn -0.3826903 0.9238767 0.0000000
vn -0.8880549 0.3250835 0.3250835
vn -0.9238767 0.3826903 0.0000000
vn -0.3250835 0.3250835 0.8880549
vn -0.3826903 0.0000000 0.9238767
vn -0.8880549 0.3250835 0.3250835
vn -0.9238767 0.0000000 0.3826903
vn 0.0000000 -0.9238767 -0.3826903
vn 0.0000000 -1.0000000 0.0000000
vn -0.3250835 -0.8880549 -0.3250835
vn -0.3826903 -0.9238767 0.0000000
vn -0.8880549 -0.3250835 -0.3250835
vn -0.9238767 0.0000000 -0.3826903
vn -0.9238767 -0.3826903 0.0000000
vn -1.0000000 0.0000000 0.0000000
vn 0.0000000 0.0000000 -1.0000000
vn 0.0000000 -0.3826903 -0.9238767
vn -0.3250835 -0.3250835 -0.8880549
vn -0.3826903 0.0000000 -0.9238767
vn -0.3250835 -0.8880549 -0.3250835
vn -0.3826903 -0.9238767 0.0000000
vn -0.8880549 -0.3250835 -0.3250835
vn -0.9238767 -0.3826903 0.0000000
vn -0.3250835 -0.3250835 -0.8880549
vn -0.3250835 -0.8880549 -0.3250835
vn -0.8880549 -0.3250835 -0.3250835
vn -0.3250835 -0.3250835 -0.8880549
vn -0.3826903 0.0000000 -0.9238767
vn -0.8880549 -0.3250835 -0.3250835
vn -0.9238767 0.0000000 -0.3826903
vn 0.0000000 -0.3826903 -0.9238767
vn 0.0000000 -0.9238767 -0.3826903
vn -0.3250835 -0.3250835 -0.8880549
vn -0.3250835 -0.8880549 -0.3250835
vn 0.0000000 0.9238767 -0.3826903
vn 0.0000000 1.0000000 0.0000000
vn -0.3250835 0.8880549 -0.3250835
vn -0.3826903 0.9238767 0.0000000
vn 0.0000000 0.0000000 -1.0000000
vn 0.0000000 0.3826903 -0.9238767
vn -0.3250835 0.3250835 -0.8880549
vn -0.3826903 0.0000000 -0.9238767
vn -0.8880549 0.3250835 -0.3250835
vn -0.9238767 0.0000000 -0.3826903
vn -0.9238767 0.3826903 0.0000000
vn -1.0000000 0.0000000 0.0000000
vn 0.0000000 0.3826903 -0.9238767
vn 0.0000000 0.9238767 -0.3826903
vn -0.3250835 0.3250835 -0.8880549
vn -0.3250835 0.8880549 -0.3250835
vn -0.3250835 0.3250835 -0.8880549
vn -0.3250835 0.8880549 -0.3250835
vn -0.8880549 0.3250835 -0.3250835
vn -0.3250835 0.3250835 -0.8880549
vn -0.3826903 0.0000000 -0.9238767
vn -0.8880549 0.3250835 -0.3250835
vn -0.9238767 0.0000000 -0.3826903
vn -0.3250835 0.8880549 -0.3250835
vn -0.3826903 0.9238767 0.0000000
vn -0.8880549 0.3250835 -0.3250835
vn -0.9238767 0.3826903 0.0000000
vn 0.0000000 -0.9238767 0.3826903
vn 0.0000000 -1.0000000 0.0000000
vn 0.3250835 -0.8880549 0.3250835
vn 0.3826903 -0.9238767 0.0000000
vn 0.8880549 -0.3250835 0.3250835
vn 0.9238767 0.0000000 0.3826903
vn 0.9238767 -0.3826903 0.0000000
vn 1.0000000 0.0000000 0.0000000
vn 0.0000000 0.0000000 1.0000000
vn 0.0000000 -0.3826903 0.9238767
vn 0.3250835 -0.3250835 0.8880549
vn 0.3826903 0.0000000 0.9238767
vn 0.3250835 -0.8880549 0.3250835
vn 0.3826903 -0.9238767 0.0000000
vn 0.8880549 -0.3250835 0.3250835
vn 0.9238767 -0.3826903 0.0000000
vn 0.3250835 -0.3250835 0.8880549
vn 0.3250835 -0.8880549 0.3250835
vn 0.8880549 -0.3250835 0.3250835
vn 0.3250835 -0.3250835 0.8880549
vn 0.3826903 0.0000000 0.9238767
vn 0.8880549 -0.3250835 0.3250835
vn 0.9238767 0.0000000 0.3826903
vn 0.0000000 -0.3826903 0.9238767
vn 0.0000000 -0.9238767 0.3826903
vn 0.3250835 -0.3250835 0.8880549
vn 0.3250835 -0.8880549 0.3250835
vn 0.0000000 0.9238767 0.3826903
vn 0.0000000 1.0000000 0.0000000
vn 0.3250835 0.8880549 0.3250835
vn 0.3826903 0.9238767 0.0000000
vn 0.0000000 0.0000000 1.0000000
vn 0.0000000 0.3826903 0.9238767
vn 0.3250835 0.3250835 0.8880549
vn 0.3826903 0.0000000 0.9238767
vn 0.8880549 0.3250835 0.3250835
vn 0.9238767 0.0000000 0.3826903
vn 0.9238767 0.3826903 0.0000000
vn 1.0000000 0.0000000 0.0000000
vn 0.0000000 0.3826903 0.9238767
vn 0.0000000 0.9238767 0.3826903
vn 0.3250835 0.3250835 0.8880549
vn 0.3250835 0.8880549 0.3250835
vn 0.3250835 0.3250835 0.8880549
vn 0.3250835 0.8880549 0.3250835
vn 0.8880549 0.3250835 0.3250835
vn 0.3250835 0.3250835 0.8880549
vn 0.3826903 0.0000000 0.9238767
vn 0.8880549 0.3250835 0.3250835
vn 0.9238767 0.0000000 0.3826903
vn 0.3250835 0.8880549 0.3250835
vn 0.3826903 0.9238767 0.0000000
vn 0.8880549 0.3250835 0.3250835
vn 0.9238767 0.3826903 0.0000000
vn 0.0000000 -0.9238767 -0.3826903
vn 0.0000000 -1.0000000 0.0000000
vn 0.3250835 -0.8880549 -0.3250835
vn 0.3826903 -0.9238767 0.0000000
vn 0.0000000 0.0000000 -1.0000000
vn 0.0000000 -0.3826903 -0.9238767
vn 0.3250835 -0.3250835 -0.8880549
vn 0.3826903 0.0000000 -0.9238767
vn 0.8880549 -0.3250835 -0.3250835
vn 0.9238767 0.0000000 -0.3826903
vn 0.9238767 -0.3826903 0.0000000
vn 1.0000000 0.0000000 0.0000000
vn 0.0000000 -0.3826903 -0.9238767
vn 0.0000000 -0.9238767 -0.3826903
vn 0.3250835 -0.3250835 -0.8880549
vn 0.3250835 -0.8880549 -0.3250835
vn 0.3250835 -0.3250835 -0.8880549
vn 0.3250835 -0.8880549 -0.3250835
vn 0.8880549 -0.3250835 -0.3250835
vn 0.3250835 -0.3250835 -0.8880549
vn 0.3826903 0.0000000 -0.9238767
vn 0.8880549 -0.3250835 -0.3250835
vn 0.9238767 0.0000000 -0.3826903
vn 0.3250835 -0.8880549 -0.3250835
vn 0.3826903 -0.9238767 0.0000000
vn 0.8880549 -0.3250835 -0.3250835
vn 0.9238767 -0.3826903 0.0000000
vn 0.0000000 0.9238767 -0.3826903
vn 0.0000000 1.0000000 0.0000000
vn 0.3250835 0.8880549 -0.3250835
vn 0.3826903 0.9238767 0.0000000
vn 0.8880549 0.3250835 -0.3250835
vn 0.9238767 0.0000000 -0.3826903
vn 0.9238767 0.3826903 0.0000000
vn 1.0000000 0.0000000 0.0000000
vn 0.0000000 0.0000000 -1.0000000
vn 0.0000000 0.3826903 -0.9238767
vn 0.3250835 0.3250835 -0.8880549
vn 0.3826903 0.0000000 -0.9238767
vn 0.3250835 0.8880549 -0.3250835
vn 0.3826903 0.9238767 0.0000000
vn 0.8880549 0.3250835 -0.3250835
vn 0.9238767 0.3826903 0.0000000
vn 0.3250835 0.3250835 -0.8880549
vn 0.3250835 0.8880549 -0.3250835
vn 0.8880549 0.3250835 -0.3250835
vn 0.3250835 0.3250835 -0.8880549
vn 0.3826903 0.0000000 -0.9238767
vn 0.8880549 0.3250835 -0.3250835
vn 0.9238767 0.0000000 -0.3826903
vn 0.0000000 0.3826903 -0.9238767
vn 0.0000000 0.9238767 -0.3826903
vn 0.3250835 0.3250835 -0.8880549
vn 0.3250835 0.8880549 -0.3250835
f 1645/1645/1645 1668/1668/1668 1556/1556/1556
f 1645/1645/1645 1556/1556/1556 1533/1533/1533
f 1702/1702/1702 1725/1725/1725 1675/1675/1675
f 1702/1702/1702 1675/1675/1675 1644/1644/1644
f 1719/1719/1719 1611/1611/1611 1561/1561/1561
f 1719/1719/1719 1561/1561/1561 1665/1665/1665
f 1540/1540/1540 1567/1567/1567 1621/1621/1621
f 1540/1540/1540 1621/1621/1621 1590/1590/1590
f 1591/1591/1591 1614/1614/1614 1726/1726/1726
f 1591/1591/1591 1726/1726/1726 1695/1695/1695
f 1531/1531/1531 1544/1544/1544 1546/1546/1546
f 1531/1531/1531 1546/1546/1546 1552/1552/1552
f 1535/1535/1535 1548/1548/1548 1545/1545/1545
f 1535/1535/1535 1545/1545/1545 1543/1543/1543
f 1537/1537/1537 1554/1554/1554 1547/1547/1547
f 1537/1537/1537 1547/1547/1547 1550/1550/1550
f 1558/1558/1558 1570/1570/1570 1572/1572/1572
f 1558/1558/1558 1572/1572/1572 1579/1579/1579
f 1562/1562/1562 1575/1575/1575 1573/1573/1573
f 1562/1562/1562 1573/1573/1573 1571/1571/1571
f 1564/1564/1564 1581/1581/1581 1574/1574/1574
f 1564/1564/1564 1574/1574/1574 1577/1577/1577
f 1585/1585/1585 1595/1595/1595 1600/1600/1600
f 1585/1585/1585 1600/1600/1600 1609/1609/1609
f 1587/1587/1587 1604/1604/1604 1601/1601/1601
f 1587/1587/1587 1601/1601/1601 1597/1597/1597
f 1593/1593/1593 1608/1608/1608 1599/1599/1599
f 1593/1593/1593 1599/1599/1599 1602/1602/1602
f 1612/1612/1612 1625/1625/1625 1627/1627/1627
f 1612/1612/1612 1627/1627/1627 1633/1633/1633
f 1616/1616/1616 1629/1629/1629 1626/1626/1626
f 1616/1616/1616 1626/1626/1626 1624/1624/1624
f 1618/1618/1618 1635/1635/1635 1628/1628/1628
f 1618/1618/1618 1628/1628/1628 1631/1631/1631
f 1639/1639/1639 1649/1649/1649 1654/1654/1654
f 1639/1639/1639 1654/1654/1654 1663/1663/1663
f 1641/1641/1641 1658/1658/1658 1655/1655/1655
f 1641/1641/1641 1655/1655/1655 1651/1651/1651
f 1647/1647/1647 1662/1662/1662 1653/1653/1653
f 1647/1647/1647 1653/1653/1653 1656/1656/1656
f 1666/1666/1666 1679/1679/1679 1681/1681/1681
f 1666/1666/1666 1681/1681/1681 1687/1687/1687
f 1670/1670/1670 1683/1683/1683 1680/1680/1680
f 1670/1670/1670 1680/1680/1680 1678/1678/1678
f 1672/1672/1672 1689/1689/1689 1682/1682/1682
f 1672/1672/1672 1682/1682/1682 1685/1685/1685
f 1693/1693/1693 1706/1706/1706 1708/1708/1708
f 1693/1693/1693 1708/1708/1708 1714/1714/1714
f 1697/1697/1697 1710/1710/1710 1707/1707/1707
f 1697/1697/1697 1707/1707/1707 1705/1705/1705
f 1699/1699/1699 1716/1716/1716 1709/1709/1709
f 1699/1699/1699 1709/1709/1709 1712/1712/1712
f 1720/1720/1720 1730/1730/1730 1735/1735/1735
f 1720/1720/1720 1735/1735/1735 1744/1744/1744
f 1722/1722/1722 1739/1739/1739 1736/1736/1736
f 1722/1722/1722 1736/1736/1736 1732/1732/1732
f 1728/1728/1728 1743/1743/1743 1734/1734/1734
f 1728/1728/1728 1734/1734/1734 1737/1737/1737
f 1586/1586/1586 1532/1532/1532 1553/1553/1553
f 1586/1586/1586 1553/1553/1553 1596/1596/1596
f 1598/1598/1598 1555/1555/1555 1539/1539/1539
f 1598/1598/1598 1539/1539/1539 1589/1589/1589
f 1536/1536/1536 1559/1559/1559 1580/1580/1580
f 1536/1536/1536 1580/1580/1580 1549/1549/1549
f 1551/1551/1551 1582/1582/1582 1565/1565/1565
f 1551/1551/1551 1565/1565/1565 1538/1538/1538
f 1563/1563/1563 1613/1613/1613 1634/1634/1634
f 1563/1563/1563 1634/1634/1634 1576/1576/1576
f 1578/1578/1578 1636/1636/1636 1620/1620/1620
f 1578/1578/1578 1620/1620/1620 1566/1566/1566
f 1617/1617/1617 1594/1594/1594 1603/1603/1603
f 1617/1617/1617 1603/1603/1603 1630/1630/1630
f 1632/1632/1632 1605/1605/1605 1588/1588/1588
f 1632/1632/1632 1588/1588/1588 1619/1619/1619
f 1691/1691/1691 1583/1583/1583 1607/1607/1607
f 1691/1691/1691 1607/1607/1607 1704/1704/1704
f 1703/1703/1703 1606/1606/1606 1592/1592/1592
f 1703/1703/1703 1592/1592/1592 1696/1696/1696
f 1610/1610/1610 1718/1718/1718 1742/1742/1742
f 1610/1610/1610 1742/1742/1742 1623/1623/1623
f 1622/1622/1622 1741/1741/1741 1727/1727/1727
f 1622/1622/1622 1727/1727/1727 1615/1615/1615
f 1723/1723/1723 1700/1700/1700 1713/1713/1713
f 1723/1723/1723 1713/1713/1713 1740/1740/1740
f 1738/1738/1738 1711/1711/1711 1698/1698/1698
f 1738/1738/1738 1698/1698/1698 1729/1729/1729
f 1640/1640/1640 1694/1694/1694 1715/1715/1715
f 1640/1640/1640 1715/1715/1715 1650/1650/1650
f 1652/1652/1652 1717/1717/1717 1701/1701/1701
f 1652/1652/1652 1701/1701/1701 1643/1643/1643
f 1721/1721/1721 1667/1667/1667 1688/1688/1688
f 1721/1721/1721 1688/1688/1688 1731/1731/1731
f 1733/1733/1733 1690/1690/1690 1674/1674/1674
f 1733/1733/1733 1674/1674/1674 1724/1724/1724
f 1671/1671/1671 1648/1648/1648 1657/1657/1657
f 1671/1671/1671 1657/1657/1657 1684/1684/1684
f 1686/1686/1686 1659/1659/1659 1642/1642/1642
f 1686/1686/1686 1642/1642/1642 1673/1673/1673
f 1529/1529/1529 1637/1637/1637 1661/1661/1661
f 1529/1529/1529 1661/1661/1661 1542/1542/1542
f 1541/1541/1541 1660/1660/1660 1646/1646/1646
f 1541/1541/1541 1646/1646/1646 1534/1534/1534
f 1664/1664/1664 1560/1560/1560 1569/1569/1569
f 1664/1664/1664 1569/1569/1569 1677/1677/1677
f 1676/1676/1676 1568/1568/1568 1557/1557/1557
f 1676/1676/1676 1557/1557/1557 1669/1669/1669
f 1584/1584/1584 1692/1692/1692 1638/1638/1638
f 1584/1584/1584 1638/1638/1638 1530/1530/1530
o Magazine.002_0
usemtl Machined_Steel
v -0.0364000 -0.3500000 0.2664000
v -0.0364000 -0.3500000 0.2664000
v -0.0364000 -0.3500000 0.2664000
v -0.0364000 -0.3500000 0.2664000
v -0.0364000 -0.3214000 0.2950000
v -0.0364000 -0.3214000 0.2950000
v -0.0364000 -0.3214000 0.2950000
v -0.0364000 -0.3214000 0.2950000
v -0.0650000 -0.3214000 0.2664000
v -0.0650000 -0.3214000 0.2664000
v -0.0650000 -0.3214000 0.2664000
v -0.0650000 -0.3214000 0.2664000
v -0.0364000 -0.3416233 0.2866233
v -0.0364000 -0.3416233 0.2866233
v -0.0364000 -0.3416233 0.2866233
v -0.0364000 -0.3416233 0.2866233
v -0.0529122 -0.3379122 0.2829122
v -0.0529122 -0.3379122 0.2829122
v -0.0529122 -0.3379122 0.2829122
v -0.0566233 -0.3214000 0.2866233
v -0.0566233 -0.3214000 0.2866233
v -0.0566233 -0.3214000 0.2866233
v -0.0566233 -0.3214000 0.2866233
v -0.0566233 -0.3416233 0.2664000
v -0.0566233 -0.3416233 0.2664000
v -0.0566233 -0.3416233 0.2664000
v -0.0566233 -0.3416233 0.2664000
v -0.0364000 -0.0386000 0.2950000
v -0.0364000 -0.0386000 0.2950000
v -0.0364000 -0.0386000 0.2950000
v -0.0364000 -0.0386000 0.2950000
v -0.0364000 -0.0100000 0.2664000
v -0.0364000 -0.0100000 0.2664000
v -0.0364000 -0.0100000 0.2664000
v -0.0364000 -0.0100000 0.2664000
v -0.0650000 -0.0386000 0.2664000
v -0.0650000 -0.0386000 0.2664000
v -0.0650000 -0.0386000 0.2664000
v -0.0650000 -0.0386000 0.2664000
v -0.0364000 -0.0183768 0.2866233
v -0.0364000 -0.0183768 0.2866233
v -0.0364000 -0.0183768 0.2866233
v -0.0364000 -0.0183768 0.2866233
v -0.0529122 -0.0220878 0.2829122
v -0.0529122 -0.0220878 0.2829122
v -0.0529122 -0.0220878 0.2829122
v -0.0566233 -0.0183768 0.2664000
v -0.0566233 -0.0183768 0.2664000
v -0.0566233 -0.0183768 0.2664000
v -0.0566233 -0.0183768 0.2664000
v -0.0566233 -0.0386000 0.2866233
v -0.0566233 -0.0386000 0.2866233
v -0.0566233 -0.0386000 0.2866233
v -0.0566233 -0.0386000 0.2866233
v -0.0364000 -0.3500000 0.0936000
v -0.0364000 -0.3500000 0.0936000
v -0.0364000 -0.3500000 0.0936000
v -0.0364000 -0.3500000 0.0936000
v -0.0650000 -0.3214000 0.0936000
v -0.0650000 -0.3214000 0.0936000
v -0.0650000 -0.3214000 0.0936000
v -0.0650000 -0.3214000 0.0936000
v -0.0364000 -0.3214000 0.0650000
v -0.0364000 -0.3214000 0.0650000
v -0.0364000 -0.3214000 0.0650000
v -0.0364000 -0.3214000 0.0650000
v -0.0566233 -0.3416233 0.0936000
v -0.0566233 -0.3416233 0.0936000
v -0.0566233 -0.3416233 0.0936000
v -0.0566233 -0.3416233 0.0936000
v -0.0529122 -0.3379122 0.0770878
v -0.0529122 -0.3379122 0.0770878
v -0.0529122 -0.3379122 0.0770878
v -0.0566233 -0.3214000 0.0733768
v -0.0566233 -0.3214000 0.0733768
v -0.0566233 -0.3214000 0.0733768
v -0.0566233 -0.3214000 0.0733768
v -0.0364000 -0.3416233 0.0733768
v -0.0364000 -0.3416233 0.0733768
v -0.0364000 -0.3416233 0.0733768
v -0.0364000 -0.3416233 0.0733768
v -0.0364000 -0.0100000 0.0936000
v -0.0364000 -0.0100000 0.0936000
v -0.0364000 -0.0100000 0.0936000
v -0.0364000 -0.0100000 0.0936000
v -0.0364000 -0.0386000 0.0650000
v -0.0364000 -0.0386000 0.0650000
v -0.0364000 -0.0386000 0.0650000
v -0.0364000 -0.0386000 0.0650000
v -0.0650000 -0.0386000 0.0936000
v -0.0650000 -0.0386000 0.0936000
v -0.0650000 -0.0386000 0.0936000
v -0.0650000 -0.0386000 0.0936000
v -0.0364000 -0.0183768 0.0733768
v -0.0364000 -0.0183768 0.0733768
v -0.0364000 -0.0183768 0.0733768
v -0.0364000 -0.0183768 0.0733768
v -0.0529122 -0.0220878 0.0770878
v -0.0529122 -0.0220878 0.0770878
v -0.0529122 -0.0220878 0.0770878
v -0.0566233 -0.0386000 0.0733768
v -0.0566233 -0.0386000 0.0733768
v -0.0566233 -0.0386000 0.0733768
v -0.0566233 -0.0386000 0.0733768
v -0.0566233 -0.0183768 0.0936000
v -0.0566233 -0.0183768 0.0936000
v -0.0566233 -0.0183768 0.0936000
v -0.0566233 -0.0183768 0.0936000
v 0.0364000 -0.3500000 0.2664000
v 0.0364000 -0.3500000 0.2664000
v 0.0364000 -0.3500000 0.2664000
v 0.0364000 -0.3500000 0.2664000
v 0.0650000 -0.3214000 0.2664000
v 0.0650000 -0.3214000 0.2664000
v 0.0650000 -0.3214000 0.2664000
v 0.0650000 -0.3214000 0.2664000
v 0.0364000 -0.3214000 0.2950000
v 0.0364000 -0.3214000 0.2950000
v 0.0364000 -0.3214000 0.2950000
v 0.0364000 -0.3214000 0.2950000
v 0.0566233 -0.3416233 0.2664000
v 0.0566233 -0.3416233 0.2664000
v 0.0566233 -0.3416233 0.2664000
v 0.0566233 -0.3416233 0.2664000
v 0.0529122 -0.3379122 0.2829122
v 0.0529122 -0.3379122 0.2829122
v 0.0529122 -0.3379122 0.2829122
v 0.0566233 -0.3214000 0.2866233
v 0.0566233 -0.3214000 0.2866233
v 0.0566233 -0.3214000 0.2866233
v 0.0566233 -0.3214000 0.2866233
v 0.0364000 -0.3416233 0.2866233
v 0.0364000 -0.3416233 0.2866233
v 0.0364000 -0.3416233 0.2866233
v 0.0364000 -0.3416233 0.2866233
v 0.0364000 -0.0100000 0.2664000
v 0.0364000 -0.0100000 0.2664000
v 0.0364000 -0.0100000 0.2664000
v 0.0364000 -0.0100000 0.2664000
v 0.0364000 -0.0386000 0.2950000
v 0.0364000 -0.0386000 0.2950000
v 0.0364000 -0.0386000 0.2950000
v 0.0364000 -0.0386000 0.2950000
v 0.0650000 -0.0386000 0.2664000
v 0.0650000 -0.0386000 0.2664000
v 0.0650000 -0.0386000 0.2664000
v 0.0650000 -0.0386000 0.2664000
v 0.0364000 -0.0183768 0.2866233
v 0.0364000 -0.0183768 0.2866233
v 0.0364000 -0.0183768 0.2866233
v 0.0364000 -0.0183768 0.2866233
v 0.0529122 -0.0220878 0.2829122
v 0.0529122 -0.0220878 0.2829122
v 0.0529122 -0.0220878 0.2829122
v 0.0566233 -0.0386000 0.2866233
v 0.0566233 -0.0386000 0.2866233
v 0.0566233 -0.0386000 0.2866233
v 0.0566233 -0.0386000 0.2866233
v 0.0566233 -0.0183768 0.2664000
v 0.0566233 -0.0183768 0.2664000
v 0.0566233 -0.0183768 0.2664000
v 0.0566233 -0.0183768 0.2664000
v 0.0364000 -0.3500000 0.0936000
v 0.0364000 -0.3500000 0.0936000
v 0.0364000 -0.3500000 0.0936000
v 0.0364000 -0.3500000 0.0936000
v 0.0364000 -0.3214000 0.0650000
v 0.0364000 -0.3214000 0.0650000
v 0.0364000 -0.3214000 0.0650000
v 0.0364000 -0.3214000 0.0650000
v 0.0650000 -0.3214000 0.0936000
v 0.0650000 -0.3214000 0.0936000
v 0.0650000 -0.3214000 0.0936000
v 0.0650000 -0.3214000 0.0936000
v 0.0364000 -0.3416233 0.0733768
v 0.0364000 -0.3416233 0.0733768
v 0.0364000 -0.3416233 0.0733768
v 0.0364000 -0.3416233 0.0733768
v 0.0529122 -0.3379122 0.0770878
v 0.0529122 -0.3379122 0.0770878
v 0.0529122 -0.3379122 0.0770878
v 0.0566233 -0.3214000 0.0733768
v 0.0566233 -0.3214000 0.0733768
v 0.0566233 -0.3214000 0.0733768
v 0.0566233 -0.3214000 0.0733768
v 0.0566233 -0.3416233 0.0936000
v 0.0566233 -0.3416233 0.0936000
v 0.0566233 -0.3416233 0.0936000
v 0.0566233 -0.3416233 0.0936000
v 0.0364000 -0.0100000 0.0936000
v 0.0364000 -0.0100000 0.0936000
v 0.0364000 -0.0100000 0.0936000
v 0.0364000 -0.0100000 0.0936000
v 0.0650000 -0.0386000 0.0936000
v 0.0650000 -0.0386000 0.0936000
v 0.0650000 -0.0386000 0.0936000
v 0.0650000 -0.0386000 0.0936000
v 0.0364000 -0.0386000 0.0650000
v 0.0364000 -0.0386000 0.0650000
v 0.0364000 -0.0386000 0.0650000
v 0.0364000 -0.0386000 0.0650000
v 0.0566233 -0.0183768 0.0936000
v 0.0566233 -0.0183768 0.0936000
v 0.0566233 -0.0183768 0.0936000
v 0.0566233 -0.0183768 0.0936000
v 0.0529122 -0.0220878 0.0770878
v 0.0529122 -0.0220878 0.0770878
v 0.0529122 -0.0220878 0.0770878
v 0.0566233 -0.0386000 0.0733768
v 0.0566233 -0.0386000 0.0733768
v 0.0566233 -0.0386000 0.0733768
v 0.0566233 -0.0386000 0.0733768
v 0.0364000 -0.0183768 0.0733768
v 0.0364000 -0.0183768 0.0733768
v 0.0364000 -0.0183768 0.0733768
v 0.0364000 -0.0183768 0.0733768
vt 0.1800000 0.2810870
vt 0.1800000 0.2810870
vt 0.1800000 0.2810870
vt 0.1800000 0.2810870
vt 0.3960294 0.0549999
vt 0.3960294 0.0549999
vt 0.3960294 0.0549999
vt 0.3960294 0.0549999
vt 0.3960294 0.9689130
vt 0.3960294 0.9689130
vt 0.3960294 0.9689130
vt 0.3960294 0.9689130
vt 0.3750000 0.0550001
vt 0.1800000 0.2500000
vt 0.3750000 0.0550001
vt 0.1800000 0.2500000
vt 0.3838881 0.0000000
vt 0.1482457 0.2500000
vt 0.3750000 0.9868611
vt 0.3960294 0.0000000
vt 0.3960294 0.0000000
vt 0.3960294 1.0000000
vt 0.3960294 1.0000000
vt 0.1250000 0.2810870
vt 0.1250000 0.2810870
vt 0.3750000 0.9689131
vt 0.3750000 0.9689131
vt 0.6039706 0.0549999
vt 0.6039706 0.0549999
vt 0.6039706 0.0549999
vt 0.6039706 0.0549999
vt 0.8200001 0.2810870
vt 0.8200001 0.2810870
vt 0.8200001 0.2810870
vt 0.8200001 0.2810870
vt 0.6039706 0.9689130
vt 0.6039706 0.9689130
vt 0.6039706 0.9689130
vt 0.6039706 0.9689130
vt 0.6250000 0.0550000
vt 0.8200000 0.2500000
vt 0.6250000 0.0550000
vt 0.8200000 0.2500000
vt 0.6250000 0.0232458
vt 0.8750000 0.2631389
vt 0.6161119 1.0000000
vt 0.8750000 0.2810870
vt 0.8750000 0.2810870
vt 0.6250000 0.9689130
vt 0.6250000 0.9689130
vt 0.6039706 0.0000000
vt 0.6039706 0.0000000
vt 0.6039706 1.0000000
vt 0.6039706 1.0000000
vt 0.1800000 0.4689130
vt 0.1800000 0.4689130
vt 0.1800000 0.4689130
vt 0.1800000 0.4689130
vt 0.3960294 0.7810869
vt 0.3960294 0.7810869
vt 0.3960294 0.7810869
vt 0.3960294 0.7810869
vt 0.3960294 0.6950000
vt 0.3960294 0.6950000
vt 0.3960294 0.6950000
vt 0.3960294 0.6950000
vt 0.1250000 0.4689131
vt 0.1250000 0.4689131
vt 0.3750000 0.7810869
vt 0.3750000 0.7810869
vt 0.3750000 0.7267542
vt 0.1250000 0.4868611
vt 0.3838881 0.7500000
vt 0.3960294 0.7500000
vt 0.3960294 0.7500000
vt 0.3960294 0.7500000
vt 0.3960294 0.7500000
vt 0.3750000 0.6950000
vt 0.1800000 0.5000000
vt 0.3750000 0.6950000
vt 0.1800000 0.5000000
vt 0.8200001 0.4689130
vt 0.8200001 0.4689130
vt 0.8200001 0.4689130
vt 0.8200001 0.4689130
vt 0.6039706 0.6950000
vt 0.6039706 0.6950000
vt 0.6039706 0.6950000
vt 0.6039706 0.6950000
vt 0.6039705 0.7810869
vt 0.6039705 0.7810869
vt 0.6039705 0.7810869
vt 0.6039705 0.7810869
vt 0.6250000 0.6950000
vt 0.8200001 0.5000000
vt 0.6250000 0.6950000
vt 0.8200001 0.5000000
vt 0.6161119 0.7500000
vt 0.8517542 0.5000000
vt 0.6250000 0.7631389
vt 0.6039706 0.7500000
vt 0.6039705 0.7500000
vt 0.6039705 0.7500000
vt 0.6039705 0.7500000
vt 0.8750000 0.4689131
vt 0.8750000 0.4689131
vt 0.6250000 0.7810869
vt 0.6250000 0.7810869
vt 0.3200000 0.2810870
vt 0.3200000 0.2810870
vt 0.3200000 0.2810870
vt 0.3200000 0.2810870
vt 0.3960294 0.2810870
vt 0.3960294 0.2810870
vt 0.3960294 0.2810870
vt 0.3960294 0.2810870
vt 0.3960294 0.1949999
vt 0.3960294 0.1949999
vt 0.3960294 0.1949999
vt 0.3960294 0.1949999
vt 0.3750000 0.2810870
vt 0.3750000 0.2810870
vt 0.3750000 0.2810870
vt 0.3750000 0.2810870
vt 0.3779627 0.2466310
vt 0.3779627 0.2466310
vt 0.3779627 0.2466310
vt 0.3960294 0.2500000
vt 0.3960294 0.2500000
vt 0.3960294 0.2500000
vt 0.3960294 0.2500000
vt 0.3750000 0.1950000
vt 0.3200000 0.2500000
vt 0.3750000 0.1950000
vt 0.3200000 0.2500000
vt 0.6800000 0.2810870
vt 0.6800000 0.2810870
vt 0.6800000 0.2810870
vt 0.6800000 0.2810870
vt 0.6039706 0.1949999
vt 0.6039706 0.1949999
vt 0.6039706 0.1949999
vt 0.6039706 0.1949999
vt 0.6039705 0.2810870
vt 0.6039705 0.2810870
vt 0.6039705 0.2810870
vt 0.6039705 0.2810870
vt 0.6250000 0.1950001
vt 0.6800000 0.2500000
vt 0.6250000 0.1950001
vt 0.6800000 0.2500000
vt 0.6297859 0.2543796
vt 0.6297859 0.2543796
vt 0.6297859 0.2543796
vt 0.6039706 0.2500000
vt 0.6039705 0.2500000
vt 0.6039705 0.2500000
vt 0.6039705 0.2500000
vt 0.6250000 0.2810870
vt 0.6250000 0.2810870
vt 0.6250000 0.2810870
vt 0.6250000 0.2810870
vt 0.3200000 0.4689130
vt 0.3200000 0.4689130
vt 0.3200000 0.4689130
vt 0.3200000 0.4689130
vt 0.3960294 0.5550000
vt 0.3960294 0.5550000
vt 0.3960294 0.5550000
vt 0.3960294 0.5550000
vt 0.3960294 0.4689130
vt 0.3960294 0.4689130
vt 0.3960294 0.4689130
vt 0.3960294 0.4689130
vt 0.3750000 0.5550000
vt 0.3200000 0.5000000
vt 0.3750000 0.5550000
vt 0.3200000 0.5000000
vt 0.3702141 0.4956204
vt 0.3702141 0.4956204
vt 0.3702141 0.4956204
vt 0.3960294 0.5000000
vt 0.3960294 0.5000000
vt 0.3960294 0.5000000
vt 0.3960294 0.5000000
vt 0.3750000 0.4689131
vt 0.3750000 0.4689131
vt 0.3750000 0.4689131
vt 0.3750000 0.4689131
vt 0.6800001 0.4689130
vt 0.6800001 0.4689130
vt 0.6800001 0.4689130
vt 0.6800001 0.4689130
vt 0.6039706 0.4689130
vt 0.6039706 0.4689130
vt 0.6039706 0.4689130
vt 0.6039706 0.4689130
vt 0.6039706 0.5549999
vt 0.6039706 0.5549999
vt 0.6039706 0.5549999
vt 0.6039706 0.5549999
vt 0.6250000 0.4689131
vt 0.6250000 0.4689131
vt 0.6250000 0.4689130
vt 0.6250000 0.4689131
vt 0.6220374 0.5033689
vt 0.6220374 0.5033689
vt 0.6220374 0.5033689
vt 0.6039705 0.5000000
vt 0.6039705 0.5000000
vt 0.6039706 0.5000000
vt 0.6039705 0.5000000
vt 0.6250000 0.5550000
vt 0.6799999 0.5000000
vt 0.6250000 0.5550000
vt 0.6799999 0.5000000
vn 0.0000000 -0.9238767 0.3826903
vn 0.0000000 -1.0000000 0.0000000
vn -0.3250835 -0.8880549 0.3250835
vn -0.3826903 -0.9238767 0.0000000
vn 0.0000000 0.0000000 1.0000000
vn 0.0000000 -0.3826903 0.9238767
vn -0.3250835 -0.3250835 0.8880549
vn -0.3826903 0.0000000 0.9238767
vn -0.8880549 -0.3250835 0.3250835
vn -0.9238767 0.0000000 0.3826903
vn -0.9238767 -0.3826903 0.0000000
vn -1.0000000 0.0000000 0.0000000
vn 0.0000000 -0.3826903 0.9238767
vn 0.0000000 -0.9238767 0.3826903
vn -0.3250835 -0.3250835 0.8880549
vn -0.3250835 -0.8880549 0.3250835
vn -0.3250835 -0.3250835 0.8880549
vn -0.3250835 -0.8880549 0.3250835
vn -0.8880549 -0.3250835 0.3250835
vn -0.3250835 -0.3250835 0.8880549
vn -0.3826903 0.0000000 0.9238767
vn -0.8880549 -0.3250835 0.3250835
vn -0.9238767 0.0000000 0.3826903
vn -0.3250835 -0.8880549 0.3250835
vn -0.3826903 -0.9238767 0.0000000
vn -0.8880549 -0.3250835 0.3250835
vn -0.9238767 -0.3826903 0.0000000
vn 0.0000000 0.0000000 1.0000000
vn 0.0000000 0.3826903 0.9238767
vn -0.3250835 0.3250835 0.8880549
vn -0.3826903 0.0000000 0.9238767
vn 0.0000000 0.9238767 0.3826903
vn 0.0000000 1.0000000 0.0000000
vn -0.3250835 0.8880549 0.3250835
vn -0.3826903 0.9238767 0.0000000
vn -0.8880549 0.3250835 0.3250835
vn -0.9238767 0.0000000 0.3826903
vn -0.9238767 0.3826903 0.0000000
vn -1.0000000 0.0000000 0.0000000
vn 0.0000000 0.3826903 0.9238767
vn 0.0000000 0.9238767 0.3826903
vn -0.3250835 0.3250835 0.8880549
vn -0.3250835 0.8880549 0.3250835
vn -0.3250835 0.3250835 0.8880549
vn -0.3250835 0.8880549 0.3250835
vn -0.8880549 0.3250835 0.3250835
vn -0.3250835 0.8880549 0.3250835
vn -0.3826903 0.9238767 0.0000000
vn -0.8880549 0.3250835 0.3250835
vn -0.9238767 0.3826903 0.0000000
vn -0.3250835 0.3250835 0.8880549
vn -0.3826903 0.0000000 0.9238767
vn -0.8880549 0.3250835 0.3250835
vn -0.9238767 0.0000000 0.3826903
vn 0.0000000 -0.9238767 -0.3826903
vn 0.0000000 -1.0000000 0.0000000
vn -0.3250835 -0.8880549 -0.3250835
vn -0.3826903 -0.9238767 0.0000000
vn -0.8880549 -0.3250835 -0.3250835
vn -0.9238767 0.0000000 -0.3826903
vn -0.9238767 -0.3826903 0.0000000
vn -1.0000000 0.0000000 0.0000000
vn 0.0000000 0.0000000 -1.0000000
vn 0.0000000 -0.3826903 -0.9238767
vn -0.3250835 -0.3250835 -0.8880549
vn -0.3826903 0.0000000 -0.9238767
vn -0.3250835 -0.8880549 -0.3250835
vn -0.3826903 -0.9238767 0.0000000
vn -0.8880549 -0.3250835 -0.3250835
vn -0.9238767 -0.3826903 0.0000000
vn -0.3250835 -0.3250835 -0.8880549
vn -0.3250835 -0.8880549 -0.3250835
vn -0.8880549 -0.3250835 -0.3250835
vn -0.3250835 -0.3250835 -0.8880549
vn -0.3826903 0.0000000 -0.9238767
vn -0.8880549 -0.3250835 -0.3250835
vn -0.9238767 0.0000000 -0.3826903
vn 0.0000000 -0.3826903 -0.9238767
vn 0.0000000 -0.9238767 -0.3826903
vn -0.3250835 -0.3250835 -0.8880549
vn -0.3250835 -0.8880549 -0.3250835
vn 0.0000000 0.9238767 -0.3826903
vn 0.0000000 1.0000000 0.0000000
vn -0.3250835 0.8880549 -0.3250835
vn -0.3826903 0.9238767 0.0000000
vn 0.0000000 0.0000000 -1.0000000
vn 0.0000000 0.3826903 -0.9238767
vn -0.3250835 0.3250835 -0.8880549
vn -0.3826903 0.0000000 -0.9238767
vn -0.8880549 0.3250835 -0.3250835
vn -0.9238767 0.0000000 -0.3826903
vn -0.9238767 0.3826903 0.0000000
vn -1.0000000 0.0000000 0.0000000
vn 0.0000000 0.3826903 -0.9238767
vn 0.0000000 0.9238767 -0.3826903
vn -0.3250835 0.3250835 -0.8880549
vn -0.3250835 0.8880549 -0.3250835
vn -0.3250835 0.3250835 -0.8880549
vn -0.3250835 0.8880549 -0.3250835
vn -0.8880549 0.3250835 -0.3250835
vn -0.3250835 0.3250835 -0.8880549
vn -0.3826903 0.0000000 -0.9238767
vn -0.8880549 0.3250835 -0.3250835
vn -0.9238767 0.0000000 -0.3826903
vn -0.3250835 0.8880549 -0.3250835
vn -0.3826903 0.9238767 0.0000000
vn -0.8880549 0.3250835 -0.3250835
vn -0.9238767 0.3826903 0.0000000
vn 0.0000000 -0.9238767 0.3826903
vn 0.0000000 -1.0000000 0.0000000
vn 0.3250835 -0.8880549 0.3250835
vn 0.3826903 -0.9238767 0.0000000
vn 0.8880549 -0.3250835 0.3250835
vn 0.9238767 0.0000000 0.3826903
vn 0.9238767 -0.3826903 0.0000000
vn 1.0000000 0.0000000 0.0000000
vn 0.0000000 0.0000000 1.0000000
vn 0.0000000 -0.3826903 0.9238767
vn 0.3250835 -0.3250835 0.8880549
vn 0.3826903 0.0000000 0.9238767
vn 0.3250835 -0.8880549 0.3250835
vn 0.3826903 -0.9238767 0.0000000
vn 0.8880549 -0.3250835 0.3250835
vn 0.9238767 -0.3826903 0.0000000
vn 0.3250835 -0.3250835 0.8880549
vn 0.3250835 -0.8880549 0.3250835
vn 0.8880549 -0.3250835 0.3250835
vn 0.3250835 -0.3250835 0.8880549
vn 0.3826903 0.0000000 0.9238767
vn 0.8880549 -0.3250835 0.3250835
vn 0.9238767 0.0000000 0.3826903
vn 0.0000000 -0.3826903 0.9238767
vn 0.0000000 -0.9238767 0.3826903
vn 0.3250835 -0.3250835 0.8880549
vn 0.3250835 -0.8880549 0.3250835
vn 0.0000000 0.9238767 0.3826903
vn 0.0000000 1.0000000 0.0000000
vn 0.3250835 0.8880549 0.3250835
vn 0.3826903 0.9238767 0.0000000
vn 0.0000000 0.0000000 1.0000000
vn 0.0000000 0.3826903 0.9238767
vn 0.3250835 0.3250835 0.8880549
vn 0.3826903 0.0000000 0.9238767
vn 0.8880549 0.3250835 0.3250835
vn 0.9238767 0.0000000 0.3826903
vn 0.9238767 0.3826903 0.0000000
vn 1.0000000 0.0000000 0.0000000
vn 0.0000000 0.3826903 0.9238767
vn 0.0000000 0.9238767 0.3826903
vn 0.3250835 0.3250835 0.8880549
vn 0.3250835 0.8880549 0.3250835
vn 0.3250835 0.3250835 0.8880549
vn 0.3250835 0.8880549 0.3250835
vn 0.8880549 0.3250835 0.3250835
vn 0.3250835 0.3250835 0.8880549
vn 0.3826903 0.0000000 0.9238767
vn 0.8880549 0.3250835 0.3250835
vn 0.9238767 0.0000000 0.3826903
vn 0.3250835 0.8880549 0.3250835
vn 0.3826903 0.9238767 0.0000000
vn 0.8880549 0.3250835 0.3250835
vn 0.9238767 0.3826903 0.0000000
vn 0.0000000 -0.9238767 -0.3826903
vn 0.0000000 -1.0000000 0.0000000
vn 0.3250835 -0.8880549 -0.3250835
vn 0.3826903 -0.9238767 0.0000000
vn 0.0000000 0.0000000 -1.0000000
vn 0.0000000 -0.3826903 -0.9238767
vn 0.3250835 -0.3250835 -0.8880549
vn 0.3826903 0.0000000 -0.9238767
vn 0.8880549 -0.3250835 -0.3250835
vn 0.9238767 0.0000000 -0.3826903
vn 0.9238767 -0.3826903 0.0000000
vn 1.0000000 0.0000000 0.0000000
vn 0.0000000 -0.3826903 -0.9238767
vn 0.0000000 -0.9238767 -0.3826903
vn 0.3250835 -0.3250835 -0.8880549
vn 0.3250835 -0.8880549 -0.3250835
vn 0.3250835 -0.3250835 -0.8880549
vn 0.3250835 -0.8880549 -0.3250835
vn 0.8880549 -0.3250835 -0.3250835
vn 0.3250835 -0.3250835 -0.8880549
vn 0.3826903 0.0000000 -0.9238767
vn 0.8880549 -0.3250835 -0.3250835
vn 0.9238767 0.0000000 -0.3826903
vn 0.3250835 -0.8880549 -0.3250835
vn 0.3826903 -0.9238767 0.0000000
vn 0.8880549 -0.3250835 -0.3250835
vn 0.9238767 -0.3826903 0.0000000
vn 0.0000000 0.9238767 -0.3826903
vn 0.0000000 1.0000000 0.0000000
vn 0.3250835 0.8880549 -0.3250835
vn 0.3826903 0.9238767 0.0000000
vn 0.8880549 0.3250835 -0.3250835
vn 0.9238767 0.0000000 -0.3826903
vn 0.9238767 0.3826903 0.0000000
vn 1.0000000 0.0000000 0.0000000
vn 0.0000000 0.0000000 -1.0000000
vn 0.0000000 0.3826903 -0.9238767
vn 0.3250835 0.3250835 -0.8880549
vn 0.3826903 0.0000000 -0.9238767
vn 0.3250835 0.8880549 -0.3250835
vn 0.3826903 0.9238767 0.0000000
vn 0.8880549 0.3250835 -0.3250835
vn 0.9238767 0.3826903 0.0000000
vn 0.3250835 0.3250835 -0.8880549
vn 0.3250835 0.8880549 -0.3250835
vn 0.8880549 0.3250835 -0.3250835
vn 0.3250835 0.3250835 -0.8880549
vn 0.3826903 0.0000000 -0.9238767
vn 0.8880549 0.3250835 -0.3250835
vn 0.9238767 0.0000000 -0.3826903
vn 0.0000000 0.3826903 -0.9238767
vn 0.0000000 0.9238767 -0.3826903
vn 0.3250835 0.3250835 -0.8880549
vn 0.3250835 0.8880549 -0.3250835
f 1861/1861/1861 1884/1884/1884 1772/1772/1772
f 1861/1861/1861 1772/1772/1772 1749/1749/1749
f 1918/1918/1918 1941/1941/1941 1891/1891/1891
f 1918/1918/1918 1891/1891/1891 1860/1860/1860
f 1935/1935/1935 1827/1827/1827 1777/1777/1777
f 1935/1935/1935 1777/1777/1777 1881/1881/1881
f 1756/1756/1756 1783/1783/1783 1837/1837/1837
f 1756/1756/1756 1837/1837/1837 1806/1806/1806
f 1807/1807/1807 1830/1830/1830 1942/1942/1942
f 1807/1807/1807 1942/1942/1942 1911/1911/1911
f 1747/1747/1747 1760/1760/1760 1762/1762/1762
f 1747/1747/1747 1762/1762/1762 1768/1768/1768
f 1751/1751/1751 1764/1764/1764 1761/1761/1761
f 1751/1751/1751 1761/1761/1761 1759/1759/1759
f 1753/1753/1753 1770/1770/1770 1763/1763/1763
f 1753/1753/1753 1763/1763/1763 1766/1766/1766
f 1774/1774/1774 1786/1786/1786 1788/1788/1788
f 1774/1774/1774 1788/1788/1788 1795/1795/1795
f 1778/1778/1778 1791/1791/1791 1789/1789/1789
f 1778/1778/1778 1789/1789/1789 1787/1787/1787
f 1780/1780/1780 1797/1797/1797 1790/1790/1790
f 1780/1780/1780 1790/1790/1790 1793/1793/1793
f 1801/1801/1801 1811/1811/1811 1816/1816/1816
f 1801/1801/1801 1816/1816/1816 1825/1825/1825
f 1803/1803/1803 1820/1820/1820 1817/1817/1817
f 1803/1803/1803 1817/1817/1817 1813/1813/1813
f 1809/1809/1809 1824/1824/1824 1815/1815/1815
f 1809/1809/1809 1815/1815/1815 1818/1818/1818
f 1828/1828/1828 1841/1841/1841 1843/1843/1843
f 1828/1828/1828 1843/1843/1843 1849/1849/1849
f 1832/1832/1832 1845/1845/1845 1842/1842/1842
f 1832/1832/1832 1842/1842/1842 1840/1840/1840
f 1834/1834/1834 1851/1851/1851 1844/1844/1844
f 1834/1834/1834 1844/1844/1844 1847/1847/1847
f 1855/1855/1855 1865/1865/1865 1870/1870/1870
f 1855/1855/1855 1870/1870/1870 1879/1879/1879
f 1857/1857/1857 1874/1874/1874 1871/1871/1871
f 1857/1857/1857 1871/1871/1871 1867/1867/1867
f 1863/1863/1863 1878/1878/1878 1869/1869/1869
f 1863/1863/1863 1869/1869/1869 1872/1872/1872
f 1882/1882/1882 1895/1895/1895 1897/1897/1897
f 1882/1882/1882 1897/1897/1897 1903/1903/1903
f 1886/1886/1886 1899/1899/1899 1896/1896/1896
f 1886/1886/1886 1896/1896/1896 1894/1894/1894
f 1888/1888/1888 1905/1905/1905 1898/1898/1898
f 1888/1888/1888 1898/1898/1898 1901/1901/1901
f 1909/1909/1909 1922/1922/1922 1924/1924/1924
f 1909/1909/1909 1924/1924/1924 1930/1930/1930
f 1913/1913/1913 1926/1926/1926 1923/1923/1923
f 1913/1913/1913 1923/1923/1923 1921/1921/1921
f 1915/1915/1915 1932/1932/1932 1925/1925/1925
f 1915/1915/1915 1925/1925/1925 1928/1928/1928
f 1936/1936/1936 1946/1946/1946 1951/1951/1951
f 1936/1936/1936 1951/1951/1951 1960/1960/1960
f 1938/1938/1938 1955/1955/1955 1952/1952/1952
f 1938/1938/1938 1952/1952/1952 1948/1948/1948
f 1944/1944/1944 1959/1959/1959 1950/1950/1950
f 1944/1944/1944 1950/1950/1950 1953/1953/1953
f 1802/1802/1802 1748/1748/1748 1769/1769/1769
f 1802/1802/1802 1769/1769/1769 1812/1812/1812
f 1814/1814/1814 1771/1771/1771 1755/1755/1755
f 1814/1814/1814 1755/1755/1755 1805/1805/1805
f 1752/1752/1752 1775/1775/1775 1796/1796/1796
f 1752/1752/1752 1796/1796/1796 1765/1765/1765
f 1767/1767/1767 1798/1798/1798 1781/1781/1781
f 1767/1767/1767 1781/1781/1781 1754/1754/1754
f 1779/1779/1779 1829/1829/1829 1850/1850/1850
f 1779/1779/1779 1850/1850/1850 1792/1792/1792
f 1794/1794/1794 1852/1852/1852 1836/1836/1836
f 1794/1794/1794 1836/1836/1836 1782/1782/1782
f 1833/1833/1833 1810/1810/1810 1819/1819/1819
f 1833/1833/1833 1819/1819/1819 1846/1846/1846
f 1848/1848/1848 1821/1821/1821 1804/1804/1804
f 1848/1848/1848 1804/1804/1804 1835/1835/1835
f 1907/1907/1907 1799/1799/1799 1823/1823/1823
f 1907/1907/1907 1823/1823/1823 1920/1920/1920
f 1919/1919/1919 1822/1822/1822 1808/1808/1808
f 1919/1919/1919 1808/1808/1808 1912/1912/1912
f 1826/1826/1826 1934/1934/1934 1958/1958/1958
f 1826/1826/1826 1958/1958/1958 1839/1839/1839
f 1838/1838/1838 1957/1957/1957 1943/1943/1943
f 1838/1838/1838 1943/1943/1943 1831/1831/1831
f 1939/1939/1939 1916/1916/1916 1929/1929/1929
f 1939/1939/1939 1929/1929/1929 1956/1956/1956
f 1954/1954/1954 1927/1927/1927 1914/1914/1914
f 1954/1954/1954 1914/1914/1914 1945/1945/1945
f 1856/1856/1856 1910/1910/1910 1931/1931/1931
f 1856/1856/1856 1931/1931/1931 1866/1866/1866
f 1868/1868/1868 1933/1933/1933 1917/1917/1917
f 1868/1868/1868 1917/1917/1917 1859/1859/1859
f 1937/1937/1937 1883/1883/1883 1904/1904/1904
f 1937/1937/1937 1904/1904/1904 1947/1947/1947
f 1949/1949/1949 1906/1906/1906 1890/1890/1890
f 1949/1949/1949 1890/1890/1890 1940/1940/1940
f 1887/1887/1887 1864/1864/1864 1873/1873/1873
f 1887/1887/1887 1873/1873/1873 1900/1900/1900
f 1902/1902/1902 1875/1875/1875 1858/1858/1858
f 1902/1902/1902 1858/1858/1858 1889/1889/1889
f 1745/1745/1745 1853/1853/1853 1877/1877/1877
f 1745/1745/1745 1877/1877/1877 1758/1758/1758
f 1757/1757/1757 1876/1876/1876 1862/1862/1862
f 1757/1757/1757 1862/1862/1862 1750/1750/1750
f 1880/1880/1880 1776/1776/1776 1785/1785/1785
f 1880/1880/1880 1785/1785/1785 1893/1893/1893
f 1892/1892/1892 1784/1784/1784 1773/1773/1773
f 1892/1892/1892 1773/1773/1773 1885/1885/1885
f 1800/1800/1800 1908/1908/1908 1854/1854/1854
f 1800/1800/1800 1854/1854/1854 1746/1746/1746
o Muzzle_brake.002_0
usemtl Gunmetal
v 0.0000000 0.1086215 1.2850000
v 0.0000000 0.1086215 1.2850000
v 0.0000000 0.1086215 1.2850000
v 0.0000000 0.1150000 1.2913000
v 0.0000000 0.1150000 1.2913000
v 0.0000000 0.1150000 1.2913000
v 0.0000000 0.1150000 1.2913000
v 0.0000000 0.1131318 1.2868453
v 0.0000000 0.1131318 1.2868453
v 0.0000000 0.1131318 1.2868453
v 0.0000000 0.1131318 1.2868453
v 0.0000000 0.1086215 1.4150000
v 0.0000000 0.1086215 1.4150000
v 0.0000000 0.1086215 1.4150000
v 0.0000000 0.1150000 1.4087000
v 0.0000000 0.1150000 1.4087000
v 0.0000000 0.1150000 1.4087000
v 0.0000000 0.1150000 1.4087000
v 0.0000000 0.1131318 1.4131548
v 0.0000000 0.1131318 1.4131548
v 0.0000000 0.1131318 1.4131548
v 0.0000000 0.1131318 1.4131548
v 0.0119347 0.1067312 1.2850000
v 0.0119347 0.1067312 1.2850000
v 0.0119347 0.1067312 1.2850000
v 0.0139058 0.1127976 1.2913000
v 0.0139058 0.1127976 1.2913000
v 0.0139058 0.1127976 1.2913000
v 0.0139058 0.1127976 1.2913000
v 0.0133285 0.1110208 1.2868453
v 0.0133285 0.1110208 1.2868453
v 0.0133285 0.1110208 1.2868453
v 0.0133285 0.1110208 1.2868453
v 0.0119347 0.1067312 1.4150000
v 0.0119347 0.1067312 1.4150000
v 0.0119347 0.1067312 1.4150000
v 0.0139058 0.1127975 1.4087000
v 0.0139058 0.1127975 1.4087000
v 0.0139058 0.1127975 1.4087000
v 0.0139058 0.1127975 1.4087000
v 0.0133285 0.1110208 1.4131548
v 0.0133285 0.1110208 1.4131548
v 0.0133285 0.1110208 1.4131548
v 0.0133285 0.1110208 1.4131548
v 0.0227011 0.1012454 1.2850000
v 0.0227011 0.1012454 1.2850000
v 0.0227011 0.1012454 1.2850000
v 0.0264503 0.1064058 1.2913000
v 0.0264503 0.1064058 1.2913000
v 0.0264503 0.1064058 1.2913000
v 0.0264503 0.1064058 1.2913000
v 0.0253522 0.1048944 1.2868453
v 0.0253522 0.1048944 1.2868453
v 0.0253522 0.1048944 1.2868453
v 0.0253522 0.1048944 1.2868453
v 0.0227011 0.1012454 1.4150000
v 0.0227011 0.1012454 1.4150000
v 0.0227011 0.1012454 1.4150000
v 0.0264503 0.1064058 1.4087000
v 0.0264503 0.1064058 1.4087000
v 0.0264503 0.1064058 1.4087000
v 0.0264503 0.1064058 1.4087000
v 0.0253522 0.1048943 1.4131548
v 0.0253522 0.1048943 1.4131548
v 0.0253522 0.1048943 1.4131548
v 0.0253522 0.1048943 1.4131548
v 0.0312454 0.0927011 1.2850000
v 0.0312454 0.0927011 1.2850000
v 0.0312454 0.0927011 1.2850000
v 0.0364058 0.0964503 1.2913000
v 0.0364058 0.0964503 1.2913000
v 0.0364058 0.0964503 1.2913000
v 0.0364058 0.0964503 1.2913000
v 0.0348943 0.0953522 1.2868453
v 0.0348943 0.0953522 1.2868453
v 0.0348943 0.0953522 1.2868453
v 0.0348943 0.0953522 1.2868453
v 0.0312454 0.0927011 1.4150000
v 0.0312454 0.0927011 1.4150000
v 0.0312454 0.0927011 1.4150000
v 0.0364058 0.0964503 1.4087000
v 0.0364058 0.0964503 1.4087000
v 0.0364058 0.0964503 1.4087000
v 0.0364058 0.0964503 1.4087000
v 0.0348943 0.0953522 1.4131548
v 0.0348943 0.0953522 1.4131548
v 0.0348943 0.0953522 1.4131548
v 0.0348943 0.0953522 1.4131548
v 0.0367312 0.0819347 1.2850000
v 0.0367312 0.0819347 1.2850000
v 0.0367312 0.0819347 1.2850000
v 0.0427975 0.0839058 1.2913000
v 0.0427975 0.0839058 1.2913000
v 0.0427975 0.0839058 1.2913000
v 0.0427975 0.0839058 1.2913000
v 0.0410208 0.0833285 1.2868453
v 0.0410208 0.0833285 1.2868453
v 0.0410208 0.0833285 1.2868453
v 0.0410208 0.0833285 1.2868453
v 0.0367312 0.0819347 1.4150000
v 0.0367312 0.0819347 1.4150000
v 0.0367312 0.0819347 1.4150000
v 0.0427975 0.0839058 1.4087000
v 0.0427975 0.0839058 1.4087000
v 0.0427975 0.0839058 1.4087000
v 0.0427975 0.0839058 1.4087000
v 0.0410208 0.0833284 1.4131548
v 0.0410208 0.0833284 1.4131548
v 0.0410208 0.0833284 1.4131548
v 0.0410208 0.0833284 1.4131548
v 0.0386215 0.0700000 1.2850000
v 0.0386215 0.0700000 1.2850000
v 0.0386215 0.0700000 1.2850000
v 0.0450000 0.0700000 1.2913000
v 0.0450000 0.0700000 1.2913000
v 0.0450000 0.0700000 1.2913000
v 0.0450000 0.0700000 1.2913000
v 0.0431318 0.0700000 1.2868453
v 0.0431318 0.0700000 1.2868453
v 0.0431318 0.0700000 1.2868453
v 0.0431318 0.0700000 1.2868453
v 0.0386215 0.0700000 1.4150000
v 0.0386215 0.0700000 1.4150000
v 0.0386215 0.0700000 1.4150000
v 0.0450000 0.0700000 1.4087000
v 0.0450000 0.0700000 1.4087000
v 0.0450000 0.0700000 1.4087000
v 0.0450000 0.0700000 1.4087000
v 0.0431318 0.0700000 1.4131548
v 0.0431318 0.0700000 1.4131548
v 0.0431318 0.0700000 1.4131548
v 0.0431318 0.0700000 1.4131548
v 0.0367312 0.0580653 1.2850000
v 0.0367312 0.0580653 1.2850000
v 0.0367312 0.0580653 1.2850000
v 0.0427975 0.0560942 1.2913000
v 0.0427975 0.0560942 1.2913000
v 0.0427975 0.0560942 1.2913000
v 0.0427975 0.0560942 1.2913000
v 0.0410208 0.0566716 1.2868452
v 0.0410208 0.0566716 1.2868452
v 0.0410208 0.0566716 1.2868452
v 0.0410208 0.0566716 1.2868452
v 0.0367312 0.0580653 1.4150000
v 0.0367312 0.0580653 1.4150000
v 0.0367312 0.0580653 1.4150000
v 0.0427975 0.0560942 1.4087000
v 0.0427975 0.0560942 1.4087000
v 0.0427975 0.0560942 1.4087000
v 0.0427975 0.0560942 1.4087000
v 0.0410208 0.0566715 1.4131548
v 0.0410208 0.0566715 1.4131548
v 0.0410208 0.0566715 1.4131548
v 0.0410208 0.0566715 1.4131548
v 0.0312454 0.0472989 1.2850000
v 0.0312454 0.0472989 1.2850000
v 0.0312454 0.0472989 1.2850000
v 0.0364058 0.0435497 1.2913000
v 0.0364058 0.0435497 1.2913000
v 0.0364058 0.0435497 1.2913000
v 0.0364058 0.0435497 1.2913000
v 0.0348943 0.0446478 1.2868452
v 0.0348943 0.0446478 1.2868452
v 0.0348943 0.0446478 1.2868452
v 0.0348943 0.0446478 1.2868452
v 0.0312454 0.0472989 1.4150000
v 0.0312454 0.0472989 1.4150000
v 0.0312454 0.0472989 1.4150000
v 0.0364058 0.0435497 1.4087000
v 0.0364058 0.0435497 1.4087000
v 0.0364058 0.0435497 1.4087000
v 0.0364058 0.0435497 1.4087000
v 0.0348943 0.0446478 1.4131548
v 0.0348943 0.0446478 1.4131548
v 0.0348943 0.0446478 1.4131548
v 0.0348943 0.0446478 1.4131548
v 0.0227011 0.0387546 1.2850000
v 0.0227011 0.0387546 1.2850000
v 0.0227011 0.0387546 1.2850000
v 0.0264503 0.0335942 1.2913000
v 0.0264503 0.0335942 1.2913000
v 0.0264503 0.0335942 1.2913000
v 0.0264503 0.0335942 1.2913000
v 0.0253522 0.0351057 1.2868452
v 0.0253522 0.0351057 1.2868452
v 0.0253522 0.0351057 1.2868452
v 0.0253522 0.0351057 1.2868452
v 0.0227011 0.0387546 1.4150000
v 0.0227011 0.0387546 1.4150000
v 0.0227011 0.0387546 1.4150000
v 0.0264503 0.0335942 1.4087000
v 0.0264503 0.0335942 1.4087000
v 0.0264503 0.0335942 1.4087000
v 0.0264503 0.0335942 1.4087000
v 0.0253522 0.0351056 1.4131548
v 0.0253522 0.0351056 1.4131548
v 0.0253522 0.0351056 1.4131548
v 0.0253522 0.0351056 1.4131548
v 0.0119347 0.0332688 1.2850000
v 0.0119347 0.0332688 1.2850000
v 0.0119347 0.0332688 1.2850000
v 0.0139058 0.0272025 1.2913000
v 0.0139058 0.0272025 1.2913000
v 0.0139058 0.0272025 1.2913000
v 0.0139058 0.0272025 1.2913000
v 0.0133285 0.0289792 1.2868452
v 0.0133285 0.0289792 1.2868452
v 0.0133285 0.0289792 1.2868452
v 0.0133285 0.0289792 1.2868452
v 0.0119347 0.0332688 1.4150000
v 0.0119347 0.0332688 1.4150000
v 0.0119347 0.0332688 1.4150000
v 0.0139058 0.0272024 1.4087000
v 0.0139058 0.0272024 1.4087000
v 0.0139058 0.0272024 1.4087000
v 0.0139058 0.0272024 1.4087000
v 0.0133285 0.0289792 1.4131548
v 0.0133285 0.0289792 1.4131548
v 0.0133285 0.0289792 1.4131548
v 0.0133285 0.0289792 1.4131548
v 0.0000000 0.0313785 1.2850000
v 0.0000000 0.0313785 1.2850000
v 0.0000000 0.0313785 1.2850000
v 0.0000000 0.0250000 1.2913000
v 0.0000000 0.0250000 1.2913000
v 0.0000000 0.0250000 1.2913000
v 0.0000000 0.0250000 1.2913000
v 0.0000000 0.0268682 1.2868452
v 0.0000000 0.0268682 1.2868452
v 0.0000000 0.0268682 1.2868452
v 0.0000000 0.0268682 1.2868452
v 0.0000000 0.0313785 1.4150000
v 0.0000000 0.0313785 1.4150000
v 0.0000000 0.0313785 1.4150000
v 0.0000000 0.0250000 1.4087000
v 0.0000000 0.0250000 1.4087000
v 0.0000000 0.0250000 1.4087000
v 0.0000000 0.0250000 1.4087000
v 0.0000000 0.0268682 1.4131548
v 0.0000000 0.0268682 1.4131548
v 0.0000000 0.0268682 1.4131548
v 0.0000000 0.0268682 1.4131548
v -0.0119347 0.0332688 1.2850000
v -0.0119347 0.0332688 1.2850000
v -0.0119347 0.0332688 1.2850000
v -0.0139058 0.0272025 1.2913000
v -0.0139058 0.0272025 1.2913000
v -0.0139058 0.0272025 1.2913000
v -0.0139058 0.0272025 1.2913000
v -0.0133285 0.0289792 1.2868452
v -0.0133285 0.0289792 1.2868452
v -0.0133285 0.0289792 1.2868452
v -0.0133285 0.0289792 1.2868452
v -0.0119347 0.0332688 1.4150000
v -0.0119347 0.0332688 1.4150000
v -0.0119347 0.0332688 1.4150000
v -0.0139058 0.0272024 1.4087000
v -0.0139058 0.0272024 1.4087000
v -0.0139058 0.0272024 1.4087000
v -0.0139058 0.0272024 1.4087000
v -0.0133285 0.0289792 1.4131548
v -0.0133285 0.0289792 1.4131548
v -0.0133285 0.0289792 1.4131548
v -0.0133285 0.0289792 1.4131548
v -0.0227011 0.0387546 1.2850000
v -0.0227011 0.0387546 1.2850000
v -0.0227011 0.0387546 1.2850000
v -0.0264503 0.0335942 1.2913000
v -0.0264503 0.0335942 1.2913000
v -0.0264503 0.0335942 1.2913000
v -0.0264503 0.0335942 1.2913000
v -0.0253522 0.0351057 1.2868452
v -0.0253522 0.0351057 1.2868452
v -0.0253522 0.0351057 1.2868452
v -0.0253522 0.0351057 1.2868452
v -0.0227011 0.0387546 1.4150000
v -0.0227011 0.0387546 1.4150000
v -0.0227011 0.0387546 1.4150000
v -0.0264503 0.0335942 1.4087000
v -0.0264503 0.0335942 1.4087000
v -0.0264503 0.0335942 1.4087000
v -0.0264503 0.0335942 1.4087000
v -0.0253522 0.0351056 1.4131548
v -0.0253522 0.0351056 1.4131548
v -0.0253522 0.0351056 1.4131548
v -0.0253522 0.0351056 1.4131548
v -0.0312454 0.0472989 1.2850000
v -0.0312454 0.0472989 1.2850000
v -0.0312454 0.0472989 1.2850000
v -0.0364058 0.0435497 1.2913000
v -0.0364058 0.0435497 1.2913000
v -0.0364058 0.0435497 1.2913000
v -0.0364058 0.0435497 1.2913000
v -0.0348943 0.0446478 1.2868452
v -0.0348943 0.0446478 1.2868452
v -0.0348943 0.0446478 1.2868452
v -0.0348943 0.0446478 1.2868452
v -0.0312454 0.0472989 1.4150000
v -0.0312454 0.0472989 1.4150000
v -0.0312454 0.0472989 1.4150000
v -0.0364058 0.0435497 1.4087000
v -0.0364058 0.0435497 1.4087000
v -0.0364058 0.0435497 1.4087000
v -0.0364058 0.0435497 1.4087000
v -0.0348943 0.0446478 1.4131548
v -0.0348943 0.0446478 1.4131548
v -0.0348943 0.0446478 1.4131548
v -0.0348943 0.0446478 1.4131548
v -0.0367312 0.0580653 1.2850000
v -0.0367312 0.0580653 1.2850000
v -0.0367312 0.0580653 1.2850000
v -0.0427975 0.0560942 1.2913000
v -0.0427975 0.0560942 1.2913000
v -0.0427975 0.0560942 1.2913000
v -0.0427975 0.0560942 1.2913000
v -0.0410208 0.0566716 1.2868452
v -0.0410208 0.0566716 1.2868452
v -0.0410208 0.0566716 1.2868452
v -0.0410208 0.0566716 1.2868452
v -0.0367312 0.0580653 1.4150000
v -0.0367312 0.0580653 1.4150000
v -0.0367312 0.0580653 1.4150000
v -0.0427975 0.0560942 1.4087000
v -0.0427975 0.0560942 1.4087000
v -0.0427975 0.0560942 1.4087000
v -0.0427975 0.0560942 1.4087000
v -0.0410208 0.0566715 1.4131548
v -0.0410208 0.0566715 1.4131548
v -0.0410208 0.0566715 1.4131548
v -0.0410208 0.0566715 1.4131548
v -0.0386215 0.0700000 1.2850000
v -0.0386215 0.0700000 1.2850000
v -0.0386215 0.0700000 1.2850000
v -0.0450000 0.0700000 1.2913000
v -0.0450000 0.0700000 1.2913000
v -0.0450000 0.0700000 1.2913000
v -0.0450000 0.0700000 1.2913000
v -0.0431318 0.0700000 1.2868453
v -0.0431318 0.0700000 1.2868453
v -0.0431318 0.0700000 1.2868453
v -0.0431318 0.0700000 1.2868453
v -0.0386215 0.0700000 1.4150000
v -0.0386215 0.0700000 1.4150000
v -0.0386215 0.0700000 1.4150000
v -0.0450000 0.0700000 1.4087000
v -0.0450000 0.0700000 1.4087000
v -0.0450000 0.0700000 1.4087000
v -0.0450000 0.0700000 1.4087000
v -0.0431318 0.0700000 1.4131548
v -0.0431318 0.0700000 1.4131548
v -0.0431318 0.0700000 1.4131548
v -0.0431318 0.0700000 1.4131548
v -0.0367312 0.0819347 1.2850000
v -0.0367312 0.0819347 1.2850000
v -0.0367312 0.0819347 1.2850000
v -0.0427975 0.0839058 1.2913000
v -0.0427975 0.0839058 1.2913000
v -0.0427975 0.0839058 1.2913000
v -0.0427975 0.0839058 1.2913000
v -0.0410208 0.0833285 1.2868453
v -0.0410208 0.0833285 1.2868453
v -0.0410208 0.0833285 1.2868453
v -0.0410208 0.0833285 1.2868453
v -0.0367312 0.0819347 1.4150000
v -0.0367312 0.0819347 1.4150000
v -0.0367312 0.0819347 1.4150000
v -0.0427975 0.0839058 1.4087000
v -0.0427975 0.0839058 1.4087000
v -0.0427975 0.0839058 1.4087000
v -0.0427975 0.0839058 1.4087000
v -0.0410208 0.0833284 1.4131548
v -0.0410208 0.0833284 1.4131548
v -0.0410208 0.0833284 1.4131548
v -0.0410208 0.0833284 1.4131548
v -0.0312454 0.0927011 1.2850000
v -0.0312454 0.0927011 1.2850000
v -0.0312454 0.0927011 1.2850000
v -0.0364058 0.0964503 1.2913000
v -0.0364058 0.0964503 1.2913000
v -0.0364058 0.0964503 1.2913000
v -0.0364058 0.0964503 1.2913000
v -0.0348943 0.0953522 1.2868453
v -0.0348943 0.0953522 1.2868453
v -0.0348943 0.0953522 1.2868453
v -0.0348943 0.0953522 1.2868453
v -0.0312454 0.0927011 1.4150000
v -0.0312454 0.0927011 1.4150000
v -0.0312454 0.0927011 1.4150000
v -0.0364058 0.0964503 1.4087000
v -0.0364058 0.0964503 1.4087000
v -0.0364058 0.0964503 1.4087000
v -0.0364058 0.0964503 1.4087000
v -0.0348943 0.0953522 1.4131548
v -0.0348943 0.0953522 1.4131548
v -0.0348943 0.0953522 1.4131548
v -0.0348943 0.0953522 1.4131548
v -0.0227011 0.1012454 1.2850000
v -0.0227011 0.1012454 1.2850000
v -0.0227011 0.1012454 1.2850000
v -0.0264503 0.1064058 1.2913000
v -0.0264503 0.1064058 1.2913000
v -0.0264503 0.1064058 1.2913000
v -0.0264503 0.1064058 1.2913000
v -0.0253522 0.1048944 1.2868453
v -0.0253522 0.1048944 1.2868453
v -0.0253522 0.1048944 1.2868453
v -0.0253522 0.1048944 1.2868453
v -0.0227011 0.1012454 1.4150000
v -0.0227011 0.1012454 1.4150000
v -0.0227011 0.1012454 1.4150000
v -0.0264503 0.1064058 1.4087000
v -0.0264503 0.1064058 1.4087000
v -0.0264503 0.1064058 1.4087000
v -0.0264503 0.1064058 1.4087000
v -0.0253522 0.1048943 1.4131548
v -0.0253522 0.1048943 1.4131548
v -0.0253522 0.1048943 1.4131548
v -0.0253522 0.1048943 1.4131548
v -0.0119347 0.1067312 1.2850000
v -0.0119347 0.1067312 1.2850000
v -0.0119347 0.1067312 1.2850000
v -0.0139058 0.1127976 1.2913000
v -0.0139058 0.1127976 1.2913000
v -0.0139058 0.1127976 1.2913000
v -0.0139058 0.1127976 1.2913000
v -0.0133285 0.1110208 1.2868453
v -0.0133285 0.1110208 1.2868453
v -0.0133285 0.1110208 1.2868453
v -0.0133285 0.1110208 1.2868453
v -0.0119347 0.1067312 1.4150000
v -0.0119347 0.1067312 1.4150000
v -0.0119347 0.1067312 1.4150000
v -0.0139058 0.1127975 1.4087000
v -0.0139058 0.1127975 1.4087000
v -0.0139058 0.1127975 1.4087000
v -0.0139058 0.1127975 1.4087000
v -0.0133285 0.1110208 1.4131548
v -0.0133285 0.1110208 1.4131548
v -0.0133285 0.1110208 1.4131548
v -0.0133285 0.1110208 1.4131548
vt 0.7499999 0.5440187
vt 0.7499999 0.5440187
vt 0.7499999 0.5440187
vt 1.0000000 0.4757693
vt 1.0000000 0.4757693
vt -0.0000002 0.4757692
vt -0.0000002 0.4757692
vt 0.7515395 0.5102438
vt 0.9989621 0.5000000
vt 0.7484605 0.5102438
vt 0.0010378 0.5000000
vt 0.2500000 0.5440187
vt 0.2500000 0.5440187
vt 0.2500000 0.5440187
vt 1.0000000 0.0242308
vt 1.0000000 0.0242308
vt -0.0000002 0.0242308
vt -0.0000002 0.0242308
vt 0.2515395 0.5102438
vt 0.9989621 0.0000000
vt 0.2484605 0.5102438
vt 0.0010378 0.0000000
vt 0.8136516 0.5541003
vt 0.8136516 0.5541003
vt 0.8136516 0.5541003
vt 0.9500000 0.4757692
vt 0.9500000 0.4757692
vt 0.9500000 0.4757692
vt 0.9500000 0.4757692
vt 0.8226246 0.5215026
vt 0.9510379 0.5000000
vt 0.8255529 0.5224540
vt 0.9489621 0.5000000
vt 0.3136517 0.5541003
vt 0.3136517 0.5541003
vt 0.3136517 0.5541003
vt 0.9500000 0.0242308
vt 0.9500000 0.0242308
vt 0.9500000 0.0242308
vt 0.9500000 0.0242308
vt 0.3226246 0.5215026
vt 0.9510379 0.0000000
vt 0.3255529 0.5224540
vt 0.9489621 0.0000000
vt 0.8710726 0.5833578
vt 0.8710726 0.5833578
vt 0.8710726 0.5833578
vt 0.9000000 0.4757692
vt 0.9000000 0.4757692
vt 0.9000000 0.4757692
vt 0.9000000 0.4757692
vt 0.8896797 0.5551283
vt 0.8921706 0.5569381
vt 0.9010379 0.5000000
vt 0.8989621 0.5000000
vt 0.3710727 0.5833578
vt 0.3710727 0.5833578
vt 0.3710727 0.5833578
vt 0.9000000 0.0242307
vt 0.9000000 0.0242307
vt 0.9000000 0.0242308
vt 0.9000000 0.0242308
vt 0.3896796 0.5551283
vt 0.3921706 0.5569381
vt 0.9010379 0.0000000
vt 0.8989621 0.0000000
vt 0.9166422 0.6289274
vt 0.9166422 0.6289274
vt 0.9166422 0.6289274
vt 0.8500000 0.4757692
vt 0.8500000 0.4757692
vt 0.8500000 0.4757692
vt 0.8500000 0.4757692
vt 0.9430619 0.6078293
vt 0.9448717 0.6103203
vt 0.8510379 0.5000000
vt 0.8489621 0.5000000
vt 0.4166423 0.6289273
vt 0.4166423 0.6289273
vt 0.4166423 0.6289273
vt 0.8500000 0.0242308
vt 0.8500000 0.0242308
vt 0.8500000 0.0242308
vt 0.8500000 0.0242308
vt 0.4430619 0.6078294
vt 0.4448717 0.6103203
vt 0.8510379 0.0000000
vt 0.8489621 0.0000000
vt 0.9458998 0.6863483
vt 0.9458998 0.6863483
vt 0.9458998 0.6863483
vt 0.8000000 0.4757692
vt 0.8000000 0.4757692
vt 0.8000000 0.4757693
vt 0.8000000 0.4757693
vt 0.9775460 0.6744471
vt 0.9784974 0.6773754
vt 0.8010378 0.5000000
vt 0.7989620 0.5000000
vt 0.4458998 0.6863483
vt 0.4458998 0.6863483
vt 0.4458998 0.6863483
vt 0.8000000 0.0242307
vt 0.8000000 0.0242307
vt 0.8000000 0.0242308
vt 0.8000000 0.0242308
vt 0.4775459 0.6744471
vt 0.4784974 0.6773754
vt 0.8010378 0.0000000
vt 0.7989620 0.0000000
vt 0.9559811 0.7500000
vt 0.9559811 0.7500000
vt 0.9559811 0.7500000
vt 0.7499999 0.4757693
vt 0.7499999 0.4757692
vt 0.7499999 0.4757693
vt 0.7499999 0.4757692
vt 0.9897562 0.7515395
vt 0.9897562 0.7484605
vt 0.7489620 0.5000000
vt 0.7510378 0.5000000
vt 0.4559812 0.7500000
vt 0.4559812 0.7500000
vt 0.4559812 0.7500000
vt 0.7499999 0.0242308
vt 0.7499999 0.0242308
vt 0.7499999 0.0242308
vt 0.7499999 0.0242308
vt 0.4897562 0.7515395
vt 0.4897562 0.7484605
vt 0.7489620 0.0000000
vt 0.7510378 0.0000000
vt 0.9458997 0.8136517
vt 0.9458997 0.8136517
vt 0.9458997 0.8136517
vt 0.7000000 0.4757692
vt 0.7000000 0.4757692
vt 0.6999999 0.4757692
vt 0.6999999 0.4757692
vt 0.9775460 0.8255529
vt 0.9784974 0.8226246
vt 0.6989620 0.5000000
vt 0.7010378 0.5000000
vt 0.4458997 0.8136517
vt 0.4458997 0.8136517
vt 0.4458997 0.8136517
vt 0.6999999 0.0242308
vt 0.6999999 0.0242308
vt 0.6999999 0.0242308
vt 0.6999999 0.0242308
vt 0.4775459 0.8255529
vt 0.4784974 0.8226246
vt 0.6989620 0.0000000
vt 0.7010378 0.0000000
vt 0.9166423 0.8710727
vt 0.9166423 0.8710727
vt 0.9166423 0.8710727
vt 0.6499999 0.4757692
vt 0.6499999 0.4757692
vt 0.6499999 0.4757692
vt 0.6499999 0.4757692
vt 0.9430619 0.8921706
vt 0.9448717 0.8896797
vt 0.6489620 0.5000000
vt 0.6510378 0.5000000
vt 0.4166422 0.8710727
vt 0.4166422 0.8710727
vt 0.4166422 0.8710727
vt 0.6499999 0.0242308
vt 0.6499999 0.0242308
vt 0.6499999 0.0242307
vt 0.6499999 0.0242307
vt 0.4430619 0.8921706
vt 0.4448717 0.8896797
vt 0.6489620 0.0000000
vt 0.6510378 0.0000000
vt 0.8710726 0.9166423
vt 0.8710726 0.9166423
vt 0.8710726 0.9166423
vt 0.6000000 0.4757692
vt 0.6000000 0.4757692
vt 0.5999999 0.4757692
vt 0.5999999 0.4757692
vt 0.8896797 0.9448717
vt 0.8921706 0.9430619
vt 0.5989620 0.5000000
vt 0.6010379 0.5000000
vt 0.3710727 0.9166422
vt 0.3710727 0.9166422
vt 0.3710727 0.9166422
vt 0.5999999 0.0242308
vt 0.5999999 0.0242308
vt 0.5999999 0.0242308
vt 0.5999999 0.0242308
vt 0.3896796 0.9448717
vt 0.3921706 0.9430619
vt 0.5989620 0.0000000
vt 0.6010378 0.0000000
vt 0.8136516 0.9458997
vt 0.8136516 0.9458997
vt 0.8136516 0.9458997
vt 0.5499999 0.4757693
vt 0.5499999 0.4757693
vt 0.5499999 0.4757692
vt 0.5499999 0.4757692
vt 0.8226246 0.9784974
vt 0.5489620 0.5000000
vt 0.8255529 0.9775459
vt 0.5510378 0.5000000
vt 0.3136517 0.9458997
vt 0.3136517 0.9458997
vt 0.3136517 0.9458997
vt 0.5499999 0.0242308
vt 0.5499999 0.0242308
vt 0.5499999 0.0242307
vt 0.5499999 0.0242307
vt 0.3226246 0.9784974
vt 0.5489620 0.0000000
vt 0.3255529 0.9775459
vt 0.5510378 0.0000000
vt 0.7499999 0.9559812
vt 0.7499999 0.9559812
vt 0.7499999 0.9559812
vt 0.4999999 0.4757692
vt 0.4999999 0.4757692
vt 0.4999999 0.4757693
vt 0.4999999 0.4757693
vt 0.7515395 0.9897562
vt 0.5010378 0.5000000
vt 0.7484605 0.9897562
vt 0.4989620 0.5000000
vt 0.2500000 0.9559812
vt 0.2500000 0.9559812
vt 0.2500000 0.9559812
vt 0.4999999 0.0242308
vt 0.4999999 0.0242308
vt 0.4999999 0.0242308
vt 0.4999999 0.0242308
vt 0.2515395 0.9897562
vt 0.5010378 0.0000000
vt 0.2484605 0.9897562
vt 0.4989620 0.0000000
vt 0.6863483 0.9458997
vt 0.6863483 0.9458997
vt 0.6863483 0.9458997
vt 0.4499999 0.4757692
vt 0.4499999 0.4757692
vt 0.4499999 0.4757692
vt 0.4499999 0.4757692
vt 0.6773754 0.9784974
vt 0.4510378 0.5000000
vt 0.6744471 0.9775459
vt 0.4489620 0.5000000
vt 0.1863483 0.9458997
vt 0.1863483 0.9458997
vt 0.1863483 0.9458997
vt 0.4499998 0.0242308
vt 0.4499998 0.0242308
vt 0.4499999 0.0242308
vt 0.4499999 0.0242308
vt 0.1773754 0.9784974
vt 0.4510378 0.0000000
vt 0.1744471 0.9775459
vt 0.4489620 0.0000000
vt 0.6289272 0.9166423
vt 0.6289272 0.9166423
vt 0.6289272 0.9166423
vt 0.3999999 0.4757692
vt 0.3999999 0.4757692
vt 0.3999998 0.4757692
vt 0.3999998 0.4757692
vt 0.6103203 0.9448717
vt 0.6078293 0.9430619
vt 0.4010378 0.5000000
vt 0.3989619 0.5000000
vt 0.1289273 0.9166422
vt 0.1289273 0.9166422
vt 0.1289273 0.9166422
vt 0.3999999 0.0242307
vt 0.3999999 0.0242307
vt 0.3999999 0.0242308
vt 0.3999999 0.0242308
vt 0.1103203 0.9448717
vt 0.1078294 0.9430619
vt 0.4010378 0.0000000
vt 0.3989620 0.0000000
vt 0.5833576 0.8710727
vt 0.5833576 0.8710727
vt 0.5833576 0.8710727
vt 0.3499998 0.4757692
vt 0.3499998 0.4757692
vt 0.3499998 0.4757692
vt 0.3499998 0.4757692
vt 0.5569381 0.8921706
vt 0.5551283 0.8896797
vt 0.3510377 0.5000000
vt 0.3489619 0.5000000
vt 0.0833577 0.8710727
vt 0.0833577 0.8710727
vt 0.0833577 0.8710727
vt 0.3499998 0.0242308
vt 0.3499998 0.0242308
vt 0.3499998 0.0242308
vt 0.3499998 0.0242308
vt 0.0569381 0.8921706
vt 0.0551283 0.8896797
vt 0.3510378 0.0000000
vt 0.3489619 0.0000000
vt 0.5541003 0.8136517
vt 0.5541003 0.8136517
vt 0.5541003 0.8136517
vt 0.2999998 0.4757692
vt 0.2999998 0.4757692
vt 0.2999998 0.4757693
vt 0.2999998 0.4757693
vt 0.5224540 0.8255529
vt 0.5215026 0.8226246
vt 0.3010377 0.5000000
vt 0.2989619 0.5000000
vt 0.0541003 0.8136517
vt 0.0541003 0.8136517
vt 0.0541003 0.8136517
vt 0.2999998 0.0242307
vt 0.2999998 0.0242307
vt 0.2999998 0.0242308
vt 0.2999998 0.0242308
vt 0.0224541 0.8255529
vt 0.0215026 0.8226246
vt 0.3010377 0.0000000
vt 0.2989619 0.0000000
vt 0.5440187 0.7500000
vt 0.5440187 0.7500000
vt 0.5440187 0.7500000
vt 0.2499998 0.4757692
vt 0.2499998 0.4757693
vt 0.2499998 0.4757692
vt 0.2499998 0.4757693
vt 0.5102438 0.7515395
vt 0.5102438 0.7484605
vt 0.2510377 0.5000000
vt 0.2489619 0.5000000
vt 0.0440188 0.7500000
vt 0.0440188 0.7500000
vt 0.0440188 0.7500000
vt 0.2499998 0.0242308
vt 0.2499998 0.0242308
vt 0.2499998 0.0242308
vt 0.2499998 0.0242308
vt 0.0102438 0.7515395
vt 0.0102438 0.7484605
vt 0.2510377 0.0000000
vt 0.2489619 0.0000000
vt 0.5541002 0.6863483
vt 0.5541002 0.6863483
vt 0.5541002 0.6863483
vt 0.1999998 0.4757692
vt 0.1999998 0.4757692
vt 0.1999998 0.4757692
vt 0.1999998 0.4757692
vt 0.5224541 0.6744471
vt 0.5215026 0.6773754
vt 0.1989619 0.5000000
vt 0.2010377 0.5000000
vt 0.0541003 0.6863483
vt 0.0541003 0.6863483
vt 0.0541003 0.6863483
vt 0.1999998 0.0242308
vt 0.1999998 0.0242308
vt 0.1999998 0.0242308
vt 0.1999998 0.0242308
vt 0.0224541 0.6744471
vt 0.0215026 0.6773754
vt 0.1989619 0.0000000
vt 0.2010377 0.0000000
vt 0.5833576 0.6289274
vt 0.5833576 0.6289274
vt 0.5833576 0.6289274
vt 0.1499998 0.4757692
vt 0.1499998 0.4757692
vt 0.1499998 0.4757692
vt 0.1499998 0.4757692
vt 0.5569381 0.6078294
vt 0.5551283 0.6103203
vt 0.1489619 0.5000000
vt 0.1510377 0.5000000
vt 0.0833577 0.6289274
vt 0.0833577 0.6289274
vt 0.0833577 0.6289274
vt 0.1499998 0.0242308
vt 0.1499998 0.0242308
vt 0.1499998 0.0242307
vt 0.1499998 0.0242307
vt 0.0569381 0.6078293
vt 0.0551283 0.6103203
vt 0.1489619 0.0000000
vt 0.1510377 0.0000000
vt 0.6289273 0.5833577
vt 0.6289273 0.5833577
vt 0.6289273 0.5833577
vt 0.0999999 0.4757692
vt 0.0999999 0.4757692
vt 0.0999998 0.4757692
vt 0.0999998 0.4757692
vt 0.6103203 0.5551283
vt 0.6078293 0.5569381
vt 0.0989619 0.5000000
vt 0.1010378 0.5000000
vt 0.1289273 0.5833578
vt 0.1289273 0.5833578
vt 0.1289273 0.5833578
vt 0.0999998 0.0242308
vt 0.0999998 0.0242308
vt 0.0999998 0.0242308
vt 0.0999998 0.0242308
vt 0.1103203 0.5551283
vt 0.1078294 0.5569381
vt 0.0989619 0.0000000
vt 0.1010378 0.0000000
vt 0.6863483 0.5541003
vt 0.6863483 0.5541003
vt 0.6863483 0.5541003
vt 0.0499998 0.4757693
vt 0.0499998 0.4757693
vt 0.0499998 0.4757692
vt 0.0499998 0.4757692
vt 0.6773754 0.5215026
vt 0.0489619 0.5000000
vt 0.6744471 0.5224540
vt 0.0510377 0.5000000
vt 0.1863483 0.5541002
vt 0.1863483 0.5541002
vt 0.1863483 0.5541002
vt 0.0499998 0.0242308
vt 0.0499998 0.0242308
vt 0.0499998 0.0242307
vt 0.0499998 0.0242307
vt 0.1773754 0.5215026
vt 0.0489619 0.0000000
vt 0.1744471 0.5224540
vt 0.0510377 0.0000000
vn 0.0000000 0.0000001 -1.0000000
vn 0.0598981 0.3779882 -0.9238708
vn -0.0598981 0.3779882 -0.9238708
vn 0.1445003 0.9125020 -0.3827007
vn 0.1563990 0.9876940 0.0000001
vn -0.1445003 0.9125020 -0.3827007
vn -0.1563990 0.9876940 0.0000001
vn 0.0598981 0.3779882 -0.9238708
vn 0.1445003 0.9125020 -0.3827007
vn -0.0598981 0.3779882 -0.9238708
vn -0.1445003 0.9125020 -0.3827007
vn 0.0000000 -0.0000001 1.0000000
vn 0.0598981 0.3779879 0.9238709
vn -0.0598981 0.3779879 0.9238709
vn 0.1445003 0.9125019 0.3827009
vn 0.1563990 0.9876940 0.0000001
vn -0.1445003 0.9125019 0.3827009
vn -0.1563990 0.9876940 0.0000001
vn 0.0598981 0.3779879 0.9238709
vn 0.1445003 0.9125019 0.3827009
vn -0.0598981 0.3779879 0.9238709
vn -0.1445003 0.9125019 0.3827009
vn 0.0000000 0.0000001 -1.0000000
vn 0.0598981 0.3779882 -0.9238708
vn 0.1736962 0.3409926 -0.9238797
vn 0.1445003 0.9125020 -0.3827007
vn 0.1563990 0.9876940 0.0000001
vn 0.4193970 0.8231944 -0.3826972
vn 0.4540007 0.8910014 0.0000001
vn 0.0598981 0.3779882 -0.9238708
vn 0.1445003 0.9125020 -0.3827007
vn 0.1736962 0.3409926 -0.9238797
vn 0.4193970 0.8231944 -0.3826972
vn 0.0000000 -0.0000001 1.0000000
vn 0.0598981 0.3779879 0.9238709
vn 0.1736962 0.3409924 0.9238798
vn 0.1445003 0.9125019 0.3827009
vn 0.1563990 0.9876940 0.0000001
vn 0.4193970 0.8231943 0.3826974
vn 0.4540007 0.8910014 0.0000001
vn 0.0598981 0.3779879 0.9238709
vn 0.1445003 0.9125019 0.3827009
vn 0.1736962 0.3409924 0.9238798
vn 0.4193970 0.8231943 0.3826974
vn 0.0000000 0.0000001 -1.0000000
vn 0.1736962 0.3409926 -0.9238797
vn 0.2705946 0.2705947 -0.9238815
vn 0.4193970 0.8231944 -0.3826972
vn 0.4540007 0.8910014 0.0000001
vn 0.6532800 0.6532801 -0.3826882
vn 0.7071067 0.7071068 0.0000001
vn 0.1736962 0.3409926 -0.9238797
vn 0.2705946 0.2705947 -0.9238815
vn 0.4193970 0.8231944 -0.3826972
vn 0.6532800 0.6532801 -0.3826882
vn 0.0000000 -0.0000001 1.0000000
vn 0.1736962 0.3409924 0.9238798
vn 0.2705946 0.2705945 0.9238816
vn 0.4193970 0.8231943 0.3826974
vn 0.4540007 0.8910014 0.0000001
vn 0.6532800 0.6532800 0.3826884
vn 0.7071067 0.7071068 0.0000001
vn 0.1736962 0.3409924 0.9238798
vn 0.2705946 0.2705945 0.9238816
vn 0.4193970 0.8231943 0.3826974
vn 0.6532800 0.6532800 0.3826884
vn 0.0000000 0.0000001 -1.0000000
vn 0.2705946 0.2705947 -0.9238815
vn 0.3409925 0.1736963 -0.9238797
vn 0.6532800 0.6532801 -0.3826882
vn 0.7071067 0.7071068 0.0000001
vn 0.8231943 0.4193972 -0.3826973
vn 0.8910013 0.4540008 0.0000001
vn 0.2705946 0.2705947 -0.9238815
vn 0.3409925 0.1736963 -0.9238797
vn 0.6532800 0.6532801 -0.3826882
vn 0.8231943 0.4193972 -0.3826973
vn 0.0000000 -0.0000001 1.0000000
vn 0.2705946 0.2705945 0.9238816
vn 0.3409925 0.1736961 0.9238798
vn 0.6532800 0.6532800 0.3826884
vn 0.7071067 0.7071068 0.0000001
vn 0.8231943 0.4193971 0.3826974
vn 0.8910013 0.4540008 0.0000001
vn 0.2705946 0.2705945 0.9238816
vn 0.3409925 0.1736961 0.9238798
vn 0.6532800 0.6532800 0.3826884
vn 0.8231943 0.4193971 0.3826974
vn 0.0000000 0.0000001 -1.0000000
vn 0.3409925 0.1736963 -0.9238797
vn 0.3779880 0.0598982 -0.9238708
vn 0.8231943 0.4193972 -0.3826973
vn 0.8910013 0.4540008 0.0000001
vn 0.9125019 0.1445004 -0.3827008
vn 0.9876939 0.1563991 0.0000000
vn 0.3409925 0.1736963 -0.9238797
vn 0.3779880 0.0598982 -0.9238708
vn 0.8231943 0.4193972 -0.3826973
vn 0.9125019 0.1445004 -0.3827008
vn 0.0000000 -0.0000001 1.0000000
vn 0.3409925 0.1736961 0.9238798
vn 0.3779880 0.0598980 0.9238708
vn 0.8231943 0.4193971 0.3826974
vn 0.8910013 0.4540008 0.0000001
vn 0.9125019 0.1445003 0.3827009
vn 0.9876939 0.1563991 0.0000000
vn 0.3409925 0.1736961 0.9238798
vn 0.3779880 0.0598980 0.9238708
vn 0.8231943 0.4193971 0.3826974
vn 0.9125019 0.1445003 0.3827009
vn 0.0000000 0.0000001 -1.0000000
vn 0.3779880 -0.0598980 -0.9238708
vn 0.3779880 0.0598982 -0.9238708
vn 0.9125019 -0.1445003 -0.3827009
vn 0.9125019 0.1445004 -0.3827008
vn 0.9876939 -0.1563991 -0.0000000
vn 0.9876939 0.1563991 0.0000000
vn 0.3779880 -0.0598980 -0.9238708
vn 0.3779880 0.0598982 -0.9238708
vn 0.9125019 -0.1445003 -0.3827009
vn 0.9125019 0.1445004 -0.3827008
vn 0.0000000 -0.0000001 1.0000000
vn 0.3779880 -0.0598982 0.9238708
vn 0.3779880 0.0598980 0.9238708
vn 0.9125019 -0.1445004 0.3827008
vn 0.9125019 0.1445003 0.3827009
vn 0.9876939 -0.1563991 -0.0000000
vn 0.9876939 0.1563991 0.0000000
vn 0.3779880 -0.0598982 0.9238708
vn 0.3779880 0.0598980 0.9238708
vn 0.9125019 -0.1445004 0.3827008
vn 0.9125019 0.1445003 0.3827009
vn 0.0000000 0.0000001 -1.0000000
vn 0.3409925 -0.1736961 -0.9238798
vn 0.3779880 -0.0598980 -0.9238708
vn 0.8231943 -0.4193971 -0.3826974
vn 0.8910013 -0.4540008 -0.0000001
vn 0.9125019 -0.1445003 -0.3827009
vn 0.9876939 -0.1563991 -0.0000000
vn 0.3409925 -0.1736961 -0.9238798
vn 0.3779880 -0.0598980 -0.9238708
vn 0.8231943 -0.4193971 -0.3826974
vn 0.9125019 -0.1445003 -0.3827009
vn 0.0000000 -0.0000001 1.0000000
vn 0.3409925 -0.1736963 0.9238797
vn 0.3779880 -0.0598982 0.9238708
vn 0.8231943 -0.4193972 0.3826973
vn 0.8910013 -0.4540008 -0.0000001
vn 0.9125019 -0.1445004 0.3827008
vn 0.9876939 -0.1563991 -0.0000000
vn 0.3409925 -0.1736963 0.9238797
vn 0.3779880 -0.0598982 0.9238708
vn 0.8231943 -0.4193972 0.3826973
vn 0.9125019 -0.1445004 0.3827008
vn 0.0000000 0.0000001 -1.0000000
vn 0.2705946 -0.2705945 -0.9238816
vn 0.3409925 -0.1736961 -0.9238798
vn 0.6532800 -0.6532800 -0.3826884
vn 0.7071067 -0.7071068 -0.0000001
vn 0.8231943 -0.4193971 -0.3826974
vn 0.8910013 -0.4540008 -0.0000001
vn 0.2705946 -0.2705945 -0.9238816
vn 0.3409925 -0.1736961 -0.9238798
vn 0.6532800 -0.6532800 -0.3826884
vn 0.8231943 -0.4193971 -0.3826974
vn 0.0000000 -0.0000001 1.0000000
vn 0.2705946 -0.2705947 0.9238815
vn 0.3409925 -0.1736963 0.9238797
vn 0.6532800 -0.6532801 0.3826882
vn 0.7071067 -0.7071068 -0.0000001
vn 0.8231943 -0.4193972 0.3826973
vn 0.8910013 -0.4540008 -0.0000001
vn 0.2705946 -0.2705947 0.9238815
vn 0.3409925 -0.1736963 0.9238797
vn 0.6532800 -0.6532801 0.3826882
vn 0.8231943 -0.4193972 0.3826973
vn 0.0000000 0.0000001 -1.0000000
vn 0.1736962 -0.3409924 -0.9238798
vn 0.2705946 -0.2705945 -0.9238816
vn 0.4193970 -0.8231943 -0.3826974
vn 0.4540007 -0.8910014 -0.0000001
vn 0.6532800 -0.6532800 -0.3826884
vn 0.7071067 -0.7071068 -0.0000001
vn 0.1736962 -0.3409924 -0.9238798
vn 0.2705946 -0.2705945 -0.9238816
vn 0.4193970 -0.8231943 -0.3826974
vn 0.6532800 -0.6532800 -0.3826884
vn 0.0000000 -0.0000001 1.0000000
vn 0.1736962 -0.3409926 0.9238797
vn 0.2705946 -0.2705947 0.9238815
vn 0.4193970 -0.8231944 0.3826972
vn 0.4540007 -0.8910014 -0.0000001
vn 0.6532800 -0.6532801 0.3826882
vn 0.7071067 -0.7071068 -0.0000001
vn 0.1736962 -0.3409926 0.9238797
vn 0.2705946 -0.2705947 0.9238815
vn 0.4193970 -0.8231944 0.3826972
vn 0.6532800 -0.6532801 0.3826882
vn 0.0000000 0.0000001 -1.0000000
vn 0.0598981 -0.3779879 -0.9238709
vn 0.1736962 -0.3409924 -0.9238798
vn 0.1445003 -0.9125019 -0.3827009
vn 0.1563990 -0.9876940 -0.0000001
vn 0.4193970 -0.8231943 -0.3826974
vn 0.4540007 -0.8910014 -0.0000001
vn 0.0598981 -0.3779879 -0.9238709
vn 0.1445003 -0.9125019 -0.3827009
vn 0.1736962 -0.3409924 -0.9238798
vn 0.4193970 -0.8231943 -0.3826974
vn 0.0000000 -0.0000001 1.0000000
vn 0.0598981 -0.3779882 0.9238708
vn 0.1736962 -0.3409926 0.9238797
vn 0.1445003 -0.9125020 0.3827007
vn 0.1563990 -0.9876940 -0.0000001
vn 0.4193970 -0.8231944 0.3826972
vn 0.4540007 -0.8910014 -0.0000001
vn 0.0598981 -0.3779882 0.9238708
vn 0.1445003 -0.9125020 0.3827007
vn 0.1736962 -0.3409926 0.9238797
vn 0.4193970 -0.8231944 0.3826972
vn 0.0000000 0.0000001 -1.0000000
vn 0.0598981 -0.3779879 -0.9238709
vn -0.0598981 -0.3779879 -0.9238709
vn 0.1445003 -0.9125019 -0.3827009
vn 0.1563990 -0.9876940 -0.0000001
vn -0.1445003 -0.9125019 -0.3827009
vn -0.1563990 -0.9876940 -0.0000001
vn 0.0598981 -0.3779879 -0.9238709
vn 0.1445003 -0.9125019 -0.3827009
vn -0.0598981 -0.3779879 -0.9238709
vn -0.1445003 -0.9125019 -0.3827009
vn 0.0000000 -0.0000001 1.0000000
vn 0.0598981 -0.3779882 0.9238708
vn -0.0598981 -0.3779882 0.9238708
vn 0.1445003 -0.9125020 0.3827007
vn 0.1563990 -0.9876940 -0.0000001
vn -0.1445003 -0.9125020 0.3827007
vn -0.1563990 -0.9876940 -0.0000001
vn 0.0598981 -0.3779882 0.9238708
vn 0.1445003 -0.9125020 0.3827007
vn -0.0598981 -0.3779882 0.9238708
vn -0.1445003 -0.9125020 0.3827007
vn 0.0000000 0.0000001 -1.0000000
vn -0.0598981 -0.3779879 -0.9238709
vn -0.1736962 -0.3409924 -0.9238798
vn -0.1445003 -0.9125019 -0.3827009
vn -0.1563990 -0.9876940 -0.0000001
vn -0.4193970 -0.8231943 -0.3826974
vn -0.4540007 -0.8910014 -0.0000001
vn -0.0598981 -0.3779879 -0.9238709
vn -0.1445003 -0.9125019 -0.3827009
vn -0.1736962 -0.3409924 -0.9238798
vn -0.4193970 -0.8231943 -0.3826974
vn 0.0000000 -0.0000001 1.0000000
vn -0.0598981 -0.3779882 0.9238708
vn -0.1736962 -0.3409926 0.9238797
vn -0.1445003 -0.9125020 0.3827007
vn -0.1563990 -0.9876940 -0.0000001
vn -0.4193970 -0.8231944 0.3826972
vn -0.4540007 -0.8910014 -0.0000001
vn -0.0598981 -0.3779882 0.9238708
vn -0.1445003 -0.9125020 0.3827007
vn -0.1736962 -0.3409926 0.9238797
vn -0.4193970 -0.8231944 0.3826972
vn 0.0000000 0.0000001 -1.0000000
vn -0.1736962 -0.3409924 -0.9238798
vn -0.2705946 -0.2705945 -0.9238816
vn -0.4193970 -0.8231943 -0.3826974
vn -0.4540007 -0.8910014 -0.0000001
vn -0.6532800 -0.6532800 -0.3826884
vn -0.7071067 -0.7071068 -0.0000001
vn -0.1736962 -0.3409924 -0.9238798
vn -0.2705946 -0.2705945 -0.9238816
vn -0.4193970 -0.8231943 -0.3826974
vn -0.6532800 -0.6532800 -0.3826884
vn 0.0000000 -0.0000001 1.0000000
vn -0.1736962 -0.3409926 0.9238797
vn -0.2705946 -0.2705947 0.9238815
vn -0.4193970 -0.8231944 0.3826972
vn -0.4540007 -0.8910014 -0.0000001
vn -0.6532800 -0.6532801 0.3826882
vn -0.7071067 -0.7071068 -0.0000001
vn -0.1736962 -0.3409926 0.9238797
vn -0.2705946 -0.2705947 0.9238815
vn -0.4193970 -0.8231944 0.3826972
vn -0.6532800 -0.6532801 0.3826882
vn 0.0000000 0.0000001 -1.0000000
vn -0.2705946 -0.2705945 -0.9238816
vn -0.3409925 -0.1736961 -0.9238798
vn -0.6532800 -0.6532800 -0.3826884
vn -0.7071067 -0.7071068 -0.0000001
vn -0.8231943 -0.4193971 -0.3826974
vn -0.8910013 -0.4540008 -0.0000001
vn -0.2705946 -0.2705945 -0.9238816
vn -0.3409925 -0.1736961 -0.9238798
vn -0.6532800 -0.6532800 -0.3826884
vn -0.8231943 -0.4193971 -0.3826974
vn 0.0000000 -0.0000001 1.0000000
vn -0.2705946 -0.2705947 0.9238815
vn -0.3409925 -0.1736963 0.9238797
vn -0.6532800 -0.6532801 0.3826882
vn -0.7071067 -0.7071068 -0.0000001
vn -0.8231943 -0.4193972 0.3826973
vn -0.8910013 -0.4540008 -0.0000001
vn -0.2705946 -0.2705947 0.9238815
vn -0.3409925 -0.1736963 0.9238797
vn -0.6532800 -0.6532801 0.3826882
vn -0.8231943 -0.4193972 0.3826973
vn 0.0000000 0.0000001 -1.0000000
vn -0.3409925 -0.1736961 -0.9238798
vn -0.3779880 -0.0598980 -0.9238708
vn -0.8231943 -0.4193971 -0.3826974
vn -0.8910013 -0.4540008 -0.0000001
vn -0.9125019 -0.1445003 -0.3827009
vn -0.9876939 -0.1563991 -0.0000000
vn -0.3409925 -0.1736961 -0.9238798
vn -0.3779880 -0.0598980 -0.9238708
vn -0.8231943 -0.4193971 -0.3826974
vn -0.9125019 -0.1445003 -0.3827009
vn 0.0000000 -0.0000001 1.0000000
vn -0.3409925 -0.1736963 0.9238797
vn -0.3779880 -0.0598982 0.9238708
vn -0.8231943 -0.4193972 0.3826973
vn -0.8910013 -0.4540008 -0.0000001
vn -0.9125019 -0.1445004 0.3827008
vn -0.9876939 -0.1563991 -0.0000000
vn -0.3409925 -0.1736963 0.9238797
vn -0.3779880 -0.0598982 0.9238708
vn -0.8231943 -0.4193972 0.3826973
vn -0.9125019 -0.1445004 0.3827008
vn 0.0000000 0.0000001 -1.0000000
vn -0.3779880 -0.0598980 -0.9238708
vn -0.3779880 0.0598982 -0.9238708
vn -0.9125019 -0.1445003 -0.3827009
vn -0.9125019 0.1445004 -0.3827008
vn -0.9876939 -0.1563991 -0.0000000
vn -0.9876939 0.1563991 0.0000000
vn -0.3779880 -0.0598980 -0.9238708
vn -0.3779880 0.0598982 -0.9238708
vn -0.9125019 -0.1445003 -0.3827009
vn -0.9125019 0.1445004 -0.3827008
vn 0.0000000 -0.0000001 1.0000000
vn -0.3779880 -0.0598982 0.9238708
vn -0.3779880 0.0598980 0.9238708
vn -0.9125019 -0.1445004 0.3827008
vn -0.9125019 0.1445003 0.3827009
vn -0.9876939 -0.1563991 -0.0000000
vn -0.9876939 0.1563991 0.0000000
vn -0.3779880 -0.0598982 0.9238708
vn -0.3779880 0.0598980 0.9238708
vn -0.9125019 -0.1445004 0.3827008
vn -0.9125019 0.1445003 0.3827009
vn 0.0000000 0.0000001 -1.0000000
vn -0.3409925 0.1736963 -0.9238797
vn -0.3779880 0.0598982 -0.9238708
vn -0.8231943 0.4193972 -0.3826973
vn -0.8910013 0.4540008 0.0000001
vn -0.9125019 0.1445004 -0.3827008
vn -0.9876939 0.1563991 0.0000000
vn -0.3409925 0.1736963 -0.9238797
vn -0.3779880 0.0598982 -0.9238708
vn -0.8231943 0.4193972 -0.3826973
vn -0.9125019 0.1445004 -0.3827008
vn 0.0000000 -0.0000001 1.0000000
vn -0.3409925 0.1736961 0.9238798
vn -0.3779880 0.0598980 0.9238708
vn -0.8231943 0.4193971 0.3826974
vn -0.8910013 0.4540008 0.0000001
vn -0.9125019 0.1445003 0.3827009
vn -0.9876939 0.1563991 0.0000000
vn -0.3409925 0.1736961 0.9238798
vn -0.3779880 0.0598980 0.9238708
vn -0.8231943 0.4193971 0.3826974
vn -0.9125019 0.1445003 0.3827009
vn 0.0000000 0.0000001 -1.0000000
vn -0.2705946 0.2705947 -0.9238815
vn -0.3409925 0.1736963 -0.9238797
vn -0.6532800 0.6532801 -0.3826882
vn -0.7071067 0.7071068 0.0000001
vn -0.8231943 0.4193972 -0.3826973
vn -0.8910013 0.4540008 0.0000001
vn -0.2705946 0.2705947 -0.9238815
vn -0.3409925 0.1736963 -0.9238797
vn -0.6532800 0.6532801 -0.3826882
vn -0.8231943 0.4193972 -0.3826973
vn 0.0000000 -0.0000001 1.0000000
vn -0.2705946 0.2705945 0.9238816
vn -0.3409925 0.1736961 0.9238798
vn -0.6532800 0.6532800 0.3826884
vn -0.7071067 0.7071068 0.0000001
vn -0.8231943 0.4193971 0.3826974
vn -0.8910013 0.4540008 0.0000001
vn -0.2705946 0.2705945 0.9238816
vn -0.3409925 0.1736961 0.9238798
vn -0.6532800 0.6532800 0.3826884
vn -0.8231943 0.4193971 0.3826974
vn 0.0000000 0.0000001 -1.0000000
vn -0.1736962 0.3409926 -0.9238797
vn -0.2705946 0.2705947 -0.9238815
vn -0.4193970 0.8231944 -0.3826972
vn -0.4540007 0.8910014 0.0000001
vn -0.6532800 0.6532801 -0.3826882
vn -0.7071067 0.7071068 0.0000001
vn -0.1736962 0.3409926 -0.9238797
vn -0.2705946 0.2705947 -0.9238815
vn -0.4193970 0.8231944 -0.3826972
vn -0.6532800 0.6532801 -0.3826882
vn 0.0000000 -0.0000001 1.0000000
vn -0.1736962 0.3409924 0.9238798
vn -0.2705946 0.2705945 0.9238816
vn -0.4193970 0.8231943 0.3826974
vn -0.4540007 0.8910014 0.0000001
vn -0.6532800 0.6532800 0.3826884
vn -0.7071067 0.7071068 0.0000001
vn -0.1736962 0.3409924 0.9238798
vn -0.2705946 0.2705945 0.9238816
vn -0.4193970 0.8231943 0.3826974
vn -0.6532800 0.6532800 0.3826884
vn 0.0000000 0.0000001 -1.0000000
vn -0.0598981 0.3779882 -0.9238708
vn -0.1736962 0.3409926 -0.9238797
vn -0.1445003 0.9125020 -0.3827007
vn -0.1563990 0.9876940 0.0000001
vn -0.4193970 0.8231944 -0.3826972
vn -0.4540007 0.8910014 0.0000001
vn -0.0598981 0.3779882 -0.9238708
vn -0.1445003 0.9125020 -0.3827007
vn -0.1736962 0.3409926 -0.9238797
vn -0.4193970 0.8231944 -0.3826972
vn 0.0000000 -0.0000001 1.0000000
vn -0.0598981 0.3779879 0.9238709
vn -0.1736962 0.3409924 0.9238798
vn -0.1445003 0.9125019 0.3827009
vn -0.1563990 0.9876940 0.0000001
vn -0.4193970 0.8231943 0.3826974
vn -0.4540007 0.8910014 0.0000001
vn -0.0598981 0.3779879 0.9238709
vn -0.1445003 0.9125019 0.3827009
vn -0.1736962 0.3409924 0.9238798
vn -0.4193970 0.8231943 0.3826974
f 2383/2383/2383 2394/2394/2394 1978/1978/1978
f 2383/2383/2383 1978/1978/1978 1967/1967/1967
f 2011/2011/2011 2022/2022/2022 2042/2042/2042
f 2011/2011/2011 2042/2042/2042 2031/2031/2031
f 2033/2033/2033 2044/2044/2044 2064/2064/2064
f 2033/2033/2033 2064/2064/2064 2053/2053/2053
f 2055/2055/2055 2066/2066/2066 2088/2088/2088
f 2055/2055/2055 2088/2088/2088 2077/2077/2077
f 2076/2076/2076 2087/2087/2087 2110/2110/2110
f 2076/2076/2076 2110/2110/2110 2099/2099/2099
f 2097/2097/2097 2108/2108/2108 2132/2132/2132
f 2097/2097/2097 2132/2132/2132 2121/2121/2121
f 2119/2119/2119 2130/2130/2130 2154/2154/2154
f 2119/2119/2119 2154/2154/2154 2143/2143/2143
f 2141/2141/2141 2152/2152/2152 2176/2176/2176
f 2141/2141/2141 2176/2176/2176 2165/2165/2165
f 2163/2163/2163 2174/2174/2174 2196/2196/2196
f 2163/2163/2163 2196/2196/2196 2185/2185/2185
f 2187/2187/2187 2198/2198/2198 2218/2218/2218
f 2187/2187/2187 2218/2218/2218 2207/2207/2207
f 2209/2209/2209 2220/2220/2220 2240/2240/2240
f 2209/2209/2209 2240/2240/2240 2229/2229/2229
f 2231/2231/2231 2242/2242/2242 2262/2262/2262
f 2231/2231/2231 2262/2262/2262 2251/2251/2251
f 2253/2253/2253 2264/2264/2264 2284/2284/2284
f 2253/2253/2253 2284/2284/2284 2273/2273/2273
f 2275/2275/2275 2286/2286/2286 2307/2307/2307
f 2275/2275/2275 2307/2307/2307 2296/2296/2296
f 2297/2297/2297 2308/2308/2308 2330/2330/2330
f 2297/2297/2297 2330/2330/2330 2319/2319/2319
f 2317/2317/2317 2328/2328/2328 2352/2352/2352
f 2317/2317/2317 2352/2352/2352 2341/2341/2341
f 2339/2339/2339 2350/2350/2350 2374/2374/2374
f 2339/2339/2339 2374/2374/2374 2363/2363/2363
f 2361/2361/2361 2372/2372/2372 2396/2396/2396
f 2361/2361/2361 2396/2396/2396 2385/2385/2385
f 1989/1989/1989 2000/2000/2000 2020/2020/2020
f 1989/1989/1989 2020/2020/2020 2009/2009/2009
f 2016/2016/2016 1994/1994/1994 1972/1972/1972
f 1972/1972/1972 2390/2390/2390 2368/2368/2368
f 2368/2368/2368 2346/2346/2346 2324/2324/2324
f 2324/2324/2324 2302/2302/2302 2280/2280/2280
f 2280/2280/2280 2258/2258/2258 2236/2236/2236
f 2236/2236/2236 2214/2214/2214 2192/2192/2192
f 2192/2192/2192 2170/2170/2170 2148/2148/2148
f 2148/2148/2148 2126/2126/2126 2104/2104/2104
f 2104/2104/2104 2082/2082/2082 2060/2060/2060
f 2060/2060/2060 2038/2038/2038 2016/2016/2016
f 2016/2016/2016 1972/1972/1972 2368/2368/2368
f 2368/2368/2368 2324/2324/2324 2280/2280/2280
f 2280/2280/2280 2236/2236/2236 2192/2192/2192
f 2192/2192/2192 2148/2148/2148 2104/2104/2104
f 2104/2104/2104 2060/2060/2060 2016/2016/2016
f 2016/2016/2016 2368/2368/2368 2280/2280/2280
f 2280/2280/2280 2192/2192/2192 2104/2104/2104
f 2280/2280/2280 2104/2104/2104 2016/2016/2016
f 1965/1965/1965 1976/1976/1976 1998/1998/1998
f 1965/1965/1965 1998/1998/1998 1987/1987/1987
f 1964/1964/1964 1986/1986/1986 1991/1991/1991
f 1964/1964/1964 1991/1991/1991 1969/1969/1969
f 1968/1968/1968 1990/1990/1990 1984/1984/1984
f 1968/1968/1968 1984/1984/1984 1962/1962/1962
f 1997/1997/1997 1975/1975/1975 1980/1980/1980
f 1997/1997/1997 1980/1980/1980 2002/2002/2002
f 2001/2001/2001 1979/1979/1979 1973/1973/1973
f 2001/2001/2001 1973/1973/1973 1995/1995/1995
f 1988/1988/1988 2008/2008/2008 2014/2014/2014
f 1988/1988/1988 2014/2014/2014 1993/1993/1993
f 1992/1992/1992 2012/2012/2012 2006/2006/2006
f 1992/1992/1992 2006/2006/2006 1985/1985/1985
f 2019/2019/2019 1999/1999/1999 2004/2004/2004
f 2019/2019/2019 2004/2004/2004 2025/2025/2025
f 2023/2023/2023 2003/2003/2003 1996/1996/1996
f 2023/2023/2023 1996/1996/1996 2017/2017/2017
f 2010/2010/2010 2030/2030/2030 2036/2036/2036
f 2010/2010/2010 2036/2036/2036 2015/2015/2015
f 2013/2013/2013 2034/2034/2034 2028/2028/2028
f 2013/2013/2013 2028/2028/2028 2007/2007/2007
f 2041/2041/2041 2021/2021/2021 2026/2026/2026
f 2041/2041/2041 2026/2026/2026 2047/2047/2047
f 2045/2045/2045 2024/2024/2024 2018/2018/2018
f 2045/2045/2045 2018/2018/2018 2039/2039/2039
f 2032/2032/2032 2052/2052/2052 2058/2058/2058
f 2032/2032/2032 2058/2058/2058 2037/2037/2037
f 2035/2035/2035 2056/2056/2056 2050/2050/2050
f 2035/2035/2035 2050/2050/2050 2029/2029/2029
f 2063/2063/2063 2043/2043/2043 2048/2048/2048
f 2063/2063/2063 2048/2048/2048 2069/2069/2069
f 2067/2067/2067 2046/2046/2046 2040/2040/2040
f 2067/2067/2067 2040/2040/2040 2061/2061/2061
f 2054/2054/2054 2075/2075/2075 2081/2081/2081
f 2054/2054/2054 2081/2081/2081 2059/2059/2059
f 2057/2057/2057 2079/2079/2079 2073/2073/2073
f 2057/2057/2057 2073/2073/2073 2051/2051/2051
f 2086/2086/2086 2065/2065/2065 2070/2070/2070
f 2086/2086/2086 2070/2070/2070 2092/2092/2092
f 2090/2090/2090 2068/2068/2068 2062/2062/2062
f 2090/2090/2090 2062/2062/2062 2084/2084/2084
f 2074/2074/2074 2098/2098/2098 2103/2103/2103
f 2074/2074/2074 2103/2103/2103 2080/2080/2080
f 2078/2078/2078 2101/2101/2101 2095/2095/2095
f 2078/2078/2078 2095/2095/2095 2072/2072/2072
f 2109/2109/2109 2085/2085/2085 2091/2091/2091
f 2109/2109/2109 2091/2091/2091 2114/2114/2114
f 2112/2112/2112 2089/2089/2089 2083/2083/2083
f 2112/2112/2112 2083/2083/2083 2106/2106/2106
f 2096/2096/2096 2120/2120/2120 2125/2125/2125
f 2096/2096/2096 2125/2125/2125 2102/2102/2102
f 2100/2100/2100 2123/2123/2123 2117/2117/2117
f 2100/2100/2100 2117/2117/2117 2094/2094/2094
f 2131/2131/2131 2107/2107/2107 2113/2113/2113
f 2131/2131/2131 2113/2113/2113 2136/2136/2136
f 2134/2134/2134 2111/2111/2111 2105/2105/2105
f 2134/2134/2134 2105/2105/2105 2128/2128/2128
f 2118/2118/2118 2142/2142/2142 2147/2147/2147
f 2118/2118/2118 2147/2147/2147 2124/2124/2124
f 2122/2122/2122 2145/2145/2145 2139/2139/2139
f 2122/2122/2122 2139/2139/2139 2116/2116/2116
f 2153/2153/2153 2129/2129/2129 2135/2135/2135
f 2153/2153/2153 2135/2135/2135 2158/2158/2158
f 2156/2156/2156 2133/2133/2133 2127/2127/2127
f 2156/2156/2156 2127/2127/2127 2150/2150/2150
f 2140/2140/2140 2164/2164/2164 2169/2169/2169
f 2140/2140/2140 2169/2169/2169 2146/2146/2146
f 2144/2144/2144 2168/2168/2168 2161/2161/2161
f 2144/2144/2144 2161/2161/2161 2138/2138/2138
f 2175/2175/2175 2151/2151/2151 2157/2157/2157
f 2175/2175/2175 2157/2157/2157 2180/2180/2180
f 2179/2179/2179 2155/2155/2155 2149/2149/2149
f 2179/2179/2179 2149/2149/2149 2172/2172/2172
f 2162/2162/2162 2184/2184/2184 2189/2189/2189
f 2162/2162/2162 2189/2189/2189 2167/2167/2167
f 2166/2166/2166 2188/2188/2188 2182/2182/2182
f 2166/2166/2166 2182/2182/2182 2160/2160/2160
f 2195/2195/2195 2173/2173/2173 2178/2178/2178
f 2195/2195/2195 2178/2178/2178 2200/2200/2200
f 2199/2199/2199 2177/2177/2177 2171/2171/2171
f 2199/2199/2199 2171/2171/2171 2193/2193/2193
f 2186/2186/2186 2206/2206/2206 2211/2211/2211
f 2186/2186/2186 2211/2211/2211 2191/2191/2191
f 2190/2190/2190 2210/2210/2210 2204/2204/2204
f 2190/2190/2190 2204/2204/2204 2183/2183/2183
f 2217/2217/2217 2197/2197/2197 2202/2202/2202
f 2217/2217/2217 2202/2202/2202 2222/2222/2222
f 2221/2221/2221 2201/2201/2201 2194/2194/2194
f 2221/2221/2221 2194/2194/2194 2215/2215/2215
f 2208/2208/2208 2228/2228/2228 2234/2234/2234
f 2208/2208/2208 2234/2234/2234 2213/2213/2213
f 2212/2212/2212 2232/2232/2232 2226/2226/2226
f 2212/2212/2212 2226/2226/2226 2205/2205/2205
f 2239/2239/2239 2219/2219/2219 2224/2224/2224
f 2239/2239/2239 2224/2224/2224 2245/2245/2245
f 2243/2243/2243 2223/2223/2223 2216/2216/2216
f 2243/2243/2243 2216/2216/2216 2237/2237/2237
f 2230/2230/2230 2250/2250/2250 2256/2256/2256
f 2230/2230/2230 2256/2256/2256 2235/2235/2235
f 2233/2233/2233 2254/2254/2254 2248/2248/2248
f 2233/2233/2233 2248/2248/2248 2227/2227/2227
f 2261/2261/2261 2241/2241/2241 2246/2246/2246
f 2261/2261/2261 2246/2246/2246 2267/2267/2267
f 2265/2265/2265 2244/2244/2244 2238/2238/2238
f 2265/2265/2265 2238/2238/2238 2259/2259/2259
f 2252/2252/2252 2272/2272/2272 2278/2278/2278
f 2252/2252/2252 2278/2278/2278 2257/2257/2257
f 2255/2255/2255 2276/2276/2276 2270/2270/2270
f 2255/2255/2255 2270/2270/2270 2249/2249/2249
f 2283/2283/2283 2263/2263/2263 2268/2268/2268
f 2283/2283/2283 2268/2268/2268 2289/2289/2289
f 2287/2287/2287 2266/2266/2266 2260/2260/2260
f 2287/2287/2287 2260/2260/2260 2281/2281/2281
f 2274/2274/2274 2294/2294/2294 2300/2300/2300
f 2274/2274/2274 2300/2300/2300 2279/2279/2279
f 2277/2277/2277 2298/2298/2298 2292/2292/2292
f 2277/2277/2277 2292/2292/2292 2271/2271/2271
f 2305/2305/2305 2285/2285/2285 2290/2290/2290
f 2305/2305/2305 2290/2290/2290 2311/2311/2311
f 2309/2309/2309 2288/2288/2288 2282/2282/2282
f 2309/2309/2309 2282/2282/2282 2303/2303/2303
f 2295/2295/2295 2318/2318/2318 2323/2323/2323
f 2295/2295/2295 2323/2323/2323 2301/2301/2301
f 2299/2299/2299 2321/2321/2321 2315/2315/2315
f 2299/2299/2299 2315/2315/2315 2293/2293/2293
f 2329/2329/2329 2306/2306/2306 2312/2312/2312
f 2329/2329/2329 2312/2312/2312 2334/2334/2334
f 2332/2332/2332 2310/2310/2310 2304/2304/2304
f 2332/2332/2332 2304/2304/2304 2326/2326/2326
f 2316/2316/2316 2340/2340/2340 2345/2345/2345
f 2316/2316/2316 2345/2345/2345 2322/2322/2322
f 2320/2320/2320 2343/2343/2343 2337/2337/2337
f 2320/2320/2320 2337/2337/2337 2314/2314/2314
f 2351/2351/2351 2327/2327/2327 2333/2333/2333
f 2351/2351/2351 2333/2333/2333 2356/2356/2356
f 2354/2354/2354 2331/2331/2331 2325/2325/2325
f 2354/2354/2354 2325/2325/2325 2348/2348/2348
f 2338/2338/2338 2362/2362/2362 2367/2367/2367
f 2338/2338/2338 2367/2367/2367 2344/2344/2344
f 2342/2342/2342 2365/2365/2365 2359/2359/2359
f 2342/2342/2342 2359/2359/2359 2336/2336/2336
f 2373/2373/2373 2349/2349/2349 2355/2355/2355
f 2373/2373/2373 2355/2355/2355 2378/2378/2378
f 2376/2376/2376 2353/2353/2353 2347/2347/2347
f 2376/2376/2376 2347/2347/2347 2370/2370/2370
f 2360/2360/2360 2384/2384/2384 2389/2389/2389
f 2360/2360/2360 2389/2389/2389 2366/2366/2366
f 2364/2364/2364 2388/2388/2388 2381/2381/2381
f 2364/2364/2364 2381/2381/2381 2358/2358/2358
f 2395/2395/2395 2371/2371/2371 2377/2377/2377
f 2395/2395/2395 2377/2377/2377 2400/2400/2400
f 2399/2399/2399 2375/2375/2375 2369/2369/2369
f 2399/2399/2399 2369/2369/2369 2392/2392/2392
f 2382/2382/2382 1966/1966/1966 1971/1971/1971
f 2382/2382/2382 1971/1971/1971 2387/2387/2387
f 2386/2386/2386 1970/1970/1970 1963/1963/1963
f 2386/2386/2386 1963/1963/1963 2380/2380/2380
f 1977/1977/1977 2393/2393/2393 2398/2398/2398
f 1977/1977/1977 2398/2398/2398 1982/1982/1982
f 1981/1981/1981 2397/2397/2397 2391/2391/2391
f 1981/1981/1981 2391/2391/2391 1974/1974/1974
f 2379/2379/2379 1961/1961/1961 1983/1983/1983
f 1983/1983/1983 2005/2005/2005 2027/2027/2027
f 2027/2027/2027 2049/2049/2049 2071/2071/2071
f 2071/2071/2071 2093/2093/2093 2115/2115/2115
f 2115/2115/2115 2137/2137/2137 2159/2159/2159
f 2159/2159/2159 2181/2181/2181 2203/2203/2203
f 2203/2203/2203 2225/2225/2225 2247/2247/2247
f 2247/2247/2247 2269/2269/2269 2291/2291/2291
f 2291/2291/2291 2313/2313/2313 2335/2335/2335
f 2335/2335/2335 2357/2357/2357 2379/2379/2379
f 2379/2379/2379 1983/1983/1983 2027/2027/2027
f 2027/2027/2027 2071/2071/2071 2115/2115/2115
f 2115/2115/2115 2159/2159/2159 2203/2203/2203
f 2203/2203/2203 2247/2247/2247 2291/2291/2291
f 2291/2291/2291 2335/2335/2335 2379/2379/2379
f 2379/2379/2379 2027/2027/2027 2115/2115/2115
f 2115/2115/2115 2203/2203/2203 2291/2291/2291
f 2115/2115/2115 2291/2291/2291 2379/2379/2379
o Optic_glass_0
usemtl Optic_Glass
v 0.0000000 0.2859501 0.4932000
v 0.0000000 0.2859501 0.4932000
v 0.0000000 0.2859501 0.4932000
v 0.0000000 0.2900000 0.4972000
v 0.0000000 0.2900000 0.4972000
v 0.0000000 0.2900000 0.4972000
v 0.0000000 0.2900000 0.4972000
v 0.0000000 0.2888138 0.4943716
v 0.0000000 0.2888138 0.4943716
v 0.0000000 0.2888138 0.4943716
v 0.0000000 0.2888138 0.4943716
v -0.0000000 0.2859501 0.5012000
v -0.0000000 0.2859501 0.5012000
v -0.0000000 0.2859501 0.5012000
v 0.0000000 0.2900000 0.4972000
v 0.0000000 0.2900000 0.4972000
v 0.0000000 0.2900000 0.4972000
v 0.0000000 0.2900000 0.4972000
v -0.0000000 0.2888138 0.5000284
v -0.0000000 0.2888138 0.5000284
v -0.0000000 0.2888138 0.5000284
v -0.0000000 0.2888138 0.5000284
v 0.0203797 0.2827223 0.4932000
v 0.0203797 0.2827223 0.4932000
v 0.0203797 0.2827223 0.4932000
v 0.0216312 0.2865740 0.4972000
v 0.0216312 0.2865740 0.4972000
v 0.0216312 0.2865740 0.4972000
v 0.0212646 0.2854458 0.4943716
v 0.0212646 0.2854458 0.4943716
v 0.0212646 0.2854458 0.4943716
v 0.0212646 0.2854458 0.4943716
v 0.0203797 0.2827223 0.5012000
v 0.0203797 0.2827223 0.5012000
v 0.0203797 0.2827223 0.5012000
v 0.0216312 0.2865740 0.4972000
v 0.0216312 0.2865740 0.4972000
v 0.0216312 0.2865740 0.4972000
v 0.0212646 0.2854458 0.5000284
v 0.0212646 0.2854458 0.5000284
v 0.0212646 0.2854458 0.5000284
v 0.0212646 0.2854458 0.5000284
v 0.0387645 0.2733548 0.4932000
v 0.0387645 0.2733548 0.4932000
v 0.0387645 0.2733548 0.4932000
v 0.0411450 0.2766312 0.4972000
v 0.0411450 0.2766312 0.4972000
v 0.0411450 0.2766312 0.4972000
v 0.0404477 0.2756716 0.4943716
v 0.0404477 0.2756716 0.4943716
v 0.0404477 0.2756716 0.4943716
v 0.0404477 0.2756716 0.4943716
v 0.0387645 0.2733548 0.5012000
v 0.0387645 0.2733548 0.5012000
v 0.0387645 0.2733548 0.5012000
v 0.0411450 0.2766312 0.4972000
v 0.0411450 0.2766312 0.4972000
v 0.0411450 0.2766312 0.4972000
v 0.0404477 0.2756716 0.5000284
v 0.0404477 0.2756716 0.5000284
v 0.0404477 0.2756716 0.5000284
v 0.0404477 0.2756716 0.5000284
v 0.0533548 0.2587645 0.4932000
v 0.0533548 0.2587645 0.4932000
v 0.0533548 0.2587645 0.4932000
v 0.0566312 0.2611450 0.4972000
v 0.0566312 0.2611450 0.4972000
v 0.0566312 0.2611450 0.4972000
v 0.0556716 0.2604478 0.4943716
v 0.0556716 0.2604478 0.4943716
v 0.0556716 0.2604478 0.4943716
v 0.0556716 0.2604478 0.4943716
v 0.0533548 0.2587645 0.5012000
v 0.0533548 0.2587645 0.5012000
v 0.0533548 0.2587645 0.5012000
v 0.0566312 0.2611450 0.4972000
v 0.0566312 0.2611450 0.4972000
v 0.0566312 0.2611450 0.4972000
v 0.0556716 0.2604478 0.5000284
v 0.0556716 0.2604478 0.5000284
v 0.0556716 0.2604478 0.5000284
v 0.0556716 0.2604478 0.5000284
v 0.0627223 0.2403797 0.4932000
v 0.0627223 0.2403797 0.4932000
v 0.0627223 0.2403797 0.4932000
v 0.0665740 0.2416312 0.4972000
v 0.0665740 0.2416312 0.4972000
v 0.0665740 0.2416312 0.4972000
v 0.0654458 0.2412646 0.4943716
v 0.0654458 0.2412646 0.4943716
v 0.0654458 0.2412646 0.4943716
v 0.0654458 0.2412646 0.4943716
v 0.0627223 0.2403797 0.5012000
v 0.0627223 0.2403797 0.5012000
v 0.0627223 0.2403797 0.5012000
v 0.0665740 0.2416312 0.4972000
v 0.0665740 0.2416312 0.4972000
v 0.0665740 0.2416312 0.4972000
v 0.0654458 0.2412646 0.5000284
v 0.0654458 0.2412646 0.5000284
v 0.0654458 0.2412646 0.5000284
v 0.0654458 0.2412646 0.5000284
v 0.0659501 0.2200000 0.4932000
v 0.0659501 0.2200000 0.4932000
v 0.0659501 0.2200000 0.4932000
v 0.0700000 0.2200000 0.4972000
v 0.0700000 0.2200000 0.4972000
v 0.0700000 0.2200000 0.4972000
v 0.0688138 0.2200000 0.4943716
v 0.0688138 0.2200000 0.4943716
v 0.0688138 0.2200000 0.4943716
v 0.0688138 0.2200000 0.4943716
v 0.0659501 0.2200000 0.5012000
v 0.0659501 0.2200000 0.5012000
v 0.0659501 0.2200000 0.5012000
v 0.0700000 0.2200000 0.4972000
v 0.0700000 0.2200000 0.4972000
v 0.0700000 0.2200000 0.4972000
v 0.0688138 0.2200000 0.5000284
v 0.0688138 0.2200000 0.5000284
v 0.0688138 0.2200000 0.5000284
v 0.0688138 0.2200000 0.5000284
v 0.0627223 0.1996203 0.4932000
v 0.0627223 0.1996203 0.4932000
v 0.0627223 0.1996203 0.4932000
v 0.0665740 0.1983688 0.4972000
v 0.0665740 0.1983688 0.4972000
v 0.0665740 0.1983688 0.4972000
v 0.0654458 0.1987354 0.4943716
v 0.0654458 0.1987354 0.4943716
v 0.0654458 0.1987354 0.4943716
v 0.0654458 0.1987354 0.4943716
v 0.0627223 0.1996203 0.5012000
v 0.0627223 0.1996203 0.5012000
v 0.0627223 0.1996203 0.5012000
v 0.0665740 0.1983688 0.4972000
v 0.0665740 0.1983688 0.4972000
v 0.0665740 0.1983688 0.4972000
v 0.0654458 0.1987353 0.5000284
v 0.0654458 0.1987353 0.5000284
v 0.0654458 0.1987353 0.5000284
v 0.0654458 0.1987353 0.5000284
v 0.0533548 0.1812355 0.4932000
v 0.0533548 0.1812355 0.4932000
v 0.0533548 0.1812355 0.4932000
v 0.0566312 0.1788550 0.4972000
v 0.0566312 0.1788550 0.4972000
v 0.0566312 0.1788550 0.4972000
v 0.0556716 0.1795522 0.4943716
v 0.0556716 0.1795522 0.4943716
v 0.0556716 0.1795522 0.4943716
v 0.0556716 0.1795522 0.4943716
v 0.0533548 0.1812355 0.5012000
v 0.0533548 0.1812355 0.5012000
v 0.0533548 0.1812355 0.5012000
v 0.0566312 0.1788550 0.4972000
v 0.0566312 0.1788550 0.4972000
v 0.0566312 0.1788550 0.4972000
v 0.0556716 0.1795522 0.5000284
v 0.0556716 0.1795522 0.5000284
v 0.0556716 0.1795522 0.5000284
v 0.0556716 0.1795522 0.5000284
v 0.0387645 0.1666452 0.4932000
v 0.0387645 0.1666452 0.4932000
v 0.0387645 0.1666452 0.4932000
v 0.0411450 0.1633688 0.4972000
v 0.0411450 0.1633688 0.4972000
v 0.0411450 0.1633688 0.4972000
v 0.0404477 0.1643284 0.4943716
v 0.0404477 0.1643284 0.4943716
v 0.0404477 0.1643284 0.4943716
v 0.0404477 0.1643284 0.4943716
v 0.0387645 0.1666452 0.5012000
v 0.0387645 0.1666452 0.5012000
v 0.0387645 0.1666452 0.5012000
v 0.0411450 0.1633688 0.4972000
v 0.0411450 0.1633688 0.4972000
v 0.0411450 0.1633688 0.4972000
v 0.0404477 0.1643284 0.5000284
v 0.0404477 0.1643284 0.5000284
v 0.0404477 0.1643284 0.5000284
v 0.0404477 0.1643284 0.5000284
v 0.0203797 0.1572777 0.4932000
v 0.0203797 0.1572777 0.4932000
v 0.0203797 0.1572777 0.4932000
v 0.0216312 0.1534260 0.4972000
v 0.0216312 0.1534260 0.4972000
v 0.0216312 0.1534260 0.4972000
v 0.0212646 0.1545542 0.4943716
v 0.0212646 0.1545542 0.4943716
v 0.0212646 0.1545542 0.4943716
v 0.0212646 0.1545542 0.4943716
v 0.0203797 0.1572777 0.5012000
v 0.0203797 0.1572777 0.5012000
v 0.0203797 0.1572777 0.5012000
v 0.0216312 0.1534260 0.4972000
v 0.0216312 0.1534260 0.4972000
v 0.0216312 0.1534260 0.4972000
v 0.0212646 0.1545541 0.5000284
v 0.0212646 0.1545541 0.5000284
v 0.0212646 0.1545541 0.5000284
v 0.0212646 0.1545541 0.5000284
v -0.0000000 0.1540499 0.4932000
v -0.0000000 0.1540499 0.4932000
v -0.0000000 0.1540499 0.4932000
v 0.0000000 0.1500000 0.4972000
v 0.0000000 0.1500000 0.4972000
v 0.0000000 0.1500000 0.4972000
v -0.0000000 0.1511862 0.4943716
v -0.0000000 0.1511862 0.4943716
v -0.0000000 0.1511862 0.4943716
v -0.0000000 0.1511862 0.4943716
v 0.0000000 0.1540498 0.5012000
v 0.0000000 0.1540498 0.5012000
v 0.0000000 0.1540498 0.5012000
v 0.0000000 0.1500000 0.4972000
v 0.0000000 0.1500000 0.4972000
v 0.0000000 0.1500000 0.4972000
v 0.0000000 0.1511862 0.5000284
v 0.0000000 0.1511862 0.5000284
v 0.0000000 0.1511862 0.5000284
v 0.0000000 0.1511862 0.5000284
v -0.0203797 0.1572777 0.4932000
v -0.0203797 0.1572777 0.4932000
v -0.0203797 0.1572777 0.4932000
v -0.0216312 0.1534260 0.4972000
v -0.0216312 0.1534260 0.4972000
v -0.0216312 0.1534260 0.4972000
v -0.0212646 0.1545542 0.4943716
v -0.0212646 0.1545542 0.4943716
v -0.0212646 0.1545542 0.4943716
v -0.0212646 0.1545542 0.4943716
v -0.0203797 0.1572777 0.5012000
v -0.0203797 0.1572777 0.5012000
v -0.0203797 0.1572777 0.5012000
v -0.0216312 0.1534260 0.4972000
v -0.0216312 0.1534260 0.4972000
v -0.0216312 0.1534260 0.4972000
v -0.0212646 0.1545541 0.5000284
v -0.0212646 0.1545541 0.5000284
v -0.0212646 0.1545541 0.5000284
v -0.0212646 0.1545541 0.5000284
v -0.0387645 0.1666452 0.4932000
v -0.0387645 0.1666452 0.4932000
v -0.0387645 0.1666452 0.4932000
v -0.0411450 0.1633688 0.4972000
v -0.0411450 0.1633688 0.4972000
v -0.0411450 0.1633688 0.4972000
v -0.0404477 0.1643284 0.4943716
v -0.0404477 0.1643284 0.4943716
v -0.0404477 0.1643284 0.4943716
v -0.0404477 0.1643284 0.4943716
v -0.0387645 0.1666452 0.5012000
v -0.0387645 0.1666452 0.5012000
v -0.0387645 0.1666452 0.5012000
v -0.0411450 0.1633688 0.4972000
v -0.0411450 0.1633688 0.4972000
v -0.0411450 0.1633688 0.4972000
v -0.0404477 0.1643284 0.5000284
v -0.0404477 0.1643284 0.5000284
v -0.0404477 0.1643284 0.5000284
v -0.0404477 0.1643284 0.5000284
v -0.0533548 0.1812355 0.4932000
v -0.0533548 0.1812355 0.4932000
v -0.0533548 0.1812355 0.4932000
v -0.0566312 0.1788550 0.4972000
v -0.0566312 0.1788550 0.4972000
v -0.0566312 0.1788550 0.4972000
v -0.0556716 0.1795522 0.4943716
v -0.0556716 0.1795522 0.4943716
v -0.0556716 0.1795522 0.4943716
v -0.0556716 0.1795522 0.4943716
v -0.0533548 0.1812355 0.5012000
v -0.0533548 0.1812355 0.5012000
v -0.0533548 0.1812355 0.5012000
v -0.0566312 0.1788550 0.4972000
v -0.0566312 0.1788550 0.4972000
v -0.0566312 0.1788550 0.4972000
v -0.0556716 0.1795522 0.5000284
v -0.0556716 0.1795522 0.5000284
v -0.0556716 0.1795522 0.5000284
v -0.0556716 0.1795522 0.5000284
v -0.0627223 0.1996203 0.4932000
v -0.0627223 0.1996203 0.4932000
v -0.0627223 0.1996203 0.4932000
v -0.0665740 0.1983688 0.4972000
v -0.0665740 0.1983688 0.4972000
v -0.0665740 0.1983688 0.4972000
v -0.0654458 0.1987354 0.4943716
v -0.0654458 0.1987354 0.4943716
v -0.0654458 0.1987354 0.4943716
v -0.0654458 0.1987354 0.4943716
v -0.0627223 0.1996203 0.5012000
v -0.0627223 0.1996203 0.5012000
v -0.0627223 0.1996203 0.5012000
v -0.0665740 0.1983688 0.4972000
v -0.0665740 0.1983688 0.4972000
v -0.0665740 0.1983688 0.4972000
v -0.0654458 0.1987353 0.5000284
v -0.0654458 0.1987353 0.5000284
v -0.0654458 0.1987353 0.5000284
v -0.0654458 0.1987353 0.5000284
v -0.0659501 0.2200000 0.4932000
v -0.0659501 0.2200000 0.4932000
v -0.0659501 0.2200000 0.4932000
v -0.0700000 0.2200000 0.4972000
v -0.0700000 0.2200000 0.4972000
v -0.0700000 0.2200000 0.4972000
v -0.0688138 0.2200000 0.4943716
v -0.0688138 0.2200000 0.4943716
v -0.0688138 0.2200000 0.4943716
v -0.0688138 0.2200000 0.4943716
v -0.0659501 0.2200000 0.5012000
v -0.0659501 0.2200000 0.5012000
v -0.0659501 0.2200000 0.5012000
v -0.0700000 0.2200000 0.4972000
v -0.0700000 0.2200000 0.4972000
v -0.0700000 0.2200000 0.4972000
v -0.0688138 0.2200000 0.5000284
v -0.0688138 0.2200000 0.5000284
v -0.0688138 0.2200000 0.5000284
v -0.0688138 0.2200000 0.5000284
v -0.0627223 0.2403797 0.4932000
v -0.0627223 0.2403797 0.4932000
v -0.0627223 0.2403797 0.4932000
v -0.0665740 0.2416312 0.4972000
v -0.0665740 0.2416312 0.4972000
v -0.0665740 0.2416312 0.4972000
v -0.0654458 0.2412646 0.4943716
v -0.0654458 0.2412646 0.4943716
v -0.0654458 0.2412646 0.4943716
v -0.0654458 0.2412646 0.4943716
v -0.0627223 0.2403797 0.5012000
v -0.0627223 0.2403797 0.5012000
v -0.0627223 0.2403797 0.5012000
v -0.0665740 0.2416312 0.4972000
v -0.0665740 0.2416312 0.4972000
v -0.0665740 0.2416312 0.4972000
v -0.0654458 0.2412646 0.5000284
v -0.0654458 0.2412646 0.5000284
v -0.0654458 0.2412646 0.5000284
v -0.0654458 0.2412646 0.5000284
v -0.0533548 0.2587645 0.4932000
v -0.0533548 0.2587645 0.4932000
v -0.0533548 0.2587645 0.4932000
v -0.0566312 0.2611450 0.4972000
v -0.0566312 0.2611450 0.4972000
v -0.0566312 0.2611450 0.4972000
v -0.0556716 0.2604478 0.4943716
v -0.0556716 0.2604478 0.4943716
v -0.0556716 0.2604478 0.4943716
v -0.0556716 0.2604478 0.4943716
v -0.0533548 0.2587645 0.5012000
v -0.0533548 0.2587645 0.5012000
v -0.0533548 0.2587645 0.5012000
v -0.0566312 0.2611450 0.4972000
v -0.0566312 0.2611450 0.4972000
v -0.0566312 0.2611450 0.4972000
v -0.0556716 0.2604478 0.5000284
v -0.0556716 0.2604478 0.5000284
v -0.0556716 0.2604478 0.5000284
v -0.0556716 0.2604478 0.5000284
v -0.0387645 0.2733548 0.4932000
v -0.0387645 0.2733548 0.4932000
v -0.0387645 0.2733548 0.4932000
v -0.0411450 0.2766312 0.4972000
v -0.0411450 0.2766312 0.4972000
v -0.0411450 0.2766312 0.4972000
v -0.0404477 0.2756716 0.4943716
v -0.0404477 0.2756716 0.4943716
v -0.0404477 0.2756716 0.4943716
v -0.0404477 0.2756716 0.4943716
v -0.0387645 0.2733548 0.5012000
v -0.0387645 0.2733548 0.5012000
v -0.0387645 0.2733548 0.5012000
v -0.0411450 0.2766312 0.4972000
v -0.0411450 0.2766312 0.4972000
v -0.0411450 0.2766312 0.4972000
v -0.0404477 0.2756716 0.5000284
v -0.0404477 0.2756716 0.5000284
v -0.0404477 0.2756716 0.5000284
v -0.0404477 0.2756716 0.5000284
v -0.0203797 0.2827223 0.4932000
v -0.0203797 0.2827223 0.4932000
v -0.0203797 0.2827223 0.4932000
v -0.0216312 0.2865740 0.4972000
v -0.0216312 0.2865740 0.4972000
v -0.0216312 0.2865740 0.4972000
v -0.0212646 0.2854458 0.4943716
v -0.0212646 0.2854458 0.4943716
v -0.0212646 0.2854458 0.4943716
v -0.0212646 0.2854458 0.4943716
v -0.0203797 0.2827223 0.5012000
v -0.0203797 0.2827223 0.5012000
v -0.0203797 0.2827223 0.5012000
v -0.0216312 0.2865740 0.4972000
v -0.0216312 0.2865740 0.4972000
v -0.0216312 0.2865740 0.4972000
v -0.0212646 0.2854458 0.5000284
v -0.0212646 0.2854458 0.5000284
v -0.0212646 0.2854458 0.5000284
v -0.0212646 0.2854458 0.5000284
vt 0.7499997 0.5238853
vt 0.7499997 0.5238853
vt 0.7499997 0.5238853
vt 1.0000000 0.2500000
vt -0.0000002 0.2500000
vt 1.0000000 0.2500000
vt -0.0000002 0.2500000
vt 0.7506284 0.5100995
vt 0.9995764 0.5000000
vt 0.7493716 0.5100995
vt 0.0004235 0.5000000
vt 0.2500000 0.5238853
vt 0.2500000 0.5238853
vt 0.2500000 0.5238853
vt 1.0000000 0.2500000
vt -0.0000002 0.2500000
vt 1.0000000 0.2500000
vt -0.0000002 0.2500000
vt 0.2506284 0.5100995
vt 0.9995764 0.0000000
vt 0.2493716 0.5100995
vt 0.0004235 0.0000000
vt 0.8198732 0.5349522
vt 0.8198732 0.5349522
vt 0.8198732 0.5349522
vt 0.9500000 0.2500000
vt 0.9500000 0.2500000
vt 0.9500000 0.2500000
vt 0.8235357 0.5216470
vt 0.9504236 0.5000000
vt 0.8247309 0.5220352
vt 0.9495763 0.5000000
vt 0.3198733 0.5349522
vt 0.3198733 0.5349522
vt 0.3198733 0.5349522
vt 0.9500000 0.2500000
vt 0.9500000 0.2500000
vt 0.9500000 0.2500000
vt 0.3235357 0.5216470
vt 0.9504236 0.0000000
vt 0.3247310 0.5220352
vt 0.9495763 0.0000000
vt 0.8829068 0.5670694
vt 0.8829068 0.5670694
vt 0.8829068 0.5670694
vt 0.9000000 0.2500000
vt 0.9000000 0.2500000
vt 0.9000000 0.2500000
vt 0.8905016 0.5555471
vt 0.8915183 0.5562858
vt 0.9004236 0.5000000
vt 0.8995764 0.5000000
vt 0.3829069 0.5670694
vt 0.3829069 0.5670694
vt 0.3829069 0.5670694
vt 0.9000000 0.2500000
vt 0.9000000 0.2500000
vt 0.9000000 0.2500000
vt 0.3905016 0.5555471
vt 0.3915183 0.5562858
vt 0.9004236 0.0000000
vt 0.8995764 0.0000000
vt 0.9329305 0.6170932
vt 0.9329305 0.6170932
vt 0.9329305 0.6170932
vt 0.8500000 0.2500000
vt 0.8500000 0.2500000
vt 0.8500000 0.2500000
vt 0.9437142 0.6084816
vt 0.9444529 0.6094984
vt 0.8504236 0.5000000
vt 0.8495763 0.5000000
vt 0.4329307 0.6170930
vt 0.4329307 0.6170930
vt 0.4329307 0.6170930
vt 0.8500000 0.2500000
vt 0.8500000 0.2500000
vt 0.8500000 0.2500000
vt 0.4437142 0.6084816
vt 0.4444529 0.6094984
vt 0.8504236 0.0000000
vt 0.8495763 0.0000000
vt 0.9650478 0.6801267
vt 0.9650478 0.6801267
vt 0.9650478 0.6801267
vt 0.8000000 0.2500000
vt 0.8000000 0.2500000
vt 0.8000000 0.2500000
vt 0.9779647 0.6752690
vt 0.9783530 0.6764643
vt 0.8004236 0.5000000
vt 0.7995763 0.5000000
vt 0.4650480 0.6801267
vt 0.4650480 0.6801267
vt 0.4650480 0.6801267
vt 0.8000000 0.2500000
vt 0.8000000 0.2500000
vt 0.8000000 0.2500000
vt 0.4779647 0.6752690
vt 0.4783531 0.6764643
vt 0.8004236 0.0000000
vt 0.7995763 0.0000000
vt 0.9761147 0.7500000
vt 0.9761147 0.7500000
vt 0.9761147 0.7500000
vt 0.7499999 0.2500000
vt 0.7499999 0.2500000
vt 0.7499999 0.2500000
vt 0.9899005 0.7506284
vt 0.9899005 0.7493716
vt 0.7495763 0.5000000
vt 0.7504236 0.5000000
vt 0.4761147 0.7500000
vt 0.4761147 0.7500000
vt 0.4761147 0.7500000
vt 0.7499999 0.2500000
vt 0.7499999 0.2500000
vt 0.7499999 0.2500000
vt 0.4899005 0.7506284
vt 0.4899005 0.7493716
vt 0.7495763 0.0000000
vt 0.7504236 0.0000000
vt 0.9650478 0.8198734
vt 0.9650478 0.8198734
vt 0.9650478 0.8198734
vt 0.6999999 0.2500000
vt 0.6999999 0.2500000
vt 0.6999999 0.2500000
vt 0.9779647 0.8247309
vt 0.9783531 0.8235357
vt 0.6995763 0.5000000
vt 0.7004236 0.5000000
vt 0.4650480 0.8198733
vt 0.4650480 0.8198733
vt 0.4650480 0.8198733
vt 0.6999999 0.2500000
vt 0.6999999 0.2500000
vt 0.6999999 0.2500000
vt 0.4779647 0.8247309
vt 0.4783531 0.8235357
vt 0.6995763 0.0000000
vt 0.7004235 0.0000000
vt 0.9329304 0.8829069
vt 0.9329304 0.8829069
vt 0.9329304 0.8829069
vt 0.6499999 0.2500000
vt 0.6499999 0.2500000
vt 0.6499999 0.2500000
vt 0.9437141 0.8915183
vt 0.9444529 0.8905016
vt 0.6495762 0.5000000
vt 0.6504236 0.5000000
vt 0.4329307 0.8829069
vt 0.4329307 0.8829069
vt 0.4329307 0.8829069
vt 0.6499999 0.2500000
vt 0.6499999 0.2500000
vt 0.6499999 0.2500000
vt 0.4437142 0.8915183
vt 0.4444529 0.8905016
vt 0.6495763 0.0000000
vt 0.6504236 0.0000000
vt 0.8829070 0.9329306
vt 0.8829070 0.9329306
vt 0.8829070 0.9329306
vt 0.5999999 0.2500000
vt 0.5999999 0.2500000
vt 0.5999999 0.2500000
vt 0.8905016 0.9444529
vt 0.8915183 0.9437142
vt 0.5995762 0.5000000
vt 0.6004236 0.5000000
vt 0.3829069 0.9329306
vt 0.3829069 0.9329306
vt 0.3829069 0.9329306
vt 0.5999999 0.2500000
vt 0.5999999 0.2500000
vt 0.5999999 0.2500000
vt 0.3905016 0.9444529
vt 0.3915183 0.9437142
vt 0.5995762 0.0000000
vt 0.6004236 0.0000000
vt 0.8198733 0.9650479
vt 0.8198733 0.9650479
vt 0.8198733 0.9650479
vt 0.5499999 0.2500000
vt 0.5499999 0.2500000
vt 0.5499999 0.2500000
vt 0.8235357 0.9783531
vt 0.5495762 0.5000000
vt 0.8247309 0.9779647
vt 0.5504236 0.5000000
vt 0.3198733 0.9650479
vt 0.3198733 0.9650479
vt 0.3198733 0.9650479
vt 0.5499999 0.2500000
vt 0.5499999 0.2500000
vt 0.5499999 0.2500000
vt 0.3235357 0.9783531
vt 0.5495762 0.0000000
vt 0.3247310 0.9779647
vt 0.5504235 0.0000000
vt 0.7499998 0.9761147
vt 0.7499998 0.9761147
vt 0.7499998 0.9761147
vt 0.4999999 0.2500000
vt 0.4999999 0.2500000
vt 0.4999999 0.2500000
vt 0.7506284 0.9899005
vt 0.5004236 0.5000000
vt 0.7493716 0.9899005
vt 0.4995762 0.5000000
vt 0.2500000 0.9761147
vt 0.2500000 0.9761147
vt 0.2500000 0.9761147
vt 0.4999999 0.2500000
vt 0.4999999 0.2500000
vt 0.4999999 0.2500000
vt 0.2506284 0.9899005
vt 0.5004235 0.0000000
vt 0.2493716 0.9899005
vt 0.4995763 0.0000000
vt 0.6801267 0.9650479
vt 0.6801267 0.9650479
vt 0.6801267 0.9650479
vt 0.4499999 0.2500000
vt 0.4499999 0.2500000
vt 0.4499999 0.2500000
vt 0.6764643 0.9783531
vt 0.4504235 0.5000000
vt 0.6752691 0.9779647
vt 0.4495762 0.5000000
vt 0.1801267 0.9650479
vt 0.1801267 0.9650479
vt 0.1801267 0.9650479
vt 0.4499999 0.2500000
vt 0.4499999 0.2500000
vt 0.4499999 0.2500000
vt 0.1764643 0.9783531
vt 0.4504235 0.0000000
vt 0.1752691 0.9779647
vt 0.4495762 0.0000000
vt 0.6170930 0.9329306
vt 0.6170930 0.9329306
vt 0.6170930 0.9329306
vt 0.3999999 0.2500000
vt 0.3999999 0.2500000
vt 0.3999999 0.2500000
vt 0.6094984 0.9444529
vt 0.6084816 0.9437142
vt 0.4004235 0.5000000
vt 0.3995762 0.5000000
vt 0.1170931 0.9329306
vt 0.1170931 0.9329306
vt 0.1170931 0.9329306
vt 0.3999999 0.2500000
vt 0.3999999 0.2500000
vt 0.3999999 0.2500000
vt 0.1094984 0.9444529
vt 0.1084817 0.9437142
vt 0.4004235 0.0000000
vt 0.3995762 0.0000000
vt 0.5670695 0.8829069
vt 0.5670695 0.8829069
vt 0.5670695 0.8829069
vt 0.3499998 0.2500000
vt 0.3499998 0.2500000
vt 0.3499998 0.2500000
vt 0.5562858 0.8915183
vt 0.5555471 0.8905016
vt 0.3504235 0.5000000
vt 0.3495762 0.5000000
vt 0.0670693 0.8829069
vt 0.0670693 0.8829069
vt 0.0670693 0.8829069
vt 0.3499998 0.2500000
vt 0.3499998 0.2500000
vt 0.3499998 0.2500000
vt 0.0562858 0.8915183
vt 0.0555471 0.8905016
vt 0.3504235 0.0000000
vt 0.3495762 0.0000000
vt 0.5349522 0.8198733
vt 0.5349522 0.8198733
vt 0.5349522 0.8198733
vt 0.2999998 0.2500000
vt 0.2999998 0.2500000
vt 0.2999998 0.2500000
vt 0.5220353 0.8247309
vt 0.5216469 0.8235357
vt 0.3004235 0.5000000
vt 0.2995762 0.5000000
vt 0.0349521 0.8198734
vt 0.0349521 0.8198734
vt 0.0349521 0.8198734
vt 0.2999998 0.2500000
vt 0.2999998 0.2500000
vt 0.2999998 0.2500000
vt 0.0220353 0.8247309
vt 0.0216469 0.8235357
vt 0.3004235 0.0000000
vt 0.2995762 0.0000000
vt 0.5238853 0.7500000
vt 0.5238853 0.7500000
vt 0.5238853 0.7500000
vt 0.2499998 0.2500000
vt 0.2499998 0.2500000
vt 0.2499998 0.2500000
vt 0.5100995 0.7506284
vt 0.5100995 0.7493716
vt 0.2504235 0.5000000
vt 0.2495762 0.5000000
vt 0.0238852 0.7500001
vt 0.0238852 0.7500001
vt 0.0238852 0.7500001
vt 0.2499998 0.2500000
vt 0.2499998 0.2500000
vt 0.2499998 0.2500000
vt 0.0100995 0.7506284
vt 0.0100995 0.7493716
vt 0.2504235 0.0000000
vt 0.2495762 0.0000000
vt 0.5349521 0.6801267
vt 0.5349521 0.6801267
vt 0.5349521 0.6801267
vt 0.1999998 0.2500000
vt 0.1999998 0.2500000
vt 0.1999998 0.2500000
vt 0.5220353 0.6752690
vt 0.5216469 0.6764643
vt 0.1995762 0.5000000
vt 0.2004235 0.5000000
vt 0.0349521 0.6801267
vt 0.0349521 0.6801267
vt 0.0349521 0.6801267
vt 0.1999998 0.2500000
vt 0.1999998 0.2500000
vt 0.1999998 0.2500000
vt 0.0220353 0.6752690
vt 0.0216469 0.6764643
vt 0.1995762 0.0000000
vt 0.2004235 0.0000000
vt 0.5670694 0.6170930
vt 0.5670694 0.6170930
vt 0.5670694 0.6170930
vt 0.1499998 0.2500000
vt 0.1499998 0.2500000
vt 0.1499998 0.2500000
vt 0.5562859 0.6084816
vt 0.5555471 0.6094984
vt 0.1495762 0.5000000
vt 0.1504235 0.5000000
vt 0.0670693 0.6170932
vt 0.0670693 0.6170932
vt 0.0670693 0.6170932
vt 0.1499998 0.2500000
vt 0.1499998 0.2500000
vt 0.1499998 0.2500000
vt 0.0562858 0.6084816
vt 0.0555471 0.6094984
vt 0.1495762 0.0000000
vt 0.1504235 0.0000000
vt 0.6170931 0.5670693
vt 0.6170931 0.5670693
vt 0.6170931 0.5670693
vt 0.0999998 0.2500000
vt 0.0999998 0.2500000
vt 0.0999998 0.2500000
vt 0.6094984 0.5555471
vt 0.6084817 0.5562858
vt 0.0995762 0.5000000
vt 0.1004235 0.5000000
vt 0.1170931 0.5670693
vt 0.1170931 0.5670693
vt 0.1170931 0.5670693
vt 0.0999998 0.2500000
vt 0.0999998 0.2500000
vt 0.0999998 0.2500000
vt 0.1094984 0.5555471
vt 0.1084817 0.5562858
vt 0.0995762 0.0000000
vt 0.1004235 0.0000000
vt 0.6801265 0.5349522
vt 0.6801265 0.5349522
vt 0.6801265 0.5349522
vt 0.0499998 0.2500000
vt 0.0499998 0.2500000
vt 0.0499998 0.2500000
vt 0.6764643 0.5216470
vt 0.0495762 0.5000000
vt 0.6752691 0.5220352
vt 0.0504235 0.5000000
vt 0.1801266 0.5349522
vt 0.1801266 0.5349522
vt 0.1801266 0.5349522
vt 0.0499998 0.2500000
vt 0.0499998 0.2500000
vt 0.0499998 0.2500000
vt 0.1764643 0.5216470
vt 0.0495762 0.0000000
vt 0.1752691 0.5220352
vt 0.0504235 0.0000000
vn 0.0000000 0.0000001 -1.0000000
vn 0.0598981 0.3779882 -0.9238708
vn -0.0598981 0.3779882 -0.9238708
vn 0.0000000 -0.0000001 1.0000000
vn 0.0000000 -0.0000001 1.0000000
vn 0.1445003 0.9125020 -0.3827007
vn -0.1445003 0.9125020 -0.3827007
vn 0.0598981 0.3779882 -0.9238708
vn 0.1445003 0.9125020 -0.3827007
vn -0.0598981 0.3779882 -0.9238708
vn -0.1445003 0.9125020 -0.3827007
vn 0.0000000 -0.0000001 1.0000000
vn 0.0598981 0.3779879 0.9238709
vn -0.0598981 0.3779879 0.9238709
vn 0.0000000 -0.0000001 1.0000000
vn 0.0000000 -0.0000001 1.0000000
vn 0.1445003 0.9125019 0.3827009
vn -0.1445003 0.9125019 0.3827009
vn 0.0598981 0.3779879 0.9238709
vn 0.1445003 0.9125019 0.3827009
vn -0.0598981 0.3779879 0.9238709
vn -0.1445003 0.9125019 0.3827009
vn 0.0000000 0.0000001 -1.0000000
vn 0.0598981 0.3779882 -0.9238708
vn 0.1736962 0.3409926 -0.9238797
vn 0.0000000 -0.0000001 1.0000000
vn 0.1445003 0.9125020 -0.3827007
vn 0.4193970 0.8231944 -0.3826972
vn 0.0598981 0.3779882 -0.9238708
vn 0.1445003 0.9125020 -0.3827007
vn 0.1736962 0.3409926 -0.9238797
vn 0.4193970 0.8231944 -0.3826972
vn 0.0000000 -0.0000001 1.0000000
vn 0.0598981 0.3779879 0.9238709
vn 0.1736962 0.3409924 0.9238798
vn 0.0000000 -0.0000001 1.0000000
vn 0.1445003 0.9125019 0.3827009
vn 0.4193970 0.8231943 0.3826974
vn 0.0598981 0.3779879 0.9238709
vn 0.1445003 0.9125019 0.3827009
vn 0.1736962 0.3409924 0.9238798
vn 0.4193970 0.8231943 0.3826974
vn 0.0000000 0.0000001 -1.0000000
vn 0.1736962 0.3409926 -0.9238797
vn 0.2705946 0.2705947 -0.9238815
vn 0.0000000 -0.0000001 1.0000000
vn 0.4193970 0.8231944 -0.3826972
vn 0.6532800 0.6532801 -0.3826882
vn 0.1736962 0.3409926 -0.9238797
vn 0.2705946 0.2705947 -0.9238815
vn 0.4193970 0.8231944 -0.3826972
vn 0.6532800 0.6532801 -0.3826882
vn 0.0000000 -0.0000001 1.0000000
vn 0.1736962 0.3409924 0.9238798
vn 0.2705946 0.2705945 0.9238816
vn 0.0000000 -0.0000001 1.0000000
vn 0.4193970 0.8231943 0.3826974
vn 0.6532800 0.6532800 0.3826884
vn 0.1736962 0.3409924 0.9238798
vn 0.2705946 0.2705945 0.9238816
vn 0.4193970 0.8231943 0.3826974
vn 0.6532800 0.6532800 0.3826884
vn 0.0000000 0.0000001 -1.0000000
vn 0.2705946 0.2705947 -0.9238815
vn 0.3409925 0.1736963 -0.9238797
vn 0.0000000 -0.0000001 1.0000000
vn 0.6532800 0.6532801 -0.3826882
vn 0.8231943 0.4193972 -0.3826973
vn 0.2705946 0.2705947 -0.9238815
vn 0.3409925 0.1736963 -0.9238797
vn 0.6532800 0.6532801 -0.3826882
vn 0.8231943 0.4193972 -0.3826973
vn 0.0000000 -0.0000001 1.0000000
vn 0.2705946 0.2705945 0.9238816
vn 0.3409925 0.1736961 0.9238798
vn 0.0000000 -0.0000001 1.0000000
vn 0.6532800 0.6532800 0.3826884
vn 0.8231943 0.4193971 0.3826974
vn 0.2705946 0.2705945 0.9238816
vn 0.3409925 0.1736961 0.9238798
vn 0.6532800 0.6532800 0.3826884
vn 0.8231943 0.4193971 0.3826974
vn 0.0000000 0.0000001 -1.0000000
vn 0.3409925 0.1736963 -0.9238797
vn 0.3779880 0.0598982 -0.9238708
vn 0.0000000 -0.0000001 1.0000000
vn 0.8231943 0.4193972 -0.3826973
vn 0.9125019 0.1445004 -0.3827008
vn 0.3409925 0.1736963 -0.9238797
vn 0.3779880 0.0598982 -0.9238708
vn 0.8231943 0.4193972 -0.3826973
vn 0.9125019 0.1445004 -0.3827008
vn 0.0000000 -0.0000001 1.0000000
vn 0.3409925 0.1736961 0.9238798
vn 0.3779880 0.0598980 0.9238708
vn 0.0000000 -0.0000001 1.0000000
vn 0.8231943 0.4193971 0.3826974
vn 0.9125019 0.1445003 0.3827009
vn 0.3409925 0.1736961 0.9238798
vn 0.3779880 0.0598980 0.9238708
vn 0.8231943 0.4193971 0.3826974
vn 0.9125019 0.1445003 0.3827009
vn 0.0000000 0.0000001 -1.0000000
vn 0.3779880 -0.0598980 -0.9238708
vn 0.3779880 0.0598982 -0.9238708
vn 0.0000000 -0.0000001 1.0000000
vn 0.9125019 -0.1445003 -0.3827009
vn 0.9125019 0.1445004 -0.3827008
vn 0.3779880 -0.0598980 -0.9238708
vn 0.3779880 0.0598982 -0.9238708
vn 0.9125019 -0.1445003 -0.3827009
vn 0.9125019 0.1445004 -0.3827008
vn 0.0000000 -0.0000001 1.0000000
vn 0.3779880 -0.0598982 0.9238708
vn 0.3779880 0.0598980 0.9238708
vn 0.0000000 -0.0000001 1.0000000
vn 0.9125019 -0.1445004 0.3827008
vn 0.9125019 0.1445003 0.3827009
vn 0.3779880 -0.0598982 0.9238708
vn 0.3779880 0.0598980 0.9238708
vn 0.9125019 -0.1445004 0.3827008
vn 0.9125019 0.1445003 0.3827009
vn 0.0000000 0.0000001 -1.0000000
vn 0.3409925 -0.1736961 -0.9238798
vn 0.3779880 -0.0598980 -0.9238708
vn 0.0000000 -0.0000001 1.0000000
vn 0.8231943 -0.4193971 -0.3826974
vn 0.9125019 -0.1445003 -0.3827009
vn 0.3409925 -0.1736961 -0.9238798
vn 0.3779880 -0.0598980 -0.9238708
vn 0.8231943 -0.4193971 -0.3826974
vn 0.9125019 -0.1445003 -0.3827009
vn 0.0000000 -0.0000001 1.0000000
vn 0.3409925 -0.1736963 0.9238797
vn 0.3779880 -0.0598982 0.9238708
vn 0.0000000 -0.0000001 1.0000000
vn 0.8231943 -0.4193972 0.3826973
vn 0.9125019 -0.1445004 0.3827008
vn 0.3409925 -0.1736963 0.9238797
vn 0.3779880 -0.0598982 0.9238708
vn 0.8231943 -0.4193972 0.3826973
vn 0.9125019 -0.1445004 0.3827008
vn 0.0000000 0.0000001 -1.0000000
vn 0.2705946 -0.2705945 -0.9238816
vn 0.3409925 -0.1736961 -0.9238798
vn 0.0000000 -0.0000001 1.0000000
vn 0.6532800 -0.6532800 -0.3826884
vn 0.8231943 -0.4193971 -0.3826974
vn 0.2705946 -0.2705945 -0.9238816
vn 0.3409925 -0.1736961 -0.9238798
vn 0.6532800 -0.6532800 -0.3826884
vn 0.8231943 -0.4193971 -0.3826974
vn 0.0000000 -0.0000001 1.0000000
vn 0.2705946 -0.2705947 0.9238815
vn 0.3409925 -0.1736963 0.9238797
vn 0.0000000 -0.0000001 1.0000000
vn 0.6532800 -0.6532801 0.3826882
vn 0.8231943 -0.4193972 0.3826973
vn 0.2705946 -0.2705947 0.9238815
vn 0.3409925 -0.1736963 0.9238797
vn 0.6532800 -0.6532801 0.3826882
vn 0.8231943 -0.4193972 0.3826973
vn 0.0000000 0.0000001 -1.0000000
vn 0.1736962 -0.3409924 -0.9238798
vn 0.2705946 -0.2705945 -0.9238816
vn 0.0000000 -0.0000001 1.0000000
vn 0.4193970 -0.8231943 -0.3826974
vn 0.6532800 -0.6532800 -0.3826884
vn 0.1736962 -0.3409924 -0.9238798
vn 0.2705946 -0.2705945 -0.9238816
vn 0.4193970 -0.8231943 -0.3826974
vn 0.6532800 -0.6532800 -0.3826884
vn 0.0000000 -0.0000001 1.0000000
vn 0.1736962 -0.3409926 0.9238797
vn 0.2705946 -0.2705947 0.9238815
vn 0.0000000 -0.0000001 1.0000000
vn 0.4193970 -0.8231944 0.3826972
vn 0.6532800 -0.6532801 0.3826882
vn 0.1736962 -0.3409926 0.9238797
vn 0.2705946 -0.2705947 0.9238815
vn 0.4193970 -0.8231944 0.3826972
vn 0.6532800 -0.6532801 0.3826882
vn 0.0000000 0.0000001 -1.0000000
vn 0.0598981 -0.3779879 -0.9238709
vn 0.1736962 -0.3409924 -0.9238798
vn 0.0000000 -0.0000001 1.0000000
vn 0.1445003 -0.9125019 -0.3827009
vn 0.4193970 -0.8231943 -0.3826974
vn 0.0598981 -0.3779879 -0.9238709
vn 0.1445003 -0.9125019 -0.3827009
vn 0.1736962 -0.3409924 -0.9238798
vn 0.4193970 -0.8231943 -0.3826974
vn 0.0000000 -0.0000001 1.0000000
vn 0.0598981 -0.3779882 0.9238708
vn 0.1736962 -0.3409926 0.9238797
vn 0.0000000 -0.0000001 1.0000000
vn 0.1445003 -0.9125020 0.3827007
vn 0.4193970 -0.8231944 0.3826972
vn 0.0598981 -0.3779882 0.9238708
vn 0.1445003 -0.9125020 0.3827007
vn 0.1736962 -0.3409926 0.9238797
vn 0.4193970 -0.8231944 0.3826972
vn 0.0000000 0.0000001 -1.0000000
vn 0.0598981 -0.3779879 -0.9238709
vn -0.0598981 -0.3779879 -0.9238709
vn 0.0000000 -0.0000001 1.0000000
vn 0.1445003 -0.9125019 -0.3827009
vn -0.1445003 -0.9125019 -0.3827009
vn 0.0598981 -0.3779879 -0.9238709
vn 0.1445003 -0.9125019 -0.3827009
vn -0.0598981 -0.3779879 -0.9238709
vn -0.1445003 -0.9125019 -0.3827009
vn 0.0000000 -0.0000001 1.0000000
vn 0.0598981 -0.3779882 0.9238708
vn -0.0598981 -0.3779882 0.9238708
vn 0.0000000 -0.0000001 1.0000000
vn 0.1445003 -0.9125020 0.3827007
vn -0.1445003 -0.9125020 0.3827007
vn 0.0598981 -0.3779882 0.9238708
vn 0.1445003 -0.9125020 0.3827007
vn -0.0598981 -0.3779882 0.9238708
vn -0.1445003 -0.9125020 0.3827007
vn 0.0000000 0.0000001 -1.0000000
vn -0.0598981 -0.3779879 -0.9238709
vn -0.1736962 -0.3409924 -0.9238798
vn 0.0000000 -0.0000001 1.0000000
vn -0.1445003 -0.9125019 -0.3827009
vn -0.4193970 -0.8231943 -0.3826974
vn -0.0598981 -0.3779879 -0.9238709
vn -0.1445003 -0.9125019 -0.3827009
vn -0.1736962 -0.3409924 -0.9238798
vn -0.4193970 -0.8231943 -0.3826974
vn 0.0000000 -0.0000001 1.0000000
vn -0.0598981 -0.3779882 0.9238708
vn -0.1736962 -0.3409926 0.9238797
vn 0.0000000 -0.0000001 1.0000000
vn -0.1445003 -0.9125020 0.3827007
vn -0.4193970 -0.8231944 0.3826972
vn -0.0598981 -0.3779882 0.9238708
vn -0.1445003 -0.9125020 0.3827007
vn -0.1736962 -0.3409926 0.9238797
vn -0.4193970 -0.8231944 0.3826972
vn 0.0000000 0.0000001 -1.0000000
vn -0.1736962 -0.3409924 -0.9238798
vn -0.2705946 -0.2705945 -0.9238816
vn 0.0000000 -0.0000001 1.0000000
vn -0.4193970 -0.8231943 -0.3826974
vn -0.6532800 -0.6532800 -0.3826884
vn -0.1736962 -0.3409924 -0.9238798
vn -0.2705946 -0.2705945 -0.9238816
vn -0.4193970 -0.8231943 -0.3826974
vn -0.6532800 -0.6532800 -0.3826884
vn 0.0000000 -0.0000001 1.0000000
vn -0.1736962 -0.3409926 0.9238797
vn -0.2705946 -0.2705947 0.9238815
vn 0.0000000 -0.0000001 1.0000000
vn -0.4193970 -0.8231944 0.3826972
vn -0.6532800 -0.6532801 0.3826882
vn -0.1736962 -0.3409926 0.9238797
vn -0.2705946 -0.2705947 0.9238815
vn -0.4193970 -0.8231944 0.3826972
vn -0.6532800 -0.6532801 0.3826882
vn 0.0000000 0.0000001 -1.0000000
vn -0.2705946 -0.2705945 -0.9238816
vn -0.3409925 -0.1736961 -0.9238798
vn 0.0000000 -0.0000001 1.0000000
vn -0.6532800 -0.6532800 -0.3826884
vn -0.8231943 -0.4193971 -0.3826974
vn -0.2705946 -0.2705945 -0.9238816
vn -0.3409925 -0.1736961 -0.9238798
vn -0.6532800 -0.6532800 -0.3826884
vn -0.8231943 -0.4193971 -0.3826974
vn 0.0000000 -0.0000001 1.0000000
vn -0.2705946 -0.2705947 0.9238815
vn -0.3409925 -0.1736963 0.9238797
vn 0.0000000 -0.0000001 1.0000000
vn -0.6532800 -0.6532801 0.3826882
vn -0.8231943 -0.4193972 0.3826973
vn -0.2705946 -0.2705947 0.9238815
vn -0.3409925 -0.1736963 0.9238797
vn -0.6532800 -0.6532801 0.3826882
vn -0.8231943 -0.4193972 0.3826973
vn 0.0000000 0.0000001 -1.0000000
vn -0.3409925 -0.1736961 -0.9238798
vn -0.3779880 -0.0598980 -0.9238708
vn 0.0000000 -0.0000001 1.0000000
vn -0.8231943 -0.4193971 -0.3826974
vn -0.9125019 -0.1445003 -0.3827009
vn -0.3409925 -0.1736961 -0.9238798
vn -0.3779880 -0.0598980 -0.9238708
vn -0.8231943 -0.4193971 -0.3826974
vn -0.9125019 -0.1445003 -0.3827009
vn 0.0000000 -0.0000001 1.0000000
vn -0.3409925 -0.1736963 0.9238797
vn -0.3779880 -0.0598982 0.9238708
vn 0.0000000 -0.0000001 1.0000000
vn -0.8231943 -0.4193972 0.3826973
vn -0.9125019 -0.1445004 0.3827008
vn -0.3409925 -0.1736963 0.9238797
vn -0.3779880 -0.0598982 0.9238708
vn -0.8231943 -0.4193972 0.3826973
vn -0.9125019 -0.1445004 0.3827008
vn 0.0000000 0.0000001 -1.0000000
vn -0.3779880 -0.0598980 -0.9238708
vn -0.3779880 0.0598982 -0.9238708
vn 0.0000000 -0.0000001 1.0000000
vn -0.9125019 -0.1445003 -0.3827009
vn -0.9125019 0.1445004 -0.3827008
vn -0.3779880 -0.0598980 -0.9238708
vn -0.3779880 0.0598982 -0.9238708
vn -0.9125019 -0.1445003 -0.3827009
vn -0.9125019 0.1445004 -0.3827008
vn 0.0000000 -0.0000001 1.0000000
vn -0.3779880 -0.0598982 0.9238708
vn -0.3779880 0.0598980 0.9238708
vn 0.0000000 -0.0000001 1.0000000
vn -0.9125019 -0.1445004 0.3827008
vn -0.9125019 0.1445003 0.3827009
vn -0.3779880 -0.0598982 0.9238708
vn -0.3779880 0.0598980 0.9238708
vn -0.9125019 -0.1445004 0.3827008
vn -0.9125019 0.1445003 0.3827009
vn 0.0000000 0.0000001 -1.0000000
vn -0.3409925 0.1736963 -0.9238797
vn -0.3779880 0.0598982 -0.9238708
vn 0.0000000 -0.0000001 1.0000000
vn -0.8231943 0.4193972 -0.3826973
vn -0.9125019 0.1445004 -0.3827008
vn -0.3409925 0.1736963 -0.9238797
vn -0.3779880 0.0598982 -0.9238708
vn -0.8231943 0.4193972 -0.3826973
vn -0.9125019 0.1445004 -0.3827008
vn 0.0000000 -0.0000001 1.0000000
vn -0.3409925 0.1736961 0.9238798
vn -0.3779880 0.0598980 0.9238708
vn 0.0000000 -0.0000001 1.0000000
vn -0.8231943 0.4193971 0.3826974
vn -0.9125019 0.1445003 0.3827009
vn -0.3409925 0.1736961 0.9238798
vn -0.3779880 0.0598980 0.9238708
vn -0.8231943 0.4193971 0.3826974
vn -0.9125019 0.1445003 0.3827009
vn 0.0000000 0.0000001 -1.0000000
vn -0.2705946 0.2705947 -0.9238815
vn -0.3409925 0.1736963 -0.9238797
vn 0.0000000 -0.0000001 1.0000000
vn -0.6532800 0.6532801 -0.3826882
vn -0.8231943 0.4193972 -0.3826973
vn -0.2705946 0.2705947 -0.9238815
vn -0.3409925 0.1736963 -0.9238797
vn -0.6532800 0.6532801 -0.3826882
vn -0.8231943 0.4193972 -0.3826973
vn 0.0000000 -0.0000001 1.0000000
vn -0.2705946 0.2705945 0.9238816
vn -0.3409925 0.1736961 0.9238798
vn 0.0000000 -0.0000001 1.0000000
vn -0.6532800 0.6532800 0.3826884
vn -0.8231943 0.4193971 0.3826974
vn -0.2705946 0.2705945 0.9238816
vn -0.3409925 0.1736961 0.9238798
vn -0.6532800 0.6532800 0.3826884
vn -0.8231943 0.4193971 0.3826974
vn 0.0000000 0.0000001 -1.0000000
vn -0.1736962 0.3409926 -0.9238797
vn -0.2705946 0.2705947 -0.9238815
vn 0.0000000 -0.0000001 1.0000000
vn -0.4193970 0.8231944 -0.3826972
vn -0.6532800 0.6532801 -0.3826882
vn -0.1736962 0.3409926 -0.9238797
vn -0.2705946 0.2705947 -0.9238815
vn -0.4193970 0.8231944 -0.3826972
vn -0.6532800 0.6532801 -0.3826882
vn 0.0000000 -0.0000001 1.0000000
vn -0.1736962 0.3409924 0.9238798
vn -0.2705946 0.2705945 0.9238816
vn 0.0000000 -0.0000001 1.0000000
vn -0.4193970 0.8231943 0.3826974
vn -0.6532800 0.6532800 0.3826884
vn -0.1736962 0.3409924 0.9238798
vn -0.2705946 0.2705945 0.9238816
vn -0.4193970 0.8231943 0.3826974
vn -0.6532800 0.6532800 0.3826884
vn 0.0000000 0.0000001 -1.0000000
vn -0.0598981 0.3779882 -0.9238708
vn -0.1736962 0.3409926 -0.9238797
vn 0.0000000 -0.0000001 1.0000000
vn -0.1445003 0.9125020 -0.3827007
vn -0.4193970 0.8231944 -0.3826972
vn -0.0598981 0.3779882 -0.9238708
vn -0.1445003 0.9125020 -0.3827007
vn -0.1736962 0.3409926 -0.9238797
vn -0.4193970 0.8231944 -0.3826972
vn 0.0000000 -0.0000001 1.0000000
vn -0.0598981 0.3779879 0.9238709
vn -0.1736962 0.3409924 0.9238798
vn 0.0000000 -0.0000001 1.0000000
vn -0.1445003 0.9125019 0.3827009
vn -0.4193970 0.8231943 0.3826974
vn -0.0598981 0.3779879 0.9238709
vn -0.1445003 0.9125019 0.3827009
vn -0.1736962 0.3409924 0.9238798
vn -0.4193970 0.8231943 0.3826974
f 2786/2786/2786 2796/2796/2796 2416/2416/2416
f 2786/2786/2786 2416/2416/2416 2405/2405/2405
f 2446/2446/2446 2456/2456/2456 2476/2476/2476
f 2446/2446/2446 2476/2476/2476 2466/2466/2466
f 2466/2466/2466 2476/2476/2476 2496/2496/2496
f 2466/2466/2466 2496/2496/2496 2486/2486/2486
f 2486/2486/2486 2496/2496/2496 2516/2516/2516
f 2486/2486/2486 2516/2516/2516 2506/2506/2506
f 2506/2506/2506 2516/2516/2516 2536/2536/2536
f 2506/2506/2506 2536/2536/2536 2526/2526/2526
f 2526/2526/2526 2536/2536/2536 2556/2556/2556
f 2526/2526/2526 2556/2556/2556 2546/2546/2546
f 2546/2546/2546 2556/2556/2556 2576/2576/2576
f 2546/2546/2546 2576/2576/2576 2566/2566/2566
f 2566/2566/2566 2576/2576/2576 2596/2596/2596
f 2566/2566/2566 2596/2596/2596 2586/2586/2586
f 2586/2586/2586 2596/2596/2596 2616/2616/2616
f 2586/2586/2586 2616/2616/2616 2606/2606/2606
f 2606/2606/2606 2616/2616/2616 2636/2636/2636
f 2606/2606/2606 2636/2636/2636 2626/2626/2626
f 2626/2626/2626 2636/2636/2636 2656/2656/2656
f 2626/2626/2626 2656/2656/2656 2646/2646/2646
f 2646/2646/2646 2656/2656/2656 2676/2676/2676
f 2646/2646/2646 2676/2676/2676 2666/2666/2666
f 2666/2666/2666 2676/2676/2676 2696/2696/2696
f 2666/2666/2666 2696/2696/2696 2686/2686/2686
f 2686/2686/2686 2696/2696/2696 2716/2716/2716
f 2686/2686/2686 2716/2716/2716 2706/2706/2706
f 2706/2706/2706 2716/2716/2716 2736/2736/2736
f 2706/2706/2706 2736/2736/2736 2726/2726/2726
f 2726/2726/2726 2736/2736/2736 2756/2756/2756
f 2726/2726/2726 2756/2756/2756 2746/2746/2746
f 2746/2746/2746 2756/2756/2756 2776/2776/2776
f 2746/2746/2746 2776/2776/2776 2766/2766/2766
f 2766/2766/2766 2776/2776/2776 2796/2796/2796
f 2766/2766/2766 2796/2796/2796 2786/2786/2786
f 2426/2426/2426 2436/2436/2436 2456/2456/2456
f 2426/2426/2426 2456/2456/2456 2446/2446/2446
f 2453/2453/2453 2433/2433/2433 2412/2412/2412
f 2412/2412/2412 2793/2793/2793 2773/2773/2773
f 2773/2773/2773 2753/2753/2753 2733/2733/2733
f 2733/2733/2733 2713/2713/2713 2693/2693/2693
f 2693/2693/2693 2673/2673/2673 2653/2653/2653
f 2653/2653/2653 2633/2633/2633 2613/2613/2613
f 2613/2613/2613 2593/2593/2593 2573/2573/2573
f 2573/2573/2573 2553/2553/2553 2533/2533/2533
f 2533/2533/2533 2513/2513/2513 2493/2493/2493
f 2493/2493/2493 2473/2473/2473 2453/2453/2453
f 2453/2453/2453 2412/2412/2412 2773/2773/2773
f 2773/2773/2773 2733/2733/2733 2693/2693/2693
f 2693/2693/2693 2653/2653/2653 2613/2613/2613
f 2613/2613/2613 2573/2573/2573 2533/2533/2533
f 2533/2533/2533 2493/2493/2493 2453/2453/2453
f 2453/2453/2453 2773/2773/2773 2693/2693/2693
f 2693/2693/2693 2613/2613/2613 2533/2533/2533
f 2693/2693/2693 2533/2533/2533 2453/2453/2453
f 2404/2404/2404 2415/2415/2415 2436/2436/2436
f 2404/2404/2404 2436/2436/2436 2426/2426/2426
f 2406/2406/2406 2427/2427/2427 2430/2430/2430
f 2406/2406/2406 2430/2430/2430 2409/2409/2409
f 2408/2408/2408 2429/2429/2429 2424/2424/2424
f 2408/2408/2408 2424/2424/2424 2402/2402/2402
f 2437/2437/2437 2417/2417/2417 2420/2420/2420
f 2437/2437/2437 2420/2420/2420 2440/2440/2440
f 2439/2439/2439 2419/2419/2419 2413/2413/2413
f 2439/2439/2439 2413/2413/2413 2434/2434/2434
f 2428/2428/2428 2447/2447/2447 2451/2451/2451
f 2428/2428/2428 2451/2451/2451 2432/2432/2432
f 2431/2431/2431 2449/2449/2449 2444/2444/2444
f 2431/2431/2431 2444/2444/2444 2425/2425/2425
f 2457/2457/2457 2438/2438/2438 2442/2442/2442
f 2457/2457/2457 2442/2442/2442 2461/2461/2461
f 2459/2459/2459 2441/2441/2441 2435/2435/2435
f 2459/2459/2459 2435/2435/2435 2454/2454/2454
f 2448/2448/2448 2467/2467/2467 2471/2471/2471
f 2448/2448/2448 2471/2471/2471 2452/2452/2452
f 2450/2450/2450 2469/2469/2469 2464/2464/2464
f 2450/2450/2450 2464/2464/2464 2445/2445/2445
f 2477/2477/2477 2458/2458/2458 2462/2462/2462
f 2477/2477/2477 2462/2462/2462 2481/2481/2481
f 2479/2479/2479 2460/2460/2460 2455/2455/2455
f 2479/2479/2479 2455/2455/2455 2474/2474/2474
f 2468/2468/2468 2487/2487/2487 2491/2491/2491
f 2468/2468/2468 2491/2491/2491 2472/2472/2472
f 2470/2470/2470 2489/2489/2489 2484/2484/2484
f 2470/2470/2470 2484/2484/2484 2465/2465/2465
f 2497/2497/2497 2478/2478/2478 2482/2482/2482
f 2497/2497/2497 2482/2482/2482 2501/2501/2501
f 2499/2499/2499 2480/2480/2480 2475/2475/2475
f 2499/2499/2499 2475/2475/2475 2494/2494/2494
f 2488/2488/2488 2508/2508/2508 2512/2512/2512
f 2488/2488/2488 2512/2512/2512 2492/2492/2492
f 2490/2490/2490 2510/2510/2510 2505/2505/2505
f 2490/2490/2490 2505/2505/2505 2485/2485/2485
f 2518/2518/2518 2498/2498/2498 2502/2502/2502
f 2518/2518/2518 2502/2502/2502 2522/2522/2522
f 2520/2520/2520 2500/2500/2500 2495/2495/2495
f 2520/2520/2520 2495/2495/2495 2515/2515/2515
f 2507/2507/2507 2528/2528/2528 2532/2532/2532
f 2507/2507/2507 2532/2532/2532 2511/2511/2511
f 2509/2509/2509 2530/2530/2530 2525/2525/2525
f 2509/2509/2509 2525/2525/2525 2504/2504/2504
f 2538/2538/2538 2517/2517/2517 2521/2521/2521
f 2538/2538/2538 2521/2521/2521 2542/2542/2542
f 2540/2540/2540 2519/2519/2519 2514/2514/2514
f 2540/2540/2540 2514/2514/2514 2535/2535/2535
f 2527/2527/2527 2548/2548/2548 2552/2552/2552
f 2527/2527/2527 2552/2552/2552 2531/2531/2531
f 2529/2529/2529 2550/2550/2550 2545/2545/2545
f 2529/2529/2529 2545/2545/2545 2524/2524/2524
f 2558/2558/2558 2537/2537/2537 2541/2541/2541
f 2558/2558/2558 2541/2541/2541 2562/2562/2562
f 2560/2560/2560 2539/2539/2539 2534/2534/2534
f 2560/2560/2560 2534/2534/2534 2555/2555/2555
f 2547/2547/2547 2568/2568/2568 2572/2572/2572
f 2547/2547/2547 2572/2572/2572 2551/2551/2551
f 2549/2549/2549 2570/2570/2570 2565/2565/2565
f 2549/2549/2549 2565/2565/2565 2544/2544/2544
f 2578/2578/2578 2557/2557/2557 2561/2561/2561
f 2578/2578/2578 2561/2561/2561 2582/2582/2582
f 2580/2580/2580 2559/2559/2559 2554/2554/2554
f 2580/2580/2580 2554/2554/2554 2575/2575/2575
f 2567/2567/2567 2588/2588/2588 2592/2592/2592
f 2567/2567/2567 2592/2592/2592 2571/2571/2571
f 2569/2569/2569 2591/2591/2591 2585/2585/2585
f 2569/2569/2569 2585/2585/2585 2564/2564/2564
f 2598/2598/2598 2577/2577/2577 2581/2581/2581
f 2598/2598/2598 2581/2581/2581 2602/2602/2602
f 2601/2601/2601 2579/2579/2579 2574/2574/2574
f 2601/2601/2601 2574/2574/2574 2595/2595/2595
f 2587/2587/2587 2607/2607/2607 2610/2610/2610
f 2587/2587/2587 2610/2610/2610 2590/2590/2590
f 2589/2589/2589 2609/2609/2609 2604/2604/2604
f 2589/2589/2589 2604/2604/2604 2584/2584/2584
f 2617/2617/2617 2597/2597/2597 2600/2600/2600
f 2617/2617/2617 2600/2600/2600 2620/2620/2620
f 2619/2619/2619 2599/2599/2599 2594/2594/2594
f 2619/2619/2619 2594/2594/2594 2614/2614/2614
f 2608/2608/2608 2627/2627/2627 2630/2630/2630
f 2608/2608/2608 2630/2630/2630 2612/2612/2612
f 2611/2611/2611 2629/2629/2629 2624/2624/2624
f 2611/2611/2611 2624/2624/2624 2605/2605/2605
f 2637/2637/2637 2618/2618/2618 2622/2622/2622
f 2637/2637/2637 2622/2622/2622 2640/2640/2640
f 2639/2639/2639 2621/2621/2621 2615/2615/2615
f 2639/2639/2639 2615/2615/2615 2634/2634/2634
f 2628/2628/2628 2647/2647/2647 2651/2651/2651
f 2628/2628/2628 2651/2651/2651 2632/2632/2632
f 2631/2631/2631 2649/2649/2649 2644/2644/2644
f 2631/2631/2631 2644/2644/2644 2625/2625/2625
f 2657/2657/2657 2638/2638/2638 2642/2642/2642
f 2657/2657/2657 2642/2642/2642 2661/2661/2661
f 2659/2659/2659 2641/2641/2641 2635/2635/2635
f 2659/2659/2659 2635/2635/2635 2654/2654/2654
f 2648/2648/2648 2667/2667/2667 2671/2671/2671
f 2648/2648/2648 2671/2671/2671 2652/2652/2652
f 2650/2650/2650 2669/2669/2669 2664/2664/2664
f 2650/2650/2650 2664/2664/2664 2645/2645/2645
f 2677/2677/2677 2658/2658/2658 2662/2662/2662
f 2677/2677/2677 2662/2662/2662 2681/2681/2681
f 2679/2679/2679 2660/2660/2660 2655/2655/2655
f 2679/2679/2679 2655/2655/2655 2674/2674/2674
f 2668/2668/2668 2687/2687/2687 2691/2691/2691
f 2668/2668/2668 2691/2691/2691 2672/2672/2672
f 2670/2670/2670 2689/2689/2689 2684/2684/2684
f 2670/2670/2670 2684/2684/2684 2665/2665/2665
f 2697/2697/2697 2678/2678/2678 2682/2682/2682
f 2697/2697/2697 2682/2682/2682 2701/2701/2701
f 2699/2699/2699 2680/2680/2680 2675/2675/2675
f 2699/2699/2699 2675/2675/2675 2694/2694/2694
f 2688/2688/2688 2707/2707/2707 2711/2711/2711
f 2688/2688/2688 2711/2711/2711 2692/2692/2692
f 2690/2690/2690 2709/2709/2709 2704/2704/2704
f 2690/2690/2690 2704/2704/2704 2685/2685/2685
f 2717/2717/2717 2698/2698/2698 2702/2702/2702
f 2717/2717/2717 2702/2702/2702 2721/2721/2721
f 2719/2719/2719 2700/2700/2700 2695/2695/2695
f 2719/2719/2719 2695/2695/2695 2714/2714/2714
f 2708/2708/2708 2728/2728/2728 2732/2732/2732
f 2708/2708/2708 2732/2732/2732 2712/2712/2712
f 2710/2710/2710 2730/2730/2730 2725/2725/2725
f 2710/2710/2710 2725/2725/2725 2705/2705/2705
f 2738/2738/2738 2718/2718/2718 2722/2722/2722
f 2738/2738/2738 2722/2722/2722 2742/2742/2742
f 2740/2740/2740 2720/2720/2720 2715/2715/2715
f 2740/2740/2740 2715/2715/2715 2735/2735/2735
f 2727/2727/2727 2748/2748/2748 2752/2752/2752
f 2727/2727/2727 2752/2752/2752 2731/2731/2731
f 2729/2729/2729 2750/2750/2750 2745/2745/2745
f 2729/2729/2729 2745/2745/2745 2724/2724/2724
f 2758/2758/2758 2737/2737/2737 2741/2741/2741
f 2758/2758/2758 2741/2741/2741 2762/2762/2762
f 2760/2760/2760 2739/2739/2739 2734/2734/2734
f 2760/2760/2760 2734/2734/2734 2755/2755/2755
f 2747/2747/2747 2768/2768/2768 2772/2772/2772
f 2747/2747/2747 2772/2772/2772 2751/2751/2751
f 2749/2749/2749 2770/2770/2770 2765/2765/2765
f 2749/2749/2749 2765/2765/2765 2744/2744/2744
f 2778/2778/2778 2757/2757/2757 2761/2761/2761
f 2778/2778/2778 2761/2761/2761 2782/2782/2782
f 2780/2780/2780 2759/2759/2759 2754/2754/2754
f 2780/2780/2780 2754/2754/2754 2775/2775/2775
f 2767/2767/2767 2788/2788/2788 2792/2792/2792
f 2767/2767/2767 2792/2792/2792 2771/2771/2771
f 2769/2769/2769 2791/2791/2791 2785/2785/2785
f 2769/2769/2769 2785/2785/2785 2764/2764/2764
f 2798/2798/2798 2777/2777/2777 2781/2781/2781
f 2798/2798/2798 2781/2781/2781 2802/2802/2802
f 2801/2801/2801 2779/2779/2779 2774/2774/2774
f 2801/2801/2801 2774/2774/2774 2795/2795/2795
f 2787/2787/2787 2407/2407/2407 2411/2411/2411
f 2787/2787/2787 2411/2411/2411 2790/2790/2790
f 2789/2789/2789 2410/2410/2410 2403/2403/2403
f 2789/2789/2789 2403/2403/2403 2784/2784/2784
f 2418/2418/2418 2797/2797/2797 2800/2800/2800
f 2418/2418/2418 2800/2800/2800 2422/2422/2422
f 2421/2421/2421 2799/2799/2799 2794/2794/2794
f 2421/2421/2421 2794/2794/2794 2414/2414/2414
f 2783/2783/2783 2401/2401/2401 2423/2423/2423
f 2423/2423/2423 2443/2443/2443 2463/2463/2463
f 2463/2463/2463 2483/2483/2483 2503/2503/2503
f 2503/2503/2503 2523/2523/2523 2543/2543/2543
f 2543/2543/2543 2563/2563/2563 2583/2583/2583
f 2583/2583/2583 2603/2603/2603 2623/2623/2623
f 2623/2623/2623 2643/2643/2643 2663/2663/2663
f 2663/2663/2663 2683/2683/2683 2703/2703/2703
f 2703/2703/2703 2723/2723/2723 2743/2743/2743
f 2743/2743/2743 2763/2763/2763 2783/2783/2783
f 2783/2783/2783 2423/2423/2423 2463/2463/2463
f 2463/2463/2463 2503/2503/2503 2543/2543/2543
f 2543/2543/2543 2583/2583/2583 2623/2623/2623
f 2623/2623/2623 2663/2663/2663 2703/2703/2703
f 2703/2703/2703 2743/2743/2743 2783/2783/2783
f 2783/2783/2783 2463/2463/2463 2543/2543/2543
f 2543/2543/2543 2623/2623/2623 2703/2703/2703
f 2543/2543/2543 2703/2703/2703 2783/2783/2783
o Pistol_grip.002_0
usemtl Polymer_Black
v -0.0336000 -0.3114543 0.0539924
v -0.0336000 -0.3114543 0.0539924
v -0.0336000 -0.3114543 0.0539924
v -0.0336000 -0.3114543 0.0539924
v -0.0336000 -0.2793435 0.0730402
v -0.0336000 -0.2793435 0.0730402
v -0.0336000 -0.2793435 0.0730402
v -0.0336000 -0.2793435 0.0730402
v -0.0600000 -0.2858750 0.0474609
v -0.0600000 -0.2858750 0.0474609
v -0.0600000 -0.2858750 0.0474609
v -0.0600000 -0.2858750 0.0474609
v -0.0336000 -0.2993438 0.0701667
v -0.0336000 -0.2993438 0.0701667
v -0.0336000 -0.2993438 0.0701667
v -0.0336000 -0.2993438 0.0701667
v -0.0488420 -0.2968722 0.0660001
v -0.0488420 -0.2968722 0.0660001
v -0.0488420 -0.2968722 0.0660001
v -0.0522676 -0.2812565 0.0655482
v -0.0522676 -0.2812565 0.0655482
v -0.0522676 -0.2812565 0.0655482
v -0.0522676 -0.2812565 0.0655482
v -0.0522676 -0.3039622 0.0520794
v -0.0522676 -0.3039622 0.0520794
v -0.0522676 -0.3039622 0.0520794
v -0.0522676 -0.3039622 0.0520794
v -0.0336000 -0.0010719 0.0019858
v -0.0336000 -0.0010719 0.0019858
v -0.0336000 -0.0010719 0.0019858
v -0.0336000 -0.0010719 0.0019858
v -0.0336000 0.0179760 -0.0301250
v -0.0336000 0.0179760 -0.0301250
v -0.0336000 0.0179760 -0.0301250
v -0.0336000 0.0179760 -0.0301250
v -0.0600000 -0.0076033 -0.0235935
v -0.0600000 -0.0076033 -0.0235935
v -0.0600000 -0.0076033 -0.0235935
v -0.0600000 -0.0076033 -0.0235935
v -0.0336000 0.0151024 -0.0101247
v -0.0336000 0.0151024 -0.0101247
v -0.0336000 0.0151024 -0.0101247
v -0.0336000 0.0151024 -0.0101247
v -0.0488420 0.0109358 -0.0125962
v -0.0488420 0.0109358 -0.0125962
v -0.0488420 0.0109358 -0.0125962
v -0.0522676 0.0104840 -0.0282120
v -0.0522676 0.0104840 -0.0282120
v -0.0522676 0.0104840 -0.0282120
v -0.0522676 0.0104840 -0.0282120
v -0.0522676 -0.0029849 -0.0055062
v -0.0522676 -0.0029849 -0.0055062
v -0.0522676 -0.0029849 -0.0055062
v -0.0522676 -0.0029849 -0.0055062
v -0.0336000 -0.3379760 -0.0498750
v -0.0336000 -0.3379760 -0.0498750
v -0.0336000 -0.3379760 -0.0498750
v -0.0336000 -0.3379760 -0.0498750
v -0.0600000 -0.3123967 -0.0564065
v -0.0600000 -0.3123967 -0.0564065
v -0.0600000 -0.3123967 -0.0564065
v -0.0600000 -0.3123967 -0.0564065
v -0.0336000 -0.3189281 -0.0819858
v -0.0336000 -0.3189281 -0.0819858
v -0.0336000 -0.3189281 -0.0819858
v -0.0336000 -0.3189281 -0.0819858
v -0.0522676 -0.3304840 -0.0517880
v -0.0522676 -0.3304840 -0.0517880
v -0.0522676 -0.3304840 -0.0517880
v -0.0522676 -0.3304840 -0.0517880
v -0.0488420 -0.3309358 -0.0674037
v -0.0488420 -0.3309358 -0.0674037
v -0.0488420 -0.3309358 -0.0674037
v -0.0522676 -0.3170151 -0.0744938
v -0.0522676 -0.3170151 -0.0744938
v -0.0522676 -0.3170151 -0.0744938
v -0.0522676 -0.3170151 -0.0744938
v -0.0336000 -0.3351024 -0.0698753
v -0.0336000 -0.3351024 -0.0698753
v -0.0336000 -0.3351024 -0.0698753
v -0.0336000 -0.3351024 -0.0698753
v -0.0336000 -0.0085457 -0.1339924
v -0.0336000 -0.0085457 -0.1339924
v -0.0336000 -0.0085457 -0.1339924
v -0.0336000 -0.0085457 -0.1339924
v -0.0336000 -0.0406565 -0.1530402
v -0.0336000 -0.0406565 -0.1530402
v -0.0336000 -0.0406565 -0.1530402
v -0.0336000 -0.0406565 -0.1530402
v -0.0600000 -0.0341250 -0.1274609
v -0.0600000 -0.0341250 -0.1274609
v -0.0600000 -0.0341250 -0.1274609
v -0.0600000 -0.0341250 -0.1274609
v -0.0336000 -0.0206562 -0.1501667
v -0.0336000 -0.0206562 -0.1501667
v -0.0336000 -0.0206562 -0.1501667
v -0.0336000 -0.0206562 -0.1501667
v -0.0488420 -0.0231278 -0.1460001
v -0.0488420 -0.0231278 -0.1460001
v -0.0488420 -0.0231278 -0.1460001
v -0.0522676 -0.0387435 -0.1455482
v -0.0522676 -0.0387435 -0.1455482
v -0.0522676 -0.0387435 -0.1455482
v -0.0522676 -0.0387435 -0.1455482
v -0.0522676 -0.0160378 -0.1320794
v -0.0522676 -0.0160378 -0.1320794
v -0.0522676 -0.0160378 -0.1320794
v -0.0522676 -0.0160378 -0.1320794
v 0.0336000 -0.3114543 0.0539924
v 0.0336000 -0.3114543 0.0539924
v 0.0336000 -0.3114543 0.0539924
v 0.0336000 -0.3114543 0.0539924
v 0.0600000 -0.2858750 0.0474609
v 0.0600000 -0.2858750 0.0474609
v 0.0600000 -0.2858750 0.0474609
v 0.0600000 -0.2858750 0.0474609
v 0.0336000 -0.2793435 0.0730402
v 0.0336000 -0.2793435 0.0730402
v 0.0336000 -0.2793435 0.0730402
v 0.0336000 -0.2793435 0.0730402
v 0.0522676 -0.3039622 0.0520794
v 0.0522676 -0.3039622 0.0520794
v 0.0522676 -0.3039622 0.0520794
v 0.0522676 -0.3039622 0.0520794
v 0.0488420 -0.2968722 0.0660001
v 0.0488420 -0.2968722 0.0660001
v 0.0488420 -0.2968722 0.0660001
v 0.0522676 -0.2812565 0.0655482
v 0.0522676 -0.2812565 0.0655482
v 0.0522676 -0.2812565 0.0655482
v 0.0522676 -0.2812565 0.0655482
v 0.0336000 -0.2993438 0.0701667
v 0.0336000 -0.2993438 0.0701667
v 0.0336000 -0.2993438 0.0701667
v 0.0336000 -0.2993438 0.0701667
v 0.0336000 0.0179760 -0.0301250
v 0.0336000 0.0179760 -0.0301250
v 0.0336000 0.0179760 -0.0301250
v 0.0336000 0.0179760 -0.0301250
v 0.0336000 -0.0010719 0.0019858
v 0.0336000 -0.0010719 0.0019858
v 0.0336000 -0.0010719 0.0019858
v 0.0336000 -0.0010719 0.0019858
v 0.0600000 -0.0076033 -0.0235935
v 0.0600000 -0.0076033 -0.0235935
v 0.0600000 -0.0076033 -0.0235935
v 0.0600000 -0.0076033 -0.0235935
v 0.0336000 0.0151024 -0.0101247
v 0.0336000 0.0151024 -0.0101247
v 0.0336000 0.0151024 -0.0101247
v 0.0336000 0.0151024 -0.0101247
v 0.0488420 0.0109358 -0.0125962
v 0.0488420 0.0109358 -0.0125962
v 0.0488420 0.0109358 -0.0125962
v 0.0522676 -0.0029849 -0.0055062
v 0.0522676 -0.0029849 -0.0055062
v 0.0522676 -0.0029849 -0.0055062
v 0.0522676 -0.0029849 -0.0055062
v 0.0522676 0.0104840 -0.0282120
v 0.0522676 0.0104840 -0.0282120
v 0.0522676 0.0104840 -0.0282120
v 0.0522676 0.0104840 -0.0282120
v 0.0336000 -0.3379760 -0.0498750
v 0.0336000 -0.3379760 -0.0498750
v 0.0336000 -0.3379760 -0.0498750
v 0.0336000 -0.3379760 -0.0498750
v 0.0336000 -0.3189281 -0.0819858
v 0.0336000 -0.3189281 -0.0819858
v 0.0336000 -0.3189281 -0.0819858
v 0.0336000 -0.3189281 -0.0819858
v 0.0600000 -0.3123967 -0.0564065
v 0.0600000 -0.3123967 -0.0564065
v 0.0600000 -0.3123967 -0.0564065
v 0.0600000 -0.3123967 -0.0564065
v 0.0336000 -0.3351024 -0.0698753
v 0.0336000 -0.3351024 -0.0698753
v 0.0336000 -0.3351024 -0.0698753
v 0.0336000 -0.3351024 -0.0698753
v 0.0488420 -0.3309358 -0.0674037
v 0.0488420 -0.3309358 -0.0674037
v 0.0488420 -0.3309358 -0.0674037
v 0.0522676 -0.3170151 -0.0744938
v 0.0522676 -0.3170151 -0.0744938
v 0.0522676 -0.3170151 -0.0744938
v 0.0522676 -0.3170151 -0.0744938
v 0.0522676 -0.3304840 -0.0517880
v 0.0522676 -0.3304840 -0.0517880
v 0.0522676 -0.3304840 -0.0517880
v 0.0522676 -0.3304840 -0.0517880
v 0.0336000 -0.0085457 -0.1339924
v 0.0336000 -0.0085457 -0.1339924
v 0.0336000 -0.0085457 -0.1339924
v 0.0336000 -0.0085457 -0.1339924
v 0.0600000 -0.0341250 -0.1274609
v 0.0600000 -0.0341250 -0.1274609
v 0.0600000 -0.0341250 -0.1274609
v 0.0600000 -0.0341250 -0.1274609
v 0.0336000 -0.0406565 -0.1530402
v 0.0336000 -0.0406565 -0.1530402
v 0.0336000 -0.0406565 -0.1530402
v 0.0336000 -0.0406565 -0.1530402
v 0.0522676 -0.0160378 -0.1320794
v 0.0522676 -0.0160378 -0.1320794
v 0.0522676 -0.0160378 -0.1320794
v 0.0522676 -0.0160378 -0.1320794
v 0.0488420 -0.0231278 -0.1460001
v 0.0488420 -0.0231278 -0.1460001
v 0.0488420 -0.0231278 -0.1460001
v 0.0522676 -0.0387435 -0.1455482
v 0.0522676 -0.0387435 -0.1455482
v 0.0522676 -0.0387435 -0.1455482
v 0.0522676 -0.0387435 -0.1455482
v 0.0336000 -0.0206562 -0.1501667
v 0.0336000 -0.0206562 -0.1501667
v 0.0336000 -0.0206562 -0.1501667
v 0.0336000 -0.0206562 -0.1501667
vt 0.1800000 0.2912501
vt 0.1800000 0.2912501
vt 0.1800000 0.2912501
vt 0.1800000 0.2912501
vt 0.3944118 0.0550000
vt 0.3944118 0.0550000
vt 0.3944118 0.0550000
vt 0.3944118 0.0550000
vt 0.3944118 0.9587500
vt 0.3944118 0.9587500
vt 0.3944118 0.9587500
vt 0.3944118 0.9587500
vt 0.3750000 0.0550000
vt 0.1800000 0.2500000
vt 0.3750000 0.0550000
vt 0.1800000 0.2500000
vt 0.3832044 0.0000000
vt 0.1482458 0.2500000
vt 0.3750000 0.9825656
vt 0.3944118 0.0000000
vt 0.3944118 0.0000000
vt 0.3944118 1.0000000
vt 0.3944118 1.0000000
vt 0.1250000 0.2912501
vt 0.1250000 0.2912501
vt 0.3750000 0.9587500
vt 0.3750000 0.9587500
vt 0.6055882 0.0550000
vt 0.6055882 0.0550000
vt 0.6055882 0.0550000
vt 0.6055882 0.0550000
vt 0.8200001 0.2912500
vt 0.8200001 0.2912500
vt 0.8200001 0.2912500
vt 0.8200001 0.2912500
vt 0.6055883 0.9587500
vt 0.6055883 0.9587500
vt 0.6055883 0.9587500
vt 0.6055883 0.9587500
vt 0.6250000 0.0550000
vt 0.8200001 0.2500000
vt 0.6250000 0.0550000
vt 0.8200001 0.2500000
vt 0.6250000 0.0232458
vt 0.8750000 0.2674343
vt 0.6167956 1.0000000
vt 0.8750000 0.2912500
vt 0.8750000 0.2912500
vt 0.6250000 0.9587500
vt 0.6250000 0.9587500
vt 0.6055882 0.0000000
vt 0.6055882 0.0000000
vt 0.6055882 1.0000000
vt 0.6055882 1.0000000
vt 0.1800000 0.4587500
vt 0.1800000 0.4587500
vt 0.1800000 0.4587500
vt 0.1800000 0.4587500
vt 0.3944117 0.7912500
vt 0.3944117 0.7912500
vt 0.3944117 0.7912500
vt 0.3944117 0.7912500
vt 0.3944117 0.6950001
vt 0.3944117 0.6950001
vt 0.3944117 0.6950001
vt 0.3944117 0.6950001
vt 0.1250000 0.4587500
vt 0.1250000 0.4587500
vt 0.3750000 0.7912500
vt 0.3750000 0.7912500
vt 0.3750000 0.7267542
vt 0.1250000 0.4825656
vt 0.3832044 0.7500000
vt 0.3944118 0.7500000
vt 0.3944118 0.7500000
vt 0.3944118 0.7500000
vt 0.3944118 0.7500000
vt 0.3750000 0.6950000
vt 0.1800000 0.5000000
vt 0.3750000 0.6950000
vt 0.1800000 0.5000000
vt 0.8200000 0.4587500
vt 0.8200000 0.4587500
vt 0.8200000 0.4587500
vt 0.8200000 0.4587500
vt 0.6055882 0.6949999
vt 0.6055882 0.6949999
vt 0.6055882 0.6949999
vt 0.6055882 0.6949999
vt 0.6055883 0.7912500
vt 0.6055883 0.7912500
vt 0.6055883 0.7912500
vt 0.6055883 0.7912500
vt 0.6250000 0.6950000
vt 0.8200000 0.5000000
vt 0.6250000 0.6950000
vt 0.8200000 0.5000000
vt 0.6167956 0.7500000
vt 0.8517543 0.5000000
vt 0.6250000 0.7674344
vt 0.6055882 0.7500000
vt 0.6055882 0.7500000
vt 0.6055882 0.7500000
vt 0.6055882 0.7500000
vt 0.8750000 0.4587500
vt 0.8750000 0.4587500
vt 0.6250000 0.7912500
vt 0.6250000 0.7912500
vt 0.3200000 0.2912500
vt 0.3200000 0.2912500
vt 0.3200000 0.2912500
vt 0.3200000 0.2912500
vt 0.3944117 0.2912501
vt 0.3944117 0.2912501
vt 0.3944117 0.2912501
vt 0.3944117 0.2912501
vt 0.3944117 0.1950000
vt 0.3944117 0.1950000
vt 0.3944117 0.1950000
vt 0.3944117 0.1950000
vt 0.3750000 0.2912500
vt 0.3750000 0.2912500
vt 0.3750000 0.2912501
vt 0.3750000 0.2912500
vt 0.3777348 0.2480628
vt 0.3777348 0.2480628
vt 0.3777348 0.2480628
vt 0.3944118 0.2500000
vt 0.3944118 0.2500000
vt 0.3944118 0.2500000
vt 0.3944118 0.2500000
vt 0.3750000 0.1950000
vt 0.3200000 0.2500000
vt 0.3750000 0.1950000
vt 0.3200000 0.2500000
vt 0.6799999 0.2912501
vt 0.6799999 0.2912501
vt 0.6799999 0.2912501
vt 0.6799999 0.2912501
vt 0.6055882 0.1950000
vt 0.6055882 0.1950000
vt 0.6055882 0.1950000
vt 0.6055882 0.1950000
vt 0.6055883 0.2912499
vt 0.6055883 0.2912499
vt 0.6055883 0.2912499
vt 0.6055883 0.2912499
vt 0.6250000 0.1950000
vt 0.6800001 0.2500000
vt 0.6250000 0.1950000
vt 0.6800001 0.2500000
vt 0.6300138 0.2558115
vt 0.6300138 0.2558115
vt 0.6300138 0.2558115
vt 0.6055882 0.2500000
vt 0.6055882 0.2500000
vt 0.6055882 0.2499999
vt 0.6055882 0.2500000
vt 0.6250000 0.2912501
vt 0.6250000 0.2912500
vt 0.6250000 0.2912500
vt 0.6250000 0.2912500
vt 0.3200000 0.4587500
vt 0.3200000 0.4587500
vt 0.3200000 0.4587500
vt 0.3200000 0.4587500
vt 0.3944118 0.5550000
vt 0.3944118 0.5550000
vt 0.3944118 0.5550000
vt 0.3944118 0.5550000
vt 0.3944118 0.4587499
vt 0.3944118 0.4587499
vt 0.3944118 0.4587499
vt 0.3944118 0.4587499
vt 0.3750000 0.5550000
vt 0.3200000 0.5000000
vt 0.3750000 0.5550000
vt 0.3200000 0.5000000
vt 0.3699862 0.4941885
vt 0.3699862 0.4941885
vt 0.3699862 0.4941885
vt 0.3944118 0.5000000
vt 0.3944118 0.5000000
vt 0.3944118 0.5000000
vt 0.3944118 0.5000000
vt 0.3750000 0.4587500
vt 0.3750000 0.4587500
vt 0.3750000 0.4587500
vt 0.3750000 0.4587500
vt 0.6800000 0.4587500
vt 0.6800000 0.4587500
vt 0.6800000 0.4587500
vt 0.6800000 0.4587500
vt 0.6055883 0.4587499
vt 0.6055883 0.4587499
vt 0.6055883 0.4587499
vt 0.6055883 0.4587499
vt 0.6055882 0.5550000
vt 0.6055882 0.5550000
vt 0.6055882 0.5550000
vt 0.6055882 0.5550000
vt 0.6250000 0.4587500
vt 0.6250000 0.4587500
vt 0.6250000 0.4587500
vt 0.6250000 0.4587500
vt 0.6222652 0.5019372
vt 0.6222652 0.5019372
vt 0.6222652 0.5019372
vt 0.6055882 0.5000000
vt 0.6055882 0.5000000
vt 0.6055882 0.5000000
vt 0.6055882 0.5000000
vt 0.6250000 0.5550000
vt 0.6800001 0.5000000
vt 0.6250000 0.5550000
vt 0.6800001 0.5000000
vn 0.0000000 -0.8004764 0.5993642
vn 0.0000000 -0.9689124 0.2474040
vn -0.3250835 -0.7800204 0.5346858
vn -0.3826903 -0.8951556 0.2285708
vn 0.0000000 0.2474040 0.9689124
vn 0.0000000 -0.1422226 0.9898347
vn -0.3250835 -0.0952691 0.9408743
vn -0.3826903 0.2285708 0.8951556
vn -0.8880549 -0.2345505 0.3954044
vn -0.9238767 0.0946791 0.3707934
vn -0.9238767 -0.3707934 0.0946791
vn -1.0000000 0.0000000 0.0000000
vn 0.0000000 -0.1422226 0.9898347
vn 0.0000000 -0.8004764 0.5993642
vn -0.3250835 -0.0952691 0.9408743
vn -0.3250835 -0.7800204 0.5346858
vn -0.3250835 -0.0952691 0.9408743
vn -0.3250835 -0.7800204 0.5346858
vn -0.8880549 -0.2345505 0.3954044
vn -0.3250835 -0.0952691 0.9408743
vn -0.3826903 0.2285708 0.8951556
vn -0.8880549 -0.2345505 0.3954044
vn -0.9238767 0.0946791 0.3707934
vn -0.3250835 -0.7800204 0.5346858
vn -0.3826903 -0.8951556 0.2285708
vn -0.8880549 -0.2345505 0.3954044
vn -0.9238767 -0.3707934 0.0946791
vn 0.0000000 0.2474040 0.9689124
vn 0.0000000 0.5993642 0.8004764
vn -0.3250835 0.5346858 0.7800204
vn -0.3826903 0.2285708 0.8951556
vn 0.0000000 0.9898347 0.1422226
vn 0.0000000 0.9689124 -0.2474040
vn -0.3250835 0.9408743 0.0952691
vn -0.3826903 0.8951556 -0.2285708
vn -0.8880549 0.3954044 0.2345505
vn -0.9238767 0.0946791 0.3707934
vn -0.9238767 0.3707934 -0.0946791
vn -1.0000000 0.0000000 0.0000000
vn 0.0000000 0.5993642 0.8004764
vn 0.0000000 0.9898347 0.1422226
vn -0.3250835 0.5346858 0.7800204
vn -0.3250835 0.9408743 0.0952691
vn -0.3250835 0.5346858 0.7800204
vn -0.3250835 0.9408743 0.0952691
vn -0.8880549 0.3954044 0.2345505
vn -0.3250835 0.9408743 0.0952691
vn -0.3826903 0.8951556 -0.2285708
vn -0.8880549 0.3954044 0.2345505
vn -0.9238767 0.3707934 -0.0946791
vn -0.3250835 0.5346858 0.7800204
vn -0.3826903 0.2285708 0.8951556
vn -0.8880549 0.3954044 0.2345505
vn -0.9238767 0.0946791 0.3707934
vn 0.0000000 -0.9898347 -0.1422226
vn 0.0000000 -0.9689124 0.2474040
vn -0.3250835 -0.9408743 -0.0952691
vn -0.3826903 -0.8951556 0.2285708
vn -0.8880549 -0.3954044 -0.2345505
vn -0.9238767 -0.0946791 -0.3707934
vn -0.9238767 -0.3707934 0.0946791
vn -1.0000000 0.0000000 0.0000000
vn 0.0000000 -0.2474040 -0.9689124
vn 0.0000000 -0.5993642 -0.8004764
vn -0.3250835 -0.5346858 -0.7800204
vn -0.3826903 -0.2285708 -0.8951556
vn -0.3250835 -0.9408743 -0.0952691
vn -0.3826903 -0.8951556 0.2285708
vn -0.8880549 -0.3954044 -0.2345505
vn -0.9238767 -0.3707934 0.0946791
vn -0.3250835 -0.5346858 -0.7800204
vn -0.3250835 -0.9408743 -0.0952691
vn -0.8880549 -0.3954044 -0.2345505
vn -0.3250835 -0.5346858 -0.7800204
vn -0.3826903 -0.2285708 -0.8951556
vn -0.8880549 -0.3954044 -0.2345505
vn -0.9238767 -0.0946791 -0.3707934
vn 0.0000000 -0.5993642 -0.8004764
vn 0.0000000 -0.9898347 -0.1422226
vn -0.3250835 -0.5346858 -0.7800204
vn -0.3250835 -0.9408743 -0.0952691
vn 0.0000000 0.8004764 -0.5993642
vn 0.0000000 0.9689124 -0.2474040
vn -0.3250835 0.7800204 -0.5346858
vn -0.3826903 0.8951556 -0.2285708
vn 0.0000000 -0.2474040 -0.9689124
vn 0.0000000 0.1422226 -0.9898347
vn -0.3250835 0.0952691 -0.9408743
vn -0.3826903 -0.2285708 -0.8951556
vn -0.8880549 0.2345505 -0.3954044
vn -0.9238767 -0.0946791 -0.3707934
vn -0.9238767 0.3707934 -0.0946791
vn -1.0000000 0.0000000 0.0000000
vn 0.0000000 0.1422226 -0.9898347
vn 0.0000000 0.8004764 -0.5993642
vn -0.3250835 0.0952691 -0.9408743
vn -0.3250835 0.7800204 -0.5346858
vn -0.3250835 0.0952691 -0.9408743
vn -0.3250835 0.7800204 -0.5346858
vn -0.8880549 0.2345505 -0.3954044
vn -0.3250835 0.0952691 -0.9408743
vn -0.3826903 -0.2285708 -0.8951556
vn -0.8880549 0.2345505 -0.3954044
vn -0.9238767 -0.0946791 -0.3707934
vn -0.3250835 0.7800204 -0.5346858
vn -0.3826903 0.8951556 -0.2285708
vn -0.8880549 0.2345505 -0.3954044
vn -0.9238767 0.3707934 -0.0946791
vn 0.0000000 -0.8004764 0.5993642
vn 0.0000000 -0.9689124 0.2474040
vn 0.3250835 -0.7800204 0.5346858
vn 0.3826903 -0.8951556 0.2285708
vn 0.8880549 -0.2345505 0.3954044
vn 0.9238767 0.0946791 0.3707934
vn 0.9238767 -0.3707934 0.0946791
vn 1.0000000 0.0000000 0.0000000
vn 0.0000000 0.2474040 0.9689124
vn 0.0000000 -0.1422226 0.9898347
vn 0.3250835 -0.0952691 0.9408743
vn 0.3826903 0.2285708 0.8951556
vn 0.3250835 -0.7800204 0.5346858
vn 0.3826903 -0.8951556 0.2285708
vn 0.8880549 -0.2345505 0.3954044
vn 0.9238767 -0.3707934 0.0946791
vn 0.3250835 -0.0952691 0.9408743
vn 0.3250835 -0.7800204 0.5346858
vn 0.8880549 -0.2345505 0.3954044
vn 0.3250835 -0.0952691 0.9408743
vn 0.3826903 0.2285708 0.8951556
vn 0.8880549 -0.2345505 0.3954044
vn 0.9238767 0.0946791 0.3707934
vn 0.0000000 -0.1422226 0.9898347
vn 0.0000000 -0.8004764 0.5993642
vn 0.3250835 -0.0952691 0.9408743
vn 0.3250835 -0.7800204 0.5346858
vn 0.0000000 0.9898347 0.1422226
vn 0.0000000 0.9689124 -0.2474040
vn 0.3250835 0.9408743 0.0952691
vn 0.3826903 0.8951556 -0.2285708
vn 0.0000000 0.2474040 0.9689124
vn 0.0000000 0.5993642 0.8004764
vn 0.3250835 0.5346858 0.7800204
vn 0.3826903 0.2285708 0.8951556
vn 0.8880549 0.3954044 0.2345505
vn 0.9238767 0.0946791 0.3707934
vn 0.9238767 0.3707934 -0.0946791
vn 1.0000000 0.0000000 0.0000000
vn 0.0000000 0.5993642 0.8004764
vn 0.0000000 0.9898347 0.1422226
vn 0.3250835 0.5346858 0.7800204
vn 0.3250835 0.9408743 0.0952691
vn 0.3250835 0.5346858 0.7800204
vn 0.3250835 0.9408743 0.0952691
vn 0.8880549 0.3954044 0.2345505
vn 0.3250835 0.5346858 0.7800204
vn 0.3826903 0.2285708 0.8951556
vn 0.8880549 0.3954044 0.2345505
vn 0.9238767 0.0946791 0.3707934
vn 0.3250835 0.9408743 0.0952691
vn 0.3826903 0.8951556 -0.2285708
vn 0.8880549 0.3954044 0.2345505
vn 0.9238767 0.3707934 -0.0946791
vn 0.0000000 -0.9898347 -0.1422226
vn 0.0000000 -0.9689124 0.2474040
vn 0.3250835 -0.9408743 -0.0952691
vn 0.3826903 -0.8951556 0.2285708
vn 0.0000000 -0.2474040 -0.9689124
vn 0.0000000 -0.5993642 -0.8004764
vn 0.3250835 -0.5346858 -0.7800204
vn 0.3826903 -0.2285708 -0.8951556
vn 0.8880549 -0.3954044 -0.2345505
vn 0.9238767 -0.0946791 -0.3707934
vn 0.9238767 -0.3707934 0.0946791
vn 1.0000000 0.0000000 0.0000000
vn 0.0000000 -0.5993642 -0.8004764
vn 0.0000000 -0.9898347 -0.1422226
vn 0.3250835 -0.5346858 -0.7800204
vn 0.3250835 -0.9408743 -0.0952691
vn 0.3250835 -0.5346858 -0.7800204
vn 0.3250835 -0.9408743 -0.0952691
vn 0.8880549 -0.3954044 -0.2345505
vn 0.3250835 -0.5346858 -0.7800204
vn 0.3826903 -0.2285708 -0.8951556
vn 0.8880549 -0.3954044 -0.2345505
vn 0.9238767 -0.0946791 -0.3707934
vn 0.3250835 -0.9408743 -0.0952691
vn 0.3826903 -0.8951556 0.2285708
vn 0.8880549 -0.3954044 -0.2345505
vn 0.9238767 -0.3707934 0.0946791
vn 0.0000000 0.8004764 -0.5993642
vn 0.0000000 0.9689124 -0.2474040
vn 0.3250835 0.7800204 -0.5346858
vn 0.3826903 0.8951556 -0.2285708
vn 0.8880549 0.2345505 -0.3954044
vn 0.9238767 -0.0946791 -0.3707934
vn 0.9238767 0.3707934 -0.0946791
vn 1.0000000 0.0000000 0.0000000
vn 0.0000000 -0.2474040 -0.9689124
vn 0.0000000 0.1422226 -0.9898347
vn 0.3250835 0.0952691 -0.9408743
vn 0.3826903 -0.2285708 -0.8951556
vn 0.3250835 0.7800204 -0.5346858
vn 0.3826903 0.8951556 -0.2285708
vn 0.8880549 0.2345505 -0.3954044
vn 0.9238767 0.3707934 -0.0946791
vn 0.3250835 0.0952691 -0.9408743
vn 0.3250835 0.7800204 -0.5346858
vn 0.8880549 0.2345505 -0.3954044
vn 0.3250835 0.0952691 -0.9408743
vn 0.3826903 -0.2285708 -0.8951556
vn 0.8880549 0.2345505 -0.3954044
vn 0.9238767 -0.0946791 -0.3707934
vn 0.0000000 0.1422226 -0.9898347
vn 0.0000000 0.8004764 -0.5993642
vn 0.3250835 0.0952691 -0.9408743
vn 0.3250835 0.7800204 -0.5346858
f 2919/2919/2919 2942/2942/2942 2830/2830/2830
f 2919/2919/2919 2830/2830/2830 2807/2807/2807
f 2976/2976/2976 2999/2999/2999 2949/2949/2949
f 2976/2976/2976 2949/2949/2949 2918/2918/2918
f 2993/2993/2993 2885/2885/2885 2835/2835/2835
f 2993/2993/2993 2835/2835/2835 2939/2939/2939
f 2814/2814/2814 2841/2841/2841 2895/2895/2895
f 2814/2814/2814 2895/2895/2895 2864/2864/2864
f 2865/2865/2865 2888/2888/2888 3000/3000/3000
f 2865/2865/2865 3000/3000/3000 2969/2969/2969
f 2805/2805/2805 2818/2818/2818 2820/2820/2820
f 2805/2805/2805 2820/2820/2820 2826/2826/2826
f 2809/2809/2809 2822/2822/2822 2819/2819/2819
f 2809/2809/2809 2819/2819/2819 2817/2817/2817
f 2811/2811/2811 2828/2828/2828 2821/2821/2821
f 2811/2811/2811 2821/2821/2821 2824/2824/2824
f 2832/2832/2832 2844/2844/2844 2846/2846/2846
f 2832/2832/2832 2846/2846/2846 2853/2853/2853
f 2836/2836/2836 2849/2849/2849 2847/2847/2847
f 2836/2836/2836 2847/2847/2847 2845/2845/2845
f 2838/2838/2838 2855/2855/2855 2848/2848/2848
f 2838/2838/2838 2848/2848/2848 2851/2851/2851
f 2859/2859/2859 2869/2869/2869 2874/2874/2874
f 2859/2859/2859 2874/2874/2874 2883/2883/2883
f 2861/2861/2861 2878/2878/2878 2875/2875/2875
f 2861/2861/2861 2875/2875/2875 2871/2871/2871
f 2867/2867/2867 2882/2882/2882 2873/2873/2873
f 2867/2867/2867 2873/2873/2873 2876/2876/2876
f 2886/2886/2886 2899/2899/2899 2901/2901/2901
f 2886/2886/2886 2901/2901/2901 2907/2907/2907
f 2890/2890/2890 2903/2903/2903 2900/2900/2900
f 2890/2890/2890 2900/2900/2900 2898/2898/2898
f 2892/2892/2892 2909/2909/2909 2902/2902/2902
f 2892/2892/2892 2902/2902/2902 2905/2905/2905
f 2913/2913/2913 2923/2923/2923 2928/2928/2928
f 2913/2913/2913 2928/2928/2928 2937/2937/2937
f 2915/2915/2915 2932/2932/2932 2929/2929/2929
f 2915/2915/2915 2929/2929/2929 2925/2925/2925
f 2921/2921/2921 2936/2936/2936 2927/2927/2927
f 2921/2921/2921 2927/2927/2927 2930/2930/2930
f 2940/2940/2940 2953/2953/2953 2955/2955/2955
f 2940/2940/2940 2955/2955/2955 2961/2961/2961
f 2944/2944/2944 2957/2957/2957 2954/2954/2954
f 2944/2944/2944 2954/2954/2954 2952/2952/2952
f 2946/2946/2946 2963/2963/2963 2956/2956/2956
f 2946/2946/2946 2956/2956/2956 2959/2959/2959
f 2967/2967/2967 2980/2980/2980 2982/2982/2982
f 2967/2967/2967 2982/2982/2982 2988/2988/2988
f 2971/2971/2971 2984/2984/2984 2981/2981/2981
f 2971/2971/2971 2981/2981/2981 2979/2979/2979
f 2973/2973/2973 2990/2990/2990 2983/2983/2983
f 2973/2973/2973 2983/2983/2983 2986/2986/2986
f 2994/2994/2994 3004/3004/3004 3009/3009/3009
f 2994/2994/2994 3009/3009/3009 3018/3018/3018
f 2996/2996/2996 3013/3013/3013 3010/3010/3010
f 2996/2996/2996 3010/3010/3010 3006/3006/3006
f 3002/3002/3002 3017/3017/3017 3008/3008/3008
f 3002/3002/3002 3008/3008/3008 3011/3011/3011
f 2860/2860/2860 2806/2806/2806 2827/2827/2827
f 2860/2860/2860 2827/2827/2827 2870/2870/2870
f 2872/2872/2872 2829/2829/2829 2813/2813/2813
f 2872/2872/2872 2813/2813/2813 2863/2863/2863
f 2810/2810/2810 2833/2833/2833 2854/2854/2854
f 2810/2810/2810 2854/2854/2854 2823/2823/2823
f 2825/2825/2825 2856/2856/2856 2839/2839/2839
f 2825/2825/2825 2839/2839/2839 2812/2812/2812
f 2837/2837/2837 2887/2887/2887 2908/2908/2908
f 2837/2837/2837 2908/2908/2908 2850/2850/2850
f 2852/2852/2852 2910/2910/2910 2894/2894/2894
f 2852/2852/2852 2894/2894/2894 2840/2840/2840
f 2891/2891/2891 2868/2868/2868 2877/2877/2877
f 2891/2891/2891 2877/2877/2877 2904/2904/2904
f 2906/2906/2906 2879/2879/2879 2862/2862/2862
f 2906/2906/2906 2862/2862/2862 2893/2893/2893
f 2965/2965/2965 2857/2857/2857 2881/2881/2881
f 2965/2965/2965 2881/2881/2881 2978/2978/2978
f 2977/2977/2977 2880/2880/2880 2866/2866/2866
f 2977/2977/2977 2866/2866/2866 2970/2970/2970
f 2884/2884/2884 2992/2992/2992 3016/3016/3016
f 2884/2884/2884 3016/3016/3016 2897/2897/2897
f 2896/2896/2896 3015/3015/3015 3001/3001/3001
f 2896/2896/2896 3001/3001/3001 2889/2889/2889
f 2997/2997/2997 2974/2974/2974 2987/2987/2987
f 2997/2997/2997 2987/2987/2987 3014/3014/3014
f 3012/3012/3012 2985/2985/2985 2972/2972/2972
f 3012/3012/3012 2972/2972/2972 3003/3003/3003
f 2914/2914/2914 2968/2968/2968 2989/2989/2989
f 2914/2914/2914 2989/2989/2989 2924/2924/2924
f 2926/2926/2926 2991/2991/2991 2975/2975/2975
f 2926/2926/2926 2975/2975/2975 2917/2917/2917
f 2995/2995/2995 2941/2941/2941 2962/2962/2962
f 2995/2995/2995 2962/2962/2962 3005/3005/3005
f 3007/3007/3007 2964/2964/2964 2948/2948/2948
f 3007/3007/3007 2948/2948/2948 2998/2998/2998
f 2945/2945/2945 2922/2922/2922 2931/2931/2931
f 2945/2945/2945 2931/2931/2931 2958/2958/2958
f 2960/2960/2960 2933/2933/2933 2916/2916/2916
f 2960/2960/2960 2916/2916/2916 2947/2947/2947
f 2803/2803/2803 2911/2911/2911 2935/2935/2935
f 2803/2803/2803 2935/2935/2935 2816/2816/2816
f 2815/2815/2815 2934/2934/2934 2920/2920/2920
f 2815/2815/2815 2920/2920/2920 2808/2808/2808
f 2938/2938/2938 2834/2834/2834 2843/2843/2843
f 2938/2938/2938 2843/2843/2843 2951/2951/2951
f 2950/2950/2950 2842/2842/2842 2831/2831/2831
f 2950/2950/2950 2831/2831/2831 2943/2943/2943
f 2858/2858/2858 2966/2966/2966 2912/2912/2912
f 2858/2858/2858 2912/2912/2912 2804/2804/2804
o Receiver.002_0
usemtl Gunmetal
v -0.0600000 -0.0800000 0.3950000
v -0.0600000 -0.0800000 0.3950000
v -0.0600000 -0.0800000 0.3950000
v -0.0600000 -0.0800000 0.3950000
v -0.0600000 -0.0400000 0.4350000
v -0.0600000 -0.0400000 0.4350000
v -0.0600000 -0.0400000 0.4350000
v -0.0600000 -0.0400000 0.4350000
v -0.1000000 -0.0400000 0.3950000
v -0.1000000 -0.0400000 0.3950000
v -0.1000000 -0.0400000 0.3950000
v -0.1000000 -0.0400000 0.3950000
v -0.0600000 -0.0682843 0.4232843
v -0.0600000 -0.0682843 0.4232843
v -0.0600000 -0.0682843 0.4232843
v -0.0600000 -0.0682843 0.4232843
v -0.0830940 -0.0630940 0.4180940
v -0.0830940 -0.0630940 0.4180940
v -0.0830940 -0.0630940 0.4180940
v -0.0882843 -0.0400000 0.4232843
v -0.0882843 -0.0400000 0.4232843
v -0.0882843 -0.0400000 0.4232843
v -0.0882843 -0.0400000 0.4232843
v -0.0882843 -0.0682843 0.3950000
v -0.0882843 -0.0682843 0.3950000
v -0.0882843 -0.0682843 0.3950000
v -0.0882843 -0.0682843 0.3950000
v -0.0600000 0.1000000 0.4350000
v -0.0600000 0.1000000 0.4350000
v -0.0600000 0.1000000 0.4350000
v -0.0600000 0.1000000 0.4350000
v -0.0600000 0.1400000 0.3950000
v -0.0600000 0.1400000 0.3950000
v -0.0600000 0.1400000 0.3950000
v -0.0600000 0.1400000 0.3950000
v -0.1000000 0.1000000 0.3950000
v -0.1000000 0.1000000 0.3950000
v -0.1000000 0.1000000 0.3950000
v -0.1000000 0.1000000 0.3950000
v -0.0600000 0.1282843 0.4232843
v -0.0600000 0.1282843 0.4232843
v -0.0600000 0.1282843 0.4232843
v -0.0600000 0.1282843 0.4232843
v -0.0830940 0.1230940 0.4180940
v -0.0830940 0.1230940 0.4180940
v -0.0830940 0.1230940 0.4180940
v -0.0882843 0.1282843 0.3950000
v -0.0882843 0.1282843 0.3950000
v -0.0882843 0.1282843 0.3950000
v -0.0882843 0.1282843 0.3950000
v -0.0882843 0.1000000 0.4232843
v -0.0882843 0.1000000 0.4232843
v -0.0882843 0.1000000 0.4232843
v -0.0882843 0.1000000 0.4232843
v -0.0600000 -0.0800000 -0.0750000
v -0.0600000 -0.0800000 -0.0750000
v -0.0600000 -0.0800000 -0.0750000
v -0.0600000 -0.0800000 -0.0750000
v -0.1000000 -0.0400000 -0.0750000
v -0.1000000 -0.0400000 -0.0750000
v -0.1000000 -0.0400000 -0.0750000
v -0.1000000 -0.0400000 -0.0750000
v -0.0600000 -0.0400000 -0.1150000
v -0.0600000 -0.0400000 -0.1150000
v -0.0600000 -0.0400000 -0.1150000
v -0.0600000 -0.0400000 -0.1150000
v -0.0882843 -0.0682843 -0.0750000
v -0.0882843 -0.0682843 -0.0750000
v -0.0882843 -0.0682843 -0.0750000
v -0.0882843 -0.0682843 -0.0750000
v -0.0830940 -0.0630940 -0.0980940
v -0.0830940 -0.0630940 -0.0980940
v -0.0830940 -0.0630940 -0.0980940
v -0.0882843 -0.0400000 -0.1032843
v -0.0882843 -0.0400000 -0.1032843
v -0.0882843 -0.0400000 -0.1032843
v -0.0882843 -0.0400000 -0.1032843
v -0.0600000 -0.0682843 -0.1032843
v -0.0600000 -0.0682843 -0.1032843
v -0.0600000 -0.0682843 -0.1032843
v -0.0600000 -0.0682843 -0.1032843
v -0.0600000 0.1400000 -0.0750000
v -0.0600000 0.1400000 -0.0750000
v -0.0600000 0.1400000 -0.0750000
v -0.0600000 0.1400000 -0.0750000
v -0.0600000 0.1000000 -0.1150000
v -0.0600000 0.1000000 -0.1150000
v -0.0600000 0.1000000 -0.1150000
v -0.0600000 0.1000000 -0.1150000
v -0.1000000 0.1000000 -0.0750000
v -0.1000000 0.1000000 -0.0750000
v -0.1000000 0.1000000 -0.0750000
v -0.1000000 0.1000000 -0.0750000
v -0.0600000 0.1282843 -0.1032843
v -0.0600000 0.1282843 -0.1032843
v -0.0600000 0.1282843 -0.1032843
v -0.0600000 0.1282843 -0.1032843
v -0.0830940 0.1230940 -0.0980940
v -0.0830940 0.1230940 -0.0980940
v -0.0830940 0.1230940 -0.0980940
v -0.0882843 0.1000000 -0.1032843
v -0.0882843 0.1000000 -0.1032843
v -0.0882843 0.1000000 -0.1032843
v -0.0882843 0.1000000 -0.1032843
v -0.0882843 0.1282843 -0.0750000
v -0.0882843 0.1282843 -0.0750000
v -0.0882843 0.1282843 -0.0750000
v -0.0882843 0.1282843 -0.0750000
v 0.0600000 -0.0800000 0.3950000
v 0.0600000 -0.0800000 0.3950000
v 0.0600000 -0.0800000 0.3950000
v 0.0600000 -0.0800000 0.3950000
v 0.1000000 -0.0400000 0.3950000
v 0.1000000 -0.0400000 0.3950000
v 0.1000000 -0.0400000 0.3950000
v 0.1000000 -0.0400000 0.3950000
v 0.0600000 -0.0400000 0.4350000
v 0.0600000 -0.0400000 0.4350000
v 0.0600000 -0.0400000 0.4350000
v 0.0600000 -0.0400000 0.4350000
v 0.0882843 -0.0682843 0.3950000
v 0.0882843 -0.0682843 0.3950000
v 0.0882843 -0.0682843 0.3950000
v 0.0882843 -0.0682843 0.3950000
v 0.0830940 -0.0630940 0.4180940
v 0.0830940 -0.0630940 0.4180940
v 0.0830940 -0.0630940 0.4180940
v 0.0882843 -0.0400000 0.4232843
v 0.0882843 -0.0400000 0.4232843
v 0.0882843 -0.0400000 0.4232843
v 0.0882843 -0.0400000 0.4232843
v 0.0600000 -0.0682843 0.4232843
v 0.0600000 -0.0682843 0.4232843
v 0.0600000 -0.0682843 0.4232843
v 0.0600000 -0.0682843 0.4232843
v 0.0600000 0.1400000 0.3950000
v 0.0600000 0.1400000 0.3950000
v 0.0600000 0.1400000 0.3950000
v 0.0600000 0.1400000 0.3950000
v 0.0600000 0.1000000 0.4350000
v 0.0600000 0.1000000 0.4350000
v 0.0600000 0.1000000 0.4350000
v 0.0600000 0.1000000 0.4350000
v 0.1000000 0.1000000 0.3950000
v 0.1000000 0.1000000 0.3950000
v 0.1000000 0.1000000 0.3950000
v 0.1000000 0.1000000 0.3950000
v 0.0600000 0.1282843 0.4232843
v 0.0600000 0.1282843 0.4232843
v 0.0600000 0.1282843 0.4232843
v 0.0600000 0.1282843 0.4232843
v 0.0830940 0.1230940 0.4180940
v 0.0830940 0.1230940 0.4180940
v 0.0830940 0.1230940 0.4180940
v 0.0882843 0.1000000 0.4232843
v 0.0882843 0.1000000 0.4232843
v 0.0882843 0.1000000 0.4232843
v 0.0882843 0.1000000 0.4232843
v 0.0882843 0.1282843 0.3950000
v 0.0882843 0.1282843 0.3950000
v 0.0882843 0.1282843 0.3950000
v 0.0882843 0.1282843 0.3950000
v 0.0600000 -0.0800000 -0.0750000
v 0.0600000 -0.0800000 -0.0750000
v 0.0600000 -0.0800000 -0.0750000
v 0.0600000 -0.0800000 -0.0750000
v 0.0600000 -0.0400000 -0.1150000
v 0.0600000 -0.0400000 -0.1150000
v 0.0600000 -0.0400000 -0.1150000
v 0.0600000 -0.0400000 -0.1150000
v 0.1000000 -0.0400000 -0.0750000
v 0.1000000 -0.0400000 -0.0750000
v 0.1000000 -0.0400000 -0.0750000
v 0.1000000 -0.0400000 -0.0750000
v 0.0600000 -0.0682843 -0.1032843
v 0.0600000 -0.0682843 -0.1032843
v 0.0600000 -0.0682843 -0.1032843
v 0.0600000 -0.0682843 -0.1032843
v 0.0830940 -0.0630940 -0.0980940
v 0.0830940 -0.0630940 -0.0980940
v 0.0830940 -0.0630940 -0.0980940
v 0.0882843 -0.0400000 -0.1032843
v 0.0882843 -0.0400000 -0.1032843
v 0.0882843 -0.0400000 -0.1032843
v 0.0882843 -0.0400000 -0.1032843
v 0.0882843 -0.0682843 -0.0750000
v 0.0882843 -0.0682843 -0.0750000
v 0.0882843 -0.0682843 -0.0750000
v 0.0882843 -0.0682843 -0.0750000
v 0.0600000 0.1400000 -0.0750000
v 0.0600000 0.1400000 -0.0750000
v 0.0600000 0.1400000 -0.0750000
v 0.0600000 0.1400000 -0.0750000
v 0.1000000 0.1000000 -0.0750000
v 0.1000000 0.1000000 -0.0750000
v 0.1000000 0.1000000 -0.0750000
v 0.1000000 0.1000000 -0.0750000
v 0.0600000 0.1000000 -0.1150000
v 0.0600000 0.1000000 -0.1150000
v 0.0600000 0.1000000 -0.1150000
v 0.0600000 0.1000000 -0.1150000
v 0.0882843 0.1282843 -0.0750000
v 0.0882843 0.1282843 -0.0750000
v 0.0882843 0.1282843 -0.0750000
v 0.0882843 0.1282843 -0.0750000
v 0.0830940 0.1230940 -0.0980940
v 0.0830940 0.1230940 -0.0980940
v 0.0830940 0.1230940 -0.0980940
v 0.0882843 0.1000000 -0.1032843
v 0.0882843 0.1000000 -0.1032843
v 0.0882843 0.1000000 -0.1032843
v 0.0882843 0.1000000 -0.1032843
v 0.0600000 0.1282843 -0.1032843
v 0.0600000 0.1282843 -0.1032843
v 0.0600000 0.1282843 -0.1032843
v 0.0600000 0.1282843 -0.1032843
vt 0.1750000 0.2681818
vt 0.1750000 0.2681818
vt 0.1750000 0.2681818
vt 0.1750000 0.2681818
vt 0.4204546 0.0500000
vt 0.4204546 0.0500000
vt 0.4204546 0.0500000
vt 0.4204546 0.0500000
vt 0.4204545 0.9818182
vt 0.4204545 0.9818182
vt 0.4204545 0.9818182
vt 0.4204545 0.9818182
vt 0.3750000 0.0500000
vt 0.1750000 0.2500000
vt 0.3750000 0.0500000
vt 0.1750000 0.2500000
vt 0.3942114 0.0000000
vt 0.1461325 0.2500000
vt 0.3750000 0.9923155
vt 0.4204546 0.0000000
vt 0.4204546 0.0000000
vt 0.4204546 1.0000000
vt 0.4204546 1.0000000
vt 0.1250000 0.2681819
vt 0.1250000 0.2681819
vt 0.3750000 0.9818182
vt 0.3750000 0.9818182
vt 0.5795454 0.0500000
vt 0.5795454 0.0500000
vt 0.5795454 0.0500000
vt 0.5795454 0.0500000
vt 0.8250000 0.2681819
vt 0.8250000 0.2681819
vt 0.8250000 0.2681819
vt 0.8250000 0.2681819
vt 0.5795454 0.9818182
vt 0.5795454 0.9818182
vt 0.5795454 0.9818182
vt 0.5795454 0.9818182
vt 0.6250000 0.0500000
vt 0.8249999 0.2500000
vt 0.6250000 0.0500000
vt 0.8249999 0.2500000
vt 0.6250000 0.0211325
vt 0.8750000 0.2576845
vt 0.6057886 1.0000000
vt 0.8750000 0.2681819
vt 0.8750000 0.2681819
vt 0.6250000 0.9818182
vt 0.6250000 0.9818182
vt 0.5795454 0.0000000
vt 0.5795454 0.0000000
vt 0.5795454 1.0000000
vt 0.5795454 1.0000000
vt 0.1750000 0.4818182
vt 0.1750000 0.4818182
vt 0.1750000 0.4818182
vt 0.1750000 0.4818182
vt 0.4204545 0.7681818
vt 0.4204545 0.7681818
vt 0.4204545 0.7681818
vt 0.4204545 0.7681818
vt 0.4204545 0.7000000
vt 0.4204545 0.7000000
vt 0.4204545 0.7000000
vt 0.4204545 0.7000000
vt 0.1250000 0.4818182
vt 0.1250000 0.4818182
vt 0.3750000 0.7681818
vt 0.3750000 0.7681818
vt 0.3750000 0.7288675
vt 0.1250000 0.4923155
vt 0.3942114 0.7500000
vt 0.4204546 0.7500000
vt 0.4204546 0.7500000
vt 0.4204546 0.7500000
vt 0.4204546 0.7500000
vt 0.3750000 0.7000000
vt 0.1750000 0.5000000
vt 0.3750000 0.7000000
vt 0.1750000 0.5000000
vt 0.8249999 0.4818182
vt 0.8249999 0.4818182
vt 0.8249999 0.4818182
vt 0.8249999 0.4818182
vt 0.5795455 0.7000000
vt 0.5795455 0.7000000
vt 0.5795455 0.7000000
vt 0.5795455 0.7000000
vt 0.5795454 0.7681818
vt 0.5795454 0.7681818
vt 0.5795454 0.7681818
vt 0.5795454 0.7681818
vt 0.6250000 0.7000000
vt 0.8249999 0.5000000
vt 0.6250000 0.7000000
vt 0.8249999 0.5000000
vt 0.6057886 0.7500000
vt 0.8538675 0.5000000
vt 0.6250000 0.7576845
vt 0.5795454 0.7500000
vt 0.5795454 0.7500000
vt 0.5795454 0.7500000
vt 0.5795454 0.7500000
vt 0.8750000 0.4818182
vt 0.8750000 0.4818182
vt 0.6250000 0.7681818
vt 0.6250000 0.7681818
vt 0.3250000 0.2681819
vt 0.3250000 0.2681819
vt 0.3250000 0.2681819
vt 0.3250000 0.2681819
vt 0.4204545 0.2681819
vt 0.4204545 0.2681819
vt 0.4204545 0.2681819
vt 0.4204545 0.2681819
vt 0.4204545 0.2000000
vt 0.4204545 0.2000000
vt 0.4204545 0.2000000
vt 0.4204545 0.2000000
vt 0.3750000 0.2681819
vt 0.3750000 0.2681818
vt 0.3750000 0.2681818
vt 0.3750000 0.2681818
vt 0.3814038 0.2455173
vt 0.3814038 0.2455173
vt 0.3814038 0.2455173
vt 0.4204546 0.2500000
vt 0.4204546 0.2500000
vt 0.4204546 0.2500000
vt 0.4204546 0.2500000
vt 0.3750000 0.2000000
vt 0.3250000 0.2500000
vt 0.3750000 0.2000000
vt 0.3250000 0.2500000
vt 0.6750000 0.2681818
vt 0.6750000 0.2681818
vt 0.6750000 0.2681818
vt 0.6750000 0.2681818
vt 0.5795455 0.1999999
vt 0.5795455 0.1999999
vt 0.5795455 0.1999999
vt 0.5795455 0.1999999
vt 0.5795454 0.2681819
vt 0.5795454 0.2681819
vt 0.5795454 0.2681819
vt 0.5795454 0.2681819
vt 0.6250000 0.2000000
vt 0.6750000 0.2500000
vt 0.6250000 0.2000000
vt 0.6750000 0.2500000
vt 0.6256404 0.2525615
vt 0.6256404 0.2525615
vt 0.6256404 0.2525615
vt 0.5795454 0.2500000
vt 0.5795454 0.2500000
vt 0.5795454 0.2500000
vt 0.5795454 0.2500000
vt 0.6250000 0.2681819
vt 0.6250000 0.2681819
vt 0.6250000 0.2681819
vt 0.6250000 0.2681819
vt 0.3250000 0.4818182
vt 0.3250000 0.4818182
vt 0.3250000 0.4818182
vt 0.3250000 0.4818182
vt 0.4204546 0.5500000
vt 0.4204546 0.5500000
vt 0.4204546 0.5500000
vt 0.4204546 0.5500000
vt 0.4204545 0.4818182
vt 0.4204545 0.4818182
vt 0.4204545 0.4818182
vt 0.4204545 0.4818182
vt 0.3750000 0.5500000
vt 0.3250000 0.5000000
vt 0.3750000 0.5500000
vt 0.3250000 0.5000000
vt 0.3743596 0.4974385
vt 0.3743596 0.4974385
vt 0.3743596 0.4974385
vt 0.4204546 0.5000000
vt 0.4204546 0.5000000
vt 0.4204546 0.5000000
vt 0.4204546 0.5000000
vt 0.3750000 0.4818182
vt 0.3750000 0.4818182
vt 0.3750000 0.4818182
vt 0.3750000 0.4818182
vt 0.6750000 0.4818182
vt 0.6750000 0.4818182
vt 0.6750000 0.4818182
vt 0.6750000 0.4818182
vt 0.5795454 0.4818182
vt 0.5795454 0.4818182
vt 0.5795454 0.4818182
vt 0.5795454 0.4818182
vt 0.5795454 0.5500000
vt 0.5795454 0.5500000
vt 0.5795454 0.5500000
vt 0.5795454 0.5500000
vt 0.6250000 0.4818182
vt 0.6250000 0.4818182
vt 0.6250000 0.4818182
vt 0.6250000 0.4818182
vt 0.6185963 0.5044826
vt 0.6185963 0.5044826
vt 0.6185963 0.5044826
vt 0.5795454 0.5000000
vt 0.5795454 0.5000000
vt 0.5795454 0.5000000
vt 0.5795454 0.5000000
vt 0.6250000 0.5500000
vt 0.6750000 0.5000000
vt 0.6250000 0.5500000
vt 0.6750000 0.5000000
vn 0.0000000 -0.9238767 0.3826903
vn 0.0000000 -1.0000000 0.0000000
vn -0.3250835 -0.8880549 0.3250835
vn -0.3826903 -0.9238767 0.0000000
vn 0.0000000 0.0000000 1.0000000
vn 0.0000000 -0.3826903 0.9238767
vn -0.3250835 -0.3250835 0.8880549
vn -0.3826903 0.0000000 0.9238767
vn -0.8880549 -0.3250835 0.3250835
vn -0.9238767 0.0000000 0.3826903
vn -0.9238767 -0.3826903 0.0000000
vn -1.0000000 0.0000000 0.0000000
vn 0.0000000 -0.3826903 0.9238767
vn 0.0000000 -0.9238767 0.3826903
vn -0.3250835 -0.3250835 0.8880549
vn -0.3250835 -0.8880549 0.3250835
vn -0.3250835 -0.3250835 0.8880549
vn -0.3250835 -0.8880549 0.3250835
vn -0.8880549 -0.3250835 0.3250835
vn -0.3250835 -0.3250835 0.8880549
vn -0.3826903 0.0000000 0.9238767
vn -0.8880549 -0.3250835 0.3250835
vn -0.9238767 0.0000000 0.3826903
vn -0.3250835 -0.8880549 0.3250835
vn -0.3826903 -0.9238767 0.0000000
vn -0.8880549 -0.3250835 0.3250835
vn -0.9238767 -0.3826903 0.0000000
vn 0.0000000 0.0000000 1.0000000
vn 0.0000000 0.3826903 0.9238767
vn -0.3250835 0.3250835 0.8880549
vn -0.3826903 0.0000000 0.9238767
vn 0.0000000 0.9238767 0.3826903
vn 0.0000000 1.0000000 0.0000000
vn -0.3250835 0.8880549 0.3250835
vn -0.3826903 0.9238767 0.0000000
vn -0.8880549 0.3250835 0.3250835
vn -0.9238767 0.0000000 0.3826903
vn -0.9238767 0.3826903 0.0000000
vn -1.0000000 0.0000000 0.0000000
vn 0.0000000 0.3826903 0.9238767
vn 0.0000000 0.9238767 0.3826903
vn -0.3250835 0.3250835 0.8880549
vn -0.3250835 0.8880549 0.3250835
vn -0.3250835 0.3250835 0.8880549
vn -0.3250835 0.8880549 0.3250835
vn -0.8880549 0.3250835 0.3250835
vn -0.3250835 0.8880549 0.3250835
vn -0.3826903 0.9238767 0.0000000
vn -0.8880549 0.3250835 0.3250835
vn -0.9238767 0.3826903 0.0000000
vn -0.3250835 0.3250835 0.8880549
vn -0.3826903 0.0000000 0.9238767
vn -0.8880549 0.3250835 0.3250835
vn -0.9238767 0.0000000 0.3826903
vn 0.0000000 -0.9238767 -0.3826903
vn 0.0000000 -1.0000000 0.0000000
vn -0.3250835 -0.8880549 -0.3250835
vn -0.3826903 -0.9238767 0.0000000
vn -0.8880549 -0.3250835 -0.3250835
vn -0.9238767 0.0000000 -0.3826903
vn -0.9238767 -0.3826903 0.0000000
vn -1.0000000 0.0000000 0.0000000
vn 0.0000000 0.0000000 -1.0000000
vn 0.0000000 -0.3826903 -0.9238767
vn -0.3250835 -0.3250835 -0.8880549
vn -0.3826903 0.0000000 -0.9238767
vn -0.3250835 -0.8880549 -0.3250835
vn -0.3826903 -0.9238767 0.0000000
vn -0.8880549 -0.3250835 -0.3250835
vn -0.9238767 -0.3826903 0.0000000
vn -0.3250835 -0.3250835 -0.8880549
vn -0.3250835 -0.8880549 -0.3250835
vn -0.8880549 -0.3250835 -0.3250835
vn -0.3250835 -0.3250835 -0.8880549
vn -0.3826903 0.0000000 -0.9238767
vn -0.8880549 -0.3250835 -0.3250835
vn -0.9238767 0.0000000 -0.3826903
vn 0.0000000 -0.3826903 -0.9238767
vn 0.0000000 -0.9238767 -0.3826903
vn -0.3250835 -0.3250835 -0.8880549
vn -0.3250835 -0.8880549 -0.3250835
vn 0.0000000 0.9238767 -0.3826903
vn 0.0000000 1.0000000 0.0000000
vn -0.3250835 0.8880549 -0.3250835
vn -0.3826903 0.9238767 0.0000000
vn 0.0000000 0.0000000 -1.0000000
vn 0.0000000 0.3826903 -0.9238767
vn -0.3250835 0.3250835 -0.8880549
vn -0.3826903 0.0000000 -0.9238767
vn -0.8880549 0.3250835 -0.3250835
vn -0.9238767 0.0000000 -0.3826903
vn -0.9238767 0.3826903 0.0000000
vn -1.0000000 0.0000000 0.0000000
vn 0.0000000 0.3826903 -0.9238767
vn 0.0000000 0.9238767 -0.3826903
vn -0.3250835 0.3250835 -0.8880549
vn -0.3250835 0.8880549 -0.3250835
vn -0.3250835 0.3250835 -0.8880549
vn -0.3250835 0.8880549 -0.3250835
vn -0.8880549 0.3250835 -0.3250835
vn -0.3250835 0.3250835 -0.8880549
vn -0.3826903 0.0000000 -0.9238767
vn -0.8880549 0.3250835 -0.3250835
vn -0.9238767 0.0000000 -0.3826903
vn -0.3250835 0.8880549 -0.3250835
vn -0.3826903 0.9238767 0.0000000
vn -0.8880549 0.3250835 -0.3250835
vn -0.9238767 0.3826903 0.0000000
vn 0.0000000 -0.9238767 0.3826903
vn 0.0000000 -1.0000000 0.0000000
vn 0.3250835 -0.8880549 0.3250835
vn 0.3826903 -0.9238767 0.0000000
vn 0.8880549 -0.3250835 0.3250835
vn 0.9238767 0.0000000 0.3826903
vn 0.9238767 -0.3826903 0.0000000
vn 1.0000000 0.0000000 0.0000000
vn 0.0000000 0.0000000 1.0000000
vn 0.0000000 -0.3826903 0.9238767
vn 0.3250835 -0.3250835 0.8880549
vn 0.3826903 0.0000000 0.9238767
vn 0.3250835 -0.8880549 0.3250835
vn 0.3826903 -0.9238767 0.0000000
vn 0.8880549 -0.3250835 0.3250835
vn 0.9238767 -0.3826903 0.0000000
vn 0.3250835 -0.3250835 0.8880549
vn 0.3250835 -0.8880549 0.3250835
vn 0.8880549 -0.3250835 0.3250835
vn 0.3250835 -0.3250835 0.8880549
vn 0.3826903 0.0000000 0.9238767
vn 0.8880549 -0.3250835 0.3250835
vn 0.9238767 0.0000000 0.3826903
vn 0.0000000 -0.3826903 0.9238767
vn 0.0000000 -0.9238767 0.3826903
vn 0.3250835 -0.3250835 0.8880549
vn 0.3250835 -0.8880549 0.3250835
vn 0.0000000 0.9238767 0.3826903
vn 0.0000000 1.0000000 0.0000000
vn 0.3250835 0.8880549 0.3250835
vn 0.3826903 0.9238767 0.0000000
vn 0.0000000 0.0000000 1.0000000
vn 0.0000000 0.3826903 0.9238767
vn 0.3250835 0.3250835 0.8880549
vn 0.3826903 0.0000000 0.9238767
vn 0.8880549 0.3250835 0.3250835
vn 0.9238767 0.0000000 0.3826903
vn 0.9238767 0.3826903 0.0000000
vn 1.0000000 0.0000000 0.0000000
vn 0.0000000 0.3826903 0.9238767
vn 0.0000000 0.9238767 0.3826903
vn 0.3250835 0.3250835 0.8880549
vn 0.3250835 0.8880549 0.3250835
vn 0.3250835 0.3250835 0.8880549
vn 0.3250835 0.8880549 0.3250835
vn 0.8880549 0.3250835 0.3250835
vn 0.3250835 0.3250835 0.8880549
vn 0.3826903 0.0000000 0.9238767
vn 0.8880549 0.3250835 0.3250835
vn 0.9238767 0.0000000 0.3826903
vn 0.3250835 0.8880549 0.3250835
vn 0.3826903 0.9238767 0.0000000
vn 0.8880549 0.3250835 0.3250835
vn 0.9238767 0.3826903 0.0000000
vn 0.0000000 -0.9238767 -0.3826903
vn 0.0000000 -1.0000000 0.0000000
vn 0.3250835 -0.8880549 -0.3250835
vn 0.3826903 -0.9238767 0.0000000
vn 0.0000000 0.0000000 -1.0000000
vn 0.0000000 -0.3826903 -0.9238767
vn 0.3250835 -0.3250835 -0.8880549
vn 0.3826903 0.0000000 -0.9238767
vn 0.8880549 -0.3250835 -0.3250835
vn 0.9238767 0.0000000 -0.3826903
vn 0.9238767 -0.3826903 0.0000000
vn 1.0000000 0.0000000 0.0000000
vn 0.0000000 -0.3826903 -0.9238767
vn 0.0000000 -0.9238767 -0.3826903
vn 0.3250835 -0.3250835 -0.8880549
vn 0.3250835 -0.8880549 -0.3250835
vn 0.3250835 -0.3250835 -0.8880549
vn 0.3250835 -0.8880549 -0.3250835
vn 0.8880549 -0.3250835 -0.3250835
vn 0.3250835 -0.3250835 -0.8880549
vn 0.3826903 0.0000000 -0.9238767
vn 0.8880549 -0.3250835 -0.3250835
vn 0.9238767 0.0000000 -0.3826903
vn 0.3250835 -0.8880549 -0.3250835
vn 0.3826903 -0.9238767 0.0000000
vn 0.8880549 -0.3250835 -0.3250835
vn 0.9238767 -0.3826903 0.0000000
vn 0.0000000 0.9238767 -0.3826903
vn 0.0000000 1.0000000 0.0000000
vn 0.3250835 0.8880549 -0.3250835
vn 0.3826903 0.9238767 0.0000000
vn 0.8880549 0.3250835 -0.3250835
vn 0.9238767 0.0000000 -0.3826903
vn 0.9238767 0.3826903 0.0000000
vn 1.0000000 0.0000000 0.0000000
vn 0.0000000 0.0000000 -1.0000000
vn 0.0000000 0.3826903 -0.9238767
vn 0.3250835 0.3250835 -0.8880549
vn 0.3826903 0.0000000 -0.9238767
vn 0.3250835 0.8880549 -0.3250835
vn 0.3826903 0.9238767 0.0000000
vn 0.8880549 0.3250835 -0.3250835
vn 0.9238767 0.3826903 0.0000000
vn 0.3250835 0.3250835 -0.8880549
vn 0.3250835 0.8880549 -0.3250835
vn 0.8880549 0.3250835 -0.3250835
vn 0.3250835 0.3250835 -0.8880549
vn 0.3826903 0.0000000 -0.9238767
vn 0.8880549 0.3250835 -0.3250835
vn 0.9238767 0.0000000 -0.3826903
vn 0.0000000 0.3826903 -0.9238767
vn 0.0000000 0.9238767 -0.3826903
vn 0.3250835 0.3250835 -0.8880549
vn 0.3250835 0.8880549 -0.3250835
f 3135/3135/3135 3158/3158/3158 3046/3046/3046
f 3135/3135/3135 3046/3046/3046 3023/3023/3023
f 3192/3192/3192 3215/3215/3215 3165/3165/3165
f 3192/3192/3192 3165/3165/3165 3134/3134/3134
f 3209/3209/3209 3101/3101/3101 3051/3051/3051
f 3209/3209/3209 3051/3051/3051 3155/3155/3155
f 3030/3030/3030 3057/3057/3057 3111/3111/3111
f 3030/3030/3030 3111/3111/3111 3080/3080/3080
f 3081/3081/3081 3104/3104/3104 3216/3216/3216
f 3081/3081/3081 3216/3216/3216 3185/3185/3185
f 3021/3021/3021 3034/3034/3034 3036/3036/3036
f 3021/3021/3021 3036/3036/3036 3042/3042/3042
f 3025/3025/3025 3038/3038/3038 3035/3035/3035
f 3025/3025/3025 3035/3035/3035 3033/3033/3033
f 3027/3027/3027 3044/3044/3044 3037/3037/3037
f 3027/3027/3027 3037/3037/3037 3040/3040/3040
f 3048/3048/3048 3060/3060/3060 3062/3062/3062
f 3048/3048/3048 3062/3062/3062 3069/3069/3069
f 3052/3052/3052 3065/3065/3065 3063/3063/3063
f 3052/3052/3052 3063/3063/3063 3061/3061/3061
f 3054/3054/3054 3071/3071/3071 3064/3064/3064
f 3054/3054/3054 3064/3064/3064 3067/3067/3067
f 3075/3075/3075 3085/3085/3085 3090/3090/3090
f 3075/3075/3075 3090/3090/3090 3099/3099/3099
f 3077/3077/3077 3094/3094/3094 3091/3091/3091
f 3077/3077/3077 3091/3091/3091 3087/3087/3087
f 3083/3083/3083 3098/3098/3098 3089/3089/3089
f 3083/3083/3083 3089/3089/3089 3092/3092/3092
f 3102/3102/3102 3115/3115/3115 3117/3117/3117
f 3102/3102/3102 3117/3117/3117 3123/3123/3123
f 3106/3106/3106 3119/3119/3119 3116/3116/3116
f 3106/3106/3106 3116/3116/3116 3114/3114/3114
f 3108/3108/3108 3125/3125/3125 3118/3118/3118
f 3108/3108/3108 3118/3118/3118 3121/3121/3121
f 3129/3129/3129 3139/3139/3139 3144/3144/3144
f 3129/3129/3129 3144/3144/3144 3153/3153/3153
f 3131/3131/3131 3148/3148/3148 3145/3145/3145
f 3131/3131/3131 3145/3145/3145 3141/3141/3141
f 3137/3137/3137 3152/3152/3152 3143/3143/3143
f 3137/3137/3137 3143/3143/3143 3146/3146/3146
f 3156/3156/3156 3169/3169/3169 3171/3171/3171
f 3156/3156/3156 3171/3171/3171 3177/3177/3177
f 3160/3160/3160 3173/3173/3173 3170/3170/3170
f 3160/3160/3160 3170/3170/3170 3168/3168/3168
f 3162/3162/3162 3179/3179/3179 3172/3172/3172
f 3162/3162/3162 3172/3172/3172 3175/3175/3175
f 3183/3183/3183 3196/3196/3196 3198/3198/3198
f 3183/3183/3183 3198/3198/3198 3204/3204/3204
f 3187/3187/3187 3200/3200/3200 3197/3197/3197
f 3187/3187/3187 3197/3197/3197 3195/3195/3195
f 3189/3189/3189 3206/3206/3206 3199/3199/3199
f 3189/3189/3189 3199/3199/3199 3202/3202/3202
f 3210/3210/3210 3220/3220/3220 3225/3225/3225
f 3210/3210/3210 3225/3225/3225 3234/3234/3234
f 3212/3212/3212 3229/3229/3229 3226/3226/3226
f 3212/3212/3212 3226/3226/3226 3222/3222/3222
f 3218/3218/3218 3233/3233/3233 3224/3224/3224
f 3218/3218/3218 3224/3224/3224 3227/3227/3227
f 3076/3076/3076 3022/3022/3022 3043/3043/3043
f 3076/3076/3076 3043/3043/3043 3086/3086/3086
f 3088/3088/3088 3045/3045/3045 3029/3029/3029
f 3088/3088/3088 3029/3029/3029 3079/3079/3079
f 3026/3026/3026 3049/3049/3049 3070/3070/3070
f 3026/3026/3026 3070/3070/3070 3039/3039/3039
f 3041/3041/3041 3072/3072/3072 3055/3055/3055
f 3041/3041/3041 3055/3055/3055 3028/3028/3028
f 3053/3053/3053 3103/3103/3103 3124/3124/3124
f 3053/3053/3053 3124/3124/3124 3066/3066/3066
f 3068/3068/3068 3126/3126/3126 3110/3110/3110
f 3068/3068/3068 3110/3110/3110 3056/3056/3056
f 3107/3107/3107 3084/3084/3084 3093/3093/3093
f 3107/3107/3107 3093/3093/3093 3120/3120/3120
f 3122/3122/3122 3095/3095/3095 3078/3078/3078
f 3122/3122/3122 3078/3078/3078 3109/3109/3109
f 3181/3181/3181 3073/3073/3073 3097/3097/3097
f 3181/3181/3181 3097/3097/3097 3194/3194/3194
f 3193/3193/3193 3096/3096/3096 3082/3082/3082
f 3193/3193/3193 3082/3082/3082 3186/3186/3186
f 3100/3100/3100 3208/3208/3208 3232/3232/3232
f 3100/3100/3100 3232/3232/3232 3113/3113/3113
f 3112/3112/3112 3231/3231/3231 3217/3217/3217
f 3112/3112/3112 3217/3217/3217 3105/3105/3105
f 3213/3213/3213 3190/3190/3190 3203/3203/3203
f 3213/3213/3213 3203/3203/3203 3230/3230/3230
f 3228/3228/3228 3201/3201/3201 3188/3188/3188
f 3228/3228/3228 3188/3188/3188 3219/3219/3219
f 3130/3130/3130 3184/3184/3184 3205/3205/3205
f 3130/3130/3130 3205/3205/3205 3140/3140/3140
f 3142/3142/3142 3207/3207/3207 3191/3191/3191
f 3142/3142/3142 3191/3191/3191 3133/3133/3133
f 3211/3211/3211 3157/3157/3157 3178/3178/3178
f 3211/3211/3211 3178/3178/3178 3221/3221/3221
f 3223/3223/3223 3180/3180/3180 3164/3164/3164
f 3223/3223/3223 3164/3164/3164 3214/3214/3214
f 3161/3161/3161 3138/3138/3138 3147/3147/3147
f 3161/3161/3161 3147/3147/3147 3174/3174/3174
f 3176/3176/3176 3149/3149/3149 3132/3132/3132
f 3176/3176/3176 3132/3132/3132 3163/3163/3163
f 3019/3019/3019 3127/3127/3127 3151/3151/3151
f 3019/3019/3019 3151/3151/3151 3032/3032/3032
f 3031/3031/3031 3150/3150/3150 3136/3136/3136
f 3031/3031/3031 3136/3136/3136 3024/3024/3024
f 3154/3154/3154 3050/3050/3050 3059/3059/3059
f 3154/3154/3154 3059/3059/3059 3167/3167/3167
f 3166/3166/3166 3058/3058/3058 3047/3047/3047
f 3166/3166/3166 3047/3047/3047 3159/3159/3159
f 3074/3074/3074 3182/3182/3182 3128/3128/3128
f 3074/3074/3074 3128/3128/3128 3020/3020/3020
o Scope_body_0
usemtl Polymer_Black
v -0.0000000 0.2817944 0.0100000
v -0.0000000 0.2817944 0.0100000
v -0.0000000 0.2817944 0.0100000
v 0.0000000 0.2920000 0.0200800
v 0.0000000 0.2920000 0.0200800
v 0.0000000 0.2920000 0.0200800
v 0.0000000 0.2920000 0.0200800
v -0.0000000 0.2890109 0.0129524
v -0.0000000 0.2890109 0.0129524
v -0.0000000 0.2890109 0.0129524
v -0.0000000 0.2890109 0.0129524
v 0.0000000 0.2817943 0.4900000
v 0.0000000 0.2817943 0.4900000
v 0.0000000 0.2817943 0.4900000
v 0.0000000 0.2920000 0.4799200
v 0.0000000 0.2920000 0.4799200
v 0.0000000 0.2920000 0.4799200
v 0.0000000 0.2920000 0.4799200
v 0.0000000 0.2890108 0.4870477
v 0.0000000 0.2890108 0.4870477
v 0.0000000 0.2890108 0.4870477
v 0.0000000 0.2890108 0.4870477
v 0.0190955 0.2787700 0.0100000
v 0.0190955 0.2787700 0.0100000
v 0.0190955 0.2787700 0.0100000
v 0.0222492 0.2884761 0.0200800
v 0.0222492 0.2884761 0.0200800
v 0.0222492 0.2884761 0.0200800
v 0.0222492 0.2884761 0.0200800
v 0.0213255 0.2856332 0.0129524
v 0.0213255 0.2856332 0.0129524
v 0.0213255 0.2856332 0.0129524
v 0.0213255 0.2856332 0.0129524
v 0.0190955 0.2787699 0.4900000
v 0.0190955 0.2787699 0.4900000
v 0.0190955 0.2787699 0.4900000
v 0.0222492 0.2884760 0.4799200
v 0.0222492 0.2884760 0.4799200
v 0.0222492 0.2884760 0.4799200
v 0.0222492 0.2884760 0.4799200
v 0.0213255 0.2856332 0.4870477
v 0.0213255 0.2856332 0.4870477
v 0.0213255 0.2856332 0.4870477
v 0.0213255 0.2856332 0.4870477
v 0.0363218 0.2699927 0.0100000
v 0.0363218 0.2699927 0.0100000
v 0.0363218 0.2699927 0.0100000
v 0.0423205 0.2782493 0.0200800
v 0.0423205 0.2782493 0.0200800
v 0.0423205 0.2782493 0.0200800
v 0.0423205 0.2782493 0.0200800
v 0.0405635 0.2758310 0.0129524
v 0.0405635 0.2758310 0.0129524
v 0.0405635 0.2758310 0.0129524
v 0.0405635 0.2758310 0.0129524
v 0.0363218 0.2699926 0.4900000
v 0.0363218 0.2699926 0.4900000
v 0.0363218 0.2699926 0.4900000
v 0.0423205 0.2782492 0.4799200
v 0.0423205 0.2782492 0.4799200
v 0.0423205 0.2782492 0.4799200
v 0.0423205 0.2782492 0.4799200
v 0.0405635 0.2758309 0.4870477
v 0.0405635 0.2758309 0.4870477
v 0.0405635 0.2758309 0.4870477
v 0.0405635 0.2758309 0.4870477
v 0.0499927 0.2563218 0.0100000
v 0.0499927 0.2563218 0.0100000
v 0.0499927 0.2563218 0.0100000
v 0.0582492 0.2623206 0.0200800
v 0.0582492 0.2623206 0.0200800
v 0.0582492 0.2623206 0.0200800
v 0.0582492 0.2623206 0.0200800
v 0.0558309 0.2605636 0.0129524
v 0.0558309 0.2605636 0.0129524
v 0.0558309 0.2605636 0.0129524
v 0.0558309 0.2605636 0.0129524
v 0.0499927 0.2563218 0.4900000
v 0.0499927 0.2563218 0.4900000
v 0.0499927 0.2563218 0.4900000
v 0.0582492 0.2623205 0.4799200
v 0.0582492 0.2623205 0.4799200
v 0.0582492 0.2623205 0.4799200
v 0.0582492 0.2623205 0.4799200
v 0.0558309 0.2605635 0.4870476
v 0.0558309 0.2605635 0.4870476
v 0.0558309 0.2605635 0.4870476
v 0.0558309 0.2605635 0.4870476
v 0.0587699 0.2390955 0.0100000
v 0.0587699 0.2390955 0.0100000
v 0.0587699 0.2390955 0.0100000
v 0.0684761 0.2422493 0.0200800
v 0.0684761 0.2422493 0.0200800
v 0.0684761 0.2422493 0.0200800
v 0.0684761 0.2422493 0.0200800
v 0.0656332 0.2413256 0.0129524
v 0.0656332 0.2413256 0.0129524
v 0.0656332 0.2413256 0.0129524
v 0.0656332 0.2413256 0.0129524
v 0.0587699 0.2390955 0.4900000
v 0.0587699 0.2390955 0.4900000
v 0.0587699 0.2390955 0.4900000
v 0.0684761 0.2422492 0.4799200
v 0.0684761 0.2422492 0.4799200
v 0.0684761 0.2422492 0.4799200
v 0.0684761 0.2422492 0.4799200
v 0.0656332 0.2413255 0.4870476
v 0.0656332 0.2413255 0.4870476
v 0.0656332 0.2413255 0.4870476
v 0.0656332 0.2413255 0.4870476
v 0.0617943 0.2200000 0.0100000
v 0.0617943 0.2200000 0.0100000
v 0.0617943 0.2200000 0.0100000
v 0.0720000 0.2200000 0.0200800
v 0.0720000 0.2200000 0.0200800
v 0.0720000 0.2200000 0.0200800
v 0.0720000 0.2200000 0.0200800
v 0.0690108 0.2200000 0.0129524
v 0.0690108 0.2200000 0.0129524
v 0.0690108 0.2200000 0.0129524
v 0.0690108 0.2200000 0.0129524
v 0.0617943 0.2200000 0.4900000
v 0.0617943 0.2200000 0.4900000
v 0.0617943 0.2200000 0.4900000
v 0.0720000 0.2200000 0.4799200
v 0.0720000 0.2200000 0.4799200
v 0.0720000 0.2200000 0.4799200
v 0.0720000 0.2200000 0.4799200
v 0.0690108 0.2200000 0.4870476
v 0.0690108 0.2200000 0.4870476
v 0.0690108 0.2200000 0.4870476
v 0.0690108 0.2200000 0.4870476
v 0.0587699 0.2009045 0.0100000
v 0.0587699 0.2009045 0.0100000
v 0.0587699 0.2009045 0.0100000
v 0.0684761 0.1977508 0.0200800
v 0.0684761 0.1977508 0.0200800
v 0.0684761 0.1977508 0.0200800
v 0.0684761 0.1977508 0.0200800
v 0.0656332 0.1986745 0.0129524
v 0.0656332 0.1986745 0.0129524
v 0.0656332 0.1986745 0.0129524
v 0.0656332 0.1986745 0.0129524
v 0.0587699 0.2009045 0.4900000
v 0.0587699 0.2009045 0.4900000
v 0.0587699 0.2009045 0.4900000
v 0.0684761 0.1977507 0.4799200
v 0.0684761 0.1977507 0.4799200
v 0.0684761 0.1977507 0.4799200
v 0.0684761 0.1977507 0.4799200
v 0.0656332 0.1986744 0.4870476
v 0.0656332 0.1986744 0.4870476
v 0.0656332 0.1986744 0.4870476
v 0.0656332 0.1986744 0.4870476
v 0.0499927 0.1836782 0.0100000
v 0.0499927 0.1836782 0.0100000
v 0.0499927 0.1836782 0.0100000
v 0.0582492 0.1776795 0.0200800
v 0.0582492 0.1776795 0.0200800
v 0.0582492 0.1776795 0.0200800
v 0.0582492 0.1776795 0.0200800
v 0.0558309 0.1794365 0.0129524
v 0.0558309 0.1794365 0.0129524
v 0.0558309 0.1794365 0.0129524
v 0.0558309 0.1794365 0.0129524
v 0.0499927 0.1836782 0.4900000
v 0.0499927 0.1836782 0.4900000
v 0.0499927 0.1836782 0.4900000
v 0.0582492 0.1776794 0.4799200
v 0.0582492 0.1776794 0.4799200
v 0.0582492 0.1776794 0.4799200
v 0.0582492 0.1776794 0.4799200
v 0.0558309 0.1794364 0.4870476
v 0.0558309 0.1794364 0.4870476
v 0.0558309 0.1794364 0.4870476
v 0.0558309 0.1794364 0.4870476
v 0.0363218 0.1700074 0.0100000
v 0.0363218 0.1700074 0.0100000
v 0.0363218 0.1700074 0.0100000
v 0.0423205 0.1617508 0.0200800
v 0.0423205 0.1617508 0.0200800
v 0.0423205 0.1617508 0.0200800
v 0.0423205 0.1617508 0.0200800
v 0.0405635 0.1641691 0.0129523
v 0.0405635 0.1641691 0.0129523
v 0.0405635 0.1641691 0.0129523
v 0.0405635 0.1641691 0.0129523
v 0.0363218 0.1700073 0.4900000
v 0.0363218 0.1700073 0.4900000
v 0.0363218 0.1700073 0.4900000
v 0.0423205 0.1617507 0.4799200
v 0.0423205 0.1617507 0.4799200
v 0.0423205 0.1617507 0.4799200
v 0.0423205 0.1617507 0.4799200
v 0.0405635 0.1641690 0.4870476
v 0.0405635 0.1641690 0.4870476
v 0.0405635 0.1641690 0.4870476
v 0.0405635 0.1641690 0.4870476
v 0.0190955 0.1612301 0.0100000
v 0.0190955 0.1612301 0.0100000
v 0.0190955 0.1612301 0.0100000
v 0.0222492 0.1515240 0.0200800
v 0.0222492 0.1515240 0.0200800
v 0.0222492 0.1515240 0.0200800
v 0.0222492 0.1515240 0.0200800
v 0.0213255 0.1543668 0.0129523
v 0.0213255 0.1543668 0.0129523
v 0.0213255 0.1543668 0.0129523
v 0.0213255 0.1543668 0.0129523
v 0.0190955 0.1612300 0.4900000
v 0.0190955 0.1612300 0.4900000
v 0.0190955 0.1612300 0.4900000
v 0.0222492 0.1515239 0.4799200
v 0.0222492 0.1515239 0.4799200
v 0.0222492 0.1515239 0.4799200
v 0.0222492 0.1515239 0.4799200
v 0.0213255 0.1543668 0.4870476
v 0.0213255 0.1543668 0.4870476
v 0.0213255 0.1543668 0.4870476
v 0.0213255 0.1543668 0.4870476
v 0.0000000 0.1582057 0.0100000
v 0.0000000 0.1582057 0.0100000
v 0.0000000 0.1582057 0.0100000
v 0.0000000 0.1480000 0.0200800
v 0.0000000 0.1480000 0.0200800
v 0.0000000 0.1480000 0.0200800
v 0.0000000 0.1480000 0.0200800
v 0.0000000 0.1509892 0.0129523
v 0.0000000 0.1509892 0.0129523
v 0.0000000 0.1509892 0.0129523
v 0.0000000 0.1509892 0.0129523
v -0.0000000 0.1582056 0.4900000
v -0.0000000 0.1582056 0.4900000
v -0.0000000 0.1582056 0.4900000
v 0.0000000 0.1480000 0.4799200
v 0.0000000 0.1480000 0.4799200
v 0.0000000 0.1480000 0.4799200
v 0.0000000 0.1480000 0.4799200
v -0.0000000 0.1509891 0.4870476
v -0.0000000 0.1509891 0.4870476
v -0.0000000 0.1509891 0.4870476
v -0.0000000 0.1509891 0.4870476
v -0.0190955 0.1612301 0.0100000
v -0.0190955 0.1612301 0.0100000
v -0.0190955 0.1612301 0.0100000
v -0.0222492 0.1515240 0.0200800
v -0.0222492 0.1515240 0.0200800
v -0.0222492 0.1515240 0.0200800
v -0.0222492 0.1515240 0.0200800
v -0.0213255 0.1543668 0.0129523
v -0.0213255 0.1543668 0.0129523
v -0.0213255 0.1543668 0.0129523
v -0.0213255 0.1543668 0.0129523
v -0.0190955 0.1612300 0.4900000
v -0.0190955 0.1612300 0.4900000
v -0.0190955 0.1612300 0.4900000
v -0.0222492 0.1515239 0.4799200
v -0.0222492 0.1515239 0.4799200
v -0.0222492 0.1515239 0.4799200
v -0.0222492 0.1515239 0.4799200
v -0.0213255 0.1543668 0.4870476
v -0.0213255 0.1543668 0.4870476
v -0.0213255 0.1543668 0.4870476
v -0.0213255 0.1543668 0.4870476
v -0.0363218 0.1700074 0.0100000
v -0.0363218 0.1700074 0.0100000
v -0.0363218 0.1700074 0.0100000
v -0.0423205 0.1617508 0.0200800
v -0.0423205 0.1617508 0.0200800
v -0.0423205 0.1617508 0.0200800
v -0.0423205 0.1617508 0.0200800
v -0.0405635 0.1641691 0.0129523
v -0.0405635 0.1641691 0.0129523
v -0.0405635 0.1641691 0.0129523
v -0.0405635 0.1641691 0.0129523
v -0.0363218 0.1700073 0.4900000
v -0.0363218 0.1700073 0.4900000
v -0.0363218 0.1700073 0.4900000
v -0.0423205 0.1617507 0.4799200
v -0.0423205 0.1617507 0.4799200
v -0.0423205 0.1617507 0.4799200
v -0.0423205 0.1617507 0.4799200
v -0.0405635 0.1641690 0.4870476
v -0.0405635 0.1641690 0.4870476
v -0.0405635 0.1641690 0.4870476
v -0.0405635 0.1641690 0.4870476
v -0.0499927 0.1836782 0.0100000
v -0.0499927 0.1836782 0.0100000
v -0.0499927 0.1836782 0.0100000
v -0.0582492 0.1776795 0.0200800
v -0.0582492 0.1776795 0.0200800
v -0.0582492 0.1776795 0.0200800
v -0.0582492 0.1776795 0.0200800
v -0.0558309 0.1794365 0.0129524
v -0.0558309 0.1794365 0.0129524
v -0.0558309 0.1794365 0.0129524
v -0.0558309 0.1794365 0.0129524
v -0.0499927 0.1836782 0.4900000
v -0.0499927 0.1836782 0.4900000
v -0.0499927 0.1836782 0.4900000
v -0.0582492 0.1776794 0.4799200
v -0.0582492 0.1776794 0.4799200
v -0.0582492 0.1776794 0.4799200
v -0.0582492 0.1776794 0.4799200
v -0.0558309 0.1794364 0.4870476
v -0.0558309 0.1794364 0.4870476
v -0.0558309 0.1794364 0.4870476
v -0.0558309 0.1794364 0.4870476
v -0.0587699 0.2009045 0.0100000
v -0.0587699 0.2009045 0.0100000
v -0.0587699 0.2009045 0.0100000
v -0.0684761 0.1977508 0.0200800
v -0.0684761 0.1977508 0.0200800
v -0.0684761 0.1977508 0.0200800
v -0.0684761 0.1977508 0.0200800
v -0.0656332 0.1986745 0.0129524
v -0.0656332 0.1986745 0.0129524
v -0.0656332 0.1986745 0.0129524
v -0.0656332 0.1986745 0.0129524
v -0.0587699 0.2009045 0.4900000
v -0.0587699 0.2009045 0.4900000
v -0.0587699 0.2009045 0.4900000
v -0.0684761 0.1977507 0.4799200
v -0.0684761 0.1977507 0.4799200
v -0.0684761 0.1977507 0.4799200
v -0.0684761 0.1977507 0.4799200
v -0.0656332 0.1986744 0.4870476
v -0.0656332 0.1986744 0.4870476
v -0.0656332 0.1986744 0.4870476
v -0.0656332 0.1986744 0.4870476
v -0.0617943 0.2200000 0.0100000
v -0.0617943 0.2200000 0.0100000
v -0.0617943 0.2200000 0.0100000
v -0.0720000 0.2200000 0.0200800
v -0.0720000 0.2200000 0.0200800
v -0.0720000 0.2200000 0.0200800
v -0.0720000 0.2200000 0.0200800
v -0.0690108 0.2200000 0.0129524
v -0.0690108 0.2200000 0.0129524
v -0.0690108 0.2200000 0.0129524
v -0.0690108 0.2200000 0.0129524
v -0.0617943 0.2200000 0.4900000
v -0.0617943 0.2200000 0.4900000
v -0.0617943 0.2200000 0.4900000
v -0.0720000 0.2200000 0.4799200
v -0.0720000 0.2200000 0.4799200
v -0.0720000 0.2200000 0.4799200
v -0.0720000 0.2200000 0.4799200
v -0.0690108 0.2200000 0.4870476
v -0.0690108 0.2200000 0.4870476
v -0.0690108 0.2200000 0.4870476
v -0.0690108 0.2200000 0.4870476
v -0.0587699 0.2390955 0.0100000
v -0.0587699 0.2390955 0.0100000
v -0.0587699 0.2390955 0.0100000
v -0.0684761 0.2422493 0.0200800
v -0.0684761 0.2422493 0.0200800
v -0.0684761 0.2422493 0.0200800
v -0.0684761 0.2422493 0.0200800
v -0.0656332 0.2413256 0.0129524
v -0.0656332 0.2413256 0.0129524
v -0.0656332 0.2413256 0.0129524
v -0.0656332 0.2413256 0.0129524
v -0.0587699 0.2390955 0.4900000
v -0.0587699 0.2390955 0.4900000
v -0.0587699 0.2390955 0.4900000
v -0.0684761 0.2422492 0.4799200
v -0.0684761 0.2422492 0.4799200
v -0.0684761 0.2422492 0.4799200
v -0.0684761 0.2422492 0.4799200
v -0.0656332 0.2413255 0.4870476
v -0.0656332 0.2413255 0.4870476
v -0.0656332 0.2413255 0.4870476
v -0.0656332 0.2413255 0.4870476
v -0.0499927 0.2563218 0.0100000
v -0.0499927 0.2563218 0.0100000
v -0.0499927 0.2563218 0.0100000
v -0.0582492 0.2623206 0.0200800
v -0.0582492 0.2623206 0.0200800
v -0.0582492 0.2623206 0.0200800
v -0.0582492 0.2623206 0.0200800
v -0.0558309 0.2605636 0.0129524
v -0.0558309 0.2605636 0.0129524
v -0.0558309 0.2605636 0.0129524
v -0.0558309 0.2605636 0.0129524
v -0.0499927 0.2563218 0.4900000
v -0.0499927 0.2563218 0.4900000
v -0.0499927 0.2563218 0.4900000
v -0.0582492 0.2623205 0.4799200
v -0.0582492 0.2623205 0.4799200
v -0.0582492 0.2623205 0.4799200
v -0.0582492 0.2623205 0.4799200
v -0.0558309 0.2605635 0.4870476
v -0.0558309 0.2605635 0.4870476
v -0.0558309 0.2605635 0.4870476
v -0.0558309 0.2605635 0.4870476
v -0.0363218 0.2699927 0.0100000
v -0.0363218 0.2699927 0.0100000
v -0.0363218 0.2699927 0.0100000
v -0.0423205 0.2782493 0.0200800
v -0.0423205 0.2782493 0.0200800
v -0.0423205 0.2782493 0.0200800
v -0.0423205 0.2782493 0.0200800
v -0.0405635 0.2758310 0.0129524
v -0.0405635 0.2758310 0.0129524
v -0.0405635 0.2758310 0.0129524
v -0.0405635 0.2758310 0.0129524
v -0.0363218 0.2699926 0.4900000
v -0.0363218 0.2699926 0.4900000
v -0.0363218 0.2699926 0.4900000
v -0.0423205 0.2782492 0.4799200
v -0.0423205 0.2782492 0.4799200
v -0.0423205 0.2782492 0.4799200
v -0.0423205 0.2782492 0.4799200
v -0.0405635 0.2758309 0.4870477
v -0.0405635 0.2758309 0.4870477
v -0.0405635 0.2758309 0.4870477
v -0.0405635 0.2758309 0.4870477
v -0.0190955 0.2787700 0.0100000
v -0.0190955 0.2787700 0.0100000
v -0.0190955 0.2787700 0.0100000
v -0.0222492 0.2884761 0.0200800
v -0.0222492 0.2884761 0.0200800
v -0.0222492 0.2884761 0.0200800
v -0.0222492 0.2884761 0.0200800
v -0.0213255 0.2856332 0.0129524
v -0.0213255 0.2856332 0.0129524
v -0.0213255 0.2856332 0.0129524
v -0.0213255 0.2856332 0.0129524
v -0.0190955 0.2787699 0.4900000
v -0.0190955 0.2787699 0.4900000
v -0.0190955 0.2787699 0.4900000
v -0.0222492 0.2884760 0.4799200
v -0.0222492 0.2884760 0.4799200
v -0.0222492 0.2884760 0.4799200
v -0.0222492 0.2884760 0.4799200
v -0.0213255 0.2856332 0.4870477
v -0.0213255 0.2856332 0.4870477
v -0.0213255 0.2856332 0.4870477
v -0.0213255 0.2856332 0.4870477
vt 0.7499999 0.5440187
vt 0.7499999 0.5440187
vt 0.7499999 0.5440187
vt 1.0000000 0.4895000
vt 1.0000000 0.4895000
vt -0.0000002 0.4895000
vt -0.0000002 0.4895000
vt 0.7515395 0.5102438
vt 0.9989621 0.5000000
vt 0.7484605 0.5102438
vt 0.0010378 0.5000000
vt 0.2500000 0.5440187
vt 0.2500000 0.5440187
vt 0.2500000 0.5440187
vt 1.0000000 0.0105000
vt 1.0000000 0.0105000
vt -0.0000002 0.0105000
vt -0.0000002 0.0105000
vt 0.2515395 0.5102438
vt 0.9989621 0.0000000
vt 0.2484605 0.5102438
vt 0.0010378 0.0000000
vt 0.8136517 0.5541002
vt 0.8136517 0.5541002
vt 0.8136517 0.5541002
vt 0.9500000 0.4895000
vt 0.9500000 0.4895000
vt 0.9500000 0.4895000
vt 0.9500000 0.4895000
vt 0.8226246 0.5215026
vt 0.9510379 0.5000000
vt 0.8255529 0.5224541
vt 0.9489621 0.5000000
vt 0.3136517 0.5541002
vt 0.3136517 0.5541002
vt 0.3136517 0.5541002
vt 0.9500000 0.0105000
vt 0.9500000 0.0105000
vt 0.9500000 0.0105000
vt 0.9500000 0.0105000
vt 0.3226246 0.5215026
vt 0.9510379 0.0000000
vt 0.3255529 0.5224541
vt 0.9489621 0.0000000
vt 0.8710728 0.5833577
vt 0.8710728 0.5833577
vt 0.8710728 0.5833577
vt 0.9000000 0.4895000
vt 0.9000000 0.4895000
vt 0.9000000 0.4895000
vt 0.9000000 0.4895000
vt 0.8896797 0.5551283
vt 0.8921707 0.5569381
vt 0.9010379 0.5000000
vt 0.8989621 0.5000000
vt 0.3710727 0.5833578
vt 0.3710727 0.5833578
vt 0.3710727 0.5833578
vt 0.9000000 0.0105000
vt 0.9000000 0.0105000
vt 0.9000000 0.0105000
vt 0.9000000 0.0105000
vt 0.3896796 0.5551283
vt 0.3921706 0.5569381
vt 0.9010379 0.0000000
vt 0.8989620 0.0000000
vt 0.9166423 0.6289273
vt 0.9166423 0.6289273
vt 0.9166423 0.6289273
vt 0.8500000 0.4895000
vt 0.8500000 0.4895000
vt 0.8500000 0.4895000
vt 0.8500000 0.4895000
vt 0.9430619 0.6078293
vt 0.9448718 0.6103203
vt 0.8510379 0.5000000
vt 0.8489621 0.5000000
vt 0.4166422 0.6289274
vt 0.4166422 0.6289274
vt 0.4166422 0.6289274
vt 0.8500000 0.0105000
vt 0.8500000 0.0105000
vt 0.8500000 0.0105000
vt 0.8500000 0.0105000
vt 0.4430619 0.6078293
vt 0.4448717 0.6103203
vt 0.8510379 0.0000000
vt 0.8489621 0.0000000
vt 0.9458999 0.6863483
vt 0.9458999 0.6863483
vt 0.9458999 0.6863483
vt 0.8000000 0.4895000
vt 0.8000000 0.4895000
vt 0.8000000 0.4895000
vt 0.8000000 0.4895000
vt 0.9775459 0.6744471
vt 0.9784974 0.6773754
vt 0.8010378 0.5000000
vt 0.7989621 0.5000000
vt 0.4458997 0.6863483
vt 0.4458997 0.6863483
vt 0.4458997 0.6863483
vt 0.8000000 0.0105000
vt 0.8000000 0.0105000
vt 0.8000000 0.0105000
vt 0.8000000 0.0105000
vt 0.4775459 0.6744471
vt 0.4784974 0.6773754
vt 0.8010378 0.0000000
vt 0.7989621 0.0000000
vt 0.9559811 0.7500000
vt 0.9559811 0.7500000
vt 0.9559811 0.7500000
vt 0.7499999 0.4895000
vt 0.7499999 0.4895000
vt 0.7499999 0.4895000
vt 0.7499999 0.4895000
vt 0.9897562 0.7515395
vt 0.9897562 0.7484605
vt 0.7489620 0.5000000
vt 0.7510378 0.5000000
vt 0.4559812 0.7500000
vt 0.4559812 0.7500000
vt 0.4559812 0.7500000
vt 0.7499999 0.0105000
vt 0.7499999 0.0105000
vt 0.7499999 0.0105000
vt 0.7499999 0.0105000
vt 0.4897562 0.7515395
vt 0.4897562 0.7484605
vt 0.7489620 0.0000000
vt 0.7510378 0.0000000
vt 0.9458999 0.8136517
vt 0.9458999 0.8136517
vt 0.9458999 0.8136517
vt 0.6999999 0.4895000
vt 0.6999999 0.4895000
vt 0.6999999 0.4895000
vt 0.6999999 0.4895000
vt 0.9775459 0.8255529
vt 0.9784973 0.8226246
vt 0.6989620 0.5000000
vt 0.7010378 0.5000000
vt 0.4458998 0.8136517
vt 0.4458998 0.8136517
vt 0.4458998 0.8136517
vt 0.6999999 0.0105000
vt 0.6999999 0.0105000
vt 0.6999999 0.0105000
vt 0.6999999 0.0105000
vt 0.4775459 0.8255529
vt 0.4784974 0.8226246
vt 0.6989620 0.0000000
vt 0.7010379 0.0000000
vt 0.9166424 0.8710727
vt 0.9166424 0.8710727
vt 0.9166424 0.8710727
vt 0.6499999 0.4895000
vt 0.6499999 0.4895000
vt 0.6499999 0.4895000
vt 0.6499999 0.4895000
vt 0.9430619 0.8921706
vt 0.9448718 0.8896797
vt 0.6489620 0.5000000
vt 0.6510378 0.5000000
vt 0.4166422 0.8710727
vt 0.4166422 0.8710727
vt 0.4166422 0.8710727
vt 0.6499999 0.0105000
vt 0.6499999 0.0105000
vt 0.6499999 0.0105000
vt 0.6499999 0.0105000
vt 0.4430619 0.8921706
vt 0.4448717 0.8896797
vt 0.6489620 0.0000000
vt 0.6510378 0.0000000
vt 0.8710728 0.9166422
vt 0.8710728 0.9166422
vt 0.8710728 0.9166422
vt 0.5999999 0.4895000
vt 0.5999999 0.4895000
vt 0.5999999 0.4895000
vt 0.5999999 0.4895000
vt 0.8896797 0.9448717
vt 0.8921706 0.9430619
vt 0.5989620 0.5000000
vt 0.6010378 0.5000000
vt 0.3710728 0.9166422
vt 0.3710728 0.9166422
vt 0.3710728 0.9166422
vt 0.5999999 0.0105000
vt 0.5999999 0.0105000
vt 0.5999999 0.0105000
vt 0.5999999 0.0105000
vt 0.3896797 0.9448717
vt 0.3921706 0.9430619
vt 0.5989620 0.0000000
vt 0.6010378 0.0000000
vt 0.8136516 0.9458997
vt 0.8136516 0.9458997
vt 0.8136516 0.9458997
vt 0.5499999 0.4895000
vt 0.5499999 0.4895000
vt 0.5499999 0.4895000
vt 0.5499999 0.4895000
vt 0.8226246 0.9784974
vt 0.5489619 0.5000000
vt 0.8255529 0.9775459
vt 0.5510378 0.5000000
vt 0.3136517 0.9458997
vt 0.3136517 0.9458997
vt 0.3136517 0.9458997
vt 0.5499999 0.0105000
vt 0.5499999 0.0105000
vt 0.5499999 0.0105000
vt 0.5499999 0.0105000
vt 0.3226246 0.9784974
vt 0.5489620 0.0000000
vt 0.3255529 0.9775459
vt 0.5510378 0.0000000
vt 0.7499999 0.9559811
vt 0.7499999 0.9559811
vt 0.7499999 0.9559811
vt 0.4999999 0.4895000
vt 0.4999999 0.4895000
vt 0.4999999 0.4895000
vt 0.4999999 0.4895000
vt 0.7515395 0.9897562
vt 0.5010378 0.5000000
vt 0.7484605 0.9897562
vt 0.4989620 0.5000000
vt 0.2500000 0.9559811
vt 0.2500000 0.9559811
vt 0.2500000 0.9559811
vt 0.4999999 0.0105000
vt 0.4999999 0.0105000
vt 0.4999999 0.0105000
vt 0.4999999 0.0105000
vt 0.2515395 0.9897562
vt 0.5010378 0.0000000
vt 0.2484605 0.9897562
vt 0.4989620 0.0000000
vt 0.6863483 0.9458997
vt 0.6863483 0.9458997
vt 0.6863483 0.9458997
vt 0.4499999 0.4895000
vt 0.4499999 0.4895000
vt 0.4499999 0.4895000
vt 0.4499999 0.4895000
vt 0.6773754 0.9784974
vt 0.4510378 0.5000000
vt 0.6744471 0.9775459
vt 0.4489620 0.5000000
vt 0.1863483 0.9458997
vt 0.1863483 0.9458997
vt 0.1863483 0.9458997
vt 0.4499999 0.0105000
vt 0.4499999 0.0105000
vt 0.4499999 0.0105000
vt 0.4499999 0.0105000
vt 0.1773754 0.9784974
vt 0.4510378 0.0000000
vt 0.1744471 0.9775459
vt 0.4489620 0.0000000
vt 0.6289272 0.9166422
vt 0.6289272 0.9166422
vt 0.6289272 0.9166422
vt 0.3999999 0.4895000
vt 0.3999999 0.4895000
vt 0.3999999 0.4895000
vt 0.3999999 0.4895000
vt 0.6103204 0.9448717
vt 0.6078294 0.9430619
vt 0.4010378 0.5000000
vt 0.3989619 0.5000000
vt 0.1289273 0.9166422
vt 0.1289273 0.9166422
vt 0.1289273 0.9166422
vt 0.3999999 0.0105000
vt 0.3999999 0.0105000
vt 0.3999999 0.0105000
vt 0.3999999 0.0105000
vt 0.1103204 0.9448717
vt 0.1078294 0.9430619
vt 0.4010378 0.0000000
vt 0.3989620 0.0000000
vt 0.5833576 0.8710727
vt 0.5833576 0.8710727
vt 0.5833576 0.8710727
vt 0.3499998 0.4895000
vt 0.3499998 0.4895000
vt 0.3499998 0.4895000
vt 0.3499998 0.4895000
vt 0.5569381 0.8921706
vt 0.5551283 0.8896797
vt 0.3510377 0.5000000
vt 0.3489619 0.5000000
vt 0.0833577 0.8710727
vt 0.0833577 0.8710727
vt 0.0833577 0.8710727
vt 0.3499998 0.0105000
vt 0.3499998 0.0105000
vt 0.3499998 0.0105000
vt 0.3499998 0.0105000
vt 0.0569381 0.8921706
vt 0.0551283 0.8896797
vt 0.3510378 0.0000000
vt 0.3489619 0.0000000
vt 0.5541003 0.8136517
vt 0.5541003 0.8136517
vt 0.5541003 0.8136517
vt 0.2999998 0.4895000
vt 0.2999998 0.4895000
vt 0.2999999 0.4895000
vt 0.2999999 0.4895000
vt 0.5224541 0.8255529
vt 0.5215026 0.8226246
vt 0.3010378 0.5000000
vt 0.2989619 0.5000000
vt 0.0541003 0.8136517
vt 0.0541003 0.8136517
vt 0.0541003 0.8136517
vt 0.2999999 0.0105000
vt 0.2999999 0.0105000
vt 0.2999998 0.0105000
vt 0.2999998 0.0105000
vt 0.0224541 0.8255529
vt 0.0215026 0.8226246
vt 0.3010378 0.0000000
vt 0.2989619 0.0000000
vt 0.5440189 0.7500000
vt 0.5440189 0.7500000
vt 0.5440189 0.7500000
vt 0.2499998 0.4895000
vt 0.2499998 0.4895000
vt 0.2499998 0.4895000
vt 0.2499998 0.4895000
vt 0.5102438 0.7515395
vt 0.5102438 0.7484605
vt 0.2510377 0.5000000
vt 0.2489619 0.5000000
vt 0.0440188 0.7500000
vt 0.0440188 0.7500000
vt 0.0440188 0.7500000
vt 0.2499998 0.0105000
vt 0.2499998 0.0105000
vt 0.2499998 0.0105000
vt 0.2499998 0.0105000
vt 0.0102438 0.7515395
vt 0.0102438 0.7484605
vt 0.2510377 0.0000000
vt 0.2489619 0.0000000
vt 0.5541002 0.6863483
vt 0.5541002 0.6863483
vt 0.5541002 0.6863483
vt 0.1999998 0.4895000
vt 0.1999998 0.4895000
vt 0.1999998 0.4895000
vt 0.1999998 0.4895000
vt 0.5224541 0.6744471
vt 0.5215026 0.6773754
vt 0.1989619 0.5000000
vt 0.2010377 0.5000000
vt 0.0541003 0.6863484
vt 0.0541003 0.6863484
vt 0.0541003 0.6863484
vt 0.1999998 0.0105000
vt 0.1999998 0.0105000
vt 0.1999998 0.0105000
vt 0.1999998 0.0105000
vt 0.0224541 0.6744471
vt 0.0215026 0.6773754
vt 0.1989619 0.0000000
vt 0.2010377 0.0000000
vt 0.5833577 0.6289273
vt 0.5833577 0.6289273
vt 0.5833577 0.6289273
vt 0.1499999 0.4895000
vt 0.1499999 0.4895000
vt 0.1499998 0.4895000
vt 0.1499998 0.4895000
vt 0.5569381 0.6078293
vt 0.5551283 0.6103203
vt 0.1489619 0.5000000
vt 0.1510378 0.5000000
vt 0.0833578 0.6289273
vt 0.0833578 0.6289273
vt 0.0833578 0.6289273
vt 0.1499998 0.0105000
vt 0.1499998 0.0105000
vt 0.1499999 0.0105000
vt 0.1499999 0.0105000
vt 0.0569381 0.6078293
vt 0.0551283 0.6103203
vt 0.1489619 0.0000000
vt 0.1510378 0.0000000
vt 0.6289272 0.5833578
vt 0.6289272 0.5833578
vt 0.6289272 0.5833578
vt 0.0999999 0.4895000
vt 0.0999999 0.4895000
vt 0.0999998 0.4895000
vt 0.0999998 0.4895000
vt 0.6103203 0.5551283
vt 0.6078294 0.5569381
vt 0.0989619 0.5000000
vt 0.1010377 0.5000000
vt 0.1289273 0.5833577
vt 0.1289273 0.5833577
vt 0.1289273 0.5833577
vt 0.0999998 0.0105000
vt 0.0999998 0.0105000
vt 0.0999999 0.0105000
vt 0.0999999 0.0105000
vt 0.1103203 0.5551283
vt 0.1078294 0.5569381
vt 0.0989619 0.0000000
vt 0.1010378 0.0000000
vt 0.6863483 0.5541003
vt 0.6863483 0.5541003
vt 0.6863483 0.5541003
vt 0.0499998 0.4895000
vt 0.0499998 0.4895000
vt 0.0499998 0.4895000
vt 0.0499998 0.4895000
vt 0.6773754 0.5215026
vt 0.0489619 0.5000000
vt 0.6744471 0.5224541
vt 0.0510377 0.5000000
vt 0.1863483 0.5541002
vt 0.1863483 0.5541002
vt 0.1863483 0.5541002
vt 0.0499998 0.0105000
vt 0.0499998 0.0105000
vt 0.0499998 0.0105000
vt 0.0499998 0.0105000
vt 0.1773754 0.5215026
vt 0.0489619 0.0000000
vt 0.1744471 0.5224541
vt 0.0510377 0.0000000
vn 0.0000000 0.0000001 -1.0000000
vn 0.0598981 0.3779882 -0.9238708
vn -0.0598981 0.3779882 -0.9238708
vn 0.1445003 0.9125020 -0.3827007
vn 0.1563990 0.9876940 0.0000001
vn -0.1445003 0.9125020 -0.3827007
vn -0.1563990 0.9876940 0.0000001
vn 0.0598981 0.3779882 -0.9238708
vn 0.1445003 0.9125020 -0.3827007
vn -0.0598981 0.3779882 -0.9238708
vn -0.1445003 0.9125020 -0.3827007
vn 0.0000000 -0.0000001 1.0000000
vn 0.0598981 0.3779879 0.9238709
vn -0.0598981 0.3779879 0.9238709
vn 0.1445003 0.9125019 0.3827009
vn 0.1563990 0.9876940 0.0000001
vn -0.1445003 0.9125019 0.3827009
vn -0.1563990 0.9876940 0.0000001
vn 0.0598981 0.3779879 0.9238709
vn 0.1445003 0.9125019 0.3827009
vn -0.0598981 0.3779879 0.9238709
vn -0.1445003 0.9125019 0.3827009
vn 0.0000000 0.0000001 -1.0000000
vn 0.0598981 0.3779882 -0.9238708
vn 0.1736962 0.3409926 -0.9238797
vn 0.1445003 0.9125020 -0.3827007
vn 0.1563990 0.9876940 0.0000001
vn 0.4193970 0.8231944 -0.3826972
vn 0.4540007 0.8910014 0.0000001
vn 0.0598981 0.3779882 -0.9238708
vn 0.1445003 0.9125020 -0.3827007
vn 0.1736962 0.3409926 -0.9238797
vn 0.4193970 0.8231944 -0.3826972
vn 0.0000000 -0.0000001 1.0000000
vn 0.0598981 0.3779879 0.9238709
vn 0.1736962 0.3409924 0.9238798
vn 0.1445003 0.9125019 0.3827009
vn 0.1563990 0.9876940 0.0000001
vn 0.4193970 0.8231943 0.3826974
vn 0.4540007 0.8910014 0.0000001
vn 0.0598981 0.3779879 0.9238709
vn 0.1445003 0.9125019 0.3827009
vn 0.1736962 0.3409924 0.9238798
vn 0.4193970 0.8231943 0.3826974
vn 0.0000000 0.0000001 -1.0000000
vn 0.1736962 0.3409926 -0.9238797
vn 0.2705946 0.2705947 -0.9238815
vn 0.4193970 0.8231944 -0.3826972
vn 0.4540007 0.8910014 0.0000001
vn 0.6532800 0.6532801 -0.3826882
vn 0.7071067 0.7071068 0.0000001
vn 0.1736962 0.3409926 -0.9238797
vn 0.2705946 0.2705947 -0.9238815
vn 0.4193970 0.8231944 -0.3826972
vn 0.6532800 0.6532801 -0.3826882
vn 0.0000000 -0.0000001 1.0000000
vn 0.1736962 0.3409924 0.9238798
vn 0.2705946 0.2705945 0.9238816
vn 0.4193970 0.8231943 0.3826974
vn 0.4540007 0.8910014 0.0000001
vn 0.6532800 0.6532800 0.3826884
vn 0.7071067 0.7071068 0.0000001
vn 0.1736962 0.3409924 0.9238798
vn 0.2705946 0.2705945 0.9238816
vn 0.4193970 0.8231943 0.3826974
vn 0.6532800 0.6532800 0.3826884
vn 0.0000000 0.0000001 -1.0000000
vn 0.2705946 0.2705947 -0.9238815
vn 0.3409925 0.1736963 -0.9238797
vn 0.6532800 0.6532801 -0.3826882
vn 0.7071067 0.7071068 0.0000001
vn 0.8231943 0.4193972 -0.3826973
vn 0.8910013 0.4540008 0.0000001
vn 0.2705946 0.2705947 -0.9238815
vn 0.3409925 0.1736963 -0.9238797
vn 0.6532800 0.6532801 -0.3826882
vn 0.8231943 0.4193972 -0.3826973
vn 0.0000000 -0.0000001 1.0000000
vn 0.2705946 0.2705945 0.9238816
vn 0.3409925 0.1736961 0.9238798
vn 0.6532800 0.6532800 0.3826884
vn 0.7071067 0.7071068 0.0000001
vn 0.8231943 0.4193971 0.3826974
vn 0.8910013 0.4540008 0.0000001
vn 0.2705946 0.2705945 0.9238816
vn 0.3409925 0.1736961 0.9238798
vn 0.6532800 0.6532800 0.3826884
vn 0.8231943 0.4193971 0.3826974
vn 0.0000000 0.0000001 -1.0000000
vn 0.3409925 0.1736963 -0.9238797
vn 0.3779880 0.0598982 -0.9238708
vn 0.8231943 0.4193972 -0.3826973
vn 0.8910013 0.4540008 0.0000001
vn 0.9125019 0.1445004 -0.3827008
vn 0.9876939 0.1563991 0.0000000
vn 0.3409925 0.1736963 -0.9238797
vn 0.3779880 0.0598982 -0.9238708
vn 0.8231943 0.4193972 -0.3826973
vn 0.9125019 0.1445004 -0.3827008
vn 0.0000000 -0.0000001 1.0000000
vn 0.3409925 0.1736961 0.9238798
vn 0.3779880 0.0598980 0.9238708
vn 0.8231943 0.4193971 0.3826974
vn 0.8910013 0.4540008 0.0000001
vn 0.9125019 0.1445003 0.3827009
vn 0.9876939 0.1563991 0.0000000
vn 0.3409925 0.1736961 0.9238798
vn 0.3779880 0.0598980 0.9238708
vn 0.8231943 0.4193971 0.3826974
vn 0.9125019 0.1445003 0.3827009
vn 0.0000000 0.0000001 -1.0000000
vn 0.3779880 -0.0598980 -0.9238708
vn 0.3779880 0.0598982 -0.9238708
vn 0.9125019 -0.1445003 -0.3827009
vn 0.9125019 0.1445004 -0.3827008
vn 0.9876939 -0.1563991 -0.0000000
vn 0.9876939 0.1563991 0.0000000
vn 0.3779880 -0.0598980 -0.9238708
vn 0.3779880 0.0598982 -0.9238708
vn 0.9125019 -0.1445003 -0.3827009
vn 0.9125019 0.1445004 -0.3827008
vn 0.0000000 -0.0000001 1.0000000
vn 0.3779880 -0.0598982 0.9238708
vn 0.3779880 0.0598980 0.9238708
vn 0.9125019 -0.1445004 0.3827008
vn 0.9125019 0.1445003 0.3827009
vn 0.9876939 -0.1563991 -0.0000000
vn 0.9876939 0.1563991 0.0000000
vn 0.3779880 -0.0598982 0.9238708
vn 0.3779880 0.0598980 0.9238708
vn 0.9125019 -0.1445004 0.3827008
vn 0.9125019 0.1445003 0.3827009
vn 0.0000000 0.0000001 -1.0000000
vn 0.3409925 -0.1736961 -0.9238798
vn 0.3779880 -0.0598980 -0.9238708
vn 0.8231943 -0.4193971 -0.3826974
vn 0.8910013 -0.4540008 -0.0000001
vn 0.9125019 -0.1445003 -0.3827009
vn 0.9876939 -0.1563991 -0.0000000
vn 0.3409925 -0.1736961 -0.9238798
vn 0.3779880 -0.0598980 -0.9238708
vn 0.8231943 -0.4193971 -0.3826974
vn 0.9125019 -0.1445003 -0.3827009
vn 0.0000000 -0.0000001 1.0000000
vn 0.3409925 -0.1736963 0.9238797
vn 0.3779880 -0.0598982 0.9238708
vn 0.8231943 -0.4193972 0.3826973
vn 0.8910013 -0.4540008 -0.0000001
vn 0.9125019 -0.1445004 0.3827008
vn 0.9876939 -0.1563991 -0.0000000
vn 0.3409925 -0.1736963 0.9238797
vn 0.3779880 -0.0598982 0.9238708
vn 0.8231943 -0.4193972 0.3826973
vn 0.9125019 -0.1445004 0.3827008
vn 0.0000000 0.0000001 -1.0000000
vn 0.2705946 -0.2705945 -0.9238816
vn 0.3409925 -0.1736961 -0.9238798
vn 0.6532800 -0.6532800 -0.3826884
vn 0.7071067 -0.7071068 -0.0000001
vn 0.8231943 -0.4193971 -0.3826974
vn 0.8910013 -0.4540008 -0.0000001
vn 0.2705946 -0.2705945 -0.9238816
vn 0.3409925 -0.1736961 -0.9238798
vn 0.6532800 -0.6532800 -0.3826884
vn 0.8231943 -0.4193971 -0.3826974
vn 0.0000000 -0.0000001 1.0000000
vn 0.2705946 -0.2705947 0.9238815
vn 0.3409925 -0.1736963 0.9238797
vn 0.6532800 -0.6532801 0.3826882
vn 0.7071067 -0.7071068 -0.0000001
vn 0.8231943 -0.4193972 0.3826973
vn 0.8910013 -0.4540008 -0.0000001
vn 0.2705946 -0.2705947 0.9238815
vn 0.3409925 -0.1736963 0.9238797
vn 0.6532800 -0.6532801 0.3826882
vn 0.8231943 -0.4193972 0.3826973
vn 0.0000000 0.0000001 -1.0000000
vn 0.1736962 -0.3409924 -0.9238798
vn 0.2705946 -0.2705945 -0.9238816
vn 0.4193970 -0.8231943 -0.3826974
vn 0.4540007 -0.8910014 -0.0000001
vn 0.6532800 -0.6532800 -0.3826884
vn 0.7071067 -0.7071068 -0.0000001
vn 0.1736962 -0.3409924 -0.9238798
vn 0.2705946 -0.2705945 -0.9238816
vn 0.4193970 -0.8231943 -0.3826974
vn 0.6532800 -0.6532800 -0.3826884
vn 0.0000000 -0.0000001 1.0000000
vn 0.1736962 -0.3409926 0.9238797
vn 0.2705946 -0.2705947 0.9238815
vn 0.4193970 -0.8231944 0.3826972
vn 0.4540007 -0.8910014 -0.0000001
vn 0.6532800 -0.6532801 0.3826882
vn 0.7071067 -0.7071068 -0.0000001
vn 0.1736962 -0.3409926 0.9238797
vn 0.2705946 -0.2705947 0.9238815
vn 0.4193970 -0.8231944 0.3826972
vn 0.6532800 -0.6532801 0.3826882
vn 0.0000000 0.0000001 -1.0000000
vn 0.0598981 -0.3779879 -0.9238709
vn 0.1736962 -0.3409924 -0.9238798
vn 0.1445003 -0.9125019 -0.3827009
vn 0.1563990 -0.9876940 -0.0000001
vn 0.4193970 -0.8231943 -0.3826974
vn 0.4540007 -0.8910014 -0.0000001
vn 0.0598981 -0.3779879 -0.9238709
vn 0.1445003 -0.9125019 -0.3827009
vn 0.1736962 -0.3409924 -0.9238798
vn 0.4193970 -0.8231943 -0.3826974
vn 0.0000000 -0.0000001 1.0000000
vn 0.0598981 -0.3779882 0.9238708
vn 0.1736962 -0.3409926 0.9238797
vn 0.1445003 -0.9125020 0.3827007
vn 0.1563990 -0.9876940 -0.0000001
vn 0.4193970 -0.8231944 0.3826972
vn 0.4540007 -0.8910014 -0.0000001
vn 0.0598981 -0.3779882 0.9238708
vn 0.1445003 -0.9125020 0.3827007
vn 0.1736962 -0.3409926 0.9238797
vn 0.4193970 -0.8231944 0.3826972
vn 0.0000000 0.0000001 -1.0000000
vn 0.0598981 -0.3779879 -0.9238709
vn -0.0598981 -0.3779879 -0.9238709
vn 0.1445003 -0.9125019 -0.3827009
vn 0.1563990 -0.9876940 -0.0000001
vn -0.1445003 -0.9125019 -0.3827009
vn -0.1563990 -0.9876940 -0.0000001
vn 0.0598981 -0.3779879 -0.9238709
vn 0.1445003 -0.9125019 -0.3827009
vn -0.0598981 -0.3779879 -0.9238709
vn -0.1445003 -0.9125019 -0.3827009
vn 0.0000000 -0.0000001 1.0000000
vn 0.0598981 -0.3779882 0.9238708
vn -0.0598981 -0.3779882 0.9238708
vn 0.1445003 -0.9125020 0.3827007
vn 0.1563990 -0.9876940 -0.0000001
vn -0.1445003 -0.9125020 0.3827007
vn -0.1563990 -0.9876940 -0.0000001
vn 0.0598981 -0.3779882 0.9238708
vn 0.1445003 -0.9125020 0.3827007
vn -0.0598981 -0.3779882 0.9238708
vn -0.1445003 -0.9125020 0.3827007
vn 0.0000000 0.0000001 -1.0000000
vn -0.0598981 -0.3779879 -0.9238709
vn -0.1736962 -0.3409924 -0.9238798
vn -0.1445003 -0.9125019 -0.3827009
vn -0.1563990 -0.9876940 -0.0000001
vn -0.4193970 -0.8231943 -0.3826974
vn -0.4540007 -0.8910014 -0.0000001
vn -0.0598981 -0.3779879 -0.9238709
vn -0.1445003 -0.9125019 -0.3827009
vn -0.1736962 -0.3409924 -0.9238798
vn -0.4193970 -0.8231943 -0.3826974
vn 0.0000000 -0.0000001 1.0000000
vn -0.0598981 -0.3779882 0.9238708
vn -0.1736962 -0.3409926 0.9238797
vn -0.1445003 -0.9125020 0.3827007
vn -0.1563990 -0.9876940 -0.0000001
vn -0.4193970 -0.8231944 0.3826972
vn -0.4540007 -0.8910014 -0.0000001
vn -0.0598981 -0.3779882 0.9238708
vn -0.1445003 -0.9125020 0.3827007
vn -0.1736962 -0.3409926 0.9238797
vn -0.4193970 -0.8231944 0.3826972
vn 0.0000000 0.0000001 -1.0000000
vn -0.1736962 -0.3409924 -0.9238798
vn -0.2705946 -0.2705945 -0.9238816
vn -0.4193970 -0.8231943 -0.3826974
vn -0.4540007 -0.8910014 -0.0000001
vn -0.6532800 -0.6532800 -0.3826884
vn -0.7071067 -0.7071068 -0.0000001
vn -0.1736962 -0.3409924 -0.9238798
vn -0.2705946 -0.2705945 -0.9238816
vn -0.4193970 -0.8231943 -0.3826974
vn -0.6532800 -0.6532800 -0.3826884
vn 0.0000000 -0.0000001 1.0000000
vn -0.1736962 -0.3409926 0.9238797
vn -0.2705946 -0.2705947 0.9238815
vn -0.4193970 -0.8231944 0.3826972
vn -0.4540007 -0.8910014 -0.0000001
vn -0.6532800 -0.6532801 0.3826882
vn -0.7071067 -0.7071068 -0.0000001
vn -0.1736962 -0.3409926 0.9238797
vn -0.2705946 -0.2705947 0.9238815
vn -0.4193970 -0.8231944 0.3826972
vn -0.6532800 -0.6532801 0.3826882
vn 0.0000000 0.0000001 -1.0000000
vn -0.2705946 -0.2705945 -0.9238816
vn -0.3409925 -0.1736961 -0.9238798
vn -0.6532800 -0.6532800 -0.3826884
vn -0.7071067 -0.7071068 -0.0000001
vn -0.8231943 -0.4193971 -0.3826974
vn -0.8910013 -0.4540008 -0.0000001
vn -0.2705946 -0.2705945 -0.9238816
vn -0.3409925 -0.1736961 -0.9238798
vn -0.6532800 -0.6532800 -0.3826884
vn -0.8231943 -0.4193971 -0.3826974
vn 0.0000000 -0.0000001 1.0000000
vn -0.2705946 -0.2705947 0.9238815
vn -0.3409925 -0.1736963 0.9238797
vn -0.6532800 -0.6532801 0.3826882
vn -0.7071067 -0.7071068 -0.0000001
vn -0.8231943 -0.4193972 0.3826973
vn -0.8910013 -0.4540008 -0.0000001
vn -0.2705946 -0.2705947 0.9238815
vn -0.3409925 -0.1736963 0.9238797
vn -0.6532800 -0.6532801 0.3826882
vn -0.8231943 -0.4193972 0.3826973
vn 0.0000000 0.0000001 -1.0000000
vn -0.3409925 -0.1736961 -0.9238798
vn -0.3779880 -0.0598980 -0.9238708
vn -0.8231943 -0.4193971 -0.3826974
vn -0.8910013 -0.4540008 -0.0000001
vn -0.9125019 -0.1445003 -0.3827009
vn -0.9876939 -0.1563991 -0.0000000
vn -0.3409925 -0.1736961 -0.9238798
vn -0.3779880 -0.0598980 -0.9238708
vn -0.8231943 -0.4193971 -0.3826974
vn -0.9125019 -0.1445003 -0.3827009
vn 0.0000000 -0.0000001 1.0000000
vn -0.3409925 -0.1736963 0.9238797
vn -0.3779880 -0.0598982 0.9238708
vn -0.8231943 -0.4193972 0.3826973
vn -0.8910013 -0.4540008 -0.0000001
vn -0.9125019 -0.1445004 0.3827008
vn -0.9876939 -0.1563991 -0.0000000
vn -0.3409925 -0.1736963 0.9238797
vn -0.3779880 -0.0598982 0.9238708
vn -0.8231943 -0.4193972 0.3826973
vn -0.9125019 -0.1445004 0.3827008
vn 0.0000000 0.0000001 -1.0000000
vn -0.3779880 -0.0598980 -0.9238708
vn -0.3779880 0.0598982 -0.9238708
vn -0.9125019 -0.1445003 -0.3827009
vn -0.9125019 0.1445004 -0.3827008
vn -0.9876939 -0.1563991 -0.0000000
vn -0.9876939 0.1563991 0.0000000
vn -0.3779880 -0.0598980 -0.9238708
vn -0.3779880 0.0598982 -0.9238708
vn -0.9125019 -0.1445003 -0.3827009
vn -0.9125019 0.1445004 -0.3827008
vn 0.0000000 -0.0000001 1.0000000
vn -0.3779880 -0.0598982 0.9238708
vn -0.3779880 0.0598980 0.9238708
vn -0.9125019 -0.1445004 0.3827008
vn -0.9125019 0.1445003 0.3827009
vn -0.9876939 -0.1563991 -0.0000000
vn -0.9876939 0.1563991 0.0000000
vn -0.3779880 -0.0598982 0.9238708
vn -0.3779880 0.0598980 0.9238708
vn -0.9125019 -0.1445004 0.3827008
vn -0.9125019 0.1445003 0.3827009
vn 0.0000000 0.0000001 -1.0000000
vn -0.3409925 0.1736963 -0.9238797
vn -0.3779880 0.0598982 -0.9238708
vn -0.8231943 0.4193972 -0.3826973
vn -0.8910013 0.4540008 0.0000001
vn -0.9125019 0.1445004 -0.3827008
vn -0.9876939 0.1563991 0.0000000
vn -0.3409925 0.1736963 -0.9238797
vn -0.3779880 0.0598982 -0.9238708
vn -0.8231943 0.4193972 -0.3826973
vn -0.9125019 0.1445004 -0.3827008
vn 0.0000000 -0.0000001 1.0000000
vn -0.3409925 0.1736961 0.9238798
vn -0.3779880 0.0598980 0.9238708
vn -0.8231943 0.4193971 0.3826974
vn -0.8910013 0.4540008 0.0000001
vn -0.9125019 0.1445003 0.3827009
vn -0.9876939 0.1563991 0.0000000
vn -0.3409925 0.1736961 0.9238798
vn -0.3779880 0.0598980 0.9238708
vn -0.8231943 0.4193971 0.3826974
vn -0.9125019 0.1445003 0.3827009
vn 0.0000000 0.0000001 -1.0000000
vn -0.2705946 0.2705947 -0.9238815
vn -0.3409925 0.1736963 -0.9238797
vn -0.6532800 0.6532801 -0.3826882
vn -0.7071067 0.7071068 0.0000001
vn -0.8231943 0.4193972 -0.3826973
vn -0.8910013 0.4540008 0.0000001
vn -0.2705946 0.2705947 -0.9238815
vn -0.3409925 0.1736963 -0.9238797
vn -0.6532800 0.6532801 -0.3826882
vn -0.8231943 0.4193972 -0.3826973
vn 0.0000000 -0.0000001 1.0000000
vn -0.2705946 0.2705945 0.9238816
vn -0.3409925 0.1736961 0.9238798
vn -0.6532800 0.6532800 0.3826884
vn -0.7071067 0.7071068 0.0000001
vn -0.8231943 0.4193971 0.3826974
vn -0.8910013 0.4540008 0.0000001
vn -0.2705946 0.2705945 0.9238816
vn -0.3409925 0.1736961 0.9238798
vn -0.6532800 0.6532800 0.3826884
vn -0.8231943 0.4193971 0.3826974
vn 0.0000000 0.0000001 -1.0000000
vn -0.1736962 0.3409926 -0.9238797
vn -0.2705946 0.2705947 -0.9238815
vn -0.4193970 0.8231944 -0.3826972
vn -0.4540007 0.8910014 0.0000001
vn -0.6532800 0.6532801 -0.3826882
vn -0.7071067 0.7071068 0.0000001
vn -0.1736962 0.3409926 -0.9238797
vn -0.2705946 0.2705947 -0.9238815
vn -0.4193970 0.8231944 -0.3826972
vn -0.6532800 0.6532801 -0.3826882
vn 0.0000000 -0.0000001 1.0000000
vn -0.1736962 0.3409924 0.9238798
vn -0.2705946 0.2705945 0.9238816
vn -0.4193970 0.8231943 0.3826974
vn -0.4540007 0.8910014 0.0000001
vn -0.6532800 0.6532800 0.3826884
vn -0.7071067 0.7071068 0.0000001
vn -0.1736962 0.3409924 0.9238798
vn -0.2705946 0.2705945 0.9238816
vn -0.4193970 0.8231943 0.3826974
vn -0.6532800 0.6532800 0.3826884
vn 0.0000000 0.0000001 -1.0000000
vn -0.0598981 0.3779882 -0.9238708
vn -0.1736962 0.3409926 -0.9238797
vn -0.1445003 0.9125020 -0.3827007
vn -0.1563990 0.9876940 0.0000001
vn -0.4193970 0.8231944 -0.3826972
vn -0.4540007 0.8910014 0.0000001
vn -0.0598981 0.3779882 -0.9238708
vn -0.1445003 0.9125020 -0.3827007
vn -0.1736962 0.3409926 -0.9238797
vn -0.4193970 0.8231944 -0.3826972
vn 0.0000000 -0.0000001 1.0000000
vn -0.0598981 0.3779879 0.9238709
vn -0.1736962 0.3409924 0.9238798
vn -0.1445003 0.9125019 0.3827009
vn -0.1563990 0.9876940 0.0000001
vn -0.4193970 0.8231943 0.3826974
vn -0.4540007 0.8910014 0.0000001
vn -0.0598981 0.3779879 0.9238709
vn -0.1445003 0.9125019 0.3827009
vn -0.1736962 0.3409924 0.9238798
vn -0.4193970 0.8231943 0.3826974
f 3657/3657/3657 3668/3668/3668 3252/3252/3252
f 3657/3657/3657 3252/3252/3252 3241/3241/3241
f 3285/3285/3285 3296/3296/3296 3316/3316/3316
f 3285/3285/3285 3316/3316/3316 3305/3305/3305
f 3307/3307/3307 3318/3318/3318 3338/3338/3338
f 3307/3307/3307 3338/3338/3338 3327/3327/3327
f 3329/3329/3329 3340/3340/3340 3362/3362/3362
f 3329/3329/3329 3362/3362/3362 3351/3351/3351
f 3350/3350/3350 3361/3361/3361 3384/3384/3384
f 3350/3350/3350 3384/3384/3384 3373/3373/3373
f 3371/3371/3371 3382/3382/3382 3406/3406/3406
f 3371/3371/3371 3406/3406/3406 3395/3395/3395
f 3393/3393/3393 3404/3404/3404 3428/3428/3428
f 3393/3393/3393 3428/3428/3428 3417/3417/3417
f 3415/3415/3415 3426/3426/3426 3450/3450/3450
f 3415/3415/3415 3450/3450/3450 3439/3439/3439
f 3437/3437/3437 3448/3448/3448 3470/3470/3470
f 3437/3437/3437 3470/3470/3470 3459/3459/3459
f 3461/3461/3461 3472/3472/3472 3492/3492/3492
f 3461/3461/3461 3492/3492/3492 3481/3481/3481
f 3483/3483/3483 3494/3494/3494 3514/3514/3514
f 3483/3483/3483 3514/3514/3514 3503/3503/3503
f 3505/3505/3505 3516/3516/3516 3536/3536/3536
f 3505/3505/3505 3536/3536/3536 3525/3525/3525
f 3527/3527/3527 3538/3538/3538 3558/3558/3558
f 3527/3527/3527 3558/3558/3558 3547/3547/3547
f 3549/3549/3549 3560/3560/3560 3581/3581/3581
f 3549/3549/3549 3581/3581/3581 3570/3570/3570
f 3571/3571/3571 3582/3582/3582 3604/3604/3604
f 3571/3571/3571 3604/3604/3604 3593/3593/3593
f 3591/3591/3591 3602/3602/3602 3626/3626/3626
f 3591/3591/3591 3626/3626/3626 3615/3615/3615
f 3613/3613/3613 3624/3624/3624 3648/3648/3648
f 3613/3613/3613 3648/3648/3648 3637/3637/3637
f 3635/3635/3635 3646/3646/3646 3670/3670/3670
f 3635/3635/3635 3670/3670/3670 3659/3659/3659
f 3263/3263/3263 3274/3274/3274 3294/3294/3294
f 3263/3263/3263 3294/3294/3294 3283/3283/3283
f 3290/3290/3290 3268/3268/3268 3246/3246/3246
f 3246/3246/3246 3664/3664/3664 3642/3642/3642
f 3642/3642/3642 3620/3620/3620 3598/3598/3598
f 3598/3598/3598 3576/3576/3576 3554/3554/3554
f 3554/3554/3554 3532/3532/3532 3510/3510/3510
f 3510/3510/3510 3488/3488/3488 3466/3466/3466
f 3466/3466/3466 3444/3444/3444 3422/3422/3422
f 3422/3422/3422 3400/3400/3400 3378/3378/3378
f 3378/3378/3378 3356/3356/3356 3334/3334/3334
f 3334/3334/3334 3312/3312/3312 3290/3290/3290
f 3290/3290/3290 3246/3246/3246 3642/3642/3642
f 3642/3642/3642 3598/3598/3598 3554/3554/3554
f 3554/3554/3554 3510/3510/3510 3466/3466/3466
f 3466/3466/3466 3422/3422/3422 3378/3378/3378
f 3378/3378/3378 3334/3334/3334 3290/3290/3290
f 3290/3290/3290 3642/3642/3642 3554/3554/3554
f 3554/3554/3554 3466/3466/3466 3378/3378/3378
f 3554/3554/3554 3378/3378/3378 3290/3290/3290
f 3239/3239/3239 3250/3250/3250 3272/3272/3272
f 3239/3239/3239 3272/3272/3272 3261/3261/3261
f 3238/3238/3238 3260/3260/3260 3265/3265/3265
f 3238/3238/3238 3265/3265/3265 3243/3243/3243
f 3242/3242/3242 3264/3264/3264 3258/3258/3258
f 3242/3242/3242 3258/3258/3258 3236/3236/3236
f 3271/3271/3271 3249/3249/3249 3254/3254/3254
f 3271/3271/3271 3254/3254/3254 3276/3276/3276
f 3275/3275/3275 3253/3253/3253 3247/3247/3247
f 3275/3275/3275 3247/3247/3247 3269/3269/3269
f 3262/3262/3262 3282/3282/3282 3288/3288/3288
f 3262/3262/3262 3288/3288/3288 3267/3267/3267
f 3266/3266/3266 3286/3286/3286 3280/3280/3280
f 3266/3266/3266 3280/3280/3280 3259/3259/3259
f 3293/3293/3293 3273/3273/3273 3278/3278/3278
f 3293/3293/3293 3278/3278/3278 3299/3299/3299
f 3297/3297/3297 3277/3277/3277 3270/3270/3270
f 3297/3297/3297 3270/3270/3270 3291/3291/3291
f 3284/3284/3284 3304/3304/3304 3310/3310/3310
f 3284/3284/3284 3310/3310/3310 3289/3289/3289
f 3287/3287/3287 3308/3308/3308 3302/3302/3302
f 3287/3287/3287 3302/3302/3302 3281/3281/3281
f 3315/3315/3315 3295/3295/3295 3300/3300/3300
f 3315/3315/3315 3300/3300/3300 3321/3321/3321
f 3319/3319/3319 3298/3298/3298 3292/3292/3292
f 3319/3319/3319 3292/3292/3292 3313/3313/3313
f 3306/3306/3306 3326/3326/3326 3332/3332/3332
f 3306/3306/3306 3332/3332/3332 3311/3311/3311
f 3309/3309/3309 3330/3330/3330 3324/3324/3324
f 3309/3309/3309 3324/3324/3324 3303/3303/3303
f 3337/3337/3337 3317/3317/3317 3322/3322/3322
f 3337/3337/3337 3322/3322/3322 3343/3343/3343
f 3341/3341/3341 3320/3320/3320 3314/3314/3314
f 3341/3341/3341 3314/3314/3314 3335/3335/3335
f 3328/3328/3328 3349/3349/3349 3355/3355/3355
f 3328/3328/3328 3355/3355/3355 3333/3333/3333
f 3331/3331/3331 3353/3353/3353 3347/3347/3347
f 3331/3331/3331 3347/3347/3347 3325/3325/3325
f 3360/3360/3360 3339/3339/3339 3344/3344/3344
f 3360/3360/3360 3344/3344/3344 3366/3366/3366
f 3364/3364/3364 3342/3342/3342 3336/3336/3336
f 3364/3364/3364 3336/3336/3336 3358/3358/3358
f 3348/3348/3348 3372/3372/3372 3377/3377/3377
f 3348/3348/3348 3377/3377/3377 3354/3354/3354
f 3352/3352/3352 3375/3375/3375 3369/3369/3369
f 3352/3352/3352 3369/3369/3369 3346/3346/3346
f 3383/3383/3383 3359/3359/3359 3365/3365/3365
f 3383/3383/3383 3365/3365/3365 3388/3388/3388
f 3386/3386/3386 3363/3363/3363 3357/3357/3357
f 3386/3386/3386 3357/3357/3357 3380/3380/3380
f 3370/3370/3370 3394/3394/3394 3399/3399/3399
f 3370/3370/3370 3399/3399/3399 3376/3376/3376
f 3374/3374/3374 3397/3397/3397 3391/3391/3391
f 3374/3374/3374 3391/3391/3391 3368/3368/3368
f 3405/3405/3405 3381/3381/3381 3387/3387/3387
f 3405/3405/3405 3387/3387/3387 3410/3410/3410
f 3408/3408/3408 3385/3385/3385 3379/3379/3379
f 3408/3408/3408 3379/3379/3379 3402/3402/3402
f 3392/3392/3392 3416/3416/3416 3421/3421/3421
f 3392/3392/3392 3421/3421/3421 3398/3398/3398
f 3396/3396/3396 3419/3419/3419 3413/3413/3413
f 3396/3396/3396 3413/3413/3413 3390/3390/3390
f 3427/3427/3427 3403/3403/3403 3409/3409/3409
f 3427/3427/3427 3409/3409/3409 3432/3432/3432
f 3430/3430/3430 3407/3407/3407 3401/3401/3401
f 3430/3430/3430 3401/3401/3401 3424/3424/3424
f 3414/3414/3414 3438/3438/3438 3443/3443/3443
f 3414/3414/3414 3443/3443/3443 3420/3420/3420
f 3418/3418/3418 3442/3442/3442 3435/3435/3435
f 3418/3418/3418 3435/3435/3435 3412/3412/3412
f 3449/3449/3449 3425/3425/3425 3431/3431/3431
f 3449/3449/3449 3431/3431/3431 3454/3454/3454
f 3453/3453/3453 3429/3429/3429 3423/3423/3423
f 3453/3453/3453 3423/3423/3423 3446/3446/3446
f 3436/3436/3436 3458/3458/3458 3463/3463/3463
f 3436/3436/3436 3463/3463/3463 3441/3441/3441
f 3440/3440/3440 3462/3462/3462 3456/3456/3456
f 3440/3440/3440 3456/3456/3456 3434/3434/3434
f 3469/3469/3469 3447/3447/3447 3452/3452/3452
f 3469/3469/3469 3452/3452/3452 3474/3474/3474
f 3473/3473/3473 3451/3451/3451 3445/3445/3445
f 3473/3473/3473 3445/3445/3445 3467/3467/3467
f 3460/3460/3460 3480/3480/3480 3485/3485/3485
f 3460/3460/3460 3485/3485/3485 3465/3465/3465
f 3464/3464/3464 3484/3484/3484 3478/3478/3478
f 3464/3464/3464 3478/3478/3478 3457/3457/3457
f 3491/3491/3491 3471/3471/3471 3476/3476/3476
f 3491/3491/3491 3476/3476/3476 3496/3496/3496
f 3495/3495/3495 3475/3475/3475 3468/3468/3468
f 3495/3495/3495 3468/3468/3468 3489/3489/3489
f 3482/3482/3482 3502/3502/3502 3508/3508/3508
f 3482/3482/3482 3508/3508/3508 3487/3487/3487
f 3486/3486/3486 3506/3506/3506 3500/3500/3500
f 3486/3486/3486 3500/3500/3500 3479/3479/3479
f 3513/3513/3513 3493/3493/3493 3498/3498/3498
f 3513/3513/3513 3498/3498/3498 3519/3519/3519
f 3517/3517/3517 3497/3497/3497 3490/3490/3490
f 3517/3517/3517 3490/3490/3490 3511/3511/3511
f 3504/3504/3504 3524/3524/3524 3530/3530/3530
f 3504/3504/3504 3530/3530/3530 3509/3509/3509
f 3507/3507/3507 3528/3528/3528 3522/3522/3522
f 3507/3507/3507 3522/3522/3522 3501/3501/3501
f 3535/3535/3535 3515/3515/3515 3520/3520/3520
f 3535/3535/3535 3520/3520/3520 3541/3541/3541
f 3539/3539/3539 3518/3518/3518 3512/3512/3512
f 3539/3539/3539 3512/3512/3512 3533/3533/3533
f 3526/3526/3526 3546/3546/3546 3552/3552/3552
f 3526/3526/3526 3552/3552/3552 3531/3531/3531
f 3529/3529/3529 3550/3550/3550 3544/3544/3544
f 3529/3529/3529 3544/3544/3544 3523/3523/3523
f 3557/3557/3557 3537/3537/3537 3542/3542/3542
f 3557/3557/3557 3542/3542/3542 3563/3563/3563
f 3561/3561/3561 3540/3540/3540 3534/3534/3534
f 3561/3561/3561 3534/3534/3534 3555/3555/3555
f 3548/3548/3548 3568/3568/3568 3574/3574/3574
f 3548/3548/3548 3574/3574/3574 3553/3553/3553
f 3551/3551/3551 3572/3572/3572 3566/3566/3566
f 3551/3551/3551 3566/3566/3566 3545/3545/3545
f 3579/3579/3579 3559/3559/3559 3564/3564/3564
f 3579/3579/3579 3564/3564/3564 3585/3585/3585
f 3583/3583/3583 3562/3562/3562 3556/3556/3556
f 3583/3583/3583 3556/3556/3556 3577/3577/3577
f 3569/3569/3569 3592/3592/3592 3597/3597/3597
f 3569/3569/3569 3597/3597/3597 3575/3575/3575
f 3573/3573/3573 3595/3595/3595 3589/3589/3589
f 3573/3573/3573 3589/3589/3589 3567/3567/3567
f 3603/3603/3603 3580/3580/3580 3586/3586/3586
f 3603/3603/3603 3586/3586/3586 3608/3608/3608
f 3606/3606/3606 3584/3584/3584 3578/3578/3578
f 3606/3606/3606 3578/3578/3578 3600/3600/3600
f 3590/3590/3590 3614/3614/3614 3619/3619/3619
f 3590/3590/3590 3619/3619/3619 3596/3596/3596
f 3594/3594/3594 3617/3617/3617 3611/3611/3611
f 3594/3594/3594 3611/3611/3611 3588/3588/3588
f 3625/3625/3625 3601/3601/3601 3607/3607/3607
f 3625/3625/3625 3607/3607/3607 3630/3630/3630
f 3628/3628/3628 3605/3605/3605 3599/3599/3599
f 3628/3628/3628 3599/3599/3599 3622/3622/3622
f 3612/3612/3612 3636/3636/3636 3641/3641/3641
f 3612/3612/3612 3641/3641/3641 3618/3618/3618
f 3616/3616/3616 3639/3639/3639 3633/3633/3633
f 3616/3616/3616 3633/3633/3633 3610/3610/3610
f 3647/3647/3647 3623/3623/3623 3629/3629/3629
f 3647/3647/3647 3629/3629/3629 3652/3652/3652
f 3650/3650/3650 3627/3627/3627 3621/3621/3621
f 3650/3650/3650 3621/3621/3621 3644/3644/3644
f 3634/3634/3634 3658/3658/3658 3663/3663/3663
f 3634/3634/3634 3663/3663/3663 3640/3640/3640
f 3638/3638/3638 3662/3662/3662 3655/3655/3655
f 3638/3638/3638 3655/3655/3655 3632/3632/3632
f 3669/3669/3669 3645/3645/3645 3651/3651/3651
f 3669/3669/3669 3651/3651/3651 3674/3674/3674
f 3673/3673/3673 3649/3649/3649 3643/3643/3643
f 3673/3673/3673 3643/3643/3643 3666/3666/3666
f 3656/3656/3656 3240/3240/3240 3245/3245/3245
f 3656/3656/3656 3245/3245/3245 3661/3661/3661
f 3660/3660/3660 3244/3244/3244 3237/3237/3237
f 3660/3660/3660 3237/3237/3237 3654/3654/3654
f 3251/3251/3251 3667/3667/3667 3672/3672/3672
f 3251/3251/3251 3672/3672/3672 3256/3256/3256
f 3255/3255/3255 3671/3671/3671 3665/3665/3665
f 3255/3255/3255 3665/3665/3665 3248/3248/3248
f 3653/3653/3653 3235/3235/3235 3257/3257/3257
f 3257/3257/3257 3279/3279/3279 3301/3301/3301
f 3301/3301/3301 3323/3323/3323 3345/3345/3345
f 3345/3345/3345 3367/3367/3367 3389/3389/3389
f 3389/3389/3389 3411/3411/3411 3433/3433/3433
f 3433/3433/3433 3455/3455/3455 3477/3477/3477
f 3477/3477/3477 3499/3499/3499 3521/3521/3521
f 3521/3521/3521 3543/3543/3543 3565/3565/3565
f 3565/3565/3565 3587/3587/3587 3609/3609/3609
f 3609/3609/3609 3631/3631/3631 3653/3653/3653
f 3653/3653/3653 3257/3257/3257 3301/3301/3301
f 3301/3301/3301 3345/3345/3345 3389/3389/3389
f 3389/3389/3389 3433/3433/3433 3477/3477/3477
f 3477/3477/3477 3521/3521/3521 3565/3565/3565
f 3565/3565/3565 3609/3609/3609 3653/3653/3653
f 3653/3653/3653 3301/3301/3301 3389/3389/3389
f 3389/3389/3389 3477/3477/3477 3565/3565/3565
f 3389/3389/3389 3565/3565/3565 3653/3653/3653
o Scope_objective_0
usemtl Gunmetal
v 0.0000000 0.2955264 0.4529000
v 0.0000000 0.2955264 0.4529000
v 0.0000000 0.2955264 0.4529000
v 0.0000000 0.3080000 0.4652200
v 0.0000000 0.3080000 0.4652200
v 0.0000000 0.3080000 0.4652200
v 0.0000000 0.3080000 0.4652200
v 0.0000000 0.3043466 0.4565085
v 0.0000000 0.3043466 0.4565085
v 0.0000000 0.3043466 0.4565085
v 0.0000000 0.3043466 0.4565085
v -0.0000000 0.2955264 0.5079000
v -0.0000000 0.2955264 0.5079000
v -0.0000000 0.2955264 0.5079000
v 0.0000000 0.3080000 0.4955800
v 0.0000000 0.3080000 0.4955800
v 0.0000000 0.3080000 0.4955800
v 0.0000000 0.3080000 0.4955800
v -0.0000000 0.3043466 0.5042916
v -0.0000000 0.3043466 0.5042916
v -0.0000000 0.3043466 0.5042916
v -0.0000000 0.3043466 0.5042916
v 0.0233389 0.2918299 0.4529000
v 0.0233389 0.2918299 0.4529000
v 0.0233389 0.2918299 0.4529000
v 0.0271935 0.3036930 0.4652200
v 0.0271935 0.3036930 0.4652200
v 0.0271935 0.3036930 0.4652200
v 0.0271935 0.3036930 0.4652200
v 0.0260645 0.3002184 0.4565085
v 0.0260645 0.3002184 0.4565085
v 0.0260645 0.3002184 0.4565085
v 0.0260645 0.3002184 0.4565085
v 0.0233389 0.2918299 0.5079000
v 0.0233389 0.2918299 0.5079000
v 0.0233389 0.2918299 0.5079000
v 0.0271935 0.3036930 0.4955800
v 0.0271935 0.3036930 0.4955800
v 0.0271935 0.3036930 0.4955800
v 0.0271935 0.3036930 0.4955800
v 0.0260645 0.3002184 0.5042916
v 0.0260645 0.3002184 0.5042916
v 0.0260645 0.3002184 0.5042916
v 0.0260645 0.3002184 0.5042916
v 0.0443933 0.2811022 0.4529000
v 0.0443933 0.2811022 0.4529000
v 0.0443933 0.2811022 0.4529000
v 0.0517251 0.2911935 0.4652200
v 0.0517251 0.2911935 0.4652200
v 0.0517251 0.2911935 0.4652200
v 0.0517251 0.2911935 0.4652200
v 0.0495777 0.2882378 0.4565084
v 0.0495777 0.2882378 0.4565084
v 0.0495777 0.2882378 0.4565084
v 0.0495777 0.2882378 0.4565084
v 0.0443933 0.2811022 0.5079000
v 0.0443933 0.2811022 0.5079000
v 0.0443933 0.2811022 0.5079000
v 0.0517251 0.2911935 0.4955800
v 0.0517251 0.2911935 0.4955800
v 0.0517251 0.2911935 0.4955800
v 0.0517251 0.2911935 0.4955800
v 0.0495777 0.2882378 0.5042916
v 0.0495777 0.2882378 0.5042916
v 0.0495777 0.2882378 0.5042916
v 0.0495777 0.2882378 0.5042916
v 0.0611022 0.2643933 0.4529000
v 0.0611022 0.2643933 0.4529000
v 0.0611022 0.2643933 0.4529000
v 0.0711935 0.2717251 0.4652200
v 0.0711935 0.2717251 0.4652200
v 0.0711935 0.2717251 0.4652200
v 0.0711935 0.2717251 0.4652200
v 0.0682378 0.2695777 0.4565084
v 0.0682378 0.2695777 0.4565084
v 0.0682378 0.2695777 0.4565084
v 0.0682378 0.2695777 0.4565084
v 0.0611022 0.2643933 0.5079000
v 0.0611022 0.2643933 0.5079000
v 0.0611022 0.2643933 0.5079000
v 0.0711935 0.2717251 0.4955800
v 0.0711935 0.2717251 0.4955800
v 0.0711935 0.2717251 0.4955800
v 0.0711935 0.2717251 0.4955800
v 0.0682378 0.2695777 0.5042916
v 0.0682378 0.2695777 0.5042916
v 0.0682378 0.2695777 0.5042916
v 0.0682378 0.2695777 0.5042916
v 0.0718299 0.2433389 0.4529000
v 0.0718299 0.2433389 0.4529000
v 0.0718299 0.2433389 0.4529000
v 0.0836930 0.2471935 0.4652200
v 0.0836930 0.2471935 0.4652200
v 0.0836930 0.2471935 0.4652200
v 0.0836930 0.2471935 0.4652200
v 0.0802184 0.2460645 0.4565084
v 0.0802184 0.2460645 0.4565084
v 0.0802184 0.2460645 0.4565084
v 0.0802184 0.2460645 0.4565084
v 0.0718299 0.2433389 0.5079000
v 0.0718299 0.2433389 0.5079000
v 0.0718299 0.2433389 0.5079000
v 0.0836930 0.2471935 0.4955800
v 0.0836930 0.2471935 0.4955800
v 0.0836930 0.2471935 0.4955800
v 0.0836930 0.2471935 0.4955800
v 0.0802184 0.2460645 0.5042916
v 0.0802184 0.2460645 0.5042916
v 0.0802184 0.2460645 0.5042916
v 0.0802184 0.2460645 0.5042916
v 0.0755264 0.2200000 0.4529000
v 0.0755264 0.2200000 0.4529000
v 0.0755264 0.2200000 0.4529000
v 0.0880000 0.2200000 0.4652200
v 0.0880000 0.2200000 0.4652200
v 0.0880000 0.2200000 0.4652200
v 0.0880000 0.2200000 0.4652200
v 0.0843466 0.2200000 0.4565084
v 0.0843466 0.2200000 0.4565084
v 0.0843466 0.2200000 0.4565084
v 0.0843466 0.2200000 0.4565084
v 0.0755264 0.2200000 0.5079000
v 0.0755264 0.2200000 0.5079000
v 0.0755264 0.2200000 0.5079000
v 0.0880000 0.2200000 0.4955800
v 0.0880000 0.2200000 0.4955800
v 0.0880000 0.2200000 0.4955800
v 0.0880000 0.2200000 0.4955800
v 0.0843466 0.2200000 0.5042916
v 0.0843466 0.2200000 0.5042916
v 0.0843466 0.2200000 0.5042916
v 0.0843466 0.2200000 0.5042916
v 0.0718299 0.1966611 0.4529000
v 0.0718299 0.1966611 0.4529000
v 0.0718299 0.1966611 0.4529000
v 0.0836930 0.1928065 0.4652200
v 0.0836930 0.1928065 0.4652200
v 0.0836930 0.1928065 0.4652200
v 0.0836930 0.1928065 0.4652200
v 0.0802184 0.1939355 0.4565084
v 0.0802184 0.1939355 0.4565084
v 0.0802184 0.1939355 0.4565084
v 0.0802184 0.1939355 0.4565084
v 0.0718299 0.1966611 0.5079000
v 0.0718299 0.1966611 0.5079000
v 0.0718299 0.1966611 0.5079000
v 0.0836930 0.1928065 0.4955800
v 0.0836930 0.1928065 0.4955800
v 0.0836930 0.1928065 0.4955800
v 0.0836930 0.1928065 0.4955800
v 0.0802184 0.1939355 0.5042915
v 0.0802184 0.1939355 0.5042915
v 0.0802184 0.1939355 0.5042915
v 0.0802184 0.1939355 0.5042915
v 0.0611022 0.1756067 0.4529000
v 0.0611022 0.1756067 0.4529000
v 0.0611022 0.1756067 0.4529000
v 0.0711935 0.1682749 0.4652200
v 0.0711935 0.1682749 0.4652200
v 0.0711935 0.1682749 0.4652200
v 0.0711935 0.1682749 0.4652200
v 0.0682378 0.1704223 0.4565084
v 0.0682378 0.1704223 0.4565084
v 0.0682378 0.1704223 0.4565084
v 0.0682378 0.1704223 0.4565084
v 0.0611022 0.1756067 0.5079000
v 0.0611022 0.1756067 0.5079000
v 0.0611022 0.1756067 0.5079000
v 0.0711935 0.1682749 0.4955800
v 0.0711935 0.1682749 0.4955800
v 0.0711935 0.1682749 0.4955800
v 0.0711935 0.1682749 0.4955800
v 0.0682378 0.1704223 0.5042915
v 0.0682378 0.1704223 0.5042915
v 0.0682378 0.1704223 0.5042915
v 0.0682378 0.1704223 0.5042915
v 0.0443933 0.1588978 0.4529000
v 0.0443933 0.1588978 0.4529000
v 0.0443933 0.1588978 0.4529000
v 0.0517251 0.1488065 0.4652200
v 0.0517251 0.1488065 0.4652200
v 0.0517251 0.1488065 0.4652200
v 0.0517251 0.1488065 0.4652200
v 0.0495777 0.1517622 0.4565084
v 0.0495777 0.1517622 0.4565084
v 0.0495777 0.1517622 0.4565084
v 0.0495777 0.1517622 0.4565084
v 0.0443933 0.1588978 0.5079000
v 0.0443933 0.1588978 0.5079000
v 0.0443933 0.1588978 0.5079000
v 0.0517251 0.1488065 0.4955800
v 0.0517251 0.1488065 0.4955800
v 0.0517251 0.1488065 0.4955800
v 0.0517251 0.1488065 0.4955800
v 0.0495777 0.1517622 0.5042915
v 0.0495777 0.1517622 0.5042915
v 0.0495777 0.1517622 0.5042915
v 0.0495777 0.1517622 0.5042915
v 0.0233389 0.1481701 0.4529000
v 0.0233389 0.1481701 0.4529000
v 0.0233389 0.1481701 0.4529000
v 0.0271935 0.1363070 0.4652200
v 0.0271935 0.1363070 0.4652200
v 0.0271935 0.1363070 0.4652200
v 0.0271935 0.1363070 0.4652200
v 0.0260645 0.1397816 0.4565084
v 0.0260645 0.1397816 0.4565084
v 0.0260645 0.1397816 0.4565084
v 0.0260645 0.1397816 0.4565084
v 0.0233389 0.1481701 0.5079000
v 0.0233389 0.1481701 0.5079000
v 0.0233389 0.1481701 0.5079000
v 0.0271935 0.1363070 0.4955800
v 0.0271935 0.1363070 0.4955800
v 0.0271935 0.1363070 0.4955800
v 0.0271935 0.1363070 0.4955800
v 0.0260645 0.1397816 0.5042915
v 0.0260645 0.1397816 0.5042915
v 0.0260645 0.1397816 0.5042915
v 0.0260645 0.1397816 0.5042915
v -0.0000000 0.1444736 0.4529000
v -0.0000000 0.1444736 0.4529000
v -0.0000000 0.1444736 0.4529000
v 0.0000000 0.1320000 0.4652200
v 0.0000000 0.1320000 0.4652200
v 0.0000000 0.1320000 0.4652200
v 0.0000000 0.1320000 0.4652200
v -0.0000000 0.1356534 0.4565084
v -0.0000000 0.1356534 0.4565084
v -0.0000000 0.1356534 0.4565084
v -0.0000000 0.1356534 0.4565084
v 0.0000000 0.1444736 0.5079000
v 0.0000000 0.1444736 0.5079000
v 0.0000000 0.1444736 0.5079000
v 0.0000000 0.1320000 0.4955800
v 0.0000000 0.1320000 0.4955800
v 0.0000000 0.1320000 0.4955800
v 0.0000000 0.1320000 0.4955800
v 0.0000000 0.1356534 0.5042915
v 0.0000000 0.1356534 0.5042915
v 0.0000000 0.1356534 0.5042915
v 0.0000000 0.1356534 0.5042915
v -0.0233389 0.1481701 0.4529000
v -0.0233389 0.1481701 0.4529000
v -0.0233389 0.1481701 0.4529000
v -0.0271935 0.1363070 0.4652200
v -0.0271935 0.1363070 0.4652200
v -0.0271935 0.1363070 0.4652200
v -0.0271935 0.1363070 0.4652200
v -0.0260645 0.1397816 0.4565084
v -0.0260645 0.1397816 0.4565084
v -0.0260645 0.1397816 0.4565084
v -0.0260645 0.1397816 0.4565084
v -0.0233389 0.1481701 0.5079000
v -0.0233389 0.1481701 0.5079000
v -0.0233389 0.1481701 0.5079000
v -0.0271935 0.1363070 0.4955800
v -0.0271935 0.1363070 0.4955800
v -0.0271935 0.1363070 0.4955800
v -0.0271935 0.1363070 0.4955800
v -0.0260645 0.1397816 0.5042915
v -0.0260645 0.1397816 0.5042915
v -0.0260645 0.1397816 0.5042915
v -0.0260645 0.1397816 0.5042915
v -0.0443933 0.1588978 0.4529000
v -0.0443933 0.1588978 0.4529000
v -0.0443933 0.1588978 0.4529000
v -0.0517251 0.1488065 0.4652200
v -0.0517251 0.1488065 0.4652200
v -0.0517251 0.1488065 0.4652200
v -0.0517251 0.1488065 0.4652200
v -0.0495777 0.1517622 0.4565084
v -0.0495777 0.1517622 0.4565084
v -0.0495777 0.1517622 0.4565084
v -0.0495777 0.1517622 0.4565084
v -0.0443933 0.1588978 0.5079000
v -0.0443933 0.1588978 0.5079000
v -0.0443933 0.1588978 0.5079000
v -0.0517251 0.1488065 0.4955800
v -0.0517251 0.1488065 0.4955800
v -0.0517251 0.1488065 0.4955800
v -0.0517251 0.1488065 0.4955800
v -0.0495777 0.1517622 0.5042915
v -0.0495777 0.1517622 0.5042915
v -0.0495777 0.1517622 0.5042915
v -0.0495777 0.1517622 0.5042915
v -0.0611022 0.1756067 0.4529000
v -0.0611022 0.1756067 0.4529000
v -0.0611022 0.1756067 0.4529000
v -0.0711935 0.1682749 0.4652200
v -0.0711935 0.1682749 0.4652200
v -0.0711935 0.1682749 0.4652200
v -0.0711935 0.1682749 0.4652200
v -0.0682378 0.1704223 0.4565084
v -0.0682378 0.1704223 0.4565084
v -0.0682378 0.1704223 0.4565084
v -0.0682378 0.1704223 0.4565084
v -0.0611022 0.1756067 0.5079000
v -0.0611022 0.1756067 0.5079000
v -0.0611022 0.1756067 0.5079000
v -0.0711935 0.1682749 0.4955800
v -0.0711935 0.1682749 0.4955800
v -0.0711935 0.1682749 0.4955800
v -0.0711935 0.1682749 0.4955800
v -0.0682378 0.1704223 0.5042915
v -0.0682378 0.1704223 0.5042915
v -0.0682378 0.1704223 0.5042915
v -0.0682378 0.1704223 0.5042915
v -0.0718299 0.1966611 0.4529000
v -0.0718299 0.1966611 0.4529000
v -0.0718299 0.1966611 0.4529000
v -0.0836930 0.1928065 0.4652200
v -0.0836930 0.1928065 0.4652200
v -0.0836930 0.1928065 0.4652200
v -0.0836930 0.1928065 0.4652200
v -0.0802184 0.1939355 0.4565084
v -0.0802184 0.1939355 0.4565084
v -0.0802184 0.1939355 0.4565084
v -0.0802184 0.1939355 0.4565084
v -0.0718299 0.1966611 0.5079000
v -0.0718299 0.1966611 0.5079000
v -0.0718299 0.1966611 0.5079000
v -0.0836930 0.1928065 0.4955800
v -0.0836930 0.1928065 0.4955800
v -0.0836930 0.1928065 0.4955800
v -0.0836930 0.1928065 0.4955800
v -0.0802184 0.1939355 0.5042915
v -0.0802184 0.1939355 0.5042915
v -0.0802184 0.1939355 0.5042915
v -0.0802184 0.1939355 0.5042915
v -0.0755264 0.2200000 0.4529000
v -0.0755264 0.2200000 0.4529000
v -0.0755264 0.2200000 0.4529000
v -0.0880000 0.2200000 0.4652200
v -0.0880000 0.2200000 0.4652200
v -0.0880000 0.2200000 0.4652200
v -0.0880000 0.2200000 0.4652200
v -0.0843466 0.2200000 0.4565084
v -0.0843466 0.2200000 0.4565084
v -0.0843466 0.2200000 0.4565084
v -0.0843466 0.2200000 0.4565084
v -0.0755264 0.2200000 0.5079000
v -0.0755264 0.2200000 0.5079000
v -0.0755264 0.2200000 0.5079000
v -0.0880000 0.2200000 0.4955800
v -0.0880000 0.2200000 0.4955800
v -0.0880000 0.2200000 0.4955800
v -0.0880000 0.2200000 0.4955800
v -0.0843466 0.2200000 0.5042916
v -0.0843466 0.2200000 0.5042916
v -0.0843466 0.2200000 0.5042916
v -0.0843466 0.2200000 0.5042916
v -0.0718299 0.2433389 0.4529000
v -0.0718299 0.2433389 0.4529000
v -0.0718299 0.2433389 0.4529000
v -0.0836930 0.2471935 0.4652200
v -0.0836930 0.2471935 0.4652200
v -0.0836930 0.2471935 0.4652200
v -0.0836930 0.2471935 0.4652200
v -0.0802184 0.2460645 0.4565084
v -0.0802184 0.2460645 0.4565084
v -0.0802184 0.2460645 0.4565084
v -0.0802184 0.2460645 0.4565084
v -0.0718299 0.2433389 0.5079000
v -0.0718299 0.2433389 0.5079000
v -0.0718299 0.2433389 0.5079000
v -0.0836930 0.2471935 0.4955800
v -0.0836930 0.2471935 0.4955800
v -0.0836930 0.2471935 0.4955800
v -0.0836930 0.2471935 0.4955800
v -0.0802184 0.2460645 0.5042916
v -0.0802184 0.2460645 0.5042916
v -0.0802184 0.2460645 0.5042916
v -0.0802184 0.2460645 0.5042916
v -0.0611022 0.2643933 0.4529000
v -0.0611022 0.2643933 0.4529000
v -0.0611022 0.2643933 0.4529000
v -0.0711935 0.2717251 0.4652200
v -0.0711935 0.2717251 0.4652200
v -0.0711935 0.2717251 0.4652200
v -0.0711935 0.2717251 0.4652200
v -0.0682378 0.2695777 0.4565084
v -0.0682378 0.2695777 0.4565084
v -0.0682378 0.2695777 0.4565084
v -0.0682378 0.2695777 0.4565084
v -0.0611022 0.2643933 0.5079000
v -0.0611022 0.2643933 0.5079000
v -0.0611022 0.2643933 0.5079000
v -0.0711935 0.2717251 0.4955800
v -0.0711935 0.2717251 0.4955800
v -0.0711935 0.2717251 0.4955800
v -0.0711935 0.2717251 0.4955800
v -0.0682378 0.2695777 0.5042916
v -0.0682378 0.2695777 0.5042916
v -0.0682378 0.2695777 0.5042916
v -0.0682378 0.2695777 0.5042916
v -0.0443933 0.2811022 0.4529000
v -0.0443933 0.2811022 0.4529000
v -0.0443933 0.2811022 0.4529000
v -0.0517251 0.2911935 0.4652200
v -0.0517251 0.2911935 0.4652200
v -0.0517251 0.2911935 0.4652200
v -0.0517251 0.2911935 0.4652200
v -0.0495777 0.2882378 0.4565084
v -0.0495777 0.2882378 0.4565084
v -0.0495777 0.2882378 0.4565084
v -0.0495777 0.2882378 0.4565084
v -0.0443933 0.2811022 0.5079000
v -0.0443933 0.2811022 0.5079000
v -0.0443933 0.2811022 0.5079000
v -0.0517251 0.2911935 0.4955800
v -0.0517251 0.2911935 0.4955800
v -0.0517251 0.2911935 0.4955800
v -0.0517251 0.2911935 0.4955800
v -0.0495777 0.2882378 0.5042916
v -0.0495777 0.2882378 0.5042916
v -0.0495777 0.2882378 0.5042916
v -0.0495777 0.2882378 0.5042916
v -0.0233389 0.2918299 0.4529000
v -0.0233389 0.2918299 0.4529000
v -0.0233389 0.2918299 0.4529000
v -0.0271935 0.3036930 0.4652200
v -0.0271935 0.3036930 0.4652200
v -0.0271935 0.3036930 0.4652200
v -0.0271935 0.3036930 0.4652200
v -0.0260645 0.3002184 0.4565085
v -0.0260645 0.3002184 0.4565085
v -0.0260645 0.3002184 0.4565085
v -0.0260645 0.3002184 0.4565085
v -0.0233389 0.2918299 0.5079000
v -0.0233389 0.2918299 0.5079000
v -0.0233389 0.2918299 0.5079000
v -0.0271935 0.3036930 0.4955800
v -0.0271935 0.3036930 0.4955800
v -0.0271935 0.3036930 0.4955800
v -0.0271935 0.3036930 0.4955800
v -0.0260645 0.3002184 0.5042916
v -0.0260645 0.3002184 0.5042916
v -0.0260645 0.3002184 0.5042916
v -0.0260645 0.3002184 0.5042916
vt 0.7500000 0.5440186
vt 0.7500000 0.5440186
vt 0.7500000 0.5440186
vt 1.0000000 0.3880000
vt 1.0000000 0.3880000
vt -0.0000002 0.3880000
vt -0.0000002 0.3880000
vt 0.7515395 0.5102438
vt 0.9989621 0.5000000
vt 0.7484605 0.5102438
vt 0.0010378 0.5000000
vt 0.2500000 0.5440186
vt 0.2500000 0.5440186
vt 0.2500000 0.5440186
vt 1.0000000 0.1120000
vt 1.0000000 0.1120000
vt -0.0000002 0.1120000
vt -0.0000002 0.1120000
vt 0.2515395 0.5102438
vt 0.9989621 0.0000000
vt 0.2484605 0.5102438
vt 0.0010378 0.0000000
vt 0.8136517 0.5541002
vt 0.8136517 0.5541002
vt 0.8136517 0.5541002
vt 0.9500000 0.3880000
vt 0.9500000 0.3880000
vt 0.9500000 0.3880000
vt 0.9500000 0.3880000
vt 0.8226246 0.5215026
vt 0.9510379 0.5000000
vt 0.8255529 0.5224540
vt 0.9489621 0.5000000
vt 0.3136517 0.5541002
vt 0.3136517 0.5541002
vt 0.3136517 0.5541002
vt 0.9500000 0.1120000
vt 0.9500000 0.1120000
vt 0.9500000 0.1120000
vt 0.9500000 0.1120000
vt 0.3226246 0.5215026
vt 0.9510379 0.0000000
vt 0.3255529 0.5224540
vt 0.9489620 0.0000000
vt 0.8710728 0.5833577
vt 0.8710728 0.5833577
vt 0.8710728 0.5833577
vt 0.9000000 0.3880000
vt 0.9000000 0.3880000
vt 0.9000000 0.3880000
vt 0.9000000 0.3880000
vt 0.8896797 0.5551283
vt 0.8921706 0.5569381
vt 0.9010379 0.5000000
vt 0.8989621 0.5000000
vt 0.3710728 0.5833576
vt 0.3710728 0.5833576
vt 0.3710728 0.5833576
vt 0.9000000 0.1120000
vt 0.9000000 0.1120000
vt 0.9000000 0.1120000
vt 0.9000000 0.1120000
vt 0.3896796 0.5551283
vt 0.3921706 0.5569381
vt 0.9010379 0.0000000
vt 0.8989620 0.0000000
vt 0.9166424 0.6289272
vt 0.9166424 0.6289272
vt 0.9166424 0.6289272
vt 0.8500000 0.3880000
vt 0.8500000 0.3880000
vt 0.8500000 0.3880000
vt 0.8500000 0.3880000
vt 0.9430619 0.6078294
vt 0.9448717 0.6103203
vt 0.8510378 0.5000000
vt 0.8489621 0.5000000
vt 0.4166423 0.6289273
vt 0.4166423 0.6289273
vt 0.4166423 0.6289273
vt 0.8500000 0.1120000
vt 0.8500000 0.1120000
vt 0.8500000 0.1120000
vt 0.8500000 0.1120000
vt 0.4430619 0.6078294
vt 0.4448717 0.6103203
vt 0.8510379 0.0000000
vt 0.8489621 0.0000000
vt 0.9459000 0.6863483
vt 0.9459000 0.6863483
vt 0.9459000 0.6863483
vt 0.8000000 0.3880000
vt 0.8000000 0.3880000
vt 0.8000000 0.3880000
vt 0.8000000 0.3880000
vt 0.9775459 0.6744471
vt 0.9784974 0.6773754
vt 0.8010378 0.5000000
vt 0.7989621 0.5000000
vt 0.4458998 0.6863483
vt 0.4458998 0.6863483
vt 0.4458998 0.6863483
vt 0.8000000 0.1120000
vt 0.8000000 0.1120000
vt 0.8000000 0.1120000
vt 0.8000000 0.1120000
vt 0.4775459 0.6744471
vt 0.4784974 0.6773754
vt 0.8010379 0.0000000
vt 0.7989621 0.0000000
vt 0.9559813 0.7500000
vt 0.9559813 0.7500000
vt 0.9559813 0.7500000
vt 0.7499999 0.3880000
vt 0.7499999 0.3880000
vt 0.7499999 0.3880000
vt 0.7499999 0.3880000
vt 0.9897562 0.7515395
vt 0.9897562 0.7484605
vt 0.7489620 0.5000000
vt 0.7510378 0.5000000
vt 0.4559812 0.7500000
vt 0.4559812 0.7500000
vt 0.4559812 0.7500000
vt 0.7499999 0.1120000
vt 0.7499999 0.1120000
vt 0.7499999 0.1120000
vt 0.7499999 0.1120000
vt 0.4897562 0.7515395
vt 0.4897562 0.7484605
vt 0.7489620 0.0000000
vt 0.7510378 0.0000000
vt 0.9459000 0.8136516
vt 0.9459000 0.8136516
vt 0.9459000 0.8136516
vt 0.6999999 0.3880000
vt 0.6999999 0.3880000
vt 0.6999999 0.3880000
vt 0.6999999 0.3880000
vt 0.9775459 0.8255529
vt 0.9784974 0.8226246
vt 0.6989620 0.5000000
vt 0.7010379 0.5000000
vt 0.4458998 0.8136517
vt 0.4458998 0.8136517
vt 0.4458998 0.8136517
vt 0.6999999 0.1120000
vt 0.6999999 0.1120000
vt 0.6999999 0.1120000
vt 0.6999999 0.1120000
vt 0.4775459 0.8255529
vt 0.4784974 0.8226246
vt 0.6989620 0.0000000
vt 0.7010379 0.0000000
vt 0.9166424 0.8710726
vt 0.9166424 0.8710726
vt 0.9166424 0.8710726
vt 0.6499999 0.3880000
vt 0.6499999 0.3880000
vt 0.6499999 0.3880000
vt 0.6499999 0.3880000
vt 0.9430619 0.8921706
vt 0.9448718 0.8896797
vt 0.6489620 0.5000000
vt 0.6510378 0.5000000
vt 0.4166422 0.8710727
vt 0.4166422 0.8710727
vt 0.4166422 0.8710727
vt 0.6499999 0.1120000
vt 0.6499999 0.1120000
vt 0.6499999 0.1120000
vt 0.6499999 0.1120000
vt 0.4430619 0.8921706
vt 0.4448717 0.8896797
vt 0.6489620 0.0000000
vt 0.6510378 0.0000000
vt 0.8710728 0.9166422
vt 0.8710728 0.9166422
vt 0.8710728 0.9166422
vt 0.5999999 0.3880000
vt 0.5999999 0.3880000
vt 0.5999999 0.3880000
vt 0.5999999 0.3880000
vt 0.8896796 0.9448717
vt 0.8921706 0.9430619
vt 0.5989620 0.5000000
vt 0.6010378 0.5000000
vt 0.3710728 0.9166422
vt 0.3710728 0.9166422
vt 0.3710728 0.9166422
vt 0.5999999 0.1120000
vt 0.5999999 0.1120000
vt 0.5999999 0.1120000
vt 0.5999999 0.1120000
vt 0.3896797 0.9448717
vt 0.3921706 0.9430619
vt 0.5989620 0.0000000
vt 0.6010378 0.0000000
vt 0.8136516 0.9458997
vt 0.8136516 0.9458997
vt 0.8136516 0.9458997
vt 0.5499999 0.3880000
vt 0.5499999 0.3880000
vt 0.5499999 0.3880000
vt 0.5499999 0.3880000
vt 0.8226246 0.9784974
vt 0.5489619 0.5000000
vt 0.8255529 0.9775459
vt 0.5510378 0.5000000
vt 0.3136517 0.9458997
vt 0.3136517 0.9458997
vt 0.3136517 0.9458997
vt 0.5499999 0.1120000
vt 0.5499999 0.1120000
vt 0.5499999 0.1120000
vt 0.5499999 0.1120000
vt 0.3226246 0.9784974
vt 0.5489619 0.0000000
vt 0.3255529 0.9775459
vt 0.5510378 0.0000000
vt 0.7499999 0.9559812
vt 0.7499999 0.9559812
vt 0.7499999 0.9559812
vt 0.4999999 0.3880000
vt 0.4999999 0.3880000
vt 0.4999999 0.3880000
vt 0.4999999 0.3880000
vt 0.7515395 0.9897562
vt 0.5010378 0.5000000
vt 0.7484605 0.9897562
vt 0.4989620 0.5000000
vt 0.2500000 0.9559812
vt 0.2500000 0.9559812
vt 0.2500000 0.9559812
vt 0.4999999 0.1120000
vt 0.4999999 0.1120000
vt 0.4999999 0.1120000
vt 0.4999999 0.1120000
vt 0.2515395 0.9897562
vt 0.5010378 0.0000000
vt 0.2484605 0.9897562
vt 0.4989620 0.0000000
vt 0.6863484 0.9458997
vt 0.6863484 0.9458997
vt 0.6863484 0.9458997
vt 0.4499999 0.3880000
vt 0.4499999 0.3880000
vt 0.4499999 0.3880000
vt 0.4499999 0.3880000
vt 0.6773754 0.9784974
vt 0.4510378 0.5000000
vt 0.6744471 0.9775459
vt 0.4489619 0.5000000
vt 0.1863483 0.9458997
vt 0.1863483 0.9458997
vt 0.1863483 0.9458997
vt 0.4499999 0.1120000
vt 0.4499999 0.1120000
vt 0.4499999 0.1120000
vt 0.4499999 0.1120000
vt 0.1773754 0.9784974
vt 0.4510378 0.0000000
vt 0.1744471 0.9775459
vt 0.4489619 0.0000000
vt 0.6289273 0.9166422
vt 0.6289273 0.9166422
vt 0.6289273 0.9166422
vt 0.3999999 0.3880000
vt 0.3999999 0.3880000
vt 0.3999999 0.3880000
vt 0.3999999 0.3880000
vt 0.6103204 0.9448717
vt 0.6078293 0.9430619
vt 0.4010378 0.5000000
vt 0.3989619 0.5000000
vt 0.1289273 0.9166422
vt 0.1289273 0.9166422
vt 0.1289273 0.9166422
vt 0.3999999 0.1120000
vt 0.3999999 0.1120000
vt 0.3999999 0.1120000
vt 0.3999999 0.1120000
vt 0.1103204 0.9448717
vt 0.1078294 0.9430619
vt 0.4010378 0.0000000
vt 0.3989619 0.0000000
vt 0.5833577 0.8710727
vt 0.5833577 0.8710727
vt 0.5833577 0.8710727
vt 0.3499998 0.3880000
vt 0.3499998 0.3880000
vt 0.3499998 0.3880000
vt 0.3499998 0.3880000
vt 0.5569381 0.8921706
vt 0.5551283 0.8896797
vt 0.3510377 0.5000000
vt 0.3489619 0.5000000
vt 0.0833578 0.8710727
vt 0.0833578 0.8710727
vt 0.0833578 0.8710727
vt 0.3499998 0.1120000
vt 0.3499998 0.1120000
vt 0.3499998 0.1120000
vt 0.3499998 0.1120000
vt 0.0569381 0.8921706
vt 0.0551283 0.8896797
vt 0.3510377 0.0000000
vt 0.3489619 0.0000000
vt 0.5541003 0.8136517
vt 0.5541003 0.8136517
vt 0.5541003 0.8136517
vt 0.2999998 0.3880000
vt 0.2999998 0.3880000
vt 0.2999998 0.3880000
vt 0.2999998 0.3880000
vt 0.5224541 0.8255529
vt 0.5215026 0.8226246
vt 0.3010377 0.5000000
vt 0.2989619 0.5000000
vt 0.0541003 0.8136516
vt 0.0541003 0.8136516
vt 0.0541003 0.8136516
vt 0.2999998 0.1120000
vt 0.2999998 0.1120000
vt 0.2999998 0.1120000
vt 0.2999998 0.1120000
vt 0.0224541 0.8255529
vt 0.0215026 0.8226246
vt 0.3010377 0.0000000
vt 0.2989619 0.0000000
vt 0.5440187 0.7500000
vt 0.5440187 0.7500000
vt 0.5440187 0.7500000
vt 0.2499998 0.3880000
vt 0.2499998 0.3880000
vt 0.2499998 0.3880000
vt 0.2499998 0.3880000
vt 0.5102438 0.7515395
vt 0.5102438 0.7484605
vt 0.2510377 0.5000000
vt 0.2489619 0.5000000
vt 0.0440188 0.7500000
vt 0.0440188 0.7500000
vt 0.0440188 0.7500000
vt 0.2499998 0.1120000
vt 0.2499998 0.1120000
vt 0.2499998 0.1120000
vt 0.2499998 0.1120000
vt 0.0102438 0.7515395
vt 0.0102438 0.7484605
vt 0.2510377 0.0000000
vt 0.2489619 0.0000000
vt 0.5541003 0.6863483
vt 0.5541003 0.6863483
vt 0.5541003 0.6863483
vt 0.1999998 0.3880000
vt 0.1999998 0.3880000
vt 0.1999998 0.3880000
vt 0.1999998 0.3880000
vt 0.5224540 0.6744471
vt 0.5215026 0.6773754
vt 0.1989619 0.5000000
vt 0.2010377 0.5000000
vt 0.0541003 0.6863483
vt 0.0541003 0.6863483
vt 0.0541003 0.6863483
vt 0.1999998 0.1120000
vt 0.1999998 0.1120000
vt 0.1999999 0.1120000
vt 0.1999999 0.1120000
vt 0.0224541 0.6744471
vt 0.0215026 0.6773754
vt 0.1989619 0.0000000
vt 0.2010377 0.0000000
vt 0.5833578 0.6289273
vt 0.5833578 0.6289273
vt 0.5833578 0.6289273
vt 0.1499999 0.3880000
vt 0.1499999 0.3880000
vt 0.1499998 0.3880000
vt 0.1499998 0.3880000
vt 0.5569380 0.6078294
vt 0.5551283 0.6103203
vt 0.1489619 0.5000000
vt 0.1510378 0.5000000
vt 0.0833578 0.6289272
vt 0.0833578 0.6289272
vt 0.0833578 0.6289272
vt 0.1499998 0.1120000
vt 0.1499998 0.1120000
vt 0.1499999 0.1120000
vt 0.1499999 0.1120000
vt 0.0569381 0.6078294
vt 0.0551283 0.6103203
vt 0.1489619 0.0000000
vt 0.1510378 0.0000000
vt 0.6289273 0.5833578
vt 0.6289273 0.5833578
vt 0.6289273 0.5833578
vt 0.0999998 0.3880000
vt 0.0999998 0.3880000
vt 0.0999998 0.3880000
vt 0.0999998 0.3880000
vt 0.6103203 0.5551283
vt 0.6078294 0.5569381
vt 0.0989619 0.5000000
vt 0.1010377 0.5000000
vt 0.1289273 0.5833577
vt 0.1289273 0.5833577
vt 0.1289273 0.5833577
vt 0.0999998 0.1120000
vt 0.0999998 0.1120000
vt 0.0999998 0.1120000
vt 0.0999998 0.1120000
vt 0.1103203 0.5551283
vt 0.1078294 0.5569381
vt 0.0989619 0.0000000
vt 0.1010377 0.0000000
vt 0.6863484 0.5541002
vt 0.6863484 0.5541002
vt 0.6863484 0.5541002
vt 0.0499998 0.3880000
vt 0.0499998 0.3880000
vt 0.0499998 0.3880000
vt 0.0499998 0.3880000
vt 0.6773754 0.5215026
vt 0.0489619 0.5000000
vt 0.6744471 0.5224540
vt 0.0510377 0.5000000
vt 0.1863484 0.5541002
vt 0.1863484 0.5541002
vt 0.1863484 0.5541002
vt 0.0499998 0.1120000
vt 0.0499998 0.1120000
vt 0.0499998 0.1120000
vt 0.0499998 0.1120000
vt 0.1773754 0.5215026
vt 0.0489619 0.0000000
vt 0.1744471 0.5224540
vt 0.0510377 0.0000000
vn 0.0000000 0.0000001 -1.0000000
vn 0.0598981 0.3779882 -0.9238708
vn -0.0598981 0.3779882 -0.9238708
vn 0.1445003 0.9125020 -0.3827007
vn 0.1563990 0.9876940 0.0000001
vn -0.1445003 0.9125020 -0.3827007
vn -0.1563990 0.9876940 0.0000001
vn 0.0598981 0.3779882 -0.9238708
vn 0.1445003 0.9125020 -0.3827007
vn -0.0598981 0.3779882 -0.9238708
vn -0.1445003 0.9125020 -0.3827007
vn 0.0000000 -0.0000001 1.0000000
vn 0.0598981 0.3779879 0.9238709
vn -0.0598981 0.3779879 0.9238709
vn 0.1445003 0.9125019 0.3827009
vn 0.1563990 0.9876940 0.0000001
vn -0.1445003 0.9125019 0.3827009
vn -0.1563990 0.9876940 0.0000001
vn 0.0598981 0.3779879 0.9238709
vn 0.1445003 0.9125019 0.3827009
vn -0.0598981 0.3779879 0.9238709
vn -0.1445003 0.9125019 0.3827009
vn 0.0000000 0.0000001 -1.0000000
vn 0.0598981 0.3779882 -0.9238708
vn 0.1736962 0.3409926 -0.9238797
vn 0.1445003 0.9125020 -0.3827007
vn 0.1563990 0.9876940 0.0000001
vn 0.4193970 0.8231944 -0.3826972
vn 0.4540007 0.8910014 0.0000001
vn 0.0598981 0.3779882 -0.9238708
vn 0.1445003 0.9125020 -0.3827007
vn 0.1736962 0.3409926 -0.9238797
vn 0.4193970 0.8231944 -0.3826972
vn 0.0000000 -0.0000001 1.0000000
vn 0.0598981 0.3779879 0.9238709
vn 0.1736962 0.3409924 0.9238798
vn 0.1445003 0.9125019 0.3827009
vn 0.1563990 0.9876940 0.0000001
vn 0.4193970 0.8231943 0.3826974
vn 0.4540007 0.8910014 0.0000001
vn 0.0598981 0.3779879 0.9238709
vn 0.1445003 0.9125019 0.3827009
vn 0.1736962 0.3409924 0.9238798
vn 0.4193970 0.8231943 0.3826974
vn 0.0000000 0.0000001 -1.0000000
vn 0.1736962 0.3409926 -0.9238797
vn 0.2705946 0.2705947 -0.9238815
vn 0.4193970 0.8231944 -0.3826972
vn 0.4540007 0.8910014 0.0000001
vn 0.6532800 0.6532801 -0.3826882
vn 0.7071067 0.7071068 0.0000001
vn 0.1736962 0.3409926 -0.9238797
vn 0.2705946 0.2705947 -0.9238815
vn 0.4193970 0.8231944 -0.3826972
vn 0.6532800 0.6532801 -0.3826882
vn 0.0000000 -0.0000001 1.0000000
vn 0.1736962 0.3409924 0.9238798
vn 0.2705946 0.2705945 0.9238816
vn 0.4193970 0.8231943 0.3826974
vn 0.4540007 0.8910014 0.0000001
vn 0.6532800 0.6532800 0.3826884
vn 0.7071067 0.7071068 0.0000001
vn 0.1736962 0.3409924 0.9238798
vn 0.2705946 0.2705945 0.9238816
vn 0.4193970 0.8231943 0.3826974
vn 0.6532800 0.6532800 0.3826884
vn 0.0000000 0.0000001 -1.0000000
vn 0.2705946 0.2705947 -0.9238815
vn 0.3409925 0.1736963 -0.9238797
vn 0.6532800 0.6532801 -0.3826882
vn 0.7071067 0.7071068 0.0000001
vn 0.8231943 0.4193972 -0.3826973
vn 0.8910013 0.4540008 0.0000001
vn 0.2705946 0.2705947 -0.9238815
vn 0.3409925 0.1736963 -0.9238797
vn 0.6532800 0.6532801 -0.3826882
vn 0.8231943 0.4193972 -0.3826973
vn 0.0000000 -0.0000001 1.0000000
vn 0.2705946 0.2705945 0.9238816
vn 0.3409925 0.1736961 0.9238798
vn 0.6532800 0.6532800 0.3826884
vn 0.7071067 0.7071068 0.0000001
vn 0.8231943 0.4193971 0.3826974
vn 0.8910013 0.4540008 0.0000001
vn 0.2705946 0.2705945 0.9238816
vn 0.3409925 0.1736961 0.9238798
vn 0.6532800 0.6532800 0.3826884
vn 0.8231943 0.4193971 0.3826974
vn 0.0000000 0.0000001 -1.0000000
vn 0.3409925 0.1736963 -0.9238797
vn 0.3779880 0.0598982 -0.9238708
vn 0.8231943 0.4193972 -0.3826973
vn 0.8910013 0.4540008 0.0000001
vn 0.9125019 0.1445004 -0.3827008
vn 0.9876939 0.1563991 0.0000000
vn 0.3409925 0.1736963 -0.9238797
vn 0.3779880 0.0598982 -0.9238708
vn 0.8231943 0.4193972 -0.3826973
vn 0.9125019 0.1445004 -0.3827008
vn 0.0000000 -0.0000001 1.0000000
vn 0.3409925 0.1736961 0.9238798
vn 0.3779880 0.0598980 0.9238708
vn 0.8231943 0.4193971 0.3826974
vn 0.8910013 0.4540008 0.0000001
vn 0.9125019 0.1445003 0.3827009
vn 0.9876939 0.1563991 0.0000000
vn 0.3409925 0.1736961 0.9238798
vn 0.3779880 0.0598980 0.9238708
vn 0.8231943 0.4193971 0.3826974
vn 0.9125019 0.1445003 0.3827009
vn 0.0000000 0.0000001 -1.0000000
vn 0.3779880 -0.0598980 -0.9238708
vn 0.3779880 0.0598982 -0.9238708
vn 0.9125019 -0.1445003 -0.3827009
vn 0.9125019 0.1445004 -0.3827008
vn 0.9876939 -0.1563991 -0.0000000
vn 0.9876939 0.1563991 0.0000000
vn 0.3779880 -0.0598980 -0.9238708
vn 0.3779880 0.0598982 -0.9238708
vn 0.9125019 -0.1445003 -0.3827009
vn 0.9125019 0.1445004 -0.3827008
vn 0.0000000 -0.0000001 1.0000000
vn 0.3779880 -0.0598982 0.9238708
vn 0.3779880 0.0598980 0.9238708
vn 0.9125019 -0.1445004 0.3827008
vn 0.9125019 0.1445003 0.3827009
vn 0.9876939 -0.1563991 -0.0000000
vn 0.9876939 0.1563991 0.0000000
vn 0.3779880 -0.0598982 0.9238708
vn 0.3779880 0.0598980 0.9238708
vn 0.9125019 -0.1445004 0.3827008
vn 0.9125019 0.1445003 0.3827009
vn 0.0000000 0.0000001 -1.0000000
vn 0.3409925 -0.1736961 -0.9238798
vn 0.3779880 -0.0598980 -0.9238708
vn 0.8231943 -0.4193971 -0.3826974
vn 0.8910013 -0.4540008 -0.0000001
vn 0.9125019 -0.1445003 -0.3827009
vn 0.9876939 -0.1563991 -0.0000000
vn 0.3409925 -0.1736961 -0.9238798
vn 0.3779880 -0.0598980 -0.9238708
vn 0.8231943 -0.4193971 -0.3826974
vn 0.9125019 -0.1445003 -0.3827009
vn 0.0000000 -0.0000001 1.0000000
vn 0.3409925 -0.1736963 0.9238797
vn 0.3779880 -0.0598982 0.9238708
vn 0.8231943 -0.4193972 0.3826973
vn 0.8910013 -0.4540008 -0.0000001
vn 0.9125019 -0.1445004 0.3827008
vn 0.9876939 -0.1563991 -0.0000000
vn 0.3409925 -0.1736963 0.9238797
vn 0.3779880 -0.0598982 0.9238708
vn 0.8231943 -0.4193972 0.3826973
vn 0.9125019 -0.1445004 0.3827008
vn 0.0000000 0.0000001 -1.0000000
vn 0.2705946 -0.2705945 -0.9238816
vn 0.3409925 -0.1736961 -0.9238798
vn 0.6532800 -0.6532800 -0.3826884
vn 0.7071067 -0.7071068 -0.0000001
vn 0.8231943 -0.4193971 -0.3826974
vn 0.8910013 -0.4540008 -0.0000001
vn 0.2705946 -0.2705945 -0.9238816
vn 0.3409925 -0.1736961 -0.9238798
vn 0.6532800 -0.6532800 -0.3826884
vn 0.8231943 -0.4193971 -0.3826974
vn 0.0000000 -0.0000001 1.0000000
vn 0.2705946 -0.2705947 0.9238815
vn 0.3409925 -0.1736963 0.9238797
vn 0.6532800 -0.6532801 0.3826882
vn 0.7071067 -0.7071068 -0.0000001
vn 0.8231943 -0.4193972 0.3826973
vn 0.8910013 -0.4540008 -0.0000001
vn 0.2705946 -0.2705947 0.9238815
vn 0.3409925 -0.1736963 0.9238797
vn 0.6532800 -0.6532801 0.3826882
vn 0.8231943 -0.4193972 0.3826973
vn 0.0000000 0.0000001 -1.0000000
vn 0.1736962 -0.3409924 -0.9238798
vn 0.2705946 -0.2705945 -0.9238816
vn 0.4193970 -0.8231943 -0.3826974
vn 0.4540007 -0.8910014 -0.0000001
vn 0.6532800 -0.6532800 -0.3826884
vn 0.7071067 -0.7071068 -0.0000001
vn 0.1736962 -0.3409924 -0.9238798
vn 0.2705946 -0.2705945 -0.9238816
vn 0.4193970 -0.8231943 -0.3826974
vn 0.6532800 -0.6532800 -0.3826884
vn 0.0000000 -0.0000001 1.0000000
vn 0.1736962 -0.3409926 0.9238797
vn 0.2705946 -0.2705947 0.9238815
vn 0.4193970 -0.8231944 0.3826972
vn 0.4540007 -0.8910014 -0.0000001
vn 0.6532800 -0.6532801 0.3826882
vn 0.7071067 -0.7071068 -0.0000001
vn 0.1736962 -0.3409926 0.9238797
vn 0.2705946 -0.2705947 0.9238815
vn 0.4193970 -0.8231944 0.3826972
vn 0.6532800 -0.6532801 0.3826882
vn 0.0000000 0.0000001 -1.0000000
vn 0.0598981 -0.3779879 -0.9238709
vn 0.1736962 -0.3409924 -0.9238798
vn 0.1445003 -0.9125019 -0.3827009
vn 0.1563990 -0.9876940 -0.0000001
vn 0.4193970 -0.8231943 -0.3826974
vn 0.4540007 -0.8910014 -0.0000001
vn 0.0598981 -0.3779879 -0.9238709
vn 0.1445003 -0.9125019 -0.3827009
vn 0.1736962 -0.3409924 -0.9238798
vn 0.4193970 -0.8231943 -0.3826974
vn 0.0000000 -0.0000001 1.0000000
vn 0.0598981 -0.3779882 0.9238708
vn 0.1736962 -0.3409926 0.9238797
vn 0.1445003 -0.9125020 0.3827007
vn 0.1563990 -0.9876940 -0.0000001
vn 0.4193970 -0.8231944 0.3826972
vn 0.4540007 -0.8910014 -0.0000001
vn 0.0598981 -0.3779882 0.9238708
vn 0.1445003 -0.9125020 0.3827007
vn 0.1736962 -0.3409926 0.9238797
vn 0.4193970 -0.8231944 0.3826972
vn 0.0000000 0.0000001 -1.0000000
vn 0.0598981 -0.3779879 -0.9238709
vn -0.0598981 -0.3779879 -0.9238709
vn 0.1445003 -0.9125019 -0.3827009
vn 0.1563990 -0.9876940 -0.0000001
vn -0.1445003 -0.9125019 -0.3827009
vn -0.1563990 -0.9876940 -0.0000001
vn 0.0598981 -0.3779879 -0.9238709
vn 0.1445003 -0.9125019 -0.3827009
vn -0.0598981 -0.3779879 -0.9238709
vn -0.1445003 -0.9125019 -0.3827009
vn 0.0000000 -0.0000001 1.0000000
vn 0.0598981 -0.3779882 0.9238708
vn -0.0598981 -0.3779882 0.9238708
vn 0.1445003 -0.9125020 0.3827007
vn 0.1563990 -0.9876940 -0.0000001
vn -0.1445003 -0.9125020 0.3827007
vn -0.1563990 -0.9876940 -0.0000001
vn 0.0598981 -0.3779882 0.9238708
vn 0.1445003 -0.9125020 0.3827007
vn -0.0598981 -0.3779882 0.9238708
vn -0.1445003 -0.9125020 0.3827007
vn 0.0000000 0.0000001 -1.0000000
vn -0.0598981 -0.3779879 -0.9238709
vn -0.1736962 -0.3409924 -0.9238798
vn -0.1445003 -0.9125019 -0.3827009
vn -0.1563990 -0.9876940 -0.0000001
vn -0.4193970 -0.8231943 -0.3826974
vn -0.4540007 -0.8910014 -0.0000001
vn -0.0598981 -0.3779879 -0.9238709
vn -0.1445003 -0.9125019 -0.3827009
vn -0.1736962 -0.3409924 -0.9238798
vn -0.4193970 -0.8231943 -0.3826974
vn 0.0000000 -0.0000001 1.0000000
vn -0.0598981 -0.3779882 0.9238708
vn -0.1736962 -0.3409926 0.9238797
vn -0.1445003 -0.9125020 0.3827007
vn -0.1563990 -0.9876940 -0.0000001
vn -0.4193970 -0.8231944 0.3826972
vn -0.4540007 -0.8910014 -0.0000001
vn -0.0598981 -0.3779882 0.9238708
vn -0.1445003 -0.9125020 0.3827007
vn -0.1736962 -0.3409926 0.9238797
vn -0.4193970 -0.8231944 0.3826972
vn 0.0000000 0.0000001 -1.0000000
vn -0.1736962 -0.3409924 -0.9238798
vn -0.2705946 -0.2705945 -0.9238816
vn -0.4193970 -0.8231943 -0.3826974
vn -0.4540007 -0.8910014 -0.0000001
vn -0.6532800 -0.6532800 -0.3826884
vn -0.7071067 -0.7071068 -0.0000001
vn -0.1736962 -0.3409924 -0.9238798
vn -0.2705946 -0.2705945 -0.9238816
vn -0.4193970 -0.8231943 -0.3826974
vn -0.6532800 -0.6532800 -0.3826884
vn 0.0000000 -0.0000001 1.0000000
vn -0.1736962 -0.3409926 0.9238797
vn -0.2705946 -0.2705947 0.9238815
vn -0.4193970 -0.8231944 0.3826972
vn -0.4540007 -0.8910014 -0.0000001
vn -0.6532800 -0.6532801 0.3826882
vn -0.7071067 -0.7071068 -0.0000001
vn -0.1736962 -0.3409926 0.9238797
vn -0.2705946 -0.2705947 0.9238815
vn -0.4193970 -0.8231944 0.3826972
vn -0.6532800 -0.6532801 0.3826882
vn 0.0000000 0.0000001 -1.0000000
vn -0.2705946 -0.2705945 -0.9238816
vn -0.3409925 -0.1736961 -0.9238798
vn -0.6532800 -0.6532800 -0.3826884
vn -0.7071067 -0.7071068 -0.0000001
vn -0.8231943 -0.4193971 -0.3826974
vn -0.8910013 -0.4540008 -0.0000001
vn -0.2705946 -0.2705945 -0.9238816
vn -0.3409925 -0.1736961 -0.9238798
vn -0.6532800 -0.6532800 -0.3826884
vn -0.8231943 -0.4193971 -0.3826974
vn 0.0000000 -0.0000001 1.0000000
vn -0.2705946 -0.2705947 0.9238815
vn -0.3409925 -0.1736963 0.9238797
vn -0.6532800 -0.6532801 0.3826882
vn -0.7071067 -0.7071068 -0.0000001
vn -0.8231943 -0.4193972 0.3826973
vn -0.8910013 -0.4540008 -0.0000001
vn -0.2705946 -0.2705947 0.9238815
vn -0.3409925 -0.1736963 0.9238797
vn -0.6532800 -0.6532801 0.3826882
vn -0.8231943 -0.4193972 0.3826973
vn 0.0000000 0.0000001 -1.0000000
vn -0.3409925 -0.1736961 -0.9238798
vn -0.3779880 -0.0598980 -0.9238708
vn -0.8231943 -0.4193971 -0.3826974
vn -0.8910013 -0.4540008 -0.0000001
vn -0.9125019 -0.1445003 -0.3827009
vn -0.9876939 -0.1563991 -0.0000000
vn -0.3409925 -0.1736961 -0.9238798
vn -0.3779880 -0.0598980 -0.9238708
vn -0.8231943 -0.4193971 -0.3826974
vn -0.9125019 -0.1445003 -0.3827009
vn 0.0000000 -0.0000001 1.0000000
vn -0.3409925 -0.1736963 0.9238797
vn -0.3779880 -0.0598982 0.9238708
vn -0.8231943 -0.4193972 0.3826973
vn -0.8910013 -0.4540008 -0.0000001
vn -0.9125019 -0.1445004 0.3827008
vn -0.9876939 -0.1563991 -0.0000000
vn -0.3409925 -0.1736963 0.9238797
vn -0.3779880 -0.0598982 0.9238708
vn -0.8231943 -0.4193972 0.3826973
vn -0.9125019 -0.1445004 0.3827008
vn 0.0000000 0.0000001 -1.0000000
vn -0.3779880 -0.0598980 -0.9238708
vn -0.3779880 0.0598982 -0.9238708
vn -0.9125019 -0.1445003 -0.3827009
vn -0.9125019 0.1445004 -0.3827008
vn -0.9876939 -0.1563991 -0.0000000
vn -0.9876939 0.1563991 0.0000000
vn -0.3779880 -0.0598980 -0.9238708
vn -0.3779880 0.0598982 -0.9238708
vn -0.9125019 -0.1445003 -0.3827009
vn -0.9125019 0.1445004 -0.3827008
vn 0.0000000 -0.0000001 1.0000000
vn -0.3779880 -0.0598982 0.9238708
vn -0.3779880 0.0598980 0.9238708
vn -0.9125019 -0.1445004 0.3827008
vn -0.9125019 0.1445003 0.3827009
vn -0.9876939 -0.1563991 -0.0000000
vn -0.9876939 0.1563991 0.0000000
vn -0.3779880 -0.0598982 0.9238708
vn -0.3779880 0.0598980 0.9238708
vn -0.9125019 -0.1445004 0.3827008
vn -0.9125019 0.1445003 0.3827009
vn 0.0000000 0.0000001 -1.0000000
vn -0.3409925 0.1736963 -0.9238797
vn -0.3779880 0.0598982 -0.9238708
vn -0.8231943 0.4193972 -0.3826973
vn -0.8910013 0.4540008 0.0000001
vn -0.9125019 0.1445004 -0.3827008
vn -0.9876939 0.1563991 0.0000000
vn -0.3409925 0.1736963 -0.9238797
vn -0.3779880 0.0598982 -0.9238708
vn -0.8231943 0.4193972 -0.3826973
vn -0.9125019 0.1445004 -0.3827008
vn 0.0000000 -0.0000001 1.0000000
vn -0.3409925 0.1736961 0.9238798
vn -0.3779880 0.0598980 0.9238708
vn -0.8231943 0.4193971 0.3826974
vn -0.8910013 0.4540008 0.0000001
vn -0.9125019 0.1445003 0.3827009
vn -0.9876939 0.1563991 0.0000000
vn -0.3409925 0.1736961 0.9238798
vn -0.3779880 0.0598980 0.9238708
vn -0.8231943 0.4193971 0.3826974
vn -0.9125019 0.1445003 0.3827009
vn 0.0000000 0.0000001 -1.0000000
vn -0.2705946 0.2705947 -0.9238815
vn -0.3409925 0.1736963 -0.9238797
vn -0.6532800 0.6532801 -0.3826882
vn -0.7071067 0.7071068 0.0000001
vn -0.8231943 0.4193972 -0.3826973
vn -0.8910013 0.4540008 0.0000001
vn -0.2705946 0.2705947 -0.9238815
vn -0.3409925 0.1736963 -0.9238797
vn -0.6532800 0.6532801 -0.3826882
vn -0.8231943 0.4193972 -0.3826973
vn 0.0000000 -0.0000001 1.0000000
vn -0.2705946 0.2705945 0.9238816
vn -0.3409925 0.1736961 0.9238798
vn -0.6532800 0.6532800 0.3826884
vn -0.7071067 0.7071068 0.0000001
vn -0.8231943 0.4193971 0.3826974
vn -0.8910013 0.4540008 0.0000001
vn -0.2705946 0.2705945 0.9238816
vn -0.3409925 0.1736961 0.9238798
vn -0.6532800 0.6532800 0.3826884
vn -0.8231943 0.4193971 0.3826974
vn 0.0000000 0.0000001 -1.0000000
vn -0.1736962 0.3409926 -0.9238797
vn -0.2705946 0.2705947 -0.9238815
vn -0.4193970 0.8231944 -0.3826972
vn -0.4540007 0.8910014 0.0000001
vn -0.6532800 0.6532801 -0.3826882
vn -0.7071067 0.7071068 0.0000001
vn -0.1736962 0.3409926 -0.9238797
vn -0.2705946 0.2705947 -0.9238815
vn -0.4193970 0.8231944 -0.3826972
vn -0.6532800 0.6532801 -0.3826882
vn 0.0000000 -0.0000001 1.0000000
vn -0.1736962 0.3409924 0.9238798
vn -0.2705946 0.2705945 0.9238816
vn -0.4193970 0.8231943 0.3826974
vn -0.4540007 0.8910014 0.0000001
vn -0.6532800 0.6532800 0.3826884
vn -0.7071067 0.7071068 0.0000001
vn -0.1736962 0.3409924 0.9238798
vn -0.2705946 0.2705945 0.9238816
vn -0.4193970 0.8231943 0.3826974
vn -0.6532800 0.6532800 0.3826884
vn 0.0000000 0.0000001 -1.0000000
vn -0.0598981 0.3779882 -0.9238708
vn -0.1736962 0.3409926 -0.9238797
vn -0.1445003 0.9125020 -0.3827007
vn -0.1563990 0.9876940 0.0000001
vn -0.4193970 0.8231944 -0.3826972
vn -0.4540007 0.8910014 0.0000001
vn -0.0598981 0.3779882 -0.9238708
vn -0.1445003 0.9125020 -0.3827007
vn -0.1736962 0.3409926 -0.9238797
vn -0.4193970 0.8231944 -0.3826972
vn 0.0000000 -0.0000001 1.0000000
vn -0.0598981 0.3779879 0.9238709
vn -0.1736962 0.3409924 0.9238798
vn -0.1445003 0.9125019 0.3827009
vn -0.1563990 0.9876940 0.0000001
vn -0.4193970 0.8231943 0.3826974
vn -0.4540007 0.8910014 0.0000001
vn -0.0598981 0.3779879 0.9238709
vn -0.1445003 0.9125019 0.3827009
vn -0.1736962 0.3409924 0.9238798
vn -0.4193970 0.8231943 0.3826974
f 4097/4097/4097 4108/4108/4108 3692/3692/3692
f 4097/4097/4097 3692/3692/3692 3681/3681/3681
f 3725/3725/3725 3736/3736/3736 3756/3756/3756
f 3725/3725/3725 3756/3756/3756 3745/3745/3745
f 3747/3747/3747 3758/3758/3758 3778/3778/3778
f 3747/3747/3747 3778/3778/3778 3767/3767/3767
f 3769/3769/3769 3780/3780/3780 3802/3802/3802
f 3769/3769/3769 3802/3802/3802 3791/3791/3791
f 3790/3790/3790 3801/3801/3801 3824/3824/3824
f 3790/3790/3790 3824/3824/3824 3813/3813/3813
f 3811/3811/3811 3822/3822/3822 3846/3846/3846
f 3811/3811/3811 3846/3846/3846 3835/3835/3835
f 3833/3833/3833 3844/3844/3844 3868/3868/3868
f 3833/3833/3833 3868/3868/3868 3857/3857/3857
f 3855/3855/3855 3866/3866/3866 3890/3890/3890
f 3855/3855/3855 3890/3890/3890 3879/3879/3879
f 3877/3877/3877 3888/3888/3888 3910/3910/3910
f 3877/3877/3877 3910/3910/3910 3899/3899/3899
f 3901/3901/3901 3912/3912/3912 3932/3932/3932
f 3901/3901/3901 3932/3932/3932 3921/3921/3921
f 3923/3923/3923 3934/3934/3934 3954/3954/3954
f 3923/3923/3923 3954/3954/3954 3943/3943/3943
f 3945/3945/3945 3956/3956/3956 3976/3976/3976
f 3945/3945/3945 3976/3976/3976 3965/3965/3965
f 3967/3967/3967 3978/3978/3978 3998/3998/3998
f 3967/3967/3967 3998/3998/3998 3987/3987/3987
f 3989/3989/3989 4000/4000/4000 4021/4021/4021
f 3989/3989/3989 4021/4021/4021 4010/4010/4010
f 4011/4011/4011 4022/4022/4022 4044/4044/4044
f 4011/4011/4011 4044/4044/4044 4033/4033/4033
f 4031/4031/4031 4042/4042/4042 4066/4066/4066
f 4031/4031/4031 4066/4066/4066 4055/4055/4055
f 4053/4053/4053 4064/4064/4064 4088/4088/4088
f 4053/4053/4053 4088/4088/4088 4077/4077/4077
f 4075/4075/4075 4086/4086/4086 4110/4110/4110
f 4075/4075/4075 4110/4110/4110 4099/4099/4099
f 3703/3703/3703 3714/3714/3714 3734/3734/3734
f 3703/3703/3703 3734/3734/3734 3723/3723/3723
f 3730/3730/3730 3708/3708/3708 3686/3686/3686
f 3686/3686/3686 4104/4104/4104 4082/4082/4082
f 4082/4082/4082 4060/4060/4060 4038/4038/4038
f 4038/4038/4038 4016/4016/4016 3994/3994/3994
f 3994/3994/3994 3972/3972/3972 3950/3950/3950
f 3950/3950/3950 3928/3928/3928 3906/3906/3906
f 3906/3906/3906 3884/3884/3884 3862/3862/3862
f 3862/3862/3862 3840/3840/3840 3818/3818/3818
f 3818/3818/3818 3796/3796/3796 3774/3774/3774
f 3774/3774/3774 3752/3752/3752 3730/3730/3730
f 3730/3730/3730 3686/3686/3686 4082/4082/4082
f 4082/4082/4082 4038/4038/4038 3994/3994/3994
f 3994/3994/3994 3950/3950/3950 3906/3906/3906
f 3906/3906/3906 3862/3862/3862 3818/3818/3818
f 3818/3818/3818 3774/3774/3774 3730/3730/3730
f 3730/3730/3730 4082/4082/4082 3994/3994/3994
f 3994/3994/3994 3906/3906/3906 3818/3818/3818
f 3994/3994/3994 3818/3818/3818 3730/3730/3730
f 3679/3679/3679 3690/3690/3690 3712/3712/3712
f 3679/3679/3679 3712/3712/3712 3701/3701/3701
f 3678/3678/3678 3700/3700/3700 3705/3705/3705
f 3678/3678/3678 3705/3705/3705 3683/3683/3683
f 3682/3682/3682 3704/3704/3704 3698/3698/3698
f 3682/3682/3682 3698/3698/3698 3676/3676/3676
f 3711/3711/3711 3689/3689/3689 3694/3694/3694
f 3711/3711/3711 3694/3694/3694 3716/3716/3716
f 3715/3715/3715 3693/3693/3693 3687/3687/3687
f 3715/3715/3715 3687/3687/3687 3709/3709/3709
f 3702/3702/3702 3722/3722/3722 3728/3728/3728
f 3702/3702/3702 3728/3728/3728 3707/3707/3707
f 3706/3706/3706 3726/3726/3726 3720/3720/3720
f 3706/3706/3706 3720/3720/3720 3699/3699/3699
f 3733/3733/3733 3713/3713/3713 3718/3718/3718
f 3733/3733/3733 3718/3718/3718 3739/3739/3739
f 3737/3737/3737 3717/3717/3717 3710/3710/3710
f 3737/3737/3737 3710/3710/3710 3731/3731/3731
f 3724/3724/3724 3744/3744/3744 3750/3750/3750
f 3724/3724/3724 3750/3750/3750 3729/3729/3729
f 3727/3727/3727 3748/3748/3748 3742/3742/3742
f 3727/3727/3727 3742/3742/3742 3721/3721/3721
f 3755/3755/3755 3735/3735/3735 3740/3740/3740
f 3755/3755/3755 3740/3740/3740 3761/3761/3761
f 3759/3759/3759 3738/3738/3738 3732/3732/3732
f 3759/3759/3759 3732/3732/3732 3753/3753/3753
f 3746/3746/3746 3766/3766/3766 3772/3772/3772
f 3746/3746/3746 3772/3772/3772 3751/3751/3751
f 3749/3749/3749 3770/3770/3770 3764/3764/3764
f 3749/3749/3749 3764/3764/3764 3743/3743/3743
f 3777/3777/3777 3757/3757/3757 3762/3762/3762
f 3777/3777/3777 3762/3762/3762 3783/3783/3783
f 3781/3781/3781 3760/3760/3760 3754/3754/3754
f 3781/3781/3781 3754/3754/3754 3775/3775/3775
f 3768/3768/3768 3789/3789/3789 3795/3795/3795
f 3768/3768/3768 3795/3795/3795 3773/3773/3773
f 3771/3771/3771 3793/3793/3793 3787/3787/3787
f 3771/3771/3771 3787/3787/3787 3765/3765/3765
f 3800/3800/3800 3779/3779/3779 3784/3784/3784
f 3800/3800/3800 3784/3784/3784 3806/3806/3806
f 3804/3804/3804 3782/3782/3782 3776/3776/3776
f 3804/3804/3804 3776/3776/3776 3798/3798/3798
f 3788/3788/3788 3812/3812/3812 3817/3817/3817
f 3788/3788/3788 3817/3817/3817 3794/3794/3794
f 3792/3792/3792 3815/3815/3815 3809/3809/3809
f 3792/3792/3792 3809/3809/3809 3786/3786/3786
f 3823/3823/3823 3799/3799/3799 3805/3805/3805
f 3823/3823/3823 3805/3805/3805 3828/3828/3828
f 3826/3826/3826 3803/3803/3803 3797/3797/3797
f 3826/3826/3826 3797/3797/3797 3820/3820/3820
f 3810/3810/3810 3834/3834/3834 3839/3839/3839
f 3810/3810/3810 3839/3839/3839 3816/3816/3816
f 3814/3814/3814 3837/3837/3837 3831/3831/3831
f 3814/3814/3814 3831/3831/3831 3808/3808/3808
f 3845/3845/3845 3821/3821/3821 3827/3827/3827
f 3845/3845/3845 3827/3827/3827 3850/3850/3850
f 3848/3848/3848 3825/3825/3825 3819/3819/3819
f 3848/3848/3848 3819/3819/3819 3842/3842/3842
f 3832/3832/3832 3856/3856/3856 3861/3861/3861
f 3832/3832/3832 3861/3861/3861 3838/3838/3838
f 3836/3836/3836 3859/3859/3859 3853/3853/3853
f 3836/3836/3836 3853/3853/3853 3830/3830/3830
f 3867/3867/3867 3843/3843/3843 3849/3849/3849
f 3867/3867/3867 3849/3849/3849 3872/3872/3872
f 3870/3870/3870 3847/3847/3847 3841/3841/3841
f 3870/3870/3870 3841/3841/3841 3864/3864/3864
f 3854/3854/3854 3878/3878/3878 3883/3883/3883
f 3854/3854/3854 3883/3883/3883 3860/3860/3860
f 3858/3858/3858 3882/3882/3882 3875/3875/3875
f 3858/3858/3858 3875/3875/3875 3852/3852/3852
f 3889/3889/3889 3865/3865/3865 3871/3871/3871
f 3889/3889/3889 3871/3871/3871 3894/3894/3894
f 3893/3893/3893 3869/3869/3869 3863/3863/3863
f 3893/3893/3893 3863/3863/3863 3886/3886/3886
f 3876/3876/3876 3898/3898/3898 3903/3903/3903
f 3876/3876/3876 3903/3903/3903 3881/3881/3881
f 3880/3880/3880 3902/3902/3902 3896/3896/3896
f 3880/3880/3880 3896/3896/3896 3874/3874/3874
f 3909/3909/3909 3887/3887/3887 3892/3892/3892
f 3909/3909/3909 3892/3892/3892 3914/3914/3914
f 3913/3913/3913 3891/3891/3891 3885/3885/3885
f 3913/3913/3913 3885/3885/3885 3907/3907/3907
f 3900/3900/3900 3920/3920/3920 3925/3925/3925
f 3900/3900/3900 3925/3925/3925 3905/3905/3905
f 3904/3904/3904 3924/3924/3924 3918/3918/3918
f 3904/3904/3904 3918/3918/3918 3897/3897/3897
f 3931/3931/3931 3911/3911/3911 3916/3916/3916
f 3931/3931/3931 3916/3916/3916 3936/3936/3936
f 3935/3935/3935 3915/3915/3915 3908/3908/3908
f 3935/3935/3935 3908/3908/3908 3929/3929/3929
f 3922/3922/3922 3942/3942/3942 3948/3948/3948
f 3922/3922/3922 3948/3948/3948 3927/3927/3927
f 3926/3926/3926 3946/3946/3946 3940/3940/3940
f 3926/3926/3926 3940/3940/3940 3919/3919/3919
f 3953/3953/3953 3933/3933/3933 3938/3938/3938
f 3953/3953/3953 3938/3938/3938 3959/3959/3959
f 3957/3957/3957 3937/3937/3937 3930/3930/3930
f 3957/3957/3957 3930/3930/3930 3951/3951/3951
f 3944/3944/3944 3964/3964/3964 3970/3970/3970
f 3944/3944/3944 3970/3970/3970 3949/3949/3949
f 3947/3947/3947 3968/3968/3968 3962/3962/3962
f 3947/3947/3947 3962/3962/3962 3941/3941/3941
f 3975/3975/3975 3955/3955/3955 3960/3960/3960
f 3975/3975/3975 3960/3960/3960 3981/3981/3981
f 3979/3979/3979 3958/3958/3958 3952/3952/3952
f 3979/3979/3979 3952/3952/3952 3973/3973/3973
f 3966/3966/3966 3986/3986/3986 3992/3992/3992
f 3966/3966/3966 3992/3992/3992 3971/3971/3971
f 3969/3969/3969 3990/3990/3990 3984/3984/3984
f 3969/3969/3969 3984/3984/3984 3963/3963/3963
f 3997/3997/3997 3977/3977/3977 3982/3982/3982
f 3997/3997/3997 3982/3982/3982 4003/4003/4003
f 4001/4001/4001 3980/3980/3980 3974/3974/3974
f 4001/4001/4001 3974/3974/3974 3995/3995/3995
f 3988/3988/3988 4008/4008/4008 4014/4014/4014
f 3988/3988/3988 4014/4014/4014 3993/3993/3993
f 3991/3991/3991 4012/4012/4012 4006/4006/4006
f 3991/3991/3991 4006/4006/4006 3985/3985/3985
f 4019/4019/4019 3999/3999/3999 4004/4004/4004
f 4019/4019/4019 4004/4004/4004 4025/4025/4025
f 4023/4023/4023 4002/4002/4002 3996/3996/3996
f 4023/4023/4023 3996/3996/3996 4017/4017/4017
f 4009/4009/4009 4032/4032/4032 4037/4037/4037
f 4009/4009/4009 4037/4037/4037 4015/4015/4015
f 4013/4013/4013 4035/4035/4035 4029/4029/4029
f 4013/4013/4013 4029/4029/4029 4007/4007/4007
f 4043/4043/4043 4020/4020/4020 4026/4026/4026
f 4043/4043/4043 4026/4026/4026 4048/4048/4048
f 4046/4046/4046 4024/4024/4024 4018/4018/4018
f 4046/4046/4046 4018/4018/4018 4040/4040/4040
f 4030/4030/4030 4054/4054/4054 4059/4059/4059
f 4030/4030/4030 4059/4059/4059 4036/4036/4036
f 4034/4034/4034 4057/4057/4057 4051/4051/4051
f 4034/4034/4034 4051/4051/4051 4028/4028/4028
f 4065/4065/4065 4041/4041/4041 4047/4047/4047
f 4065/4065/4065 4047/4047/4047 4070/4070/4070
f 4068/4068/4068 4045/4045/4045 4039/4039/4039
f 4068/4068/4068 4039/4039/4039 4062/4062/4062
f 4052/4052/4052 4076/4076/4076 4081/4081/4081
f 4052/4052/4052 4081/4081/4081 4058/4058/4058
f 4056/4056/4056 4079/4079/4079 4073/4073/4073
f 4056/4056/4056 4073/4073/4073 4050/4050/4050
f 4087/4087/4087 4063/4063/4063 4069/4069/4069
f 4087/4087/4087 4069/4069/4069 4092/4092/4092
f 4090/4090/4090 4067/4067/4067 4061/4061/4061
f 4090/4090/4090 4061/4061/4061 4084/4084/4084
f 4074/4074/4074 4098/4098/4098 4103/4103/4103
f 4074/4074/4074 4103/4103/4103 4080/4080/4080
f 4078/4078/4078 4102/4102/4102 4095/4095/4095
f 4078/4078/4078 4095/4095/4095 4072/4072/4072
f 4109/4109/4109 4085/4085/4085 4091/4091/4091
f 4109/4109/4109 4091/4091/4091 4114/4114/4114
f 4113/4113/4113 4089/4089/4089 4083/4083/4083
f 4113/4113/4113 4083/4083/4083 4106/4106/4106
f 4096/4096/4096 3680/3680/3680 3685/3685/3685
f 4096/4096/4096 3685/3685/3685 4101/4101/4101
f 4100/4100/4100 3684/3684/3684 3677/3677/3677
f 4100/4100/4100 3677/3677/3677 4094/4094/4094
f 3691/3691/3691 4107/4107/4107 4112/4112/4112
f 3691/3691/3691 4112/4112/4112 3696/3696/3696
f 3695/3695/3695 4111/4111/4111 4105/4105/4105
f 3695/3695/3695 4105/4105/4105 3688/3688/3688
f 4093/4093/4093 3675/3675/3675 3697/3697/3697
f 3697/3697/3697 3719/3719/3719 3741/3741/3741
f 3741/3741/3741 3763/3763/3763 3785/3785/3785
f 3785/3785/3785 3807/3807/3807 3829/3829/3829
f 3829/3829/3829 3851/3851/3851 3873/3873/3873
f 3873/3873/3873 3895/3895/3895 3917/3917/3917
f 3917/3917/3917 3939/3939/3939 3961/3961/3961
f 3961/3961/3961 3983/3983/3983 4005/4005/4005
f 4005/4005/4005 4027/4027/4027 4049/4049/4049
f 4049/4049/4049 4071/4071/4071 4093/4093/4093
f 4093/4093/4093 3697/3697/3697 3741/3741/3741
f 3741/3741/3741 3785/3785/3785 3829/3829/3829
f 3829/3829/3829 3873/3873/3873 3917/3917/3917
f 3917/3917/3917 3961/3961/3961 4005/4005/4005
f 4005/4005/4005 4049/4049/4049 4093/4093/4093
f 4093/4093/4093 3741/3741/3741 3829/3829/3829
f 3829/3829/3829 3917/3917/3917 4005/4005/4005
f 3829/3829/3829 4005/4005/4005 4093/4093/4093
o Scope_rail_0
usemtl Machined_Steel
v -0.0330000 0.1025000 0.4348000
v -0.0330000 0.1025000 0.4348000
v -0.0330000 0.1025000 0.4348000
v -0.0330000 0.1025000 0.4348000
v -0.0330000 0.1145000 0.4468000
v -0.0330000 0.1145000 0.4468000
v -0.0330000 0.1145000 0.4468000
v -0.0330000 0.1145000 0.4468000
v -0.0450000 0.1145000 0.4348000
v -0.0450000 0.1145000 0.4348000
v -0.0450000 0.1145000 0.4348000
v -0.0450000 0.1145000 0.4348000
v -0.0330000 0.1060147 0.4432853
v -0.0330000 0.1060147 0.4432853
v -0.0330000 0.1060147 0.4432853
v -0.0330000 0.1060147 0.4432853
v -0.0399282 0.1075718 0.4417282
v -0.0399282 0.1075718 0.4417282
v -0.0399282 0.1075718 0.4417282
v -0.0414853 0.1145000 0.4432853
v -0.0414853 0.1145000 0.4432853
v -0.0414853 0.1145000 0.4432853
v -0.0414853 0.1145000 0.4432853
v -0.0414853 0.1060147 0.4348000
v -0.0414853 0.1060147 0.4348000
v -0.0414853 0.1060147 0.4348000
v -0.0414853 0.1060147 0.4348000
v -0.0330000 0.1455000 0.4468000
v -0.0330000 0.1455000 0.4468000
v -0.0330000 0.1455000 0.4468000
v -0.0330000 0.1455000 0.4468000
v -0.0330000 0.1575000 0.4348000
v -0.0330000 0.1575000 0.4348000
v -0.0330000 0.1575000 0.4348000
v -0.0330000 0.1575000 0.4348000
v -0.0450000 0.1455000 0.4348000
v -0.0450000 0.1455000 0.4348000
v -0.0450000 0.1455000 0.4348000
v -0.0450000 0.1455000 0.4348000
v -0.0330000 0.1539853 0.4432853
v -0.0330000 0.1539853 0.4432853
v -0.0330000 0.1539853 0.4432853
v -0.0330000 0.1539853 0.4432853
v -0.0399282 0.1524282 0.4417282
v -0.0399282 0.1524282 0.4417282
v -0.0399282 0.1524282 0.4417282
v -0.0414853 0.1539853 0.4348000
v -0.0414853 0.1539853 0.4348000
v -0.0414853 0.1539853 0.4348000
v -0.0414853 0.1539853 0.4348000
v -0.0414853 0.1455000 0.4432853
v -0.0414853 0.1455000 0.4432853
v -0.0414853 0.1455000 0.4432853
v -0.0414853 0.1455000 0.4432853
v -0.0330000 0.1025000 0.0652000
v -0.0330000 0.1025000 0.0652000
v -0.0330000 0.1025000 0.0652000
v -0.0330000 0.1025000 0.0652000
v -0.0450000 0.1145000 0.0652000
v -0.0450000 0.1145000 0.0652000
v -0.0450000 0.1145000 0.0652000
v -0.0450000 0.1145000 0.0652000
v -0.0330000 0.1145000 0.0532000
v -0.0330000 0.1145000 0.0532000
v -0.0330000 0.1145000 0.0532000
v -0.0330000 0.1145000 0.0532000
v -0.0414853 0.1060147 0.0652000
v -0.0414853 0.1060147 0.0652000
v -0.0414853 0.1060147 0.0652000
v -0.0414853 0.1060147 0.0652000
v -0.0399282 0.1075718 0.0582718
v -0.0399282 0.1075718 0.0582718
v -0.0399282 0.1075718 0.0582718
v -0.0414853 0.1145000 0.0567147
v -0.0414853 0.1145000 0.0567147
v -0.0414853 0.1145000 0.0567147
v -0.0414853 0.1145000 0.0567147
v -0.0330000 0.1060147 0.0567147
v -0.0330000 0.1060147 0.0567147
v -0.0330000 0.1060147 0.0567147
v -0.0330000 0.1060147 0.0567147
v -0.0330000 0.1575000 0.0652000
v -0.0330000 0.1575000 0.0652000
v -0.0330000 0.1575000 0.0652000
v -0.0330000 0.1575000 0.0652000
v -0.0330000 0.1455000 0.0532000
v -0.0330000 0.1455000 0.0532000
v -0.0330000 0.1455000 0.0532000
v -0.0330000 0.1455000 0.0532000
v -0.0450000 0.1455000 0.0652000
v -0.0450000 0.1455000 0.0652000
v -0.0450000 0.1455000 0.0652000
v -0.0450000 0.1455000 0.0652000
v -0.0330000 0.1539853 0.0567147
v -0.0330000 0.1539853 0.0567147
v -0.0330000 0.1539853 0.0567147
v -0.0330000 0.1539853 0.0567147
v -0.0399282 0.1524282 0.0582718
v -0.0399282 0.1524282 0.0582718
v -0.0399282 0.1524282 0.0582718
v -0.0414853 0.1455000 0.0567147
v -0.0414853 0.1455000 0.0567147
v -0.0414853 0.1455000 0.0567147
v -0.0414853 0.1455000 0.0567147
v -0.0414853 0.1539853 0.0652000
v -0.0414853 0.1539853 0.0652000
v -0.0414853 0.1539853 0.0652000
v -0.0414853 0.1539853 0.0652000
v 0.0330000 0.1025000 0.4348000
v 0.0330000 0.1025000 0.4348000
v 0.0330000 0.1025000 0.4348000
v 0.0330000 0.1025000 0.4348000
v 0.0450000 0.1145000 0.4348000
v 0.0450000 0.1145000 0.4348000
v 0.0450000 0.1145000 0.4348000
v 0.0450000 0.1145000 0.4348000
v 0.0330000 0.1145000 0.4468000
v 0.0330000 0.1145000 0.4468000
v 0.0330000 0.1145000 0.4468000
v 0.0330000 0.1145000 0.4468000
v 0.0414853 0.1060147 0.4348000
v 0.0414853 0.1060147 0.4348000
v 0.0414853 0.1060147 0.4348000
v 0.0414853 0.1060147 0.4348000
v 0.0399282 0.1075718 0.4417282
v 0.0399282 0.1075718 0.4417282
v 0.0399282 0.1075718 0.4417282
v 0.0414853 0.1145000 0.4432853
v 0.0414853 0.1145000 0.4432853
v 0.0414853 0.1145000 0.4432853
v 0.0414853 0.1145000 0.4432853
v 0.0330000 0.1060147 0.4432853
v 0.0330000 0.1060147 0.4432853
v 0.0330000 0.1060147 0.4432853
v 0.0330000 0.1060147 0.4432853
v 0.0330000 0.1575000 0.4348000
v 0.0330000 0.1575000 0.4348000
v 0.0330000 0.1575000 0.4348000
v 0.0330000 0.1575000 0.4348000
v 0.0330000 0.1455000 0.4468000
v 0.0330000 0.1455000 0.4468000
v 0.0330000 0.1455000 0.4468000
v 0.0330000 0.1455000 0.4468000
v 0.0450000 0.1455000 0.4348000
v 0.0450000 0.1455000 0.4348000
v 0.0450000 0.1455000 0.4348000
v 0.0450000 0.1455000 0.4348000
v 0.0330000 0.1539853 0.4432853
v 0.0330000 0.1539853 0.4432853
v 0.0330000 0.1539853 0.4432853
v 0.0330000 0.1539853 0.4432853
v 0.0399282 0.1524282 0.4417282
v 0.0399282 0.1524282 0.4417282
v 0.0399282 0.1524282 0.4417282
v 0.0414853 0.1455000 0.4432853
v 0.0414853 0.1455000 0.4432853
v 0.0414853 0.1455000 0.4432853
v 0.0414853 0.1455000 0.4432853
v 0.0414853 0.1539853 0.4348000
v 0.0414853 0.1539853 0.4348000
v 0.0414853 0.1539853 0.4348000
v 0.0414853 0.1539853 0.4348000
v 0.0330000 0.1025000 0.0652000
v 0.0330000 0.1025000 0.0652000
v 0.0330000 0.1025000 0.0652000
v 0.0330000 0.1025000 0.0652000
v 0.0330000 0.1145000 0.0532000
v 0.0330000 0.1145000 0.0532000
v 0.0330000 0.1145000 0.0532000
v 0.0330000 0.1145000 0.0532000
v 0.0450000 0.1145000 0.0652000
v 0.0450000 0.1145000 0.0652000
v 0.0450000 0.1145000 0.0652000
v 0.0450000 0.1145000 0.0652000
v 0.0330000 0.1060147 0.0567147
v 0.0330000 0.1060147 0.0567147
v 0.0330000 0.1060147 0.0567147
v 0.0330000 0.1060147 0.0567147
v 0.0399282 0.1075718 0.0582718
v 0.0399282 0.1075718 0.0582718
v 0.0399282 0.1075718 0.0582718
v 0.0414853 0.1145000 0.0567147
v 0.0414853 0.1145000 0.0567147
v 0.0414853 0.1145000 0.0567147
v 0.0414853 0.1145000 0.0567147
v 0.0414853 0.1060147 0.0652000
v 0.0414853 0.1060147 0.0652000
v 0.0414853 0.1060147 0.0652000
v 0.0414853 0.1060147 0.0652000
v 0.0330000 0.1575000 0.0652000
v 0.0330000 0.1575000 0.0652000
v 0.0330000 0.1575000 0.0652000
v 0.0330000 0.1575000 0.0652000
v 0.0450000 0.1455000 0.0652000
v 0.0450000 0.1455000 0.0652000
v 0.0450000 0.1455000 0.0652000
v 0.0450000 0.1455000 0.0652000
v 0.0330000 0.1455000 0.0532000
v 0.0330000 0.1455000 0.0532000
v 0.0330000 0.1455000 0.0532000
v 0.0330000 0.1455000 0.0532000
v 0.0414853 0.1539853 0.0652000
v 0.0414853 0.1539853 0.0652000
v 0.0414853 0.1539853 0.0652000
v 0.0414853 0.1539853 0.0652000
v 0.0399282 0.1524282 0.0582718
v 0.0399282 0.1524282 0.0582718
v 0.0399282 0.1524282 0.0582718
v 0.0414853 0.1455000 0.0567147
v 0.0414853 0.1455000 0.0567147
v 0.0414853 0.1455000 0.0567147
v 0.0414853 0.1455000 0.0567147
v 0.0330000 0.1539853 0.0567147
v 0.0330000 0.1539853 0.0567147
v 0.0330000 0.1539853 0.0567147
v 0.0330000 0.1539853 0.0567147
vt 0.1583333 0.2576219
vt 0.1583333 0.2576219
vt 0.1583333 0.2576219
vt 0.1583333 0.2576219
vt 0.4295455 0.0333333
vt 0.4295455 0.0333333
vt 0.4295455 0.0333333
vt 0.4295455 0.0333333
vt 0.4295455 0.9923781
vt 0.4295455 0.9923781
vt 0.4295455 0.9923781
vt 0.4295455 0.9923781
vt 0.3750000 0.0333333
vt 0.1583333 0.2500000
vt 0.3750000 0.0333333
vt 0.1583333 0.2500000
vt 0.3980536 0.0000000
vt 0.1390883 0.2500000
vt 0.3750000 0.9967786
vt 0.4295455 0.0000000
vt 0.4295455 0.0000000
vt 0.4295455 1.0000000
vt 0.4295455 1.0000000
vt 0.1250000 0.2576219
vt 0.1250000 0.2576219
vt 0.3750000 0.9923781
vt 0.3750000 0.9923781
vt 0.5704546 0.0333333
vt 0.5704546 0.0333333
vt 0.5704546 0.0333333
vt 0.5704546 0.0333333
vt 0.8416666 0.2576220
vt 0.8416666 0.2576220
vt 0.8416666 0.2576220
vt 0.8416666 0.2576220
vt 0.5704545 0.9923781
vt 0.5704545 0.9923781
vt 0.5704545 0.9923781
vt 0.5704545 0.9923781
vt 0.6250000 0.0333333
vt 0.8416667 0.2500000
vt 0.6250000 0.0333333
vt 0.8416667 0.2500000
vt 0.6250000 0.0140883
vt 0.8750000 0.2532215
vt 0.6019464 1.0000000
vt 0.8750000 0.2576219
vt 0.8750000 0.2576219
vt 0.6250000 0.9923781
vt 0.6250000 0.9923781
vt 0.5704545 0.0000000
vt 0.5704545 0.0000000
vt 0.5704545 1.0000000
vt 0.5704545 1.0000000
vt 0.1583333 0.4923781
vt 0.1583333 0.4923781
vt 0.1583333 0.4923781
vt 0.1583333 0.4923781
vt 0.4295455 0.7576219
vt 0.4295455 0.7576219
vt 0.4295455 0.7576219
vt 0.4295455 0.7576219
vt 0.4295455 0.7166666
vt 0.4295455 0.7166666
vt 0.4295455 0.7166666
vt 0.4295455 0.7166666
vt 0.1250000 0.4923781
vt 0.1250000 0.4923781
vt 0.3750000 0.7576219
vt 0.3750000 0.7576219
vt 0.3750000 0.7359117
vt 0.1250000 0.4967786
vt 0.3980536 0.7500000
vt 0.4295455 0.7500000
vt 0.4295455 0.7500000
vt 0.4295455 0.7500000
vt 0.4295455 0.7500000
vt 0.3750000 0.7166667
vt 0.1583333 0.5000000
vt 0.3750000 0.7166667
vt 0.1583333 0.5000000
vt 0.8416668 0.4923780
vt 0.8416668 0.4923780
vt 0.8416668 0.4923780
vt 0.8416668 0.4923780
vt 0.5704545 0.7166667
vt 0.5704545 0.7166667
vt 0.5704545 0.7166667
vt 0.5704545 0.7166667
vt 0.5704545 0.7576219
vt 0.5704545 0.7576219
vt 0.5704545 0.7576219
vt 0.5704545 0.7576219
vt 0.6250000 0.7166666
vt 0.8416666 0.5000000
vt 0.6250000 0.7166666
vt 0.8416666 0.5000000
vt 0.6019464 0.7500000
vt 0.8609117 0.5000000
vt 0.6250000 0.7532214
vt 0.5704545 0.7500000
vt 0.5704545 0.7500000
vt 0.5704545 0.7500000
vt 0.5704545 0.7500000
vt 0.8750001 0.4923781
vt 0.8750001 0.4923781
vt 0.6250000 0.7576219
vt 0.6250000 0.7576219
vt 0.3416666 0.2576220
vt 0.3416666 0.2576220
vt 0.3416666 0.2576220
vt 0.3416666 0.2576220
vt 0.4295455 0.2576219
vt 0.4295455 0.2576219
vt 0.4295455 0.2576219
vt 0.4295455 0.2576219
vt 0.4295455 0.2166666
vt 0.4295455 0.2166666
vt 0.4295455 0.2166666
vt 0.4295455 0.2166666
vt 0.3750000 0.2576219
vt 0.3750000 0.2576219
vt 0.3750000 0.2576219
vt 0.3750000 0.2576219
vt 0.3826846 0.2463778
vt 0.3826846 0.2463778
vt 0.3826846 0.2463778
vt 0.4295455 0.2500000
vt 0.4295455 0.2500000
vt 0.4295455 0.2500000
vt 0.4295455 0.2500000
vt 0.3750000 0.2166667
vt 0.3416667 0.2500000
vt 0.3750000 0.2166667
vt 0.3416667 0.2500000
vt 0.6583333 0.2576219
vt 0.6583333 0.2576219
vt 0.6583333 0.2576219
vt 0.6583333 0.2576219
vt 0.5704545 0.2166667
vt 0.5704545 0.2166667
vt 0.5704545 0.2166667
vt 0.5704545 0.2166667
vt 0.5704545 0.2576219
vt 0.5704545 0.2576219
vt 0.5704545 0.2576219
vt 0.5704545 0.2576219
vt 0.6250000 0.2166667
vt 0.6583334 0.2500000
vt 0.6250000 0.2166667
vt 0.6583334 0.2500000
vt 0.6220116 0.2510738
vt 0.6220116 0.2510738
vt 0.6220116 0.2510738
vt 0.5704545 0.2500000
vt 0.5704545 0.2500000
vt 0.5704545 0.2500000
vt 0.5704545 0.2500000
vt 0.6250000 0.2576219
vt 0.6250000 0.2576219
vt 0.6250000 0.2576219
vt 0.6250000 0.2576219
vt 0.3416667 0.4923780
vt 0.3416667 0.4923780
vt 0.3416667 0.4923780
vt 0.3416667 0.4923780
vt 0.4295455 0.5333333
vt 0.4295455 0.5333333
vt 0.4295455 0.5333333
vt 0.4295455 0.5333333
vt 0.4295455 0.4923781
vt 0.4295455 0.4923781
vt 0.4295455 0.4923781
vt 0.4295455 0.4923781
vt 0.3750000 0.5333333
vt 0.3416666 0.5000000
vt 0.3750000 0.5333333
vt 0.3416666 0.5000000
vt 0.3779884 0.4989262
vt 0.3779884 0.4989262
vt 0.3779884 0.4989262
vt 0.4295455 0.5000000
vt 0.4295455 0.5000000
vt 0.4295455 0.5000000
vt 0.4295455 0.5000000
vt 0.3750000 0.4923781
vt 0.3750000 0.4923781
vt 0.3750000 0.4923781
vt 0.3750000 0.4923781
vt 0.6583334 0.4923781
vt 0.6583334 0.4923781
vt 0.6583334 0.4923781
vt 0.6583334 0.4923781
vt 0.5704545 0.4923781
vt 0.5704545 0.4923781
vt 0.5704545 0.4923781
vt 0.5704545 0.4923781
vt 0.5704546 0.5333333
vt 0.5704546 0.5333333
vt 0.5704546 0.5333333
vt 0.5704546 0.5333333
vt 0.6250000 0.4923781
vt 0.6250000 0.4923781
vt 0.6250000 0.4923781
vt 0.6250000 0.4923781
vt 0.6173155 0.5036223
vt 0.6173155 0.5036223
vt 0.6173155 0.5036223
vt 0.5704545 0.5000000
vt 0.5704545 0.5000000
vt 0.5704545 0.5000000
vt 0.5704545 0.5000000
vt 0.6250000 0.5333333
vt 0.6583334 0.5000000
vt 0.6250000 0.5333333
vt 0.6583334 0.5000000
vn 0.0000000 -0.9238767 0.3826903
vn 0.0000000 -1.0000000 0.0000000
vn -0.3250835 -0.8880549 0.3250835
vn -0.3826903 -0.9238767 0.0000000
vn 0.0000000 0.0000000 1.0000000
vn 0.0000000 -0.3826903 0.9238767
vn -0.3250835 -0.3250835 0.8880549
vn -0.3826903 0.0000000 0.9238767
vn -0.8880549 -0.3250835 0.3250835
vn -0.9238767 0.0000000 0.3826903
vn -0.9238767 -0.3826903 0.0000000
vn -1.0000000 0.0000000 0.0000000
vn 0.0000000 -0.3826903 0.9238767
vn 0.0000000 -0.9238767 0.3826903
vn -0.3250835 -0.3250835 0.8880549
vn -0.3250835 -0.8880549 0.3250835
vn -0.3250835 -0.3250835 0.8880549
vn -0.3250835 -0.8880549 0.3250835
vn -0.8880549 -0.3250835 0.3250835
vn -0.3250835 -0.3250835 0.8880549
vn -0.3826903 0.0000000 0.9238767
vn -0.8880549 -0.3250835 0.3250835
vn -0.9238767 0.0000000 0.3826903
vn -0.3250835 -0.8880549 0.3250835
vn -0.3826903 -0.9238767 0.0000000
vn -0.8880549 -0.3250835 0.3250835
vn -0.9238767 -0.3826903 0.0000000
vn 0.0000000 0.0000000 1.0000000
vn 0.0000000 0.3826903 0.9238767
vn -0.3250835 0.3250835 0.8880549
vn -0.3826903 0.0000000 0.9238767
vn 0.0000000 0.9238767 0.3826903
vn 0.0000000 1.0000000 0.0000000
vn -0.3250835 0.8880549 0.3250835
vn -0.3826903 0.9238767 0.0000000
vn -0.8880549 0.3250835 0.3250835
vn -0.9238767 0.0000000 0.3826903
vn -0.9238767 0.3826903 0.0000000
vn -1.0000000 0.0000000 0.0000000
vn 0.0000000 0.3826903 0.9238767
vn 0.0000000 0.9238767 0.3826903
vn -0.3250835 0.3250835 0.8880549
vn -0.3250835 0.8880549 0.3250835
vn -0.3250835 0.3250835 0.8880549
vn -0.3250835 0.8880549 0.3250835
vn -0.8880549 0.3250835 0.3250835
vn -0.3250835 0.8880549 0.3250835
vn -0.3826903 0.9238767 0.0000000
vn -0.8880549 0.3250835 0.3250835
vn -0.9238767 0.3826903 0.0000000
vn -0.3250835 0.3250835 0.8880549
vn -0.3826903 0.0000000 0.9238767
vn -0.8880549 0.3250835 0.3250835
vn -0.9238767 0.0000000 0.3826903
vn 0.0000000 -0.9238767 -0.3826903
vn 0.0000000 -1.0000000 0.0000000
vn -0.3250835 -0.8880549 -0.3250835
vn -0.3826903 -0.9238767 0.0000000
vn -0.8880549 -0.3250835 -0.3250835
vn -0.9238767 0.0000000 -0.3826903
vn -0.9238767 -0.3826903 0.0000000
vn -1.0000000 0.0000000 0.0000000
vn 0.0000000 0.0000000 -1.0000000
vn 0.0000000 -0.3826903 -0.9238767
vn -0.3250835 -0.3250835 -0.8880549
vn -0.3826903 0.0000000 -0.9238767
vn -0.3250835 -0.8880549 -0.3250835
vn -0.3826903 -0.9238767 0.0000000
vn -0.8880549 -0.3250835 -0.3250835
vn -0.9238767 -0.3826903 0.0000000
vn -0.3250835 -0.3250835 -0.8880549
vn -0.3250835 -0.8880549 -0.3250835
vn -0.8880549 -0.3250835 -0.3250835
vn -0.3250835 -0.3250835 -0.8880549
vn -0.3826903 0.0000000 -0.9238767
vn -0.8880549 -0.3250835 -0.3250835
vn -0.9238767 0.0000000 -0.3826903
vn 0.0000000 -0.3826903 -0.9238767
vn 0.0000000 -0.9238767 -0.3826903
vn -0.3250835 -0.3250835 -0.8880549
vn -0.3250835 -0.8880549 -0.3250835
vn 0.0000000 0.9238767 -0.3826903
vn 0.0000000 1.0000000 0.0000000
vn -0.3250835 0.8880549 -0.3250835
vn -0.3826903 0.9238767 0.0000000
vn 0.0000000 0.0000000 -1.0000000
vn 0.0000000 0.3826903 -0.9238767
vn -0.3250835 0.3250835 -0.8880549
vn -0.3826903 0.0000000 -0.9238767
vn -0.8880549 0.3250835 -0.3250835
vn -0.9238767 0.0000000 -0.3826903
vn -0.9238767 0.3826903 0.0000000
vn -1.0000000 0.0000000 0.0000000
vn 0.0000000 0.3826903 -0.9238767
vn 0.0000000 0.9238767 -0.3826903
vn -0.3250835 0.3250835 -0.8880549
vn -0.3250835 0.8880549 -0.3250835
vn -0.3250835 0.3250835 -0.8880549
vn -0.3250835 0.8880549 -0.3250835
vn -0.8880549 0.3250835 -0.3250835
vn -0.3250835 0.3250835 -0.8880549
vn -0.3826903 0.0000000 -0.9238767
vn -0.8880549 0.3250835 -0.3250835
vn -0.9238767 0.0000000 -0.3826903
vn -0.3250835 0.8880549 -0.3250835
vn -0.3826903 0.9238767 0.0000000
vn -0.8880549 0.3250835 -0.3250835
vn -0.9238767 0.3826903 0.0000000
vn 0.0000000 -0.9238767 0.3826903
vn 0.0000000 -1.0000000 0.0000000
vn 0.3250835 -0.8880549 0.3250835
vn 0.3826903 -0.9238767 0.0000000
vn 0.8880549 -0.3250835 0.3250835
vn 0.9238767 0.0000000 0.3826903
vn 0.9238767 -0.3826903 0.0000000
vn 1.0000000 0.0000000 0.0000000
vn 0.0000000 0.0000000 1.0000000
vn 0.0000000 -0.3826903 0.9238767
vn 0.3250835 -0.3250835 0.8880549
vn 0.3826903 0.0000000 0.9238767
vn 0.3250835 -0.8880549 0.3250835
vn 0.3826903 -0.9238767 0.0000000
vn 0.8880549 -0.3250835 0.3250835
vn 0.9238767 -0.3826903 0.0000000
vn 0.3250835 -0.3250835 0.8880549
vn 0.3250835 -0.8880549 0.3250835
vn 0.8880549 -0.3250835 0.3250835
vn 0.3250835 -0.3250835 0.8880549
vn 0.3826903 0.0000000 0.9238767
vn 0.8880549 -0.3250835 0.3250835
vn 0.9238767 0.0000000 0.3826903
vn 0.0000000 -0.3826903 0.9238767
vn 0.0000000 -0.9238767 0.3826903
vn 0.3250835 -0.3250835 0.8880549
vn 0.3250835 -0.8880549 0.3250835
vn 0.0000000 0.9238767 0.3826903
vn 0.0000000 1.0000000 0.0000000
vn 0.3250835 0.8880549 0.3250835
vn 0.3826903 0.9238767 0.0000000
vn 0.0000000 0.0000000 1.0000000
vn 0.0000000 0.3826903 0.9238767
vn 0.3250835 0.3250835 0.8880549
vn 0.3826903 0.0000000 0.9238767
vn 0.8880549 0.3250835 0.3250835
vn 0.9238767 0.0000000 0.3826903
vn 0.9238767 0.3826903 0.0000000
vn 1.0000000 0.0000000 0.0000000
vn 0.0000000 0.3826903 0.9238767
vn 0.0000000 0.9238767 0.3826903
vn 0.3250835 0.3250835 0.8880549
vn 0.3250835 0.8880549 0.3250835
vn 0.3250835 0.3250835 0.8880549
vn 0.3250835 0.8880549 0.3250835
vn 0.8880549 0.3250835 0.3250835
vn 0.3250835 0.3250835 0.8880549
vn 0.3826903 0.0000000 0.9238767
vn 0.8880549 0.3250835 0.3250835
vn 0.9238767 0.0000000 0.3826903
vn 0.3250835 0.8880549 0.3250835
vn 0.3826903 0.9238767 0.0000000
vn 0.8880549 0.3250835 0.3250835
vn 0.9238767 0.3826903 0.0000000
vn 0.0000000 -0.9238767 -0.3826903
vn 0.0000000 -1.0000000 0.0000000
vn 0.3250835 -0.8880549 -0.3250835
vn 0.3826903 -0.9238767 0.0000000
vn 0.0000000 0.0000000 -1.0000000
vn 0.0000000 -0.3826903 -0.9238767
vn 0.3250835 -0.3250835 -0.8880549
vn 0.3826903 0.0000000 -0.9238767
vn 0.8880549 -0.3250835 -0.3250835
vn 0.9238767 0.0000000 -0.3826903
vn 0.9238767 -0.3826903 0.0000000
vn 1.0000000 0.0000000 0.0000000
vn 0.0000000 -0.3826903 -0.9238767
vn 0.0000000 -0.9238767 -0.3826903
vn 0.3250835 -0.3250835 -0.8880549
vn 0.3250835 -0.8880549 -0.3250835
vn 0.3250835 -0.3250835 -0.8880549
vn 0.3250835 -0.8880549 -0.3250835
vn 0.8880549 -0.3250835 -0.3250835
vn 0.3250835 -0.3250835 -0.8880549
vn 0.3826903 0.0000000 -0.9238767
vn 0.8880549 -0.3250835 -0.3250835
vn 0.9238767 0.0000000 -0.3826903
vn 0.3250835 -0.8880549 -0.3250835
vn 0.3826903 -0.9238767 0.0000000
vn 0.8880549 -0.3250835 -0.3250835
vn 0.9238767 -0.3826903 0.0000000
vn 0.0000000 0.9238767 -0.3826903
vn 0.0000000 1.0000000 0.0000000
vn 0.3250835 0.8880549 -0.3250835
vn 0.3826903 0.9238767 0.0000000
vn 0.8880549 0.3250835 -0.3250835
vn 0.9238767 0.0000000 -0.3826903
vn 0.9238767 0.3826903 0.0000000
vn 1.0000000 0.0000000 0.0000000
vn 0.0000000 0.0000000 -1.0000000
vn 0.0000000 0.3826903 -0.9238767
vn 0.3250835 0.3250835 -0.8880549
vn 0.3826903 0.0000000 -0.9238767
vn 0.3250835 0.8880549 -0.3250835
vn 0.3826903 0.9238767 0.0000000
vn 0.8880549 0.3250835 -0.3250835
vn 0.9238767 0.3826903 0.0000000
vn 0.3250835 0.3250835 -0.8880549
vn 0.3250835 0.8880549 -0.3250835
vn 0.8880549 0.3250835 -0.3250835
vn 0.3250835 0.3250835 -0.8880549
vn 0.3826903 0.0000000 -0.9238767
vn 0.8880549 0.3250835 -0.3250835
vn 0.9238767 0.0000000 -0.3826903
vn 0.0000000 0.3826903 -0.9238767
vn 0.0000000 0.9238767 -0.3826903
vn 0.3250835 0.3250835 -0.8880549
vn 0.3250835 0.8880549 -0.3250835
f 4231/4231/4231 4254/4254/4254 4142/4142/4142
f 4231/4231/4231 4142/4142/4142 4119/4119/4119
f 4288/4288/4288 4311/4311/4311 4261/4261/4261
f 4288/4288/4288 4261/4261/4261 4230/4230/4230
f 4305/4305/4305 4197/4197/4197 4147/4147/4147
f 4305/4305/4305 4147/4147/4147 4251/4251/4251
f 4126/4126/4126 4153/4153/4153 4207/4207/4207
f 4126/4126/4126 4207/4207/4207 4176/4176/4176
f 4177/4177/4177 4200/4200/4200 4312/4312/4312
f 4177/4177/4177 4312/4312/4312 4281/4281/4281
f 4117/4117/4117 4130/4130/4130 4132/4132/4132
f 4117/4117/4117 4132/4132/4132 4138/4138/4138
f 4121/4121/4121 4134/4134/4134 4131/4131/4131
f 4121/4121/4121 4131/4131/4131 4129/4129/4129
f 4123/4123/4123 4140/4140/4140 4133/4133/4133
f 4123/4123/4123 4133/4133/4133 4136/4136/4136
f 4144/4144/4144 4156/4156/4156 4158/4158/4158
f 4144/4144/4144 4158/4158/4158 4165/4165/4165
f 4148/4148/4148 4161/4161/4161 4159/4159/4159
f 4148/4148/4148 4159/4159/4159 4157/4157/4157
f 4150/4150/4150 4167/4167/4167 4160/4160/4160
f 4150/4150/4150 4160/4160/4160 4163/4163/4163
f 4171/4171/4171 4181/4181/4181 4186/4186/4186
f 4171/4171/4171 4186/4186/4186 4195/4195/4195
f 4173/4173/4173 4190/4190/4190 4187/4187/4187
f 4173/4173/4173 4187/4187/4187 4183/4183/4183
f 4179/4179/4179 4194/4194/4194 4185/4185/4185
f 4179/4179/4179 4185/4185/4185 4188/4188/4188
f 4198/4198/4198 4211/4211/4211 4213/4213/4213
f 4198/4198/4198 4213/4213/4213 4219/4219/4219
f 4202/4202/4202 4215/4215/4215 4212/4212/4212
f 4202/4202/4202 4212/4212/4212 4210/4210/4210
f 4204/4204/4204 4221/4221/4221 4214/4214/4214
f 4204/4204/4204 4214/4214/4214 4217/4217/4217
f 4225/4225/4225 4235/4235/4235 4240/4240/4240
f 4225/4225/4225 4240/4240/4240 4249/4249/4249
f 4227/4227/4227 4244/4244/4244 4241/4241/4241
f 4227/4227/4227 4241/4241/4241 4237/4237/4237
f 4233/4233/4233 4248/4248/4248 4239/4239/4239
f 4233/4233/4233 4239/4239/4239 4242/4242/4242
f 4252/4252/4252 4265/4265/4265 4267/4267/4267
f 4252/4252/4252 4267/4267/4267 4273/4273/4273
f 4256/4256/4256 4269/4269/4269 4266/4266/4266
f 4256/4256/4256 4266/4266/4266 4264/4264/4264
f 4258/4258/4258 4275/4275/4275 4268/4268/4268
f 4258/4258/4258 4268/4268/4268 4271/4271/4271
f 4279/4279/4279 4292/4292/4292 4294/4294/4294
f 4279/4279/4279 4294/4294/4294 4300/4300/4300
f 4283/4283/4283 4296/4296/4296 4293/4293/4293
f 4283/4283/4283 4293/4293/4293 4291/4291/4291
f 4285/4285/4285 4302/4302/4302 4295/4295/4295
f 4285/4285/4285 4295/4295/4295 4298/4298/4298
f 4306/4306/4306 4316/4316/4316 4321/4321/4321
f 4306/4306/4306 4321/4321/4321 4330/4330/4330
f 4308/4308/4308 4325/4325/4325 4322/4322/4322
f 4308/4308/4308 4322/4322/4322 4318/4318/4318
f 4314/4314/4314 4329/4329/4329 4320/4320/4320
f 4314/4314/4314 4320/4320/4320 4323/4323/4323
f 4172/4172/4172 4118/4118/4118 4139/4139/4139
f 4172/4172/4172 4139/4139/4139 4182/4182/4182
f 4184/4184/4184 4141/4141/4141 4125/4125/4125
f 4184/4184/4184 4125/4125/4125 4175/4175/4175
f 4122/4122/4122 4145/4145/4145 4166/4166/4166
f 4122/4122/4122 4166/4166/4166 4135/4135/4135
f 4137/4137/4137 4168/4168/4168 4151/4151/4151
f 4137/4137/4137 4151/4151/4151 4124/4124/4124
f 4149/4149/4149 4199/4199/4199 4220/4220/4220
f 4149/4149/4149 4220/4220/4220 4162/4162/4162
f 4164/4164/4164 4222/4222/4222 4206/4206/4206
f 4164/4164/4164 4206/4206/4206 4152/4152/4152
f 4203/4203/4203 4180/4180/4180 4189/4189/4189
f 4203/4203/4203 4189/4189/4189 4216/4216/4216
f 4218/4218/4218 4191/4191/4191 4174/4174/4174
f 4218/4218/4218 4174/4174/4174 4205/4205/4205
f 4277/4277/4277 4169/4169/4169 4193/4193/4193
f 4277/4277/4277 4193/4193/4193 4290/4290/4290
f 4289/4289/4289 4192/4192/4192 4178/4178/4178
f 4289/4289/4289 4178/4178/4178 4282/4282/4282
f 4196/4196/4196 4304/4304/4304 4328/4328/4328
f 4196/4196/4196 4328/4328/4328 4209/4209/4209
f 4208/4208/4208 4327/4327/4327 4313/4313/4313
f 4208/4208/4208 4313/4313/4313 4201/4201/4201
f 4309/4309/4309 4286/4286/4286 4299/4299/4299
f 4309/4309/4309 4299/4299/4299 4326/4326/4326
f 4324/4324/4324 4297/4297/4297 4284/4284/4284
f 4324/4324/4324 4284/4284/4284 4315/4315/4315
f 4226/4226/4226 4280/4280/4280 4301/4301/4301
f 4226/4226/4226 4301/4301/4301 4236/4236/4236
f 4238/4238/4238 4303/4303/4303 4287/4287/4287
f 4238/4238/4238 4287/4287/4287 4229/4229/4229
f 4307/4307/4307 4253/4253/4253 4274/4274/4274
f 4307/4307/4307 4274/4274/4274 4317/4317/4317
f 4319/4319/4319 4276/4276/4276 4260/4260/4260
f 4319/4319/4319 4260/4260/4260 4310/4310/4310
f 4257/4257/4257 4234/4234/4234 4243/4243/4243
f 4257/4257/4257 4243/4243/4243 4270/4270/4270
f 4272/4272/4272 4245/4245/4245 4228/4228/4228
f 4272/4272/4272 4228/4228/4228 4259/4259/4259
f 4115/4115/4115 4223/4223/4223 4247/4247/4247
f 4115/4115/4115 4247/4247/4247 4128/4128/4128
f 4127/4127/4127 4246/4246/4246 4232/4232/4232
f 4127/4127/4127 4232/4232/4232 4120/4120/4120
f 4250/4250/4250 4146/4146/4146 4155/4155/4155
f 4250/4250/4250 4155/4155/4155 4263/4263/4263
f 4262/4262/4262 4154/4154/4154 4143/4143/4143
f 4262/4262/4262 4143/4143/4143 4255/4255/4255
f 4170/4170/4170 4278/4278/4278 4224/4224/4224
f 4170/4170/4170 4224/4224/4224 4116/4116/4116
o Upper_handguard.002_0
usemtl Gunmetal
v -0.0520000 -0.0100000 0.7720000
v -0.0520000 -0.0100000 0.7720000
v -0.0520000 -0.0100000 0.7720000
v -0.0520000 -0.0100000 0.7720000
v -0.0520000 0.0230000 0.8050000
v -0.0520000 0.0230000 0.8050000
v -0.0520000 0.0230000 0.8050000
v -0.0520000 0.0230000 0.8050000
v -0.0850000 0.0230000 0.7720000
v -0.0850000 0.0230000 0.7720000
v -0.0850000 0.0230000 0.7720000
v -0.0850000 0.0230000 0.7720000
v -0.0520000 -0.0003345 0.7953345
v -0.0520000 -0.0003345 0.7953345
v -0.0520000 -0.0003345 0.7953345
v -0.0520000 -0.0003345 0.7953345
v -0.0710526 0.0039474 0.7910526
v -0.0710526 0.0039474 0.7910526
v -0.0710526 0.0039474 0.7910526
v -0.0753345 0.0230000 0.7953345
v -0.0753345 0.0230000 0.7953345
v -0.0753345 0.0230000 0.7953345
v -0.0753345 0.0230000 0.7953345
v -0.0753345 -0.0003345 0.7720000
v -0.0753345 -0.0003345 0.7720000
v -0.0753345 -0.0003345 0.7720000
v -0.0753345 -0.0003345 0.7720000
v -0.0520000 0.1070000 0.8050000
v -0.0520000 0.1070000 0.8050000
v -0.0520000 0.1070000 0.8050000
v -0.0520000 0.1070000 0.8050000
v -0.0520000 0.1400000 0.7720000
v -0.0520000 0.1400000 0.7720000
v -0.0520000 0.1400000 0.7720000
v -0.0520000 0.1400000 0.7720000
v -0.0850000 0.1070000 0.7720000
v -0.0850000 0.1070000 0.7720000
v -0.0850000 0.1070000 0.7720000
v -0.0850000 0.1070000 0.7720000
v -0.0520000 0.1303345 0.7953345
v -0.0520000 0.1303345 0.7953345
v -0.0520000 0.1303345 0.7953345
v -0.0520000 0.1303345 0.7953345
v -0.0710526 0.1260526 0.7910526
v -0.0710526 0.1260526 0.7910526
v -0.0710526 0.1260526 0.7910526
v -0.0753345 0.1303345 0.7720000
v -0.0753345 0.1303345 0.7720000
v -0.0753345 0.1303345 0.7720000
v -0.0753345 0.1303345 0.7720000
v -0.0753345 0.1070000 0.7953345
v -0.0753345 0.1070000 0.7953345
v -0.0753345 0.1070000 0.7953345
v -0.0753345 0.1070000 0.7953345
v -0.0520000 -0.0100000 0.2880000
v -0.0520000 -0.0100000 0.2880000
v -0.0520000 -0.0100000 0.2880000
v -0.0520000 -0.0100000 0.2880000
v -0.0850000 0.0230000 0.2880000
v -0.0850000 0.0230000 0.2880000
v -0.0850000 0.0230000 0.2880000
v -0.0850000 0.0230000 0.2880000
v -0.0520000 0.0230000 0.2550000
v -0.0520000 0.0230000 0.2550000
v -0.0520000 0.0230000 0.2550000
v -0.0520000 0.0230000 0.2550000
v -0.0753345 -0.0003345 0.2879999
v -0.0753345 -0.0003345 0.2879999
v -0.0753345 -0.0003345 0.2879999
v -0.0753345 -0.0003345 0.2879999
v -0.0710526 0.0039474 0.2689474
v -0.0710526 0.0039474 0.2689474
v -0.0710526 0.0039474 0.2689474
v -0.0753345 0.0230000 0.2646654
v -0.0753345 0.0230000 0.2646654
v -0.0753345 0.0230000 0.2646654
v -0.0753345 0.0230000 0.2646654
v -0.0520000 -0.0003345 0.2646654
v -0.0520000 -0.0003345 0.2646654
v -0.0520000 -0.0003345 0.2646654
v -0.0520000 -0.0003345 0.2646654
v -0.0520000 0.1400000 0.2880000
v -0.0520000 0.1400000 0.2880000
v -0.0520000 0.1400000 0.2880000
v -0.0520000 0.1400000 0.2880000
v -0.0520000 0.1070000 0.2550000
v -0.0520000 0.1070000 0.2550000
v -0.0520000 0.1070000 0.2550000
v -0.0520000 0.1070000 0.2550000
v -0.0850000 0.1070000 0.2880000
v -0.0850000 0.1070000 0.2880000
v -0.0850000 0.1070000 0.2880000
v -0.0850000 0.1070000 0.2880000
v -0.0520000 0.1303345 0.2646654
v -0.0520000 0.1303345 0.2646654
v -0.0520000 0.1303345 0.2646654
v -0.0520000 0.1303345 0.2646654
v -0.0710526 0.1260526 0.2689474
v -0.0710526 0.1260526 0.2689474
v -0.0710526 0.1260526 0.2689474
v -0.0753345 0.1070000 0.2646654
v -0.0753345 0.1070000 0.2646654
v -0.0753345 0.1070000 0.2646654
v -0.0753345 0.1070000 0.2646654
v -0.0753345 0.1303345 0.2879999
v -0.0753345 0.1303345 0.2879999
v -0.0753345 0.1303345 0.2879999
v -0.0753345 0.1303345 0.2879999
v 0.0520000 -0.0100000 0.7720000
v 0.0520000 -0.0100000 0.7720000
v 0.0520000 -0.0100000 0.7720000
v 0.0520000 -0.0100000 0.7720000
v 0.0850000 0.0230000 0.7720000
v 0.0850000 0.0230000 0.7720000
v 0.0850000 0.0230000 0.7720000
v 0.0850000 0.0230000 0.7720000
v 0.0520000 0.0230000 0.8050000
v 0.0520000 0.0230000 0.8050000
v 0.0520000 0.0230000 0.8050000
v 0.0520000 0.0230000 0.8050000
v 0.0753345 -0.0003345 0.7720000
v 0.0753345 -0.0003345 0.7720000
v 0.0753345 -0.0003345 0.7720000
v 0.0753345 -0.0003345 0.7720000
v 0.0710526 0.0039474 0.7910526
v 0.0710526 0.0039474 0.7910526
v 0.0710526 0.0039474 0.7910526
v 0.0753345 0.0230000 0.7953345
v 0.0753345 0.0230000 0.7953345
v 0.0753345 0.0230000 0.7953345
v 0.0753345 0.0230000 0.7953345
v 0.0520000 -0.0003345 0.7953345
v 0.0520000 -0.0003345 0.7953345
v 0.0520000 -0.0003345 0.7953345
v 0.0520000 -0.0003345 0.7953345
v 0.0520000 0.1400000 0.7720000
v 0.0520000 0.1400000 0.7720000
v 0.0520000 0.1400000 0.7720000
v 0.0520000 0.1400000 0.7720000
v 0.0520000 0.1070000 0.8050000
v 0.0520000 0.1070000 0.8050000
v 0.0520000 0.1070000 0.8050000
v 0.0520000 0.1070000 0.8050000
v 0.0850000 0.1070000 0.7720000
v 0.0850000 0.1070000 0.7720000
v 0.0850000 0.1070000 0.7720000
v 0.0850000 0.1070000 0.7720000
v 0.0520000 0.1303345 0.7953345
v 0.0520000 0.1303345 0.7953345
v 0.0520000 0.1303345 0.7953345
v 0.0520000 0.1303345 0.7953345
v 0.0710526 0.1260526 0.7910526
v 0.0710526 0.1260526 0.7910526
v 0.0710526 0.1260526 0.7910526
v 0.0753345 0.1070000 0.7953345
v 0.0753345 0.1070000 0.7953345
v 0.0753345 0.1070000 0.7953345
v 0.0753345 0.1070000 0.7953345
v 0.0753345 0.1303345 0.7720000
v 0.0753345 0.1303345 0.7720000
v 0.0753345 0.1303345 0.7720000
v 0.0753345 0.1303345 0.7720000
v 0.0520000 -0.0100000 0.2880000
v 0.0520000 -0.0100000 0.2880000
v 0.0520000 -0.0100000 0.2880000
v 0.0520000 -0.0100000 0.2880000
v 0.0520000 0.0230000 0.2550000
v 0.0520000 0.0230000 0.2550000
v 0.0520000 0.0230000 0.2550000
v 0.0520000 0.0230000 0.2550000
v 0.0850000 0.0230000 0.2880000
v 0.0850000 0.0230000 0.2880000
v 0.0850000 0.0230000 0.2880000
v 0.0850000 0.0230000 0.2880000
v 0.0520000 -0.0003345 0.2646654
v 0.0520000 -0.0003345 0.2646654
v 0.0520000 -0.0003345 0.2646654
v 0.0520000 -0.0003345 0.2646654
v 0.0710526 0.0039474 0.2689474
v 0.0710526 0.0039474 0.2689474
v 0.0710526 0.0039474 0.2689474
v 0.0753345 0.0230000 0.2646654
v 0.0753345 0.0230000 0.2646654
v 0.0753345 0.0230000 0.2646654
v 0.0753345 0.0230000 0.2646654
v 0.0753345 -0.0003345 0.2879999
v 0.0753345 -0.0003345 0.2879999
v 0.0753345 -0.0003345 0.2879999
v 0.0753345 -0.0003345 0.2879999
v 0.0520000 0.1400000 0.2880000
v 0.0520000 0.1400000 0.2880000
v 0.0520000 0.1400000 0.2880000
v 0.0520000 0.1400000 0.2880000
v 0.0850000 0.1070000 0.2880000
v 0.0850000 0.1070000 0.2880000
v 0.0850000 0.1070000 0.2880000
v 0.0850000 0.1070000 0.2880000
v 0.0520000 0.1070000 0.2550000
v 0.0520000 0.1070000 0.2550000
v 0.0520000 0.1070000 0.2550000
v 0.0520000 0.1070000 0.2550000
v 0.0753345 0.1303345 0.2879999
v 0.0753345 0.1303345 0.2879999
v 0.0753345 0.1303345 0.2879999
v 0.0753345 0.1303345 0.2879999
v 0.0710526 0.1260526 0.2689474
v 0.0710526 0.1260526 0.2689474
v 0.0710526 0.1260526 0.2689474
v 0.0753345 0.1070000 0.2646654
v 0.0753345 0.1070000 0.2646654
v 0.0753345 0.1070000 0.2646654
v 0.0753345 0.1070000 0.2646654
v 0.0520000 0.1303345 0.2646654
v 0.0520000 0.1303345 0.2646654
v 0.0520000 0.1303345 0.2646654
v 0.0520000 0.1303345 0.2646654
vt 0.1735294 0.2650000
vt 0.1735294 0.2650000
vt 0.1735294 0.2650000
vt 0.1735294 0.2650000
vt 0.4300000 0.0485294
vt 0.4300000 0.0485294
vt 0.4300000 0.0485294
vt 0.4300000 0.0485294
vt 0.4299999 0.9850000
vt 0.4299999 0.9850000
vt 0.4299999 0.9850000
vt 0.4299999 0.9850000
vt 0.3750000 0.0485294
vt 0.1735294 0.2500000
vt 0.3750000 0.0485294
vt 0.1735294 0.2500000
vt 0.3982457 0.0000000
vt 0.1455109 0.2500000
vt 0.3750000 0.9936603
vt 0.4300000 0.0000000
vt 0.4300000 0.0000000
vt 0.4300000 1.0000000
vt 0.4300000 1.0000000
vt 0.1250000 0.2650000
vt 0.1250000 0.2650000
vt 0.3750000 0.9850000
vt 0.3750000 0.9850000
vt 0.5700000 0.0485294
vt 0.5700000 0.0485294
vt 0.5700000 0.0485294
vt 0.5700000 0.0485294
vt 0.8264706 0.2650000
vt 0.8264706 0.2650000
vt 0.8264706 0.2650000
vt 0.8264706 0.2650000
vt 0.5700000 0.9850000
vt 0.5700000 0.9850000
vt 0.5700000 0.9850000
vt 0.5700000 0.9850000
vt 0.6250000 0.0485294
vt 0.8264706 0.2500000
vt 0.6250000 0.0485294
vt 0.8264706 0.2500000
vt 0.6250000 0.0205109
vt 0.8750000 0.2563398
vt 0.6017542 1.0000000
vt 0.8750000 0.2650000
vt 0.8750000 0.2650000
vt 0.6250000 0.9850000
vt 0.6250000 0.9850000
vt 0.5700000 0.0000000
vt 0.5700000 0.0000000
vt 0.5700000 1.0000000
vt 0.5700000 1.0000000
vt 0.1735294 0.4850000
vt 0.1735294 0.4850000
vt 0.1735294 0.4850000
vt 0.1735294 0.4850000
vt 0.4299999 0.7650000
vt 0.4299999 0.7650000
vt 0.4299999 0.7650000
vt 0.4299999 0.7650000
vt 0.4300000 0.7014706
vt 0.4300000 0.7014706
vt 0.4300000 0.7014706
vt 0.4300000 0.7014706
vt 0.1250000 0.4850000
vt 0.1250000 0.4850000
vt 0.3750000 0.7650000
vt 0.3750000 0.7650000
vt 0.3750000 0.7294891
vt 0.1250000 0.4936603
vt 0.3982457 0.7500000
vt 0.4300000 0.7500000
vt 0.4300000 0.7500000
vt 0.4300000 0.7500000
vt 0.4300000 0.7500000
vt 0.3750000 0.7014706
vt 0.1735294 0.5000000
vt 0.3750000 0.7014706
vt 0.1735294 0.5000000
vt 0.8264706 0.4850001
vt 0.8264706 0.4850001
vt 0.8264706 0.4850001
vt 0.8264706 0.4850001
vt 0.5700000 0.7014706
vt 0.5700000 0.7014706
vt 0.5700000 0.7014706
vt 0.5700000 0.7014706
vt 0.5700000 0.7650000
vt 0.5700000 0.7650000
vt 0.5700000 0.7650000
vt 0.5700000 0.7650000
vt 0.6250000 0.7014706
vt 0.8264706 0.5000000
vt 0.6250000 0.7014706
vt 0.8264706 0.5000000
vt 0.6017543 0.7500000
vt 0.8544890 0.5000000
vt 0.6250000 0.7563397
vt 0.5700000 0.7500000
vt 0.5700000 0.7500000
vt 0.5700000 0.7500000
vt 0.5700000 0.7500000
vt 0.8750000 0.4850000
vt 0.8750000 0.4850000
vt 0.6250000 0.7650000
vt 0.6250000 0.7650000
vt 0.3264706 0.2650000
vt 0.3264706 0.2650000
vt 0.3264706 0.2650000
vt 0.3264706 0.2650000
vt 0.4299999 0.2650000
vt 0.4299999 0.2650000
vt 0.4299999 0.2650000
vt 0.4299999 0.2650000
vt 0.4300000 0.2014706
vt 0.4300000 0.2014706
vt 0.4300000 0.2014706
vt 0.4300000 0.2014706
vt 0.3750000 0.2650000
vt 0.3750000 0.2650000
vt 0.3750000 0.2650000
vt 0.3750000 0.2650000
vt 0.3827486 0.2452763
vt 0.3827486 0.2452763
vt 0.3827486 0.2452763
vt 0.4300000 0.2500000
vt 0.4300000 0.2500000
vt 0.4300000 0.2500000
vt 0.4300000 0.2500000
vt 0.3750000 0.2014706
vt 0.3264706 0.2500000
vt 0.3750000 0.2014706
vt 0.3264706 0.2500000
vt 0.6735294 0.2650000
vt 0.6735294 0.2650000
vt 0.6735294 0.2650000
vt 0.6735294 0.2650000
vt 0.5700000 0.2014706
vt 0.5700000 0.2014706
vt 0.5700000 0.2014706
vt 0.5700000 0.2014706
vt 0.5700000 0.2650001
vt 0.5700000 0.2650001
vt 0.5700000 0.2650001
vt 0.5700000 0.2650001
vt 0.6250000 0.2014706
vt 0.6735294 0.2500000
vt 0.6250000 0.2014706
vt 0.6735294 0.2500000
vt 0.6240885 0.2521132
vt 0.6240885 0.2521132
vt 0.6240885 0.2521132
vt 0.5700000 0.2500000
vt 0.5700000 0.2500000
vt 0.5700000 0.2500000
vt 0.5700000 0.2500000
vt 0.6249999 0.2650000
vt 0.6250000 0.2650000
vt 0.6250000 0.2650000
vt 0.6250000 0.2650000
vt 0.3264706 0.4850001
vt 0.3264706 0.4850001
vt 0.3264706 0.4850001
vt 0.3264706 0.4850001
vt 0.4300000 0.5485294
vt 0.4300000 0.5485294
vt 0.4300000 0.5485294
vt 0.4300000 0.5485294
vt 0.4299999 0.4850000
vt 0.4299999 0.4850000
vt 0.4299999 0.4850000
vt 0.4299999 0.4850000
vt 0.3750000 0.5485294
vt 0.3264706 0.5000000
vt 0.3750000 0.5485294
vt 0.3264706 0.5000000
vt 0.3759116 0.4978867
vt 0.3759116 0.4978867
vt 0.3759116 0.4978867
vt 0.4300000 0.5000000
vt 0.4300000 0.5000000
vt 0.4300000 0.5000000
vt 0.4300000 0.5000000
vt 0.3750000 0.4850000
vt 0.3750000 0.4850000
vt 0.3750000 0.4850000
vt 0.3750000 0.4850000
vt 0.6735294 0.4850000
vt 0.6735294 0.4850000
vt 0.6735294 0.4850000
vt 0.6735294 0.4850000
vt 0.5700000 0.4850000
vt 0.5700000 0.4850000
vt 0.5700000 0.4850000
vt 0.5700000 0.4850000
vt 0.5700000 0.5485294
vt 0.5700000 0.5485294
vt 0.5700000 0.5485294
vt 0.5700000 0.5485294
vt 0.6250000 0.4850000
vt 0.6250000 0.4850000
vt 0.6250000 0.4850000
vt 0.6250000 0.4850000
vt 0.6172515 0.5047237
vt 0.6172515 0.5047237
vt 0.6172515 0.5047237
vt 0.5700000 0.5000000
vt 0.5700000 0.5000000
vt 0.5700000 0.5000000
vt 0.5700000 0.5000000
vt 0.6250000 0.5485294
vt 0.6735294 0.5000000
vt 0.6250000 0.5485294
vt 0.6735294 0.5000000
vn 0.0000000 -0.9238767 0.3826903
vn 0.0000000 -1.0000000 0.0000000
vn -0.3250835 -0.8880549 0.3250835
vn -0.3826903 -0.9238767 0.0000000
vn 0.0000000 0.0000000 1.0000000
vn 0.0000000 -0.3826903 0.9238767
vn -0.3250835 -0.3250835 0.8880549
vn -0.3826903 0.0000000 0.9238767
vn -0.8880549 -0.3250835 0.3250835
vn -0.9238767 0.0000000 0.3826903
vn -0.9238767 -0.3826903 0.0000000
vn -1.0000000 0.0000000 0.0000000
vn 0.0000000 -0.3826903 0.9238767
vn 0.0000000 -0.9238767 0.3826903
vn -0.3250835 -0.3250835 0.8880549
vn -0.3250835 -0.8880549 0.3250835
vn -0.3250835 -0.3250835 0.8880549
vn -0.3250835 -0.8880549 0.3250835
vn -0.8880549 -0.3250835 0.3250835
vn -0.3250835 -0.3250835 0.8880549
vn -0.3826903 0.0000000 0.9238767
vn -0.8880549 -0.3250835 0.3250835
vn -0.9238767 0.0000000 0.3826903
vn -0.3250835 -0.8880549 0.3250835
vn -0.3826903 -0.9238767 0.0000000
vn -0.8880549 -0.3250835 0.3250835
vn -0.9238767 -0.3826903 0.0000000
vn 0.0000000 0.0000000 1.0000000
vn 0.0000000 0.3826903 0.9238767
vn -0.3250835 0.3250835 0.8880549
vn -0.3826903 0.0000000 0.9238767
vn 0.0000000 0.9238767 0.3826903
vn 0.0000000 1.0000000 0.0000000
vn -0.3250835 0.8880549 0.3250835
vn -0.3826903 0.9238767 0.0000000
vn -0.8880549 0.3250835 0.3250835
vn -0.9238767 0.0000000 0.3826903
vn -0.9238767 0.3826903 0.0000000
vn -1.0000000 0.0000000 0.0000000
vn 0.0000000 0.3826903 0.9238767
vn 0.0000000 0.9238767 0.3826903
vn -0.3250835 0.3250835 0.8880549
vn -0.3250835 0.8880549 0.3250835
vn -0.3250835 0.3250835 0.8880549
vn -0.3250835 0.8880549 0.3250835
vn -0.8880549 0.3250835 0.3250835
vn -0.3250835 0.8880549 0.3250835
vn -0.3826903 0.9238767 0.0000000
vn -0.8880549 0.3250835 0.3250835
vn -0.9238767 0.3826903 0.0000000
vn -0.3250835 0.3250835 0.8880549
vn -0.3826903 0.0000000 0.9238767
vn -0.8880549 0.3250835 0.3250835
vn -0.9238767 0.0000000 0.3826903
vn 0.0000000 -0.9238767 -0.3826903
vn 0.0000000 -1.0000000 0.0000000
vn -0.3250835 -0.8880549 -0.3250835
vn -0.3826903 -0.9238767 0.0000000
vn -0.8880549 -0.3250835 -0.3250835
vn -0.9238767 0.0000000 -0.3826903
vn -0.9238767 -0.3826903 0.0000000
vn -1.0000000 0.0000000 0.0000000
vn 0.0000000 0.0000000 -1.0000000
vn 0.0000000 -0.3826903 -0.9238767
vn -0.3250835 -0.3250835 -0.8880549
vn -0.3826903 0.0000000 -0.9238767
vn -0.3250835 -0.8880549 -0.3250835
vn -0.3826903 -0.9238767 0.0000000
vn -0.8880549 -0.3250835 -0.3250835
vn -0.9238767 -0.3826903 0.0000000
vn -0.3250835 -0.3250835 -0.8880549
vn -0.3250835 -0.8880549 -0.3250835
vn -0.8880549 -0.3250835 -0.3250835
vn -0.3250835 -0.3250835 -0.8880549
vn -0.3826903 0.0000000 -0.9238767
vn -0.8880549 -0.3250835 -0.3250835
vn -0.9238767 0.0000000 -0.3826903
vn 0.0000000 -0.3826903 -0.9238767
vn 0.0000000 -0.9238767 -0.3826903
vn -0.3250835 -0.3250835 -0.8880549
vn -0.3250835 -0.8880549 -0.3250835
vn 0.0000000 0.9238767 -0.3826903
vn 0.0000000 1.0000000 0.0000000
vn -0.3250835 0.8880549 -0.3250835
vn -0.3826903 0.9238767 0.0000000
vn 0.0000000 0.0000000 -1.0000000
vn 0.0000000 0.3826903 -0.9238767
vn -0.3250835 0.3250835 -0.8880549
vn -0.3826903 0.0000000 -0.9238767
vn -0.8880549 0.3250835 -0.3250835
vn -0.9238767 0.0000000 -0.3826903
vn -0.9238767 0.3826903 0.0000000
vn -1.0000000 0.0000000 0.0000000
vn 0.0000000 0.3826903 -0.9238767
vn 0.0000000 0.9238767 -0.3826903
vn -0.3250835 0.3250835 -0.8880549
vn -0.3250835 0.8880549 -0.3250835
vn -0.3250835 0.3250835 -0.8880549
vn -0.3250835 0.8880549 -0.3250835
vn -0.8880549 0.3250835 -0.3250835
vn -0.3250835 0.3250835 -0.8880549
vn -0.3826903 0.0000000 -0.9238767
vn -0.8880549 0.3250835 -0.3250835
vn -0.9238767 0.0000000 -0.3826903
vn -0.3250835 0.8880549 -0.3250835
vn -0.3826903 0.9238767 0.0000000
vn -0.8880549 0.3250835 -0.3250835
vn -0.9238767 0.3826903 0.0000000
vn 0.0000000 -0.9238767 0.3826903
vn 0.0000000 -1.0000000 0.0000000
vn 0.3250835 -0.8880549 0.3250835
vn 0.3826903 -0.9238767 0.0000000
vn 0.8880549 -0.3250835 0.3250835
vn 0.9238767 0.0000000 0.3826903
vn 0.9238767 -0.3826903 0.0000000
vn 1.0000000 0.0000000 0.0000000
vn 0.0000000 0.0000000 1.0000000
vn 0.0000000 -0.3826903 0.9238767
vn 0.3250835 -0.3250835 0.8880549
vn 0.3826903 0.0000000 0.9238767
vn 0.3250835 -0.8880549 0.3250835
vn 0.3826903 -0.9238767 0.0000000
vn 0.8880549 -0.3250835 0.3250835
vn 0.9238767 -0.3826903 0.0000000
vn 0.3250835 -0.3250835 0.8880549
vn 0.3250835 -0.8880549 0.3250835
vn 0.8880549 -0.3250835 0.3250835
vn 0.3250835 -0.3250835 0.8880549
vn 0.3826903 0.0000000 0.9238767
vn 0.8880549 -0.3250835 0.3250835
vn 0.9238767 0.0000000 0.3826903
vn 0.0000000 -0.3826903 0.9238767
vn 0.0000000 -0.9238767 0.3826903
vn 0.3250835 -0.3250835 0.8880549
vn 0.3250835 -0.8880549 0.3250835
vn 0.0000000 0.9238767 0.3826903
vn 0.0000000 1.0000000 0.0000000
vn 0.3250835 0.8880549 0.3250835
vn 0.3826903 0.9238767 0.0000000
vn 0.0000000 0.0000000 1.0000000
vn 0.0000000 0.3826903 0.9238767
vn 0.3250835 0.3250835 0.8880549
vn 0.3826903 0.0000000 0.9238767
vn 0.8880549 0.3250835 0.3250835
vn 0.9238767 0.0000000 0.3826903
vn 0.9238767 0.3826903 0.0000000
vn 1.0000000 0.0000000 0.0000000
vn 0.0000000 0.3826903 0.9238767
vn 0.0000000 0.9238767 0.3826903
vn 0.3250835 0.3250835 0.8880549
vn 0.3250835 0.8880549 0.3250835
vn 0.3250835 0.3250835 0.8880549
vn 0.3250835 0.8880549 0.3250835
vn 0.8880549 0.3250835 0.3250835
vn 0.3250835 0.3250835 0.8880549
vn 0.3826903 0.0000000 0.9238767
vn 0.8880549 0.3250835 0.3250835
vn 0.9238767 0.0000000 0.3826903
vn 0.3250835 0.8880549 0.3250835
vn 0.3826903 0.9238767 0.0000000
vn 0.8880549 0.3250835 0.3250835
vn 0.9238767 0.3826903 0.0000000
vn 0.0000000 -0.9238767 -0.3826903
vn 0.0000000 -1.0000000 0.0000000
vn 0.3250835 -0.8880549 -0.3250835
vn 0.3826903 -0.9238767 0.0000000
vn 0.0000000 0.0000000 -1.0000000
vn 0.0000000 -0.3826903 -0.9238767
vn 0.3250835 -0.3250835 -0.8880549
vn 0.3826903 0.0000000 -0.9238767
vn 0.8880549 -0.3250835 -0.3250835
vn 0.9238767 0.0000000 -0.3826903
vn 0.9238767 -0.3826903 0.0000000
vn 1.0000000 0.0000000 0.0000000
vn 0.0000000 -0.3826903 -0.9238767
vn 0.0000000 -0.9238767 -0.3826903
vn 0.3250835 -0.3250835 -0.8880549
vn 0.3250835 -0.8880549 -0.3250835
vn 0.3250835 -0.3250835 -0.8880549
vn 0.3250835 -0.8880549 -0.3250835
vn 0.8880549 -0.3250835 -0.3250835
vn 0.3250835 -0.3250835 -0.8880549
vn 0.3826903 0.0000000 -0.9238767
vn 0.8880549 -0.3250835 -0.3250835
vn 0.9238767 0.0000000 -0.3826903
vn 0.3250835 -0.8880549 -0.3250835
vn 0.3826903 -0.9238767 0.0000000
vn 0.8880549 -0.3250835 -0.3250835
vn 0.9238767 -0.3826903 0.0000000
vn 0.0000000 0.9238767 -0.3826903
vn 0.0000000 1.0000000 0.0000000
vn 0.3250835 0.8880549 -0.3250835
vn 0.3826903 0.9238767 0.0000000
vn 0.8880549 0.3250835 -0.3250835
vn 0.9238767 0.0000000 -0.3826903
vn 0.9238767 0.3826903 0.0000000
vn 1.0000000 0.0000000 0.0000000
vn 0.0000000 0.0000000 -1.0000000
vn 0.0000000 0.3826903 -0.9238767
vn 0.3250835 0.3250835 -0.8880549
vn 0.3826903 0.0000000 -0.9238767
vn 0.3250835 0.8880549 -0.3250835
vn 0.3826903 0.9238767 0.0000000
vn 0.8880549 0.3250835 -0.3250835
vn 0.9238767 0.3826903 0.0000000
vn 0.3250835 0.3250835 -0.8880549
vn 0.3250835 0.8880549 -0.3250835
vn 0.8880549 0.3250835 -0.3250835
vn 0.3250835 0.3250835 -0.8880549
vn 0.3826903 0.0000000 -0.9238767
vn 0.8880549 0.3250835 -0.3250835
vn 0.9238767 0.0000000 -0.3826903
vn 0.0000000 0.3826903 -0.9238767
vn 0.0000000 0.9238767 -0.3826903
vn 0.3250835 0.3250835 -0.8880549
vn 0.3250835 0.8880549 -0.3250835
f 4447/4447/4447 4470/4470/4470 4358/4358/4358
f 4447/4447/4447 4358/4358/4358 4335/4335/4335
f 4504/4504/4504 4527/4527/4527 4477/4477/4477
f 4504/4504/4504 4477/4477/4477 4446/4446/4446
f 4521/4521/4521 4413/4413/4413 4363/4363/4363
f 4521/4521/4521 4363/4363/4363 4467/4467/4467
f 4342/4342/4342 4369/4369/4369 4423/4423/4423
f 4342/4342/4342 4423/4423/4423 4392/4392/4392
f 4393/4393/4393 4416/4416/4416 4528/4528/4528
f 4393/4393/4393 4528/4528/4528 4497/4497/4497
f 4333/4333/4333 4346/4346/4346 4348/4348/4348
f 4333/4333/4333 4348/4348/4348 4354/4354/4354
f 4337/4337/4337 4350/4350/4350 4347/4347/4347
f 4337/4337/4337 4347/4347/4347 4345/4345/4345
f 4339/4339/4339 4356/4356/4356 4349/4349/4349
f 4339/4339/4339 4349/4349/4349 4352/4352/4352
f 4360/4360/4360 4372/4372/4372 4374/4374/4374
f 4360/4360/4360 4374/4374/4374 4381/4381/4381
f 4364/4364/4364 4377/4377/4377 4375/4375/4375
f 4364/4364/4364 4375/4375/4375 4373/4373/4373
f 4366/4366/4366 4383/4383/4383 4376/4376/4376
f 4366/4366/4366 4376/4376/4376 4379/4379/4379
f 4387/4387/4387 4397/4397/4397 4402/4402/4402
f 4387/4387/4387 4402/4402/4402 4411/4411/4411
f 4389/4389/4389 4406/4406/4406 4403/4403/4403
f 4389/4389/4389 4403/4403/4403 4399/4399/4399
f 4395/4395/4395 4410/4410/4410 4401/4401/4401
f 4395/4395/4395 4401/4401/4401 4404/4404/4404
f 4414/4414/4414 4427/4427/4427 4429/4429/4429
f 4414/4414/4414 4429/4429/4429 4435/4435/4435
f 4418/4418/4418 4431/4431/4431 4428/4428/4428
f 4418/4418/4418 4428/4428/4428 4426/4426/4426
f 4420/4420/4420 4437/4437/4437 4430/4430/4430
f 4420/4420/4420 4430/4430/4430 4433/4433/4433
f 4441/4441/4441 4451/4451/4451 4456/4456/4456
f 4441/4441/4441 4456/4456/4456 4465/4465/4465
f 4443/4443/4443 4460/4460/4460 4457/4457/4457
f 4443/4443/4443 4457/4457/4457 4453/4453/4453
f 4449/4449/4449 4464/4464/4464 4455/4455/4455
f 4449/4449/4449 4455/4455/4455 4458/4458/4458
f 4468/4468/4468 4481/4481/4481 4483/4483/4483
f 4468/4468/4468 4483/4483/4483 4489/4489/4489
f 4472/4472/4472 4485/4485/4485 4482/4482/4482
f 4472/4472/4472 4482/4482/4482 4480/4480/4480
f 4474/4474/4474 4491/4491/4491 4484/4484/4484
f 4474/4474/4474 4484/4484/4484 4487/4487/4487
f 4495/4495/4495 4508/4508/4508 4510/4510/4510
f 4495/4495/4495 4510/4510/4510 4516/4516/4516
f 4499/4499/4499 4512/4512/4512 4509/4509/4509
f 4499/4499/4499 4509/4509/4509 4507/4507/4507
f 4501/4501/4501 4518/4518/4518 4511/4511/4511
f 4501/4501/4501 4511/4511/4511 4514/4514/4514
f 4522/4522/4522 4532/4532/4532 4537/4537/4537
f 4522/4522/4522 4537/4537/4537 4546/4546/4546
f 4524/4524/4524 4541/4541/4541 4538/4538/4538
f 4524/4524/4524 4538/4538/4538 4534/4534/4534
f 4530/4530/4530 4545/4545/4545 4536/4536/4536
f 4530/4530/4530 4536/4536/4536 4539/4539/4539
f 4388/4388/4388 4334/4334/4334 4355/4355/4355
f 4388/4388/4388 4355/4355/4355 4398/4398/4398
f 4400/4400/4400 4357/4357/4357 4341/4341/4341
f 4400/4400/4400 4341/4341/4341 4391/4391/4391
f 4338/4338/4338 4361/4361/4361 4382/4382/4382
f 4338/4338/4338 4382/4382/4382 4351/4351/4351
f 4353/4353/4353 4384/4384/4384 4367/4367/4367
f 4353/4353/4353 4367/4367/4367 4340/4340/4340
f 4365/4365/4365 4415/4415/4415 4436/4436/4436
f 4365/4365/4365 4436/4436/4436 4378/4378/4378
f 4380/4380/4380 4438/4438/4438 4422/4422/4422
f 4380/4380/4380 4422/4422/4422 4368/4368/4368
f 4419/4419/4419 4396/4396/4396 4405/4405/4405
f 4419/4419/4419 4405/4405/4405 4432/4432/4432
f 4434/4434/4434 4407/4407/4407 4390/4390/4390
f 4434/4434/4434 4390/4390/4390 4421/4421/4421
f 4493/4493/4493 4385/4385/4385 4409/4409/4409
f 4493/4493/4493 4409/4409/4409 4506/4506/4506
f 4505/4505/4505 4408/4408/4408 4394/4394/4394
f 4505/4505/4505 4394/4394/4394 4498/4498/4498
f 4412/4412/4412 4520/4520/4520 4544/4544/4544
f 4412/4412/4412 4544/4544/4544 4425/4425/4425
f 4424/4424/4424 4543/4543/4543 4529/4529/4529
f 4424/4424/4424 4529/4529/4529 4417/4417/4417
f 4525/4525/4525 4502/4502/4502 4515/4515/4515
f 4525/4525/4525 4515/4515/4515 4542/4542/4542
f 4540/4540/4540 4513/4513/4513 4500/4500/4500
f 4540/4540/4540 4500/4500/4500 4531/4531/4531
f 4442/4442/4442 4496/4496/4496 4517/4517/4517
f 4442/4442/4442 4517/4517/4517 4452/4452/4452
f 4454/4454/4454 4519/4519/4519 4503/4503/4503
f 4454/4454/4454 4503/4503/4503 4445/4445/4445
f 4523/4523/4523 4469/4469/4469 4490/4490/4490
f 4523/4523/4523 4490/4490/4490 4533/4533/4533
f 4535/4535/4535 4492/4492/4492 4476/4476/4476
f 4535/4535/4535 4476/4476/4476 4526/4526/4526
f 4473/4473/4473 4450/4450/4450 4459/4459/4459
f 4473/4473/4473 4459/4459/4459 4486/4486/4486
f 4488/4488/4488 4461/4461/4461 4444/4444/4444
f 4488/4488/4488 4444/4444/4444 4475/4475/4475
f 4331/4331/4331 4439/4439/4439 4463/4463/4463
f 4331/4331/4331 4463/4463/4463 4344/4344/4344
f 4343/4343/4343 4462/4462/4462 4448/4448/4448
f 4343/4343/4343 4448/4448/4448 4336/4336/4336
f 4466/4466/4466 4362/4362/4362 4371/4371/4371
f 4466/4466/4466 4371/4371/4371 4479/4479/4479
f 4478/4478/4478 4370/4370/4370 4359/4359/4359
f 4478/4478/4478 4359/4359/4359 4471/4471/4471
f 4386/4386/4386 4494/4494/4494 4440/4440/4440
f 4386/4386/4386 4440/4440/4440 4332/4332/4332
