# Aurora Strike original Blender asset converted from GLB
# Source: game/models/glock.glb
mtllib glock.mtl
o Barrel.003_0
usemtl Machined_Steel
v 0.0000000 0.1214564 0.3800000
v 0.0000000 0.1214564 0.3800000
v 0.0000000 0.1214564 0.3800000
v 0.0000000 0.1250000 0.3835000
v 0.0000000 0.1250000 0.3835000
v 0.0000000 0.1250000 0.3835000
v 0.0000000 0.1250000 0.3835000
v 0.0000000 0.1239621 0.3810251
v 0.0000000 0.1239621 0.3810251
v 0.0000000 0.1239621 0.3810251
v 0.0000000 0.1239621 0.3810251
v 0.0000000 0.1214564 0.4800000
v 0.0000000 0.1214564 0.4800000
v 0.0000000 0.1214564 0.4800000
v 0.0000000 0.1250000 0.4765000
v 0.0000000 0.1250000 0.4765000
v 0.0000000 0.1250000 0.4765000
v 0.0000000 0.1250000 0.4765000
v 0.0000000 0.1239621 0.4789749
v 0.0000000 0.1239621 0.4789749
v 0.0000000 0.1239621 0.4789749
v 0.0000000 0.1239621 0.4789749
v 0.0066304 0.1204062 0.3800000
v 0.0066304 0.1204062 0.3800000
v 0.0066304 0.1204062 0.3800000
v 0.0077254 0.1237764 0.3835000
v 0.0077254 0.1237764 0.3835000
v 0.0077254 0.1237764 0.3835000
v 0.0077254 0.1237764 0.3835000
v 0.0074047 0.1227893 0.3810251
v 0.0074047 0.1227893 0.3810251
v 0.0074047 0.1227893 0.3810251
v 0.0074047 0.1227893 0.3810251
v 0.0066304 0.1204062 0.4800000
v 0.0066304 0.1204062 0.4800000
v 0.0066304 0.1204062 0.4800000
v 0.0077254 0.1237764 0.4765000
v 0.0077254 0.1237764 0.4765000
v 0.0077254 0.1237764 0.4765000
v 0.0077254 0.1237764 0.4765000
v 0.0074047 0.1227893 0.4789749
v 0.0074047 0.1227893 0.4789749
v 0.0074047 0.1227893 0.4789749
v 0.0074047 0.1227893 0.4789749
v 0.0126117 0.1173586 0.3800000
v 0.0126117 0.1173586 0.3800000
v 0.0126117 0.1173586 0.3800000
v 0.0146946 0.1202254 0.3835000
v 0.0146946 0.1202254 0.3835000
v 0.0146946 0.1202254 0.3835000
v 0.0146946 0.1202254 0.3835000
v 0.0140846 0.1193858 0.3810251
v 0.0140846 0.1193858 0.3810251
v 0.0140846 0.1193858 0.3810251
v 0.0140846 0.1193858 0.3810251
v 0.0126117 0.1173586 0.4800000
v 0.0126117 0.1173586 0.4800000
v 0.0126117 0.1173586 0.4800000
v 0.0146946 0.1202254 0.4765000
v 0.0146946 0.1202254 0.4765000
v 0.0146946 0.1202254 0.4765000
v 0.0146946 0.1202254 0.4765000
v 0.0140846 0.1193857 0.4789749
v 0.0140846 0.1193857 0.4789749
v 0.0140846 0.1193857 0.4789749
v 0.0140846 0.1193857 0.4789749
v 0.0173586 0.1126117 0.3800000
v 0.0173586 0.1126117 0.3800000
v 0.0173586 0.1126117 0.3800000
v 0.0202254 0.1146946 0.3835000
v 0.0202254 0.1146946 0.3835000
v 0.0202254 0.1146946 0.3835000
v 0.0202254 0.1146946 0.3835000
v 0.0193857 0.1140846 0.3810251
v 0.0193857 0.1140846 0.3810251
v 0.0193857 0.1140846 0.3810251
v 0.0193857 0.1140846 0.3810251
v 0.0173586 0.1126117 0.4800000
v 0.0173586 0.1126117 0.4800000
v 0.0173586 0.1126117 0.4800000
v 0.0202254 0.1146946 0.4765000
v 0.0202254 0.1146946 0.4765000
v 0.0202254 0.1146946 0.4765000
v 0.0202254 0.1146946 0.4765000
v 0.0193857 0.1140846 0.4789749
v 0.0193857 0.1140846 0.4789749
v 0.0193857 0.1140846 0.4789749
v 0.0193857 0.1140846 0.4789749
v 0.0204062 0.1066304 0.3800000
v 0.0204062 0.1066304 0.3800000
v 0.0204062 0.1066304 0.3800000
v 0.0237764 0.1077254 0.3835000
v 0.0237764 0.1077254 0.3835000
v 0.0237764 0.1077254 0.3835000
v 0.0237764 0.1077254 0.3835000
v 0.0227893 0.1074047 0.3810251
v 0.0227893 0.1074047 0.3810251
v 0.0227893 0.1074047 0.3810251
v 0.0227893 0.1074047 0.3810251
v 0.0204062 0.1066304 0.4800000
v 0.0204062 0.1066304 0.4800000
v 0.0204062 0.1066304 0.4800000
v 0.0237764 0.1077254 0.4765000
v 0.0237764 0.1077254 0.4765000
v 0.0237764 0.1077254 0.4765000
v 0.0237764 0.1077254 0.4765000
v 0.0227893 0.1074047 0.4789749
v 0.0227893 0.1074047 0.4789749
v 0.0227893 0.1074047 0.4789749
v 0.0227893 0.1074047 0.4789749
v 0.0214564 0.1000000 0.3800000
v 0.0214564 0.1000000 0.3800000
v 0.0214564 0.1000000 0.3800000
v 0.0250000 0.1000000 0.3835000
v 0.0250000 0.1000000 0.3835000
v 0.0250000 0.1000000 0.3835000
v 0.0250000 0.1000000 0.3835000
v 0.0239621 0.1000000 0.3810251
v 0.0239621 0.1000000 0.3810251
v 0.0239621 0.1000000 0.3810251
v 0.0239621 0.1000000 0.3810251
v 0.0214564 0.1000000 0.4800000
v 0.0214564 0.1000000 0.4800000
v 0.0214564 0.1000000 0.4800000
v 0.0250000 0.1000000 0.4765000
v 0.0250000 0.1000000 0.4765000
v 0.0250000 0.1000000 0.4765000
v 0.0250000 0.1000000 0.4765000
v 0.0239621 0.1000000 0.4789749
v 0.0239621 0.1000000 0.4789749
v 0.0239621 0.1000000 0.4789749
v 0.0239621 0.1000000 0.4789749
v 0.0204062 0.0933696 0.3800000
v 0.0204062 0.0933696 0.3800000
v 0.0204062 0.0933696 0.3800000
v 0.0237764 0.0922746 0.3835000
v 0.0237764 0.0922746 0.3835000
v 0.0237764 0.0922746 0.3835000
v 0.0237764 0.0922746 0.3835000
v 0.0227893 0.0925953 0.3810251
v 0.0227893 0.0925953 0.3810251
v 0.0227893 0.0925953 0.3810251
v 0.0227893 0.0925953 0.3810251
v 0.0204062 0.0933696 0.4800000
v 0.0204062 0.0933696 0.4800000
v 0.0204062 0.0933696 0.4800000
v 0.0237764 0.0922746 0.4765000
v 0.0237764 0.0922746 0.4765000
v 0.0237764 0.0922746 0.4765000
v 0.0237764 0.0922746 0.4765000
v 0.0227893 0.0925953 0.4789749
v 0.0227893 0.0925953 0.4789749
v 0.0227893 0.0925953 0.4789749
v 0.0227893 0.0925953 0.4789749
v 0.0173586 0.0873883 0.3800000
v 0.0173586 0.0873883 0.3800000
v 0.0173586 0.0873883 0.3800000
v 0.0202254 0.0853054 0.3835000
v 0.0202254 0.0853054 0.3835000
v 0.0202254 0.0853054 0.3835000
v 0.0202254 0.0853054 0.3835000
v 0.0193857 0.0859154 0.3810251
v 0.0193857 0.0859154 0.3810251
v 0.0193857 0.0859154 0.3810251
v 0.0193857 0.0859154 0.3810251
v 0.0173586 0.0873883 0.4800000
v 0.0173586 0.0873883 0.4800000
v 0.0173586 0.0873883 0.4800000
v 0.0202254 0.0853054 0.4765000
v 0.0202254 0.0853054 0.4765000
v 0.0202254 0.0853054 0.4765000
v 0.0202254 0.0853054 0.4765000
v 0.0193857 0.0859154 0.4789749
v 0.0193857 0.0859154 0.4789749
v 0.0193857 0.0859154 0.4789749
v 0.0193857 0.0859154 0.4789749
v 0.0126117 0.0826414 0.3800000
v 0.0126117 0.0826414 0.3800000
v 0.0126117 0.0826414 0.3800000
v 0.0146946 0.0797746 0.3835000
v 0.0146946 0.0797746 0.3835000
v 0.0146946 0.0797746 0.3835000
v 0.0146946 0.0797746 0.3835000
v 0.0140846 0.0806143 0.3810251
v 0.0140846 0.0806143 0.3810251
v 0.0140846 0.0806143 0.3810251
v 0.0140846 0.0806143 0.3810251
v 0.0126117 0.0826414 0.4800000
v 0.0126117 0.0826414 0.4800000
v 0.0126117 0.0826414 0.4800000
v 0.0146946 0.0797746 0.4765000
v 0.0146946 0.0797746 0.4765000
v 0.0146946 0.0797746 0.4765000
v 0.0146946 0.0797746 0.4765000
v 0.0140846 0.0806142 0.4789749
v 0.0140846 0.0806142 0.4789749
v 0.0140846 0.0806142 0.4789749
v 0.0140846 0.0806142 0.4789749
v 0.0066304 0.0795938 0.3800000
v 0.0066304 0.0795938 0.3800000
v 0.0066304 0.0795938 0.3800000
v 0.0077254 0.0762236 0.3835000
v 0.0077254 0.0762236 0.3835000
v 0.0077254 0.0762236 0.3835000
v 0.0077254 0.0762236 0.3835000
v 0.0074047 0.0772107 0.3810251
v 0.0074047 0.0772107 0.3810251
v 0.0074047 0.0772107 0.3810251
v 0.0074047 0.0772107 0.3810251
v 0.0066304 0.0795938 0.4800000
v 0.0066304 0.0795938 0.4800000
v 0.0066304 0.0795938 0.4800000
v 0.0077254 0.0762236 0.4765000
v 0.0077254 0.0762236 0.4765000
v 0.0077254 0.0762236 0.4765000
v 0.0077254 0.0762236 0.4765000
v 0.0074047 0.0772107 0.4789749
v 0.0074047 0.0772107 0.4789749
v 0.0074047 0.0772107 0.4789749
v 0.0074047 0.0772107 0.4789749
v 0.0000000 0.0785436 0.3800000
v 0.0000000 0.0785436 0.3800000
v 0.0000000 0.0785436 0.3800000
v 0.0000000 0.0750000 0.3835000
v 0.0000000 0.0750000 0.3835000
v 0.0000000 0.0750000 0.3835000
v 0.0000000 0.0750000 0.3835000
v 0.0000000 0.0760379 0.3810251
v 0.0000000 0.0760379 0.3810251
v 0.0000000 0.0760379 0.3810251
v 0.0000000 0.0760379 0.3810251
v 0.0000000 0.0785436 0.4800000
v 0.0000000 0.0785436 0.4800000
v 0.0000000 0.0785436 0.4800000
v 0.0000000 0.0750000 0.4765000
v 0.0000000 0.0750000 0.4765000
v 0.0000000 0.0750000 0.4765000
v 0.0000000 0.0750000 0.4765000
v 0.0000000 0.0760379 0.4789749
v 0.0000000 0.0760379 0.4789749
v 0.0000000 0.0760379 0.4789749
v 0.0000000 0.0760379 0.4789749
v -0.0066304 0.0795938 0.3800000
v -0.0066304 0.0795938 0.3800000
v -0.0066304 0.0795938 0.3800000
v -0.0077254 0.0762236 0.3835000
v -0.0077254 0.0762236 0.3835000
v -0.0077254 0.0762236 0.3835000
v -0.0077254 0.0762236 0.3835000
v -0.0074047 0.0772107 0.3810251
v -0.0074047 0.0772107 0.3810251
v -0.0074047 0.0772107 0.3810251
v -0.0074047 0.0772107 0.3810251
v -0.0066304 0.0795938 0.4800000
v -0.0066304 0.0795938 0.4800000
v -0.0066304 0.0795938 0.4800000
v -0.0077254 0.0762236 0.4765000
v -0.0077254 0.0762236 0.4765000
v -0.0077254 0.0762236 0.4765000
v -0.0077254 0.0762236 0.4765000
v -0.0074047 0.0772107 0.4789749
v -0.0074047 0.0772107 0.4789749
v -0.0074047 0.0772107 0.4789749
v -0.0074047 0.0772107 0.4789749
v -0.0126117 0.0826414 0.3800000
v -0.0126117 0.0826414 0.3800000
v -0.0126117 0.0826414 0.3800000
v -0.0146946 0.0797746 0.3835000
v -0.0146946 0.0797746 0.3835000
v -0.0146946 0.0797746 0.3835000
v -0.0146946 0.0797746 0.3835000
v -0.0140846 0.0806143 0.3810251
v -0.0140846 0.0806143 0.3810251
v -0.0140846 0.0806143 0.3810251
v -0.0140846 0.0806143 0.3810251
v -0.0126117 0.0826414 0.4800000
v -0.0126117 0.0826414 0.4800000
v -0.0126117 0.0826414 0.4800000
v -0.0146946 0.0797746 0.4765000
v -0.0146946 0.0797746 0.4765000
v -0.0146946 0.0797746 0.4765000
v -0.0146946 0.0797746 0.4765000
v -0.0140846 0.0806142 0.4789749
v -0.0140846 0.0806142 0.4789749
v -0.0140846 0.0806142 0.4789749
v -0.0140846 0.0806142 0.4789749
v -0.0173586 0.0873883 0.3800000
v -0.0173586 0.0873883 0.3800000
v -0.0173586 0.0873883 0.3800000
v -0.0202254 0.0853054 0.3835000
v -0.0202254 0.0853054 0.3835000
v -0.0202254 0.0853054 0.3835000
v -0.0202254 0.0853054 0.3835000
v -0.0193857 0.0859154 0.3810251
v -0.0193857 0.0859154 0.3810251
v -0.0193857 0.0859154 0.3810251
v -0.0193857 0.0859154 0.3810251
v -0.0173586 0.0873883 0.4800000
v -0.0173586 0.0873883 0.4800000
v -0.0173586 0.0873883 0.4800000
v -0.0202254 0.0853054 0.4765000
v -0.0202254 0.0853054 0.4765000
v -0.0202254 0.0853054 0.4765000
v -0.0202254 0.0853054 0.4765000
v -0.0193857 0.0859154 0.4789749
v -0.0193857 0.0859154 0.4789749
v -0.0193857 0.0859154 0.4789749
v -0.0193857 0.0859154 0.4789749
v -0.0204062 0.0933696 0.3800000
v -0.0204062 0.0933696 0.3800000
v -0.0204062 0.0933696 0.3800000
v -0.0237764 0.0922746 0.3835000
v -0.0237764 0.0922746 0.3835000
v -0.0237764 0.0922746 0.3835000
v -0.0237764 0.0922746 0.3835000
v -0.0227893 0.0925953 0.3810251
v -0.0227893 0.0925953 0.3810251
v -0.0227893 0.0925953 0.3810251
v -0.0227893 0.0925953 0.3810251
v -0.0204062 0.0933696 0.4800000
v -0.0204062 0.0933696 0.4800000
v -0.0204062 0.0933696 0.4800000
v -0.0237764 0.0922746 0.4765000
v -0.0237764 0.0922746 0.4765000
v -0.0237764 0.0922746 0.4765000
v -0.0237764 0.0922746 0.4765000
v -0.0227893 0.0925953 0.4789749
v -0.0227893 0.0925953 0.4789749
v -0.0227893 0.0925953 0.4789749
v -0.0227893 0.0925953 0.4789749
v -0.0214564 0.1000000 0.3800000
v -0.0214564 0.1000000 0.3800000
v -0.0214564 0.1000000 0.3800000
v -0.0250000 0.1000000 0.3835000
v -0.0250000 0.1000000 0.3835000
v -0.0250000 0.1000000 0.3835000
v -0.0250000 0.1000000 0.3835000
v -0.0239621 0.1000000 0.3810251
v -0.0239621 0.1000000 0.3810251
v -0.0239621 0.1000000 0.3810251
v -0.0239621 0.1000000 0.3810251
v -0.0214564 0.1000000 0.4800000
v -0.0214564 0.1000000 0.4800000
v -0.0214564 0.1000000 0.4800000
v -0.0250000 0.1000000 0.4765000
v -0.0250000 0.1000000 0.4765000
v -0.0250000 0.1000000 0.4765000
v -0.0250000 0.1000000 0.4765000
v -0.0239621 0.1000000 0.4789749
v -0.0239621 0.1000000 0.4789749
v -0.0239621 0.1000000 0.4789749
v -0.0239621 0.1000000 0.4789749
v -0.0204062 0.1066304 0.3800000
v -0.0204062 0.1066304 0.3800000
v -0.0204062 0.1066304 0.3800000
v -0.0237764 0.1077254 0.3835000
v -0.0237764 0.1077254 0.3835000
v -0.0237764 0.1077254 0.3835000
v -0.0237764 0.1077254 0.3835000
v -0.0227893 0.1074047 0.3810251
v -0.0227893 0.1074047 0.3810251
v -0.0227893 0.1074047 0.3810251
v -0.0227893 0.1074047 0.3810251
v -0.0204062 0.1066304 0.4800000
v -0.0204062 0.1066304 0.4800000
v -0.0204062 0.1066304 0.4800000
v -0.0237764 0.1077254 0.4765000
v -0.0237764 0.1077254 0.4765000
v -0.0237764 0.1077254 0.4765000
v -0.0237764 0.1077254 0.4765000
v -0.0227893 0.1074047 0.4789749
v -0.0227893 0.1074047 0.4789749
v -0.0227893 0.1074047 0.4789749
v -0.0227893 0.1074047 0.4789749
v -0.0173586 0.1126117 0.3800000
v -0.0173586 0.1126117 0.3800000
v -0.0173586 0.1126117 0.3800000
v -0.0202254 0.1146946 0.3835000
v -0.0202254 0.1146946 0.3835000
v -0.0202254 0.1146946 0.3835000
v -0.0202254 0.1146946 0.3835000
v -0.0193857 0.1140846 0.3810251
v -0.0193857 0.1140846 0.3810251
v -0.0193857 0.1140846 0.3810251
v -0.0193857 0.1140846 0.3810251
v -0.0173586 0.1126117 0.4800000
v -0.0173586 0.1126117 0.4800000
v -0.0173586 0.1126117 0.4800000
v -0.0202254 0.1146946 0.4765000
v -0.0202254 0.1146946 0.4765000
v -0.0202254 0.1146946 0.4765000
v -0.0202254 0.1146946 0.4765000
v -0.0193857 0.1140846 0.4789749
v -0.0193857 0.1140846 0.4789749
v -0.0193857 0.1140846 0.4789749
v -0.0193857 0.1140846 0.4789749
v -0.0126117 0.1173586 0.3800000
v -0.0126117 0.1173586 0.3800000
v -0.0126117 0.1173586 0.3800000
v -0.0146946 0.1202254 0.3835000
v -0.0146946 0.1202254 0.3835000
v -0.0146946 0.1202254 0.3835000
v -0.0146946 0.1202254 0.3835000
v -0.0140846 0.1193858 0.3810251
v -0.0140846 0.1193858 0.3810251
v -0.0140846 0.1193858 0.3810251
v -0.0140846 0.1193858 0.3810251
v -0.0126117 0.1173586 0.4800000
v -0.0126117 0.1173586 0.4800000
v -0.0126117 0.1173586 0.4800000
v -0.0146946 0.1202254 0.4765000
v -0.0146946 0.1202254 0.4765000
v -0.0146946 0.1202254 0.4765000
v -0.0146946 0.1202254 0.4765000
v -0.0140846 0.1193857 0.4789749
v -0.0140846 0.1193857 0.4789749
v -0.0140846 0.1193857 0.4789749
v -0.0140846 0.1193857 0.4789749
v -0.0066304 0.1204062 0.3800000
v -0.0066304 0.1204062 0.3800000
v -0.0066304 0.1204062 0.3800000
v -0.0077254 0.1237764 0.3835000
v -0.0077254 0.1237764 0.3835000
v -0.0077254 0.1237764 0.3835000
v -0.0077254 0.1237764 0.3835000
v -0.0074047 0.1227893 0.3810251
v -0.0074047 0.1227893 0.3810251
v -0.0074047 0.1227893 0.3810251
v -0.0074047 0.1227893 0.3810251
v -0.0066304 0.1204062 0.4800000
v -0.0066304 0.1204062 0.4800000
v -0.0066304 0.1204062 0.4800000
v -0.0077254 0.1237764 0.4765000
v -0.0077254 0.1237764 0.4765000
v -0.0077254 0.1237764 0.4765000
v -0.0077254 0.1237764 0.4765000
v -0.0074047 0.1227893 0.4789749
v -0.0074047 0.1227893 0.4789749
v -0.0074047 0.1227893 0.4789749
v -0.0074047 0.1227893 0.4789749
vt 0.7499998 0.5440188
vt 0.7499998 0.5440188
vt 0.7499998 0.5440188
vt 1.0000000 0.4825000
vt 1.0000000 0.4825000
vt -0.0000002 0.4825000
vt -0.0000002 0.4825000
vt 0.7515395 0.5102438
vt 0.9989621 0.5000000
vt 0.7484605 0.5102438
vt 0.0010377 0.5000000
vt 0.2499999 0.5440189
vt 0.2499999 0.5440189
vt 0.2499999 0.5440189
vt 1.0000000 0.0175000
vt 1.0000000 0.0175000
vt -0.0000002 0.0175000
vt -0.0000002 0.0175000
vt 0.2515395 0.5102438
vt 0.9989621 0.0000000
vt 0.2484605 0.5102438
vt 0.0010377 0.0000000
vt 0.8136517 0.5541002
vt 0.8136517 0.5541002
vt 0.8136517 0.5541002
vt 0.9500000 0.4825000
vt 0.9500000 0.4825000
vt 0.9500000 0.4825000
vt 0.9500000 0.4825000
vt 0.8226246 0.5215026
vt 0.9510379 0.5000000
vt 0.8255529 0.5224541
vt 0.9489620 0.5000000
vt 0.3136517 0.5541003
vt 0.3136517 0.5541003
vt 0.3136517 0.5541003
vt 0.9500000 0.0175000
vt 0.9500000 0.0175000
vt 0.9500000 0.0175000
vt 0.9500000 0.0175000
vt 0.3226246 0.5215026
vt 0.9510379 0.0000000
vt 0.3255529 0.5224541
vt 0.9489620 0.0000000
vt 0.8710727 0.5833577
vt 0.8710727 0.5833577
vt 0.8710727 0.5833577
vt 0.9000000 0.4825000
vt 0.9000000 0.4825000
vt 0.9000000 0.4825000
vt 0.9000000 0.4825000
vt 0.8896797 0.5551283
vt 0.8921706 0.5569381
vt 0.9010379 0.5000000
vt 0.8989621 0.5000000
vt 0.3710726 0.5833577
vt 0.3710726 0.5833577
vt 0.3710726 0.5833577
vt 0.9000000 0.0175000
vt 0.9000000 0.0175000
vt 0.9000000 0.0175000
vt 0.9000000 0.0175000
vt 0.3896796 0.5551283
vt 0.3921706 0.5569381
vt 0.9010379 0.0000000
vt 0.8989621 0.0000000
vt 0.9166422 0.6289274
vt 0.9166422 0.6289274
vt 0.9166422 0.6289274
vt 0.8500000 0.4825000
vt 0.8500000 0.4825000
vt 0.8500000 0.4825000
vt 0.8500000 0.4825000
vt 0.9430619 0.6078294
vt 0.9448718 0.6103203
vt 0.8510379 0.5000000
vt 0.8489621 0.5000000
vt 0.4166423 0.6289274
vt 0.4166423 0.6289274
vt 0.4166423 0.6289274
vt 0.8500000 0.0175000
vt 0.8500000 0.0175000
vt 0.8500000 0.0175000
vt 0.8500000 0.0175000
vt 0.4430619 0.6078294
vt 0.4448717 0.6103203
vt 0.8510379 0.0000000
vt 0.8489621 0.0000000
vt 0.9458998 0.6863483
vt 0.9458998 0.6863483
vt 0.9458998 0.6863483
vt 0.8000000 0.4825000
vt 0.8000000 0.4825000
vt 0.8000000 0.4825000
vt 0.8000000 0.4825000
vt 0.9775459 0.6744471
vt 0.9784974 0.6773754
vt 0.8010378 0.5000000
vt 0.7989621 0.5000000
vt 0.4458997 0.6863483
vt 0.4458997 0.6863483
vt 0.4458997 0.6863483
vt 0.8000000 0.0175000
vt 0.8000000 0.0175000
vt 0.8000000 0.0175000
vt 0.8000000 0.0175000
vt 0.4775459 0.6744471
vt 0.4784974 0.6773754
vt 0.8010378 0.0000000
vt 0.7989621 0.0000000
vt 0.9559811 0.7500001
vt 0.9559811 0.7500001
vt 0.9559811 0.7500001
vt 0.7499999 0.4825000
vt 0.7499999 0.4825000
vt 0.7499999 0.4825000
vt 0.7499999 0.4825000
vt 0.9897562 0.7515395
vt 0.9897562 0.7484605
vt 0.7489620 0.5000000
vt 0.7510378 0.5000000
vt 0.4559811 0.7500000
vt 0.4559811 0.7500000
vt 0.4559811 0.7500000
vt 0.7499999 0.0175000
vt 0.7499999 0.0175000
vt 0.7499999 0.0175000
vt 0.7499999 0.0175000
vt 0.4897562 0.7515395
vt 0.4897562 0.7484605
vt 0.7489620 0.0000000
vt 0.7510378 0.0000000
vt 0.9458998 0.8136517
vt 0.9458998 0.8136517
vt 0.9458998 0.8136517
vt 0.7000000 0.4825000
vt 0.7000000 0.4825000
vt 0.6999999 0.4825000
vt 0.6999999 0.4825000
vt 0.9775459 0.8255529
vt 0.9784973 0.8226246
vt 0.6989620 0.5000000
vt 0.7010379 0.5000000
vt 0.4458997 0.8136517
vt 0.4458997 0.8136517
vt 0.4458997 0.8136517
vt 0.6999999 0.0175000
vt 0.6999999 0.0175000
vt 0.6999999 0.0175000
vt 0.6999999 0.0175000
vt 0.4775459 0.8255529
vt 0.4784974 0.8226246
vt 0.6989620 0.0000000
vt 0.7010378 0.0000000
vt 0.9166424 0.8710726
vt 0.9166424 0.8710726
vt 0.9166424 0.8710726
vt 0.6500000 0.4825000
vt 0.6500000 0.4825000
vt 0.6499999 0.4825000
vt 0.6499999 0.4825000
vt 0.9430619 0.8921706
vt 0.9448718 0.8896796
vt 0.6489620 0.5000000
vt 0.6510378 0.5000000
vt 0.4166423 0.8710726
vt 0.4166423 0.8710726
vt 0.4166423 0.8710726
vt 0.6499999 0.0175000
vt 0.6499999 0.0175000
vt 0.6500000 0.0175000
vt 0.6500000 0.0175000
vt 0.4430619 0.8921706
vt 0.4448717 0.8896796
vt 0.6489620 0.0000000
vt 0.6510378 0.0000000
vt 0.8710726 0.9166423
vt 0.8710726 0.9166423
vt 0.8710726 0.9166423
vt 0.5999999 0.4825000
vt 0.5999999 0.4825000
vt 0.5999999 0.4825000
vt 0.5999999 0.4825000
vt 0.8896797 0.9448717
vt 0.8921706 0.9430619
vt 0.5989620 0.5000000
vt 0.6010378 0.5000000
vt 0.3710727 0.9166423
vt 0.3710727 0.9166423
vt 0.3710727 0.9166423
vt 0.5999999 0.0175000
vt 0.5999999 0.0175000
vt 0.5999999 0.0175000
vt 0.5999999 0.0175000
vt 0.3896796 0.9448717
vt 0.3921706 0.9430619
vt 0.5989620 0.0000000
vt 0.6010378 0.0000000
vt 0.8136517 0.9458997
vt 0.8136517 0.9458997
vt 0.8136517 0.9458997
vt 0.5499999 0.4825000
vt 0.5499999 0.4825000
vt 0.5499999 0.4825000
vt 0.5499999 0.4825000
vt 0.8226246 0.9784974
vt 0.5489619 0.5000000
vt 0.8255529 0.9775459
vt 0.5510378 0.5000000
vt 0.3136517 0.9458997
vt 0.3136517 0.9458997
vt 0.3136517 0.9458997
vt 0.5499999 0.0175000
vt 0.5499999 0.0175000
vt 0.5499999 0.0175000
vt 0.5499999 0.0175000
vt 0.3226246 0.9784974
vt 0.5489620 0.0000000
vt 0.3255529 0.9775459
vt 0.5510378 0.0000000
vt 0.7499999 0.9559811
vt 0.7499999 0.9559811
vt 0.7499999 0.9559811
vt 0.4999999 0.4825000
vt 0.4999999 0.4825000
vt 0.4999999 0.4825000
vt 0.4999999 0.4825000
vt 0.7515395 0.9897562
vt 0.5010378 0.5000000
vt 0.7484605 0.9897562
vt 0.4989620 0.5000000
vt 0.2499999 0.9559811
vt 0.2499999 0.9559811
vt 0.2499999 0.9559811
vt 0.4999999 0.0175000
vt 0.4999999 0.0175000
vt 0.4999999 0.0175000
vt 0.4999999 0.0175000
vt 0.2515395 0.9897562
vt 0.5010378 0.0000000
vt 0.2484605 0.9897562
vt 0.4989620 0.0000000
vt 0.6863483 0.9458997
vt 0.6863483 0.9458997
vt 0.6863483 0.9458997
vt 0.4499999 0.4825000
vt 0.4499999 0.4825000
vt 0.4499999 0.4825000
vt 0.4499999 0.4825000
vt 0.6773754 0.9784974
vt 0.4510378 0.5000000
vt 0.6744471 0.9775459
vt 0.4489620 0.5000000
vt 0.1863483 0.9458997
vt 0.1863483 0.9458997
vt 0.1863483 0.9458997
vt 0.4499999 0.0175000
vt 0.4499999 0.0175000
vt 0.4499999 0.0175000
vt 0.4499999 0.0175000
vt 0.1773754 0.9784974
vt 0.4510378 0.0000000
vt 0.1744471 0.9775459
vt 0.4489620 0.0000000
vt 0.6289274 0.9166423
vt 0.6289274 0.9166423
vt 0.6289274 0.9166423
vt 0.3999999 0.4825000
vt 0.3999999 0.4825000
vt 0.3999999 0.4825000
vt 0.3999999 0.4825000
vt 0.6103203 0.9448717
vt 0.6078295 0.9430619
vt 0.4010378 0.5000000
vt 0.3989620 0.5000000
vt 0.1289273 0.9166423
vt 0.1289273 0.9166423
vt 0.1289273 0.9166423
vt 0.3999999 0.0175000
vt 0.3999999 0.0175000
vt 0.3999999 0.0175000
vt 0.3999999 0.0175000
vt 0.1103204 0.9448717
vt 0.1078294 0.9430619
vt 0.4010378 0.0000000
vt 0.3989620 0.0000000
vt 0.5833575 0.8710726
vt 0.5833575 0.8710726
vt 0.5833575 0.8710726
vt 0.3499998 0.4825000
vt 0.3499998 0.4825000
vt 0.3499999 0.4825000
vt 0.3499999 0.4825000
vt 0.5569381 0.8921706
vt 0.5551283 0.8896796
vt 0.3510377 0.5000000
vt 0.3489619 0.5000000
vt 0.0833577 0.8710726
vt 0.0833577 0.8710726
vt 0.0833577 0.8710726
vt 0.3499999 0.0175000
vt 0.3499999 0.0175000
vt 0.3499998 0.0175000
vt 0.3499998 0.0175000
vt 0.0569381 0.8921706
vt 0.0551283 0.8896796
vt 0.3510377 0.0000000
vt 0.3489619 0.0000000
vt 0.5541003 0.8136517
vt 0.5541003 0.8136517
vt 0.5541003 0.8136517
vt 0.2999998 0.4825000
vt 0.2999998 0.4825000
vt 0.2999998 0.4825000
vt 0.2999998 0.4825000
vt 0.5224541 0.8255529
vt 0.5215027 0.8226246
vt 0.3010378 0.5000000
vt 0.2989619 0.5000000
vt 0.0541003 0.8136517
vt 0.0541003 0.8136517
vt 0.0541003 0.8136517
vt 0.2999998 0.0175000
vt 0.2999998 0.0175000
vt 0.2999998 0.0175000
vt 0.2999998 0.0175000
vt 0.0224541 0.8255529
vt 0.0215026 0.8226246
vt 0.3010378 0.0000000
vt 0.2989619 0.0000000
vt 0.5440187 0.7500001
vt 0.5440187 0.7500001
vt 0.5440187 0.7500001
vt 0.2499998 0.4825000
vt 0.2499998 0.4825000
vt 0.2499998 0.4825000
vt 0.2499998 0.4825000
vt 0.5102438 0.7515395
vt 0.5102438 0.7484605
vt 0.2510377 0.5000000
vt 0.2489619 0.5000000
vt 0.0440188 0.7500000
vt 0.0440188 0.7500000
vt 0.0440188 0.7500000
vt 0.2499998 0.0175000
vt 0.2499998 0.0175000
vt 0.2499998 0.0175000
vt 0.2499998 0.0175000
vt 0.0102438 0.7515395
vt 0.0102438 0.7484605
vt 0.2510377 0.0000000
vt 0.2489619 0.0000000
vt 0.5541002 0.6863483
vt 0.5541002 0.6863483
vt 0.5541002 0.6863483
vt 0.1999999 0.4825000
vt 0.1999999 0.4825000
vt 0.1999998 0.4825000
vt 0.1999998 0.4825000
vt 0.5224541 0.6744471
vt 0.5215026 0.6773754
vt 0.1989619 0.5000000
vt 0.2010377 0.5000000
vt 0.0541003 0.6863483
vt 0.0541003 0.6863483
vt 0.0541003 0.6863483
vt 0.1999998 0.0175000
vt 0.1999998 0.0175000
vt 0.1999998 0.0175000
vt 0.1999998 0.0175000
vt 0.0224541 0.6744471
vt 0.0215026 0.6773754
vt 0.1989619 0.0000000
vt 0.2010377 0.0000000
vt 0.5833577 0.6289274
vt 0.5833577 0.6289274
vt 0.5833577 0.6289274
vt 0.1499998 0.4825000
vt 0.1499998 0.4825000
vt 0.1499998 0.4825000
vt 0.1499998 0.4825000
vt 0.5569381 0.6078294
vt 0.5551283 0.6103203
vt 0.1489619 0.5000000
vt 0.1510378 0.5000000
vt 0.0833577 0.6289274
vt 0.0833577 0.6289274
vt 0.0833577 0.6289274
vt 0.1499998 0.0175000
vt 0.1499998 0.0175000
vt 0.1499998 0.0175000
vt 0.1499998 0.0175000
vt 0.0569381 0.6078294
vt 0.0551283 0.6103203
vt 0.1489619 0.0000000
vt 0.1510378 0.0000000
vt 0.6289273 0.5833577
vt 0.6289273 0.5833577
vt 0.6289273 0.5833577
vt 0.0999998 0.4825000
vt 0.0999998 0.4825000
vt 0.0999998 0.4825000
vt 0.0999998 0.4825000
vt 0.6103204 0.5551283
vt 0.6078294 0.5569381
vt 0.0989619 0.5000000
vt 0.1010377 0.5000000
vt 0.1289274 0.5833576
vt 0.1289274 0.5833576
vt 0.1289274 0.5833576
vt 0.0999998 0.0175000
vt 0.0999998 0.0175000
vt 0.0999998 0.0175000
vt 0.0999998 0.0175000
vt 0.1103204 0.5551283
vt 0.1078294 0.5569381
vt 0.0989619 0.0000000
vt 0.1010377 0.0000000
vt 0.6863483 0.5541003
vt 0.6863483 0.5541003
vt 0.6863483 0.5541003
vt 0.0499998 0.4825000
vt 0.0499998 0.4825000
vt 0.0499998 0.4825000
vt 0.0499998 0.4825000
vt 0.6773754 0.5215026
vt 0.0489619 0.5000000
vt 0.6744471 0.5224541
vt 0.0510378 0.5000000
vt 0.1863483 0.5541002
vt 0.1863483 0.5541002
vt 0.1863483 0.5541002
vt 0.0499998 0.0175000
vt 0.0499998 0.0175000
vt 0.0499998 0.0175000
vt 0.0499998 0.0175000
vt 0.1773754 0.5215026
vt 0.0489619 0.0000000
vt 0.1744471 0.5224541
vt 0.0510378 0.0000000
vn 0.0000000 0.0000001 -1.0000000
vn 0.0598981 0.3779882 -0.9238708
vn -0.0598981 0.3779882 -0.9238708
vn 0.1445003 0.9125020 -0.3827007
vn 0.1563990 0.9876940 0.0000001
vn -0.1445003 0.9125020 -0.3827007
vn -0.1563990 0.9876940 0.0000001
vn 0.0598981 0.3779882 -0.9238708
vn 0.1445003 0.9125020 -0.3827007
vn -0.0598981 0.3779882 -0.9238708
vn -0.1445003 0.9125020 -0.3827007
vn 0.0000000 -0.0000001 1.0000000
vn 0.0598981 0.3779879 0.9238709
vn -0.0598981 0.3779879 0.9238709
vn 0.1445003 0.9125019 0.3827009
vn 0.1563990 0.9876940 0.0000001
vn -0.1445003 0.9125019 0.3827009
vn -0.1563990 0.9876940 0.0000001
vn 0.0598981 0.3779879 0.9238709
vn 0.1445003 0.9125019 0.3827009
vn -0.0598981 0.3779879 0.9238709
vn -0.1445003 0.9125019 0.3827009
vn 0.0000000 0.0000001 -1.0000000
vn 0.0598981 0.3779882 -0.9238708
vn 0.1736962 0.3409926 -0.9238797
vn 0.1445003 0.9125020 -0.3827007
vn 0.1563990 0.9876940 0.0000001
vn 0.4193970 0.8231944 -0.3826972
vn 0.4540007 0.8910014 0.0000001
vn 0.0598981 0.3779882 -0.9238708
vn 0.1445003 0.9125020 -0.3827007
vn 0.1736962 0.3409926 -0.9238797
vn 0.4193970 0.8231944 -0.3826972
vn 0.0000000 -0.0000001 1.0000000
vn 0.0598981 0.3779879 0.9238709
vn 0.1736962 0.3409924 0.9238798
vn 0.1445003 0.9125019 0.3827009
vn 0.1563990 0.9876940 0.0000001
vn 0.4193970 0.8231943 0.3826974
vn 0.4540007 0.8910014 0.0000001
vn 0.0598981 0.3779879 0.9238709
vn 0.1445003 0.9125019 0.3827009
vn 0.1736962 0.3409924 0.9238798
vn 0.4193970 0.8231943 0.3826974
vn 0.0000000 0.0000001 -1.0000000
vn 0.1736962 0.3409926 -0.9238797
vn 0.2705946 0.2705947 -0.9238815
vn 0.4193970 0.8231944 -0.3826972
vn 0.4540007 0.8910014 0.0000001
vn 0.6532800 0.6532801 -0.3826882
vn 0.7071067 0.7071068 0.0000001
vn 0.1736962 0.3409926 -0.9238797
vn 0.2705946 0.2705947 -0.9238815
vn 0.4193970 0.8231944 -0.3826972
vn 0.6532800 0.6532801 -0.3826882
vn 0.0000000 -0.0000001 1.0000000
vn 0.1736962 0.3409924 0.9238798
vn 0.2705946 0.2705945 0.9238816
vn 0.4193970 0.8231943 0.3826974
vn 0.4540007 0.8910014 0.0000001
vn 0.6532800 0.6532800 0.3826884
vn 0.7071067 0.7071068 0.0000001
vn 0.1736962 0.3409924 0.9238798
vn 0.2705946 0.2705945 0.9238816
vn 0.4193970 0.8231943 0.3826974
vn 0.6532800 0.6532800 0.3826884
vn 0.0000000 0.0000001 -1.0000000
vn 0.2705946 0.2705947 -0.9238815
vn 0.3409925 0.1736963 -0.9238797
vn 0.6532800 0.6532801 -0.3826882
vn 0.7071067 0.7071068 0.0000001
vn 0.8231943 0.4193972 -0.3826973
vn 0.8910013 0.4540008 0.0000001
vn 0.2705946 0.2705947 -0.9238815
vn 0.3409925 0.1736963 -0.9238797
vn 0.6532800 0.6532801 -0.3826882
vn 0.8231943 0.4193972 -0.3826973
vn 0.0000000 -0.0000001 1.0000000
vn 0.2705946 0.2705945 0.9238816
vn 0.3409925 0.1736961 0.9238798
vn 0.6532800 0.6532800 0.3826884
vn 0.7071067 0.7071068 0.0000001
vn 0.8231943 0.4193971 0.3826974
vn 0.8910013 0.4540008 0.0000001
vn 0.2705946 0.2705945 0.9238816
vn 0.3409925 0.1736961 0.9238798
vn 0.6532800 0.6532800 0.3826884
vn 0.8231943 0.4193971 0.3826974
vn 0.0000000 0.0000001 -1.0000000
vn 0.3409925 0.1736963 -0.9238797
vn 0.3779880 0.0598982 -0.9238708
vn 0.8231943 0.4193972 -0.3826973
vn 0.8910013 0.4540008 0.0000001
vn 0.9125019 0.1445004 -0.3827008
vn 0.9876939 0.1563991 0.0000000
vn 0.3409925 0.1736963 -0.9238797
vn 0.3779880 0.0598982 -0.9238708
vn 0.8231943 0.4193972 -0.3826973
vn 0.9125019 0.1445004 -0.3827008
vn 0.0000000 -0.0000001 1.0000000
vn 0.3409925 0.1736961 0.9238798
vn 0.3779880 0.0598980 0.9238708
vn 0.8231943 0.4193971 0.3826974
vn 0.8910013 0.4540008 0.0000001
vn 0.9125019 0.1445003 0.3827009
vn 0.9876939 0.1563991 0.0000000
vn 0.3409925 0.1736961 0.9238798
vn 0.3779880 0.0598980 0.9238708
vn 0.8231943 0.4193971 0.3826974
vn 0.9125019 0.1445003 0.3827009
vn 0.0000000 0.0000001 -1.0000000
vn 0.3779880 -0.0598980 -0.9238708
vn 0.3779880 0.0598982 -0.9238708
vn 0.9125019 -0.1445003 -0.3827009
vn 0.9125019 0.1445004 -0.3827008
vn 0.9876939 -0.1563991 -0.0000000
vn 0.9876939 0.1563991 0.0000000
vn 0.3779880 -0.0598980 -0.9238708
vn 0.3779880 0.0598982 -0.9238708
vn 0.9125019 -0.1445003 -0.3827009
vn 0.9125019 0.1445004 -0.3827008
vn 0.0000000 -0.0000001 1.0000000
vn 0.3779880 -0.0598982 0.9238708
vn 0.3779880 0.0598980 0.9238708
vn 0.9125019 -0.1445004 0.3827008
vn 0.9125019 0.1445003 0.3827009
vn 0.9876939 -0.1563991 -0.0000000
vn 0.9876939 0.1563991 0.0000000
vn 0.3779880 -0.0598982 0.9238708
vn 0.3779880 0.0598980 0.9238708
vn 0.9125019 -0.1445004 0.3827008
vn 0.9125019 0.1445003 0.3827009
vn 0.0000000 0.0000001 -1.0000000
vn 0.3409925 -0.1736961 -0.9238798
vn 0.3779880 -0.0598980 -0.9238708
vn 0.8231943 -0.4193971 -0.3826974
vn 0.8910013 -0.4540008 -0.0000001
vn 0.9125019 -0.1445003 -0.3827009
vn 0.9876939 -0.1563991 -0.0000000
vn 0.3409925 -0.1736961 -0.9238798
vn 0.3779880 -0.0598980 -0.9238708
vn 0.8231943 -0.4193971 -0.3826974
vn 0.9125019 -0.1445003 -0.3827009
vn 0.0000000 -0.0000001 1.0000000
vn 0.3409925 -0.1736963 0.9238797
vn 0.3779880 -0.0598982 0.9238708
vn 0.8231943 -0.4193972 0.3826973
vn 0.8910013 -0.4540008 -0.0000001
vn 0.9125019 -0.1445004 0.3827008
vn 0.9876939 -0.1563991 -0.0000000
vn 0.3409925 -0.1736963 0.9238797
vn 0.3779880 -0.0598982 0.9238708
vn 0.8231943 -0.4193972 0.3826973
vn 0.9125019 -0.1445004 0.3827008
vn 0.0000000 0.0000001 -1.0000000
vn 0.2705946 -0.2705945 -0.9238816
vn 0.3409925 -0.1736961 -0.9238798
vn 0.6532800 -0.6532800 -0.3826884
vn 0.7071067 -0.7071068 -0.0000001
vn 0.8231943 -0.4193971 -0.3826974
vn 0.8910013 -0.4540008 -0.0000001
vn 0.2705946 -0.2705945 -0.9238816
vn 0.3409925 -0.1736961 -0.9238798
vn 0.6532800 -0.6532800 -0.3826884
vn 0.8231943 -0.4193971 -0.3826974
vn 0.0000000 -0.0000001 1.0000000
vn 0.2705946 -0.2705947 0.9238815
vn 0.3409925 -0.1736963 0.9238797
vn 0.6532800 -0.6532801 0.3826882
vn 0.7071067 -0.7071068 -0.0000001
vn 0.8231943 -0.4193972 0.3826973
vn 0.8910013 -0.4540008 -0.0000001
vn 0.2705946 -0.2705947 0.9238815
vn 0.3409925 -0.1736963 0.9238797
vn 0.6532800 -0.6532801 0.3826882
vn 0.8231943 -0.4193972 0.3826973
vn 0.0000000 0.0000001 -1.0000000
vn 0.1736962 -0.3409924 -0.9238798
vn 0.2705946 -0.2705945 -0.9238816
vn 0.4193970 -0.8231943 -0.3826974
vn 0.4540007 -0.8910014 -0.0000001
vn 0.6532800 -0.6532800 -0.3826884
vn 0.7071067 -0.7071068 -0.0000001
vn 0.1736962 -0.3409924 -0.9238798
vn 0.2705946 -0.2705945 -0.9238816
vn 0.4193970 -0.8231943 -0.3826974
vn 0.6532800 -0.6532800 -0.3826884
vn 0.0000000 -0.0000001 1.0000000
vn 0.1736962 -0.3409926 0.9238797
vn 0.2705946 -0.2705947 0.9238815
vn 0.4193970 -0.8231944 0.3826972
vn 0.4540007 -0.8910014 -0.0000001
vn 0.6532800 -0.6532801 0.3826882
vn 0.7071067 -0.7071068 -0.0000001
vn 0.1736962 -0.3409926 0.9238797
vn 0.2705946 -0.2705947 0.9238815
vn 0.4193970 -0.8231944 0.3826972
vn 0.6532800 -0.6532801 0.3826882
vn 0.0000000 0.0000001 -1.0000000
vn 0.0598981 -0.3779879 -0.9238709
vn 0.1736962 -0.3409924 -0.9238798
vn 0.1445003 -0.9125019 -0.3827009
vn 0.1563990 -0.9876940 -0.0000001
vn 0.4193970 -0.8231943 -0.3826974
vn 0.4540007 -0.8910014 -0.0000001
vn 0.0598981 -0.3779879 -0.9238709
vn 0.1445003 -0.9125019 -0.3827009
vn 0.1736962 -0.3409924 -0.9238798
vn 0.4193970 -0.8231943 -0.3826974
vn 0.0000000 -0.0000001 1.0000000
vn 0.0598981 -0.3779882 0.9238708
vn 0.1736962 -0.3409926 0.9238797
vn 0.1445003 -0.9125020 0.3827007
vn 0.1563990 -0.9876940 -0.0000001
vn 0.4193970 -0.8231944 0.3826972
vn 0.4540007 -0.8910014 -0.0000001
vn 0.0598981 -0.3779882 0.9238708
vn 0.1445003 -0.9125020 0.3827007
vn 0.1736962 -0.3409926 0.9238797
vn 0.4193970 -0.8231944 0.3826972
vn 0.0000000 0.0000001 -1.0000000
vn 0.0598981 -0.3779879 -0.9238709
vn -0.0598981 -0.3779879 -0.9238709
vn 0.1445003 -0.9125019 -0.3827009
vn 0.1563990 -0.9876940 -0.0000001
vn -0.1445003 -0.9125019 -0.3827009
vn -0.1563990 -0.9876940 -0.0000001
vn 0.0598981 -0.3779879 -0.9238709
vn 0.1445003 -0.9125019 -0.3827009
vn -0.0598981 -0.3779879 -0.9238709
vn -0.1445003 -0.9125019 -0.3827009
vn 0.0000000 -0.0000001 1.0000000
vn 0.0598981 -0.3779882 0.9238708
vn -0.0598981 -0.3779882 0.9238708
vn 0.1445003 -0.9125020 0.3827007
vn 0.1563990 -0.9876940 -0.0000001
vn -0.1445003 -0.9125020 0.3827007
vn -0.1563990 -0.9876940 -0.0000001
vn 0.0598981 -0.3779882 0.9238708
vn 0.1445003 -0.9125020 0.3827007
vn -0.0598981 -0.3779882 0.9238708
vn -0.1445003 -0.9125020 0.3827007
vn 0.0000000 0.0000001 -1.0000000
vn -0.0598981 -0.3779879 -0.9238709
vn -0.1736962 -0.3409924 -0.9238798
vn -0.1445003 -0.9125019 -0.3827009
vn -0.1563990 -0.9876940 -0.0000001
vn -0.4193970 -0.8231943 -0.3826974
vn -0.4540007 -0.8910014 -0.0000001
vn -0.0598981 -0.3779879 -0.9238709
vn -0.1445003 -0.9125019 -0.3827009
vn -0.1736962 -0.3409924 -0.9238798
vn -0.4193970 -0.8231943 -0.3826974
vn 0.0000000 -0.0000001 1.0000000
vn -0.0598981 -0.3779882 0.9238708
vn -0.1736962 -0.3409926 0.9238797
vn -0.1445003 -0.9125020 0.3827007
vn -0.1563990 -0.9876940 -0.0000001
vn -0.4193970 -0.8231944 0.3826972
vn -0.4540007 -0.8910014 -0.0000001
vn -0.0598981 -0.3779882 0.9238708
vn -0.1445003 -0.9125020 0.3827007
vn -0.1736962 -0.3409926 0.9238797
vn -0.4193970 -0.8231944 0.3826972
vn 0.0000000 0.0000001 -1.0000000
vn -0.1736962 -0.3409924 -0.9238798
vn -0.2705946 -0.2705945 -0.9238816
vn -0.4193970 -0.8231943 -0.3826974
vn -0.4540007 -0.8910014 -0.0000001
vn -0.6532800 -0.6532800 -0.3826884
vn -0.7071067 -0.7071068 -0.0000001
vn -0.1736962 -0.3409924 -0.9238798
vn -0.2705946 -0.2705945 -0.9238816
vn -0.4193970 -0.8231943 -0.3826974
vn -0.6532800 -0.6532800 -0.3826884
vn 0.0000000 -0.0000001 1.0000000
vn -0.1736962 -0.3409926 0.9238797
vn -0.2705946 -0.2705947 0.9238815
vn -0.4193970 -0.8231944 0.3826972
vn -0.4540007 -0.8910014 -0.0000001
vn -0.6532800 -0.6532801 0.3826882
vn -0.7071067 -0.7071068 -0.0000001
vn -0.1736962 -0.3409926 0.9238797
vn -0.2705946 -0.2705947 0.9238815
vn -0.4193970 -0.8231944 0.3826972
vn -0.6532800 -0.6532801 0.3826882
vn 0.0000000 0.0000001 -1.0000000
vn -0.2705946 -0.2705945 -0.9238816
vn -0.3409925 -0.1736961 -0.9238798
vn -0.6532800 -0.6532800 -0.3826884
vn -0.7071067 -0.7071068 -0.0000001
vn -0.8231943 -0.4193971 -0.3826974
vn -0.8910013 -0.4540008 -0.0000001
vn -0.2705946 -0.2705945 -0.9238816
vn -0.3409925 -0.1736961 -0.9238798
vn -0.6532800 -0.6532800 -0.3826884
vn -0.8231943 -0.4193971 -0.3826974
vn 0.0000000 -0.0000001 1.0000000
vn -0.2705946 -0.2705947 0.9238815
vn -0.3409925 -0.1736963 0.9238797
vn -0.6532800 -0.6532801 0.3826882
vn -0.7071067 -0.7071068 -0.0000001
vn -0.8231943 -0.4193972 0.3826973
vn -0.8910013 -0.4540008 -0.0000001
vn -0.2705946 -0.2705947 0.9238815
vn -0.3409925 -0.1736963 0.9238797
vn -0.6532800 -0.6532801 0.3826882
vn -0.8231943 -0.4193972 0.3826973
vn 0.0000000 0.0000001 -1.0000000
vn -0.3409925 -0.1736961 -0.9238798
vn -0.3779880 -0.0598980 -0.9238708
vn -0.8231943 -0.4193971 -0.3826974
vn -0.8910013 -0.4540008 -0.0000001
vn -0.9125019 -0.1445003 -0.3827009
vn -0.9876939 -0.1563991 -0.0000000
vn -0.3409925 -0.1736961 -0.9238798
vn -0.3779880 -0.0598980 -0.9238708
vn -0.8231943 -0.4193971 -0.3826974
vn -0.9125019 -0.1445003 -0.3827009
vn 0.0000000 -0.0000001 1.0000000
vn -0.3409925 -0.1736963 0.9238797
vn -0.3779880 -0.0598982 0.9238708
vn -0.8231943 -0.4193972 0.3826973
vn -0.8910013 -0.4540008 -0.0000001
vn -0.9125019 -0.1445004 0.3827008
vn -0.9876939 -0.1563991 -0.0000000
vn -0.3409925 -0.1736963 0.9238797
vn -0.3779880 -0.0598982 0.9238708
vn -0.8231943 -0.4193972 0.3826973
vn -0.9125019 -0.1445004 0.3827008
vn 0.0000000 0.0000001 -1.0000000
vn -0.3779880 -0.0598980 -0.9238708
vn -0.3779880 0.0598982 -0.9238708
vn -0.9125019 -0.1445003 -0.3827009
vn -0.9125019 0.1445004 -0.3827008
vn -0.9876939 -0.1563991 -0.0000000
vn -0.9876939 0.1563991 0.0000000
vn -0.3779880 -0.0598980 -0.9238708
vn -0.3779880 0.0598982 -0.9238708
vn -0.9125019 -0.1445003 -0.3827009
vn -0.9125019 0.1445004 -0.3827008
vn 0.0000000 -0.0000001 1.0000000
vn -0.3779880 -0.0598982 0.9238708
vn -0.3779880 0.0598980 0.9238708
vn -0.9125019 -0.1445004 0.3827008
vn -0.9125019 0.1445003 0.3827009
vn -0.9876939 -0.1563991 -0.0000000
vn -0.9876939 0.1563991 0.0000000
vn -0.3779880 -0.0598982 0.9238708
vn -0.3779880 0.0598980 0.9238708
vn -0.9125019 -0.1445004 0.3827008
vn -0.9125019 0.1445003 0.3827009
vn 0.0000000 0.0000001 -1.0000000
vn -0.3409925 0.1736963 -0.9238797
vn -0.3779880 0.0598982 -0.9238708
vn -0.8231943 0.4193972 -0.3826973
vn -0.8910013 0.4540008 0.0000001
vn -0.9125019 0.1445004 -0.3827008
vn -0.9876939 0.1563991 0.0000000
vn -0.3409925 0.1736963 -0.9238797
vn -0.3779880 0.0598982 -0.9238708
vn -0.8231943 0.4193972 -0.3826973
vn -0.9125019 0.1445004 -0.3827008
vn 0.0000000 -0.0000001 1.0000000
vn -0.3409925 0.1736961 0.9238798
vn -0.3779880 0.0598980 0.9238708
vn -0.8231943 0.4193971 0.3826974
vn -0.8910013 0.4540008 0.0000001
vn -0.9125019 0.1445003 0.3827009
vn -0.9876939 0.1563991 0.0000000
vn -0.3409925 0.1736961 0.9238798
vn -0.3779880 0.0598980 0.9238708
vn -0.8231943 0.4193971 0.3826974
vn -0.9125019 0.1445003 0.3827009
vn 0.0000000 0.0000001 -1.0000000
vn -0.2705946 0.2705947 -0.9238815
vn -0.3409925 0.1736963 -0.9238797
vn -0.6532800 0.6532801 -0.3826882
vn -0.7071067 0.7071068 0.0000001
vn -0.8231943 0.4193972 -0.3826973
vn -0.8910013 0.4540008 0.0000001
vn -0.2705946 0.2705947 -0.9238815
vn -0.3409925 0.1736963 -0.9238797
vn -0.6532800 0.6532801 -0.3826882
vn -0.8231943 0.4193972 -0.3826973
vn 0.0000000 -0.0000001 1.0000000
vn -0.2705946 0.2705945 0.9238816
vn -0.3409925 0.1736961 0.9238798
vn -0.6532800 0.6532800 0.3826884
vn -0.7071067 0.7071068 0.0000001
vn -0.8231943 0.4193971 0.3826974
vn -0.8910013 0.4540008 0.0000001
vn -0.2705946 0.2705945 0.9238816
vn -0.3409925 0.1736961 0.9238798
vn -0.6532800 0.6532800 0.3826884
vn -0.8231943 0.4193971 0.3826974
vn 0.0000000 0.0000001 -1.0000000
vn -0.1736962 0.3409926 -0.9238797
vn -0.2705946 0.2705947 -0.9238815
vn -0.4193970 0.8231944 -0.3826972
vn -0.4540007 0.8910014 0.0000001
vn -0.6532800 0.6532801 -0.3826882
vn -0.7071067 0.7071068 0.0000001
vn -0.1736962 0.3409926 -0.9238797
vn -0.2705946 0.2705947 -0.9238815
vn -0.4193970 0.8231944 -0.3826972
vn -0.6532800 0.6532801 -0.3826882
vn 0.0000000 -0.0000001 1.0000000
vn -0.1736962 0.3409924 0.9238798
vn -0.2705946 0.2705945 0.9238816
vn -0.4193970 0.8231943 0.3826974
vn -0.4540007 0.8910014 0.0000001
vn -0.6532800 0.6532800 0.3826884
vn -0.7071067 0.7071068 0.0000001
vn -0.1736962 0.3409924 0.9238798
vn -0.2705946 0.2705945 0.9238816
vn -0.4193970 0.8231943 0.3826974
vn -0.6532800 0.6532800 0.3826884
vn 0.0000000 0.0000001 -1.0000000
vn -0.0598981 0.3779882 -0.9238708
vn -0.1736962 0.3409926 -0.9238797
vn -0.1445003 0.9125020 -0.3827007
vn -0.1563990 0.9876940 0.0000001
vn -0.4193970 0.8231944 -0.3826972
vn -0.4540007 0.8910014 0.0000001
vn -0.0598981 0.3779882 -0.9238708
vn -0.1445003 0.9125020 -0.3827007
vn -0.1736962 0.3409926 -0.9238797
vn -0.4193970 0.8231944 -0.3826972
vn 0.0000000 -0.0000001 1.0000000
vn -0.0598981 0.3779879 0.9238709
vn -0.1736962 0.3409924 0.9238798
vn -0.1445003 0.9125019 0.3827009
vn -0.1563990 0.9876940 0.0000001
vn -0.4193970 0.8231943 0.3826974
vn -0.4540007 0.8910014 0.0000001
vn -0.0598981 0.3779879 0.9238709
vn -0.1445003 0.9125019 0.3827009
vn -0.1736962 0.3409924 0.9238798
vn -0.4193970 0.8231943 0.3826974
f 423/423/423 434/434/434 18/18/18
f 423/423/423 18/18/18 7/7/7
f 51/51/51 62/62/62 82/82/82
f 51/51/51 82/82/82 71/71/71
f 73/73/73 84/84/84 104/104/104
f 73/73/73 104/104/104 93/93/93
f 95/95/95 106/106/106 128/128/128
f 95/95/95 128/128/128 117/117/117
f 116/116/116 127/127/127 150/150/150
f 116/116/116 150/150/150 139/139/139
f 137/137/137 148/148/148 172/172/172
f 137/137/137 172/172/172 161/161/161
f 159/159/159 170/170/170 194/194/194
f 159/159/159 194/194/194 183/183/183
f 181/181/181 192/192/192 216/216/216
f 181/181/181 216/216/216 205/205/205
f 203/203/203 214/214/214 236/236/236
f 203/203/203 236/236/236 225/225/225
f 227/227/227 238/238/238 258/258/258
f 227/227/227 258/258/258 247/247/247
f 249/249/249 260/260/260 280/280/280
f 249/249/249 280/280/280 269/269/269
f 271/271/271 282/282/282 302/302/302
f 271/271/271 302/302/302 291/291/291
f 293/293/293 304/304/304 324/324/324
f 293/293/293 324/324/324 313/313/313
f 315/315/315 326/326/326 347/347/347
f 315/315/315 347/347/347 336/336/336
f 337/337/337 348/348/348 370/370/370
f 337/337/337 370/370/370 359/359/359
f 357/357/357 368/368/368 392/392/392
f 357/357/357 392/392/392 381/381/381
f 379/379/379 390/390/390 414/414/414
f 379/379/379 414/414/414 403/403/403
f 401/401/401 412/412/412 436/436/436
f 401/401/401 436/436/436 425/425/425
f 29/29/29 40/40/40 60/60/60
f 29/29/29 60/60/60 49/49/49
f 56/56/56 34/34/34 12/12/12
f 12/12/12 430/430/430 408/408/408
f 408/408/408 386/386/386 364/364/364
f 364/364/364 342/342/342 320/320/320
f 320/320/320 298/298/298 276/276/276
f 276/276/276 254/254/254 232/232/232
f 232/232/232 210/210/210 188/188/188
f 188/188/188 166/166/166 144/144/144
f 144/144/144 122/122/122 100/100/100
f 100/100/100 78/78/78 56/56/56
f 56/56/56 12/12/12 408/408/408
f 408/408/408 364/364/364 320/320/320
f 320/320/320 276/276/276 232/232/232
f 232/232/232 188/188/188 144/144/144
f 144/144/144 100/100/100 56/56/56
f 56/56/56 408/408/408 320/320/320
f 320/320/320 232/232/232 144/144/144
f 320/320/320 144/144/144 56/56/56
f 5/5/5 16/16/16 38/38/38
f 5/5/5 38/38/38 27/27/27
f 4/4/4 26/26/26 31/31/31
f 4/4/4 31/31/31 9/9/9
f 8/8/8 30/30/30 24/24/24
f 8/8/8 24/24/24 2/2/2
f 37/37/37 15/15/15 20/20/20
f 37/37/37 20/20/20 42/42/42
f 41/41/41 19/19/19 13/13/13
f 41/41/41 13/13/13 35/35/35
f 28/28/28 48/48/48 54/54/54
f 28/28/28 54/54/54 33/33/33
f 32/32/32 52/52/52 46/46/46
f 32/32/32 46/46/46 25/25/25
f 59/59/59 39/39/39 44/44/44
f 59/59/59 44/44/44 65/65/65
f 63/63/63 43/43/43 36/36/36
f 63/63/63 36/36/36 57/57/57
f 50/50/50 70/70/70 76/76/76
f 50/50/50 76/76/76 55/55/55
f 53/53/53 74/74/74 68/68/68
f 53/53/53 68/68/68 47/47/47
f 81/81/81 61/61/61 66/66/66
f 81/81/81 66/66/66 87/87/87
f 85/85/85 64/64/64 58/58/58
f 85/85/85 58/58/58 79/79/79
f 72/72/72 92/92/92 98/98/98
f 72/72/72 98/98/98 77/77/77
f 75/75/75 96/96/96 90/90/90
f 75/75/75 90/90/90 69/69/69
f 103/103/103 83/83/83 88/88/88
f 103/103/103 88/88/88 109/109/109
f 107/107/107 86/86/86 80/80/80
f 107/107/107 80/80/80 101/101/101
f 94/94/94 115/115/115 121/121/121
f 94/94/94 121/121/121 99/99/99
f 97/97/97 119/119/119 113/113/113
f 97/97/97 113/113/113 91/91/91
f 126/126/126 105/105/105 110/110/110
f 126/126/126 110/110/110 132/132/132
f 130/130/130 108/108/108 102/102/102
f 130/130/130 102/102/102 124/124/124
f 114/114/114 138/138/138 143/143/143
f 114/114/114 143/143/143 120/120/120
f 118/118/118 141/141/141 135/135/135
f 118/118/118 135/135/135 112/112/112
f 149/149/149 125/125/125 131/131/131
f 149/149/149 131/131/131 154/154/154
f 152/152/152 129/129/129 123/123/123
f 152/152/152 123/123/123 146/146/146
f 136/136/136 160/160/160 165/165/165
f 136/136/136 165/165/165 142/142/142
f 140/140/140 163/163/163 157/157/157
f 140/140/140 157/157/157 134/134/134
f 171/171/171 147/147/147 153/153/153
f 171/171/171 153/153/153 176/176/176
f 174/174/174 151/151/151 145/145/145
f 174/174/174 145/145/145 168/168/168
f 158/158/158 182/182/182 187/187/187
f 158/158/158 187/187/187 164/164/164
f 162/162/162 185/185/185 179/179/179
f 162/162/162 179/179/179 156/156/156
f 193/193/193 169/169/169 175/175/175
f 193/193/193 175/175/175 198/198/198
f 196/196/196 173/173/173 167/167/167
f 196/196/196 167/167/167 190/190/190
f 180/180/180 204/204/204 209/209/209
f 180/180/180 209/209/209 186/186/186
f 184/184/184 208/208/208 201/201/201
f 184/184/184 201/201/201 178/178/178
f 215/215/215 191/191/191 197/197/197
f 215/215/215 197/197/197 220/220/220
f 219/219/219 195/195/195 189/189/189
f 219/219/219 189/189/189 212/212/212
f 202/202/202 224/224/224 229/229/229
f 202/202/202 229/229/229 207/207/207
f 206/206/206 228/228/228 222/222/222
f 206/206/206 222/222/222 200/200/200
f 235/235/235 213/213/213 218/218/218
f 235/235/235 218/218/218 240/240/240
f 239/239/239 217/217/217 211/211/211
f 239/239/239 211/211/211 233/233/233
f 226/226/226 246/246/246 251/251/251
f 226/226/226 251/251/251 231/231/231
f 230/230/230 250/250/250 244/244/244
f 230/230/230 244/244/244 223/223/223
f 257/257/257 237/237/237 242/242/242
f 257/257/257 242/242/242 262/262/262
f 261/261/261 241/241/241 234/234/234
f 261/261/261 234/234/234 255/255/255
f 248/248/248 268/268/268 274/274/274
f 248/248/248 274/274/274 253/253/253
f 252/252/252 272/272/272 266/266/266
f 252/252/252 266/266/266 245/245/245
f 279/279/279 259/259/259 264/264/264
f 279/279/279 264/264/264 285/285/285
f 283/283/283 263/263/263 256/256/256
f 283/283/283 256/256/256 277/277/277
f 270/270/270 290/290/290 296/296/296
f 270/270/270 296/296/296 275/275/275
f 273/273/273 294/294/294 288/288/288
f 273/273/273 288/288/288 267/267/267
f 301/301/301 281/281/281 286/286/286
f 301/301/301 286/286/286 307/307/307
f 305/305/305 284/284/284 278/278/278
f 305/305/305 278/278/278 299/299/299
f 292/292/292 312/312/312 318/318/318
f 292/292/292 318/318/318 297/297/297
f 295/295/295 316/316/316 310/310/310
f 295/295/295 310/310/310 289/289/289
f 323/323/323 303/303/303 308/308/308
f 323/323/323 308/308/308 329/329/329
f 327/327/327 306/306/306 300/300/300
f 327/327/327 300/300/300 321/321/321
f 314/314/314 334/334/334 340/340/340
f 314/314/314 340/340/340 319/319/319
f 317/317/317 338/338/338 332/332/332
f 317/317/317 332/332/332 311/311/311
f 345/345/345 325/325/325 330/330/330
f 345/345/345 330/330/330 351/351/351
f 349/349/349 328/328/328 322/322/322
f 349/349/349 322/322/322 343/343/343
f 335/335/335 358/358/358 363/363/363
f 335/335/335 363/363/363 341/341/341
f 339/339/339 361/361/361 355/355/355
f 339/339/339 355/355/355 333/333/333
f 369/369/369 346/346/346 352/352/352
f 369/369/369 352/352/352 374/374/374
f 372/372/372 350/350/350 344/344/344
f 372/372/372 344/344/344 366/366/366
f 356/356/356 380/380/380 385/385/385
f 356/356/356 385/385/385 362/362/362
f 360/360/360 383/383/383 377/377/377
f 360/360/360 377/377/377 354/354/354
f 391/391/391 367/367/367 373/373/373
f 391/391/391 373/373/373 396/396/396
f 394/394/394 371/371/371 365/365/365
f 394/394/394 365/365/365 388/388/388
f 378/378/378 402/402/402 407/407/407
f 378/378/378 407/407/407 384/384/384
f 382/382/382 405/405/405 399/399/399
f 382/382/382 399/399/399 376/376/376
f 413/413/413 389/389/389 395/395/395
f 413/413/413 395/395/395 418/418/418
f 416/416/416 393/393/393 387/387/387
f 416/416/416 387/387/387 410/410/410
f 400/400/400 424/424/424 429/429/429
f 400/400/400 429/429/429 406/406/406
f 404/404/404 428/428/428 421/421/421
f 404/404/404 421/421/421 398/398/398
f 435/435/435 411/411/411 417/417/417
f 435/435/435 417/417/417 440/440/440
f 439/439/439 415/415/415 409/409/409
f 439/439/439 409/409/409 432/432/432
f 422/422/422 6/6/6 11/11/11
f 422/422/422 11/11/11 427/427/427
f 426/426/426 10/10/10 3/3/3
f 426/426/426 3/3/3 420/420/420
f 17/17/17 433/433/433 438/438/438
f 17/17/17 438/438/438 22/22/22
f 21/21/21 437/437/437 431/431/431
f 21/21/21 431/431/431 14/14/14
f 419/419/419 1/1/1 23/23/23
f 23/23/23 45/45/45 67/67/67
f 67/67/67 89/89/89 111/111/111
f 111/111/111 133/133/133 155/155/155
f 155/155/155 177/177/177 199/199/199
f 199/199/199 221/221/221 243/243/243
f 243/243/243 265/265/265 287/287/287
f 287/287/287 309/309/309 331/331/331
f 331/331/331 353/353/353 375/375/375
f 375/375/375 397/397/397 419/419/419
f 419/419/419 23/23/23 67/67/67
f 67/67/67 111/111/111 155/155/155
f 155/155/155 199/199/199 243/243/243
f 243/243/243 287/287/287 331/331/331
f 331/331/331 375/375/375 419/419/419
f 419/419/419 67/67/67 155/155/155
f 155/155/155 243/243/243 331/331/331
f 155/155/155 331/331/331 419/419/419
o Frame_0
usemtl Polymer_Black
v -0.0377250 -0.0750000 0.2340000
v -0.0377250 -0.0750000 0.2340000
v -0.0377250 -0.0750000 0.2340000
v -0.0377250 -0.0750000 0.2340000
v -0.0377250 -0.0486000 0.2604000
v -0.0377250 -0.0486000 0.2604000
v -0.0377250 -0.0486000 0.2604000
v -0.0377250 -0.0486000 0.2604000
v -0.0641250 -0.0486000 0.2340000
v -0.0641250 -0.0486000 0.2340000
v -0.0641250 -0.0486000 0.2340000
v -0.0641250 -0.0486000 0.2340000
v -0.0377250 -0.0672676 0.2526676
v -0.0377250 -0.0672676 0.2526676
v -0.0377250 -0.0672676 0.2526676
v -0.0377250 -0.0672676 0.2526676
v -0.0529670 -0.0638420 0.2492421
v -0.0529670 -0.0638420 0.2492421
v -0.0529670 -0.0638420 0.2492421
v -0.0563926 -0.0486000 0.2526676
v -0.0563926 -0.0486000 0.2526676
v -0.0563926 -0.0486000 0.2526676
v -0.0563926 -0.0486000 0.2526676
v -0.0563926 -0.0672676 0.2340000
v -0.0563926 -0.0672676 0.2340000
v -0.0563926 -0.0672676 0.2340000
v -0.0563926 -0.0672676 0.2340000
v -0.0377250 0.0186000 0.2604000
v -0.0377250 0.0186000 0.2604000
v -0.0377250 0.0186000 0.2604000
v -0.0377250 0.0186000 0.2604000
v -0.0377250 0.0450000 0.2340000
v -0.0377250 0.0450000 0.2340000
v -0.0377250 0.0450000 0.2340000
v -0.0377250 0.0450000 0.2340000
v -0.0641250 0.0186000 0.2340000
v -0.0641250 0.0186000 0.2340000
v -0.0641250 0.0186000 0.2340000
v -0.0641250 0.0186000 0.2340000
v -0.0377250 0.0372676 0.2526676
v -0.0377250 0.0372676 0.2526676
v -0.0377250 0.0372676 0.2526676
v -0.0377250 0.0372676 0.2526676
v -0.0529670 0.0338420 0.2492421
v -0.0529670 0.0338420 0.2492421
v -0.0529670 0.0338420 0.2492421
v -0.0563926 0.0372676 0.2340000
v -0.0563926 0.0372676 0.2340000
v -0.0563926 0.0372676 0.2340000
v -0.0563926 0.0372676 0.2340000
v -0.0563926 0.0186000 0.2526676
v -0.0563926 0.0186000 0.2526676
v -0.0563926 0.0186000 0.2526676
v -0.0563926 0.0186000 0.2526676
v -0.0377250 -0.0750000 0.0060000
v -0.0377250 -0.0750000 0.0060000
v -0.0377250 -0.0750000 0.0060000
v -0.0377250 -0.0750000 0.0060000
v -0.0641250 -0.0486000 0.0060000
v -0.0641250 -0.0486000 0.0060000
v -0.0641250 -0.0486000 0.0060000
v -0.0641250 -0.0486000 0.0060000
v -0.0377250 -0.0486000 -0.0204000
v -0.0377250 -0.0486000 -0.0204000
v -0.0377250 -0.0486000 -0.0204000
v -0.0377250 -0.0486000 -0.0204000
v -0.0563926 -0.0672676 0.0060000
v -0.0563926 -0.0672676 0.0060000
v -0.0563926 -0.0672676 0.0060000
v -0.0563926 -0.0672676 0.0060000
v -0.0529670 -0.0638420 -0.0092421
v -0.0529670 -0.0638420 -0.0092421
v -0.0529670 -0.0638420 -0.0092421
v -0.0563926 -0.0486000 -0.0126676
v -0.0563926 -0.0486000 -0.0126676
v -0.0563926 -0.0486000 -0.0126676
v -0.0563926 -0.0486000 -0.0126676
v -0.0377250 -0.0672676 -0.0126676
v -0.0377250 -0.0672676 -0.0126676
v -0.0377250 -0.0672676 -0.0126676
v -0.0377250 -0.0672676 -0.0126676
v -0.0377250 0.0450000 0.0060000
v -0.0377250 0.0450000 0.0060000
v -0.0377250 0.0450000 0.0060000
v -0.0377250 0.0450000 0.0060000
v -0.0377250 0.0186000 -0.0204000
v -0.0377250 0.0186000 -0.0204000
v -0.0377250 0.0186000 -0.0204000
v -0.0377250 0.0186000 -0.0204000
v -0.0641250 0.0186000 0.0060000
v -0.0641250 0.0186000 0.0060000
v -0.0641250 0.0186000 0.0060000
v -0.0641250 0.0186000 0.0060000
v -0.0377250 0.0372676 -0.0126676
v -0.0377250 0.0372676 -0.0126676
v -0.0377250 0.0372676 -0.0126676
v -0.0377250 0.0372676 -0.0126676
v -0.0529670 0.0338420 -0.0092421
v -0.0529670 0.0338420 -0.0092421
v -0.0529670 0.0338420 -0.0092421
v -0.0563926 0.0186000 -0.0126676
v -0.0563926 0.0186000 -0.0126676
v -0.0563926 0.0186000 -0.0126676
v -0.0563926 0.0186000 -0.0126676
v -0.0563926 0.0372676 0.0060000
v -0.0563926 0.0372676 0.0060000
v -0.0563926 0.0372676 0.0060000
v -0.0563926 0.0372676 0.0060000
v 0.0377250 -0.0750000 0.2340000
v 0.0377250 -0.0750000 0.2340000
v 0.0377250 -0.0750000 0.2340000
v 0.0377250 -0.0750000 0.2340000
v 0.0641250 -0.0486000 0.2340000
v 0.0641250 -0.0486000 0.2340000
v 0.0641250 -0.0486000 0.2340000
v 0.0641250 -0.0486000 0.2340000
v 0.0377250 -0.0486000 0.2604000
v 0.0377250 -0.0486000 0.2604000
v 0.0377250 -0.0486000 0.2604000
v 0.0377250 -0.0486000 0.2604000
v 0.0563926 -0.0672676 0.2340000
v 0.0563926 -0.0672676 0.2340000
v 0.0563926 -0.0672676 0.2340000
v 0.0563926 -0.0672676 0.2340000
v 0.0529670 -0.0638420 0.2492421
v 0.0529670 -0.0638420 0.2492421
v 0.0529670 -0.0638420 0.2492421
v 0.0563926 -0.0486000 0.2526676
v 0.0563926 -0.0486000 0.2526676
v 0.0563926 -0.0486000 0.2526676
v 0.0563926 -0.0486000 0.2526676
v 0.0377250 -0.0672676 0.2526676
v 0.0377250 -0.0672676 0.2526676
v 0.0377250 -0.0672676 0.2526676
v 0.0377250 -0.0672676 0.2526676
v 0.0377250 0.0450000 0.2340000
v 0.0377250 0.0450000 0.2340000
v 0.0377250 0.0450000 0.2340000
v 0.0377250 0.0450000 0.2340000
v 0.0377250 0.0186000 0.2604000
v 0.0377250 0.0186000 0.2604000
v 0.0377250 0.0186000 0.2604000
v 0.0377250 0.0186000 0.2604000
v 0.0641250 0.0186000 0.2340000
v 0.0641250 0.0186000 0.2340000
v 0.0641250 0.0186000 0.2340000
v 0.0641250 0.0186000 0.2340000
v 0.0377250 0.0372676 0.2526676
v 0.0377250 0.0372676 0.2526676
v 0.0377250 0.0372676 0.2526676
v 0.0377250 0.0372676 0.2526676
v 0.0529670 0.0338420 0.2492421
v 0.0529670 0.0338420 0.2492421
v 0.0529670 0.0338420 0.2492421
v 0.0563926 0.0186000 0.2526676
v 0.0563926 0.0186000 0.2526676
v 0.0563926 0.0186000 0.2526676
v 0.0563926 0.0186000 0.2526676
v 0.0563926 0.0372676 0.2340000
v 0.0563926 0.0372676 0.2340000
v 0.0563926 0.0372676 0.2340000
v 0.0563926 0.0372676 0.2340000
v 0.0377250 -0.0750000 0.0060000
v 0.0377250 -0.0750000 0.0060000
v 0.0377250 -0.0750000 0.0060000
v 0.0377250 -0.0750000 0.0060000
v 0.0377250 -0.0486000 -0.0204000
v 0.0377250 -0.0486000 -0.0204000
v 0.0377250 -0.0486000 -0.0204000
v 0.0377250 -0.0486000 -0.0204000
v 0.0641250 -0.0486000 0.0060000
v 0.0641250 -0.0486000 0.0060000
v 0.0641250 -0.0486000 0.0060000
v 0.0641250 -0.0486000 0.0060000
v 0.0377250 -0.0672676 -0.0126676
v 0.0377250 -0.0672676 -0.0126676
v 0.0377250 -0.0672676 -0.0126676
v 0.0377250 -0.0672676 -0.0126676
v 0.0529670 -0.0638420 -0.0092421
v 0.0529670 -0.0638420 -0.0092421
v 0.0529670 -0.0638420 -0.0092421
v 0.0563926 -0.0486000 -0.0126676
v 0.0563926 -0.0486000 -0.0126676
v 0.0563926 -0.0486000 -0.0126676
v 0.0563926 -0.0486000 -0.0126676
v 0.0563926 -0.0672676 0.0060000
v 0.0563926 -0.0672676 0.0060000
v 0.0563926 -0.0672676 0.0060000
v 0.0563926 -0.0672676 0.0060000
v 0.0377250 0.0450000 0.0060000
v 0.0377250 0.0450000 0.0060000
v 0.0377250 0.0450000 0.0060000
v 0.0377250 0.0450000 0.0060000
v 0.0641250 0.0186000 0.0060000
v 0.0641250 0.0186000 0.0060000
v 0.0641250 0.0186000 0.0060000
v 0.0641250 0.0186000 0.0060000
v 0.0377250 0.0186000 -0.0204000
v 0.0377250 0.0186000 -0.0204000
v 0.0377250 0.0186000 -0.0204000
v 0.0377250 0.0186000 -0.0204000
v 0.0563926 0.0372676 0.0060000
v 0.0563926 0.0372676 0.0060000
v 0.0563926 0.0372676 0.0060000
v 0.0563926 0.0372676 0.0060000
v 0.0529670 0.0338420 -0.0092421
v 0.0529670 0.0338420 -0.0092421
v 0.0529670 0.0338420 -0.0092421
v 0.0563926 0.0186000 -0.0126676
v 0.0563926 0.0186000 -0.0126676
v 0.0563926 0.0186000 -0.0126676
v 0.0563926 0.0186000 -0.0126676
v 0.0377250 0.0372676 -0.0126676
v 0.0377250 0.0372676 -0.0126676
v 0.0377250 0.0372676 -0.0126676
v 0.0377250 0.0372676 -0.0126676
vt 0.1764620 0.2735043
vt 0.1764620 0.2735043
vt 0.1764620 0.2735043
vt 0.1764620 0.2735043
vt 0.4300000 0.0514620
vt 0.4300000 0.0514620
vt 0.4300000 0.0514620
vt 0.4300000 0.0514620
vt 0.4300000 0.9764957
vt 0.4300000 0.9764957
vt 0.4300000 0.9764957
vt 0.4300000 0.9764957
vt 0.3750000 0.0514621
vt 0.1764620 0.2500000
vt 0.3750000 0.0514621
vt 0.1764620 0.2500000
vt 0.3982458 0.0000000
vt 0.1467504 0.2500000
vt 0.3750000 0.9900659
vt 0.4300000 0.0000000
vt 0.4300000 0.0000000
vt 0.4300000 1.0000000
vt 0.4300000 1.0000000
vt 0.1250000 0.2735043
vt 0.1250000 0.2735043
vt 0.3750000 0.9764957
vt 0.3750000 0.9764957
vt 0.5700000 0.0514621
vt 0.5700000 0.0514621
vt 0.5700000 0.0514621
vt 0.5700000 0.0514621
vt 0.8235380 0.2735043
vt 0.8235380 0.2735043
vt 0.8235380 0.2735043
vt 0.8235380 0.2735043
vt 0.5700001 0.9764957
vt 0.5700001 0.9764957
vt 0.5700001 0.9764957
vt 0.5700001 0.9764957
vt 0.6250000 0.0514620
vt 0.8235380 0.2500000
vt 0.6250000 0.0514620
vt 0.8235380 0.2500000
vt 0.6250000 0.0217505
vt 0.8750000 0.2599341
vt 0.6017542 1.0000000
vt 0.8750000 0.2735043
vt 0.8750000 0.2735043
vt 0.6249999 0.9764957
vt 0.6249999 0.9764957
vt 0.5700000 0.0000000
vt 0.5700000 0.0000000
vt 0.5700000 1.0000000
vt 0.5700000 1.0000000
vt 0.1764620 0.4764957
vt 0.1764620 0.4764957
vt 0.1764620 0.4764957
vt 0.1764620 0.4764957
vt 0.4300000 0.7735043
vt 0.4300000 0.7735043
vt 0.4300000 0.7735043
vt 0.4300000 0.7735043
vt 0.4300000 0.6985381
vt 0.4300000 0.6985381
vt 0.4300000 0.6985381
vt 0.4300000 0.6985381
vt 0.1250000 0.4764957
vt 0.1250000 0.4764957
vt 0.3750000 0.7735043
vt 0.3750000 0.7735043
vt 0.3750000 0.7282495
vt 0.1250000 0.4900659
vt 0.3982458 0.7500000
vt 0.4300000 0.7500000
vt 0.4300000 0.7500000
vt 0.4300000 0.7500000
vt 0.4300000 0.7500000
vt 0.3750000 0.6985380
vt 0.1764620 0.5000000
vt 0.3750000 0.6985380
vt 0.1764620 0.5000000
vt 0.8235380 0.4764957
vt 0.8235380 0.4764957
vt 0.8235380 0.4764957
vt 0.8235380 0.4764957
vt 0.5700000 0.6985381
vt 0.5700000 0.6985381
vt 0.5700000 0.6985381
vt 0.5700000 0.6985381
vt 0.5700000 0.7735043
vt 0.5700000 0.7735043
vt 0.5700000 0.7735043
vt 0.5700000 0.7735043
vt 0.6250000 0.6985380
vt 0.8235379 0.5000000
vt 0.6250000 0.6985380
vt 0.8235379 0.5000000
vt 0.6017542 0.7500000
vt 0.8532496 0.5000000
vt 0.6250000 0.7599341
vt 0.5700000 0.7500000
vt 0.5700000 0.7500000
vt 0.5700000 0.7500000
vt 0.5700000 0.7500000
vt 0.8750000 0.4764957
vt 0.8750000 0.4764957
vt 0.6250000 0.7735043
vt 0.6250000 0.7735043
vt 0.3235380 0.2735043
vt 0.3235380 0.2735043
vt 0.3235380 0.2735043
vt 0.3235380 0.2735043
vt 0.4300000 0.2735043
vt 0.4300000 0.2735043
vt 0.4300000 0.2735043
vt 0.4300000 0.2735043
vt 0.4300000 0.1985381
vt 0.4300000 0.1985381
vt 0.4300000 0.1985381
vt 0.4300000 0.1985381
vt 0.3750000 0.2735043
vt 0.3750000 0.2735043
vt 0.3750000 0.2735043
vt 0.3750000 0.2735043
vt 0.3827486 0.2460611
vt 0.3827486 0.2460611
vt 0.3827486 0.2460611
vt 0.4300000 0.2500000
vt 0.4300000 0.2500000
vt 0.4300000 0.2500000
vt 0.4300000 0.2500000
vt 0.3750000 0.1985380
vt 0.3235380 0.2500000
vt 0.3750000 0.1985380
vt 0.3235380 0.2500000
vt 0.6764620 0.2735043
vt 0.6764620 0.2735043
vt 0.6764620 0.2735043
vt 0.6764620 0.2735043
vt 0.5700000 0.1985381
vt 0.5700000 0.1985381
vt 0.5700000 0.1985381
vt 0.5700000 0.1985381
vt 0.5700000 0.2735043
vt 0.5700000 0.2735043
vt 0.5700000 0.2735043
vt 0.5700000 0.2735043
vt 0.6250000 0.1985381
vt 0.6764620 0.2500000
vt 0.6250000 0.1985381
vt 0.6764620 0.2500000
vt 0.6245016 0.2533113
vt 0.6245016 0.2533113
vt 0.6245016 0.2533113
vt 0.5700000 0.2500000
vt 0.5700000 0.2500000
vt 0.5700000 0.2500000
vt 0.5700000 0.2500000
vt 0.6250000 0.2735043
vt 0.6250000 0.2735043
vt 0.6250000 0.2735043
vt 0.6250000 0.2735043
vt 0.3235380 0.4764957
vt 0.3235380 0.4764957
vt 0.3235380 0.4764957
vt 0.3235380 0.4764957
vt 0.4300000 0.5514620
vt 0.4300000 0.5514620
vt 0.4300000 0.5514620
vt 0.4300000 0.5514620
vt 0.4300000 0.4764957
vt 0.4300000 0.4764957
vt 0.4300000 0.4764957
vt 0.4300000 0.4764957
vt 0.3750000 0.5514620
vt 0.3235380 0.5000000
vt 0.3750000 0.5514620
vt 0.3235380 0.5000000
vt 0.3754985 0.4966886
vt 0.3754985 0.4966886
vt 0.3754985 0.4966886
vt 0.4300000 0.5000000
vt 0.4300000 0.5000000
vt 0.4300000 0.5000000
vt 0.4300000 0.5000000
vt 0.3750000 0.4764957
vt 0.3750000 0.4764957
vt 0.3750000 0.4764957
vt 0.3750000 0.4764957
vt 0.6764620 0.4764957
vt 0.6764620 0.4764957
vt 0.6764620 0.4764957
vt 0.6764620 0.4764957
vt 0.5700001 0.4764957
vt 0.5700001 0.4764957
vt 0.5700001 0.4764957
vt 0.5700001 0.4764957
vt 0.5700000 0.5514620
vt 0.5700000 0.5514620
vt 0.5700000 0.5514620
vt 0.5700000 0.5514620
vt 0.6250000 0.4764957
vt 0.6250000 0.4764957
vt 0.6249999 0.4764957
vt 0.6250000 0.4764957
vt 0.6172514 0.5039388
vt 0.6172514 0.5039388
vt 0.6172514 0.5039388
vt 0.5700000 0.5000000
vt 0.5700000 0.5000000
vt 0.5700000 0.5000000
vt 0.5700000 0.5000000
vt 0.6250000 0.5514620
vt 0.6764621 0.5000000
vt 0.6250000 0.5514620
vt 0.6764621 0.5000000
vn 0.0000000 -0.9238767 0.3826903
vn 0.0000000 -1.0000000 0.0000000
vn -0.3250835 -0.8880549 0.3250835
vn -0.3826903 -0.9238767 0.0000000
vn 0.0000000 0.0000000 1.0000000
vn 0.0000000 -0.3826903 0.9238767
vn -0.3250835 -0.3250835 0.8880549
vn -0.3826903 0.0000000 0.9238767
vn -0.8880549 -0.3250835 0.3250835
vn -0.9238767 0.0000000 0.3826903
vn -0.9238767 -0.3826903 0.0000000
vn -1.0000000 0.0000000 0.0000000
vn 0.0000000 -0.3826903 0.9238767
vn 0.0000000 -0.9238767 0.3826903
vn -0.3250835 -0.3250835 0.8880549
vn -0.3250835 -0.8880549 0.3250835
vn -0.3250835 -0.3250835 0.8880549
vn -0.3250835 -0.8880549 0.3250835
vn -0.8880549 -0.3250835 0.3250835
vn -0.3250835 -0.3250835 0.8880549
vn -0.3826903 0.0000000 0.9238767
vn -0.8880549 -0.3250835 0.3250835
vn -0.9238767 0.0000000 0.3826903
vn -0.3250835 -0.8880549 0.3250835
vn -0.3826903 -0.9238767 0.0000000
vn -0.8880549 -0.3250835 0.3250835
vn -0.9238767 -0.3826903 0.0000000
vn 0.0000000 0.0000000 1.0000000
vn 0.0000000 0.3826903 0.9238767
vn -0.3250835 0.3250835 0.8880549
vn -0.3826903 0.0000000 0.9238767
vn 0.0000000 0.9238767 0.3826903
vn 0.0000000 1.0000000 0.0000000
vn -0.3250835 0.8880549 0.3250835
vn -0.3826903 0.9238767 0.0000000
vn -0.8880549 0.3250835 0.3250835
vn -0.9238767 0.0000000 0.3826903
vn -0.9238767 0.3826903 0.0000000
vn -1.0000000 0.0000000 0.0000000
vn 0.0000000 0.3826903 0.9238767
vn 0.0000000 0.9238767 0.3826903
vn -0.3250835 0.3250835 0.8880549
vn -0.3250835 0.8880549 0.3250835
vn -0.3250835 0.3250835 0.8880549
vn -0.3250835 0.8880549 0.3250835
vn -0.8880549 0.3250835 0.3250835
vn -0.3250835 0.8880549 0.3250835
vn -0.3826903 0.9238767 0.0000000
vn -0.8880549 0.3250835 0.3250835
vn -0.9238767 0.3826903 0.0000000
vn -0.3250835 0.3250835 0.8880549
vn -0.3826903 0.0000000 0.9238767
vn -0.8880549 0.3250835 0.3250835
vn -0.9238767 0.0000000 0.3826903
vn 0.0000000 -0.9238767 -0.3826903
vn 0.0000000 -1.0000000 0.0000000
vn -0.3250835 -0.8880549 -0.3250835
vn -0.3826903 -0.9238767 0.0000000
vn -0.8880549 -0.3250835 -0.3250835
vn -0.9238767 0.0000000 -0.3826903
vn -0.9238767 -0.3826903 0.0000000
vn -1.0000000 0.0000000 0.0000000
vn 0.0000000 0.0000000 -1.0000000
vn 0.0000000 -0.3826903 -0.9238767
vn -0.3250835 -0.3250835 -0.8880549
vn -0.3826903 0.0000000 -0.9238767
vn -0.3250835 -0.8880549 -0.3250835
vn -0.3826903 -0.9238767 0.0000000
vn -0.8880549 -0.3250835 -0.3250835
vn -0.9238767 -0.3826903 0.0000000
vn -0.3250835 -0.3250835 -0.8880549
vn -0.3250835 -0.8880549 -0.3250835
vn -0.8880549 -0.3250835 -0.3250835
vn -0.3250835 -0.3250835 -0.8880549
vn -0.3826903 0.0000000 -0.9238767
vn -0.8880549 -0.3250835 -0.3250835
vn -0.9238767 0.0000000 -0.3826903
vn 0.0000000 -0.3826903 -0.9238767
vn 0.0000000 -0.9238767 -0.3826903
vn -0.3250835 -0.3250835 -0.8880549
vn -0.3250835 -0.8880549 -0.3250835
vn 0.0000000 0.9238767 -0.3826903
vn 0.0000000 1.0000000 0.0000000
vn -0.3250835 0.8880549 -0.3250835
vn -0.3826903 0.9238767 0.0000000
vn 0.0000000 0.0000000 -1.0000000
vn 0.0000000 0.3826903 -0.9238767
vn -0.3250835 0.3250835 -0.8880549
vn -0.3826903 0.0000000 -0.9238767
vn -0.8880549 0.3250835 -0.3250835
vn -0.9238767 0.0000000 -0.3826903
vn -0.9238767 0.3826903 0.0000000
vn -1.0000000 0.0000000 0.0000000
vn 0.0000000 0.3826903 -0.9238767
vn 0.0000000 0.9238767 -0.3826903
vn -0.3250835 0.3250835 -0.8880549
vn -0.3250835 0.8880549 -0.3250835
vn -0.3250835 0.3250835 -0.8880549
vn -0.3250835 0.8880549 -0.3250835
vn -0.8880549 0.3250835 -0.3250835
vn -0.3250835 0.3250835 -0.8880549
vn -0.3826903 0.0000000 -0.9238767
vn -0.8880549 0.3250835 -0.3250835
vn -0.9238767 0.0000000 -0.3826903
vn -0.3250835 0.8880549 -0.3250835
vn -0.3826903 0.9238767 0.0000000
vn -0.8880549 0.3250835 -0.3250835
vn -0.9238767 0.3826903 0.0000000
vn 0.0000000 -0.9238767 0.3826903
vn 0.0000000 -1.0000000 0.0000000
vn 0.3250835 -0.8880549 0.3250835
vn 0.3826903 -0.9238767 0.0000000
vn 0.8880549 -0.3250835 0.3250835
vn 0.9238767 0.0000000 0.3826903
vn 0.9238767 -0.3826903 0.0000000
vn 1.0000000 0.0000000 0.0000000
vn 0.0000000 0.0000000 1.0000000
vn 0.0000000 -0.3826903 0.9238767
vn 0.3250835 -0.3250835 0.8880549
vn 0.3826903 0.0000000 0.9238767
vn 0.3250835 -0.8880549 0.3250835
vn 0.3826903 -0.9238767 0.0000000
vn 0.8880549 -0.3250835 0.3250835
vn 0.9238767 -0.3826903 0.0000000
vn 0.3250835 -0.3250835 0.8880549
vn 0.3250835 -0.8880549 0.3250835
vn 0.8880549 -0.3250835 0.3250835
vn 0.3250835 -0.3250835 0.8880549
vn 0.3826903 0.0000000 0.9238767
vn 0.8880549 -0.3250835 0.3250835
vn 0.9238767 0.0000000 0.3826903
vn 0.0000000 -0.3826903 0.9238767
vn 0.0000000 -0.9238767 0.3826903
vn 0.3250835 -0.3250835 0.8880549
vn 0.3250835 -0.8880549 0.3250835
vn 0.0000000 0.9238767 0.3826903
vn 0.0000000 1.0000000 0.0000000
vn 0.3250835 0.8880549 0.3250835
vn 0.3826903 0.9238767 0.0000000
vn 0.0000000 0.0000000 1.0000000
vn 0.0000000 0.3826903 0.9238767
vn 0.3250835 0.3250835 0.8880549
vn 0.3826903 0.0000000 0.9238767
vn 0.8880549 0.3250835 0.3250835
vn 0.9238767 0.0000000 0.3826903
vn 0.9238767 0.3826903 0.0000000
vn 1.0000000 0.0000000 0.0000000
vn 0.0000000 0.3826903 0.9238767
vn 0.0000000 0.9238767 0.3826903
vn 0.3250835 0.3250835 0.8880549
vn 0.3250835 0.8880549 0.3250835
vn 0.3250835 0.3250835 0.8880549
vn 0.3250835 0.8880549 0.3250835
vn 0.8880549 0.3250835 0.3250835
vn 0.3250835 0.3250835 0.8880549
vn 0.3826903 0.0000000 0.9238767
vn 0.8880549 0.3250835 0.3250835
vn 0.9238767 0.0000000 0.3826903
vn 0.3250835 0.8880549 0.3250835
vn 0.3826903 0.9238767 0.0000000
vn 0.8880549 0.3250835 0.3250835
vn 0.9238767 0.3826903 0.0000000
vn 0.0000000 -0.9238767 -0.3826903
vn 0.0000000 -1.0000000 0.0000000
vn 0.3250835 -0.8880549 -0.3250835
vn 0.3826903 -0.9238767 0.0000000
vn 0.0000000 0.0000000 -1.0000000
vn 0.0000000 -0.3826903 -0.9238767
vn 0.3250835 -0.3250835 -0.8880549
vn 0.3826903 0.0000000 -0.9238767
vn 0.8880549 -0.3250835 -0.3250835
vn 0.9238767 0.0000000 -0.3826903
vn 0.9238767 -0.3826903 0.0000000
vn 1.0000000 0.0000000 0.0000000
vn 0.0000000 -0.3826903 -0.9238767
vn 0.0000000 -0.9238767 -0.3826903
vn 0.3250835 -0.3250835 -0.8880549
vn 0.3250835 -0.8880549 -0.3250835
vn 0.3250835 -0.3250835 -0.8880549
vn 0.3250835 -0.8880549 -0.3250835
vn 0.8880549 -0.3250835 -0.3250835
vn 0.3250835 -0.3250835 -0.8880549
vn 0.3826903 0.0000000 -0.9238767
vn 0.8880549 -0.3250835 -0.3250835
vn 0.9238767 0.0000000 -0.3826903
vn 0.3250835 -0.8880549 -0.3250835
vn 0.3826903 -0.9238767 0.0000000
vn 0.8880549 -0.3250835 -0.3250835
vn 0.9238767 -0.3826903 0.0000000
vn 0.0000000 0.9238767 -0.3826903
vn 0.0000000 1.0000000 0.0000000
vn 0.3250835 0.8880549 -0.3250835
vn 0.3826903 0.9238767 0.0000000
vn 0.8880549 0.3250835 -0.3250835
vn 0.9238767 0.0000000 -0.3826903
vn 0.9238767 0.3826903 0.0000000
vn 1.0000000 0.0000000 0.0000000
vn 0.0000000 0.0000000 -1.0000000
vn 0.0000000 0.3826903 -0.9238767
vn 0.3250835 0.3250835 -0.8880549
vn 0.3826903 0.0000000 -0.9238767
vn 0.3250835 0.8880549 -0.3250835
vn 0.3826903 0.9238767 0.0000000
vn 0.8880549 0.3250835 -0.3250835
vn 0.9238767 0.3826903 0.0000000
vn 0.3250835 0.3250835 -0.8880549
vn 0.3250835 0.8880549 -0.3250835
vn 0.8880549 0.3250835 -0.3250835
vn 0.3250835 0.3250835 -0.8880549
vn 0.3826903 0.0000000 -0.9238767
vn 0.8880549 0.3250835 -0.3250835
vn 0.9238767 0.0000000 -0.3826903
vn 0.0000000 0.3826903 -0.9238767
vn 0.0000000 0.9238767 -0.3826903
vn 0.3250835 0.3250835 -0.8880549
vn 0.3250835 0.8880549 -0.3250835
f 557/557/557 580/580/580 468/468/468
f 557/557/557 468/468/468 445/445/445
f 614/614/614 637/637/637 587/587/587
f 614/614/614 587/587/587 556/556/556
f 631/631/631 523/523/523 473/473/473
f 631/631/631 473/473/473 577/577/577
f 452/452/452 479/479/479 533/533/533
f 452/452/452 533/533/533 502/502/502
f 503/503/503 526/526/526 638/638/638
f 503/503/503 638/638/638 607/607/607
f 443/443/443 456/456/456 458/458/458
f 443/443/443 458/458/458 464/464/464
f 447/447/447 460/460/460 457/457/457
f 447/447/447 457/457/457 455/455/455
f 449/449/449 466/466/466 459/459/459
f 449/449/449 459/459/459 462/462/462
f 470/470/470 482/482/482 484/484/484
f 470/470/470 484/484/484 491/491/491
f 474/474/474 487/487/487 485/485/485
f 474/474/474 485/485/485 483/483/483
f 476/476/476 493/493/493 486/486/486
f 476/476/476 486/486/486 489/489/489
f 497/497/497 507/507/507 512/512/512
f 497/497/497 512/512/512 521/521/521
f 499/499/499 516/516/516 513/513/513
f 499/499/499 513/513/513 509/509/509
f 505/505/505 520/520/520 511/511/511
f 505/505/505 511/511/511 514/514/514
f 524/524/524 537/537/537 539/539/539
f 524/524/524 539/539/539 545/545/545
f 528/528/528 541/541/541 538/538/538
f 528/528/528 538/538/538 536/536/536
f 530/530/530 547/547/547 540/540/540
f 530/530/530 540/540/540 543/543/543
f 551/551/551 561/561/561 566/566/566
f 551/551/551 566/566/566 575/575/575
f 553/553/553 570/570/570 567/567/567
f 553/553/553 567/567/567 563/563/563
f 559/559/559 574/574/574 565/565/565
f 559/559/559 565/565/565 568/568/568
f 578/578/578 591/591/591 593/593/593
f 578/578/578 593/593/593 599/599/599
f 582/582/582 595/595/595 592/592/592
f 582/582/582 592/592/592 590/590/590
f 584/584/584 601/601/601 594/594/594
f 584/584/584 594/594/594 597/597/597
f 605/605/605 618/618/618 620/620/620
f 605/605/605 620/620/620 626/626/626
f 609/609/609 622/622/622 619/619/619
f 609/609/609 619/619/619 617/617/617
f 611/611/611 628/628/628 621/621/621
f 611/611/611 621/621/621 624/624/624
f 632/632/632 642/642/642 647/647/647
f 632/632/632 647/647/647 656/656/656
f 634/634/634 651/651/651 648/648/648
f 634/634/634 648/648/648 644/644/644
f 640/640/640 655/655/655 646/646/646
f 640/640/640 646/646/646 649/649/649
f 498/498/498 444/444/444 465/465/465
f 498/498/498 465/465/465 508/508/508
f 510/510/510 467/467/467 451/451/451
f 510/510/510 451/451/451 501/501/501
f 448/448/448 471/471/471 492/492/492
f 448/448/448 492/492/492 461/461/461
f 463/463/463 494/494/494 477/477/477
f 463/463/463 477/477/477 450/450/450
f 475/475/475 525/525/525 546/546/546
f 475/475/475 546/546/546 488/488/488
f 490/490/490 548/548/548 532/532/532
f 490/490/490 532/532/532 478/478/478
f 529/529/529 506/506/506 515/515/515
f 529/529/529 515/515/515 542/542/542
f 544/544/544 517/517/517 500/500/500
f 544/544/544 500/500/500 531/531/531
f 603/603/603 495/495/495 519/519/519
f 603/603/603 519/519/519 616/616/616
f 615/615/615 518/518/518 504/504/504
f 615/615/615 504/504/504 608/608/608
f 522/522/522 630/630/630 654/654/654
f 522/522/522 654/654/654 535/535/535
f 534/534/534 653/653/653 639/639/639
f 534/534/534 639/639/639 527/527/527
f 635/635/635 612/612/612 625/625/625
f 635/635/635 625/625/625 652/652/652
f 650/650/650 623/623/623 610/610/610
f 650/650/650 610/610/610 641/641/641
f 552/552/552 606/606/606 627/627/627
f 552/552/552 627/627/627 562/562/562
f 564/564/564 629/629/629 613/613/613
f 564/564/564 613/613/613 555/555/555
f 633/633/633 579/579/579 600/600/600
f 633/633/633 600/600/600 643/643/643
f 645/645/645 602/602/602 586/586/586
f 645/645/645 586/586/586 636/636/636
f 583/583/583 560/560/560 569/569/569
f 583/583/583 569/569/569 596/596/596
f 598/598/598 571/571/571 554/554/554
f 598/598/598 554/554/554 585/585/585
f 441/441/441 549/549/549 573/573/573
f 441/441/441 573/573/573 454/454/454
f 453/453/453 572/572/572 558/558/558
f 453/453/453 558/558/558 446/446/446
f 576/576/576 472/472/472 481/481/481
f 576/576/576 481/481/481 589/589/589
f 588/588/588 480/480/480 469/469/469
f 588/588/588 469/469/469 581/581/581
f 496/496/496 604/604/604 550/550/550
f 496/496/496 550/550/550 442/442/442
o Front_sight.002_0
usemtl Aurora_Blue
v -0.0085000 0.1725000 0.3735000
v -0.0085000 0.1725000 0.3735000
v -0.0085000 0.1725000 0.3735000
v -0.0085000 0.1725000 0.3735000
v -0.0085000 0.1765000 0.3775000
v -0.0085000 0.1765000 0.3775000
v -0.0085000 0.1765000 0.3775000
v -0.0085000 0.1765000 0.3775000
v -0.0125000 0.1765000 0.3735000
v -0.0125000 0.1765000 0.3735000
v -0.0125000 0.1765000 0.3735000
v -0.0125000 0.1765000 0.3735000
v -0.0085000 0.1736716 0.3763284
v -0.0085000 0.1736716 0.3763284
v -0.0085000 0.1736716 0.3763284
v -0.0085000 0.1736716 0.3763284
v -0.0108094 0.1741906 0.3758094
v -0.0108094 0.1741906 0.3758094
v -0.0108094 0.1741906 0.3758094
v -0.0113284 0.1765000 0.3763284
v -0.0113284 0.1765000 0.3763284
v -0.0113284 0.1765000 0.3763284
v -0.0113284 0.1765000 0.3763284
v -0.0113284 0.1736716 0.3735000
v -0.0113284 0.1736716 0.3735000
v -0.0113284 0.1736716 0.3735000
v -0.0113284 0.1736716 0.3735000
v -0.0085000 0.2235000 0.3775000
v -0.0085000 0.2235000 0.3775000
v -0.0085000 0.2235000 0.3775000
v -0.0085000 0.2235000 0.3775000
v -0.0085000 0.2275000 0.3735000
v -0.0085000 0.2275000 0.3735000
v -0.0085000 0.2275000 0.3735000
v -0.0085000 0.2275000 0.3735000
v -0.0125000 0.2235000 0.3735000
v -0.0125000 0.2235000 0.3735000
v -0.0125000 0.2235000 0.3735000
v -0.0125000 0.2235000 0.3735000
v -0.0085000 0.2263284 0.3763284
v -0.0085000 0.2263284 0.3763284
v -0.0085000 0.2263284 0.3763284
v -0.0085000 0.2263284 0.3763284
v -0.0108094 0.2258094 0.3758094
v -0.0108094 0.2258094 0.3758094
v -0.0108094 0.2258094 0.3758094
v -0.0113284 0.2263284 0.3735000
v -0.0113284 0.2263284 0.3735000
v -0.0113284 0.2263284 0.3735000
v -0.0113284 0.2263284 0.3735000
v -0.0113284 0.2235000 0.3763284
v -0.0113284 0.2235000 0.3763284
v -0.0113284 0.2235000 0.3763284
v -0.0113284 0.2235000 0.3763284
v -0.0085000 0.1725000 0.3465000
v -0.0085000 0.1725000 0.3465000
v -0.0085000 0.1725000 0.3465000
v -0.0085000 0.1725000 0.3465000
v -0.0125000 0.1765000 0.3465000
v -0.0125000 0.1765000 0.3465000
v -0.0125000 0.1765000 0.3465000
v -0.0125000 0.1765000 0.3465000
v -0.0085000 0.1765000 0.3425000
v -0.0085000 0.1765000 0.3425000
v -0.0085000 0.1765000 0.3425000
v -0.0085000 0.1765000 0.3425000
v -0.0113284 0.1736716 0.3465000
v -0.0113284 0.1736716 0.3465000
v -0.0113284 0.1736716 0.3465000
v -0.0113284 0.1736716 0.3465000
v -0.0108094 0.1741906 0.3441906
v -0.0108094 0.1741906 0.3441906
v -0.0108094 0.1741906 0.3441906
v -0.0113284 0.1765000 0.3436716
v -0.0113284 0.1765000 0.3436716
v -0.0113284 0.1765000 0.3436716
v -0.0113284 0.1765000 0.3436716
v -0.0085000 0.1736716 0.3436716
v -0.0085000 0.1736716 0.3436716
v -0.0085000 0.1736716 0.3436716
v -0.0085000 0.1736716 0.3436716
v -0.0085000 0.2275000 0.3465000
v -0.0085000 0.2275000 0.3465000
v -0.0085000 0.2275000 0.3465000
v -0.0085000 0.2275000 0.3465000
v -0.0085000 0.2235000 0.3425000
v -0.0085000 0.2235000 0.3425000
v -0.0085000 0.2235000 0.3425000
v -0.0085000 0.2235000 0.3425000
v -0.0125000 0.2235000 0.3465000
v -0.0125000 0.2235000 0.3465000
v -0.0125000 0.2235000 0.3465000
v -0.0125000 0.2235000 0.3465000
v -0.0085000 0.2263284 0.3436716
v -0.0085000 0.2263284 0.3436716
v -0.0085000 0.2263284 0.3436716
v -0.0085000 0.2263284 0.3436716
v -0.0108094 0.2258094 0.3441906
v -0.0108094 0.2258094 0.3441906
v -0.0108094 0.2258094 0.3441906
v -0.0113284 0.2235000 0.3436716
v -0.0113284 0.2235000 0.3436716
v -0.0113284 0.2235000 0.3436716
v -0.0113284 0.2235000 0.3436716
v -0.0113284 0.2263284 0.3465000
v -0.0113284 0.2263284 0.3465000
v -0.0113284 0.2263284 0.3465000
v -0.0113284 0.2263284 0.3465000
v 0.0085000 0.1725000 0.3735000
v 0.0085000 0.1725000 0.3735000
v 0.0085000 0.1725000 0.3735000
v 0.0085000 0.1725000 0.3735000
v 0.0125000 0.1765000 0.3735000
v 0.0125000 0.1765000 0.3735000
v 0.0125000 0.1765000 0.3735000
v 0.0125000 0.1765000 0.3735000
v 0.0085000 0.1765000 0.3775000
v 0.0085000 0.1765000 0.3775000
v 0.0085000 0.1765000 0.3775000
v 0.0085000 0.1765000 0.3775000
v 0.0113284 0.1736716 0.3735000
v 0.0113284 0.1736716 0.3735000
v 0.0113284 0.1736716 0.3735000
v 0.0113284 0.1736716 0.3735000
v 0.0108094 0.1741906 0.3758094
v 0.0108094 0.1741906 0.3758094
v 0.0108094 0.1741906 0.3758094
v 0.0113284 0.1765000 0.3763284
v 0.0113284 0.1765000 0.3763284
v 0.0113284 0.1765000 0.3763284
v 0.0113284 0.1765000 0.3763284
v 0.0085000 0.1736716 0.3763284
v 0.0085000 0.1736716 0.3763284
v 0.0085000 0.1736716 0.3763284
v 0.0085000 0.1736716 0.3763284
v 0.0085000 0.2275000 0.3735000
v 0.0085000 0.2275000 0.3735000
v 0.0085000 0.2275000 0.3735000
v 0.0085000 0.2275000 0.3735000
v 0.0085000 0.2235000 0.3775000
v 0.0085000 0.2235000 0.3775000
v 0.0085000 0.2235000 0.3775000
v 0.0085000 0.2235000 0.3775000
v 0.0125000 0.2235000 0.3735000
v 0.0125000 0.2235000 0.3735000
v 0.0125000 0.2235000 0.3735000
v 0.0125000 0.2235000 0.3735000
v 0.0085000 0.2263284 0.3763284
v 0.0085000 0.2263284 0.3763284
v 0.0085000 0.2263284 0.3763284
v 0.0085000 0.2263284 0.3763284
v 0.0108094 0.2258094 0.3758094
v 0.0108094 0.2258094 0.3758094
v 0.0108094 0.2258094 0.3758094
v 0.0113284 0.2235000 0.3763284
v 0.0113284 0.2235000 0.3763284
v 0.0113284 0.2235000 0.3763284
v 0.0113284 0.2235000 0.3763284
v 0.0113284 0.2263284 0.3735000
v 0.0113284 0.2263284 0.3735000
v 0.0113284 0.2263284 0.3735000
v 0.0113284 0.2263284 0.3735000
v 0.0085000 0.1725000 0.3465000
v 0.0085000 0.1725000 0.3465000
v 0.0085000 0.1725000 0.3465000
v 0.0085000 0.1725000 0.3465000
v 0.0085000 0.1765000 0.3425000
v 0.0085000 0.1765000 0.3425000
v 0.0085000 0.1765000 0.3425000
v 0.0085000 0.1765000 0.3425000
v 0.0125000 0.1765000 0.3465000
v 0.0125000 0.1765000 0.3465000
v 0.0125000 0.1765000 0.3465000
v 0.0125000 0.1765000 0.3465000
v 0.0085000 0.1736716 0.3436716
v 0.0085000 0.1736716 0.3436716
v 0.0085000 0.1736716 0.3436716
v 0.0085000 0.1736716 0.3436716
v 0.0108094 0.1741906 0.3441906
v 0.0108094 0.1741906 0.3441906
v 0.0108094 0.1741906 0.3441906
v 0.0113284 0.1765000 0.3436716
v 0.0113284 0.1765000 0.3436716
v 0.0113284 0.1765000 0.3436716
v 0.0113284 0.1765000 0.3436716
v 0.0113284 0.1736716 0.3465000
v 0.0113284 0.1736716 0.3465000
v 0.0113284 0.1736716 0.3465000
v 0.0113284 0.1736716 0.3465000
v 0.0085000 0.2275000 0.3465000
v 0.0085000 0.2275000 0.3465000
v 0.0085000 0.2275000 0.3465000
v 0.0085000 0.2275000 0.3465000
v 0.0125000 0.2235000 0.3465000
v 0.0125000 0.2235000 0.3465000
v 0.0125000 0.2235000 0.3465000
v 0.0125000 0.2235000 0.3465000
v 0.0085000 0.2235000 0.3425000
v 0.0085000 0.2235000 0.3425000
v 0.0085000 0.2235000 0.3425000
v 0.0085000 0.2235000 0.3425000
v 0.0113284 0.2263284 0.3465000
v 0.0113284 0.2263284 0.3465000
v 0.0113284 0.2263284 0.3465000
v 0.0113284 0.2263284 0.3465000
v 0.0108094 0.2258094 0.3441906
v 0.0108094 0.2258094 0.3441906
v 0.0108094 0.2258094 0.3441906
v 0.0113284 0.2235000 0.3436716
v 0.0113284 0.2235000 0.3436716
v 0.0113284 0.2235000 0.3436716
v 0.0113284 0.2235000 0.3436716
v 0.0085000 0.2263284 0.3436716
v 0.0085000 0.2263284 0.3436716
v 0.0085000 0.2263284 0.3436716
v 0.0085000 0.2263284 0.3436716
vt 0.1650000 0.2785714
vt 0.1650000 0.2785714
vt 0.1650000 0.2785714
vt 0.1650000 0.2785714
vt 0.3931819 0.0400000
vt 0.3931819 0.0400000
vt 0.3931819 0.0400000
vt 0.3931819 0.0400000
vt 0.3931819 0.9714286
vt 0.3931819 0.9714286
vt 0.3931819 0.9714286
vt 0.3931819 0.9714286
vt 0.3750000 0.0400000
vt 0.1650000 0.2500000
vt 0.3750000 0.0400000
vt 0.1650000 0.2500000
vt 0.3826845 0.0000000
vt 0.1419060 0.2500000
vt 0.3750000 0.9879243
vt 0.3931819 0.0000000
vt 0.3931819 0.0000000
vt 0.3931818 1.0000000
vt 0.3931818 1.0000000
vt 0.1250000 0.2785714
vt 0.1250000 0.2785714
vt 0.3750000 0.9714286
vt 0.3750000 0.9714286
vt 0.6068181 0.0400000
vt 0.6068181 0.0400000
vt 0.6068181 0.0400000
vt 0.6068181 0.0400000
vt 0.8350000 0.2785715
vt 0.8350000 0.2785715
vt 0.8350000 0.2785715
vt 0.8350000 0.2785715
vt 0.6068182 0.9714286
vt 0.6068182 0.9714286
vt 0.6068182 0.9714286
vt 0.6068182 0.9714286
vt 0.6250000 0.0400000
vt 0.8350000 0.2500001
vt 0.6250000 0.0400000
vt 0.8350000 0.2500001
vt 0.6250000 0.0169060
vt 0.8750000 0.2620757
vt 0.6173155 1.0000000
vt 0.8750000 0.2785714
vt 0.8750000 0.2785714
vt 0.6250000 0.9714286
vt 0.6250000 0.9714286
vt 0.6068182 0.0000000
vt 0.6068182 0.0000000
vt 0.6068181 1.0000000
vt 0.6068181 1.0000000
vt 0.1650000 0.4714286
vt 0.1650000 0.4714286
vt 0.1650000 0.4714286
vt 0.1650000 0.4714286
vt 0.3931819 0.7785714
vt 0.3931819 0.7785714
vt 0.3931819 0.7785714
vt 0.3931819 0.7785714
vt 0.3931818 0.7100000
vt 0.3931818 0.7100000
vt 0.3931818 0.7100000
vt 0.3931818 0.7100000
vt 0.1250000 0.4714286
vt 0.1250000 0.4714286
vt 0.3750000 0.7785714
vt 0.3750000 0.7785714
vt 0.3750000 0.7330940
vt 0.1250000 0.4879243
vt 0.3826845 0.7500000
vt 0.3931818 0.7500000
vt 0.3931818 0.7500000
vt 0.3931818 0.7500000
vt 0.3931818 0.7500000
vt 0.3750000 0.7100000
vt 0.1650000 0.5000000
vt 0.3750000 0.7100000
vt 0.1650000 0.5000000
vt 0.8350000 0.4714286
vt 0.8350000 0.4714286
vt 0.8350000 0.4714286
vt 0.8350000 0.4714286
vt 0.6068181 0.7100000
vt 0.6068181 0.7100000
vt 0.6068181 0.7100000
vt 0.6068181 0.7100000
vt 0.6068182 0.7785714
vt 0.6068182 0.7785714
vt 0.6068182 0.7785714
vt 0.6068182 0.7785714
vt 0.6250000 0.7100000
vt 0.8350000 0.5000000
vt 0.6250000 0.7100000
vt 0.8350000 0.5000000
vt 0.6173155 0.7500000
vt 0.8580940 0.5000000
vt 0.6250000 0.7620757
vt 0.6068181 0.7500000
vt 0.6068182 0.7500000
vt 0.6068182 0.7500000
vt 0.6068182 0.7500000
vt 0.8750000 0.4714286
vt 0.8750000 0.4714286
vt 0.6250000 0.7785714
vt 0.6250000 0.7785714
vt 0.3350000 0.2785715
vt 0.3350000 0.2785715
vt 0.3350000 0.2785715
vt 0.3350000 0.2785715
vt 0.3931819 0.2785714
vt 0.3931819 0.2785714
vt 0.3931819 0.2785714
vt 0.3931819 0.2785714
vt 0.3931818 0.2099999
vt 0.3931818 0.2099999
vt 0.3931818 0.2099999
vt 0.3931818 0.2099999
vt 0.3750000 0.2785714
vt 0.3750000 0.2785714
vt 0.3750000 0.2785714
vt 0.3750000 0.2785714
vt 0.3775615 0.2483898
vt 0.3775615 0.2483898
vt 0.3775615 0.2483898
vt 0.3931818 0.2500001
vt 0.3931818 0.2500000
vt 0.3931818 0.2500000
vt 0.3931818 0.2500000
vt 0.3750000 0.2100000
vt 0.3350000 0.2500001
vt 0.3750000 0.2100000
vt 0.3350000 0.2500001
vt 0.6650000 0.2785714
vt 0.6650000 0.2785714
vt 0.6650000 0.2785714
vt 0.6650000 0.2785714
vt 0.6068181 0.2099999
vt 0.6068181 0.2099999
vt 0.6068181 0.2099999
vt 0.6068181 0.2099999
vt 0.6068182 0.2785714
vt 0.6068182 0.2785714
vt 0.6068182 0.2785714
vt 0.6068182 0.2785714
vt 0.6250000 0.2100000
vt 0.6650000 0.2500000
vt 0.6250000 0.2100000
vt 0.6650000 0.2500000
vt 0.6280738 0.2540252
vt 0.6280738 0.2540252
vt 0.6280738 0.2540252
vt 0.6068181 0.2500000
vt 0.6068182 0.2500000
vt 0.6068182 0.2500001
vt 0.6068182 0.2500000
vt 0.6250001 0.2785714
vt 0.6250000 0.2785714
vt 0.6250000 0.2785714
vt 0.6250000 0.2785714
vt 0.3350000 0.4714286
vt 0.3350000 0.4714286
vt 0.3350000 0.4714286
vt 0.3350000 0.4714286
vt 0.3931819 0.5400000
vt 0.3931819 0.5400000
vt 0.3931819 0.5400000
vt 0.3931819 0.5400000
vt 0.3931819 0.4714286
vt 0.3931819 0.4714286
vt 0.3931819 0.4714286
vt 0.3931819 0.4714286
vt 0.3750000 0.5400000
vt 0.3350000 0.5000000
vt 0.3750000 0.5400000
vt 0.3350000 0.5000000
vt 0.3719262 0.4959748
vt 0.3719262 0.4959748
vt 0.3719262 0.4959748
vt 0.3931818 0.5000000
vt 0.3931818 0.5000000
vt 0.3931818 0.5000000
vt 0.3931818 0.5000000
vt 0.3750000 0.4714286
vt 0.3750000 0.4714286
vt 0.3750000 0.4714286
vt 0.3750000 0.4714286
vt 0.6650000 0.4714286
vt 0.6650000 0.4714286
vt 0.6650000 0.4714286
vt 0.6650000 0.4714286
vt 0.6068182 0.4714285
vt 0.6068182 0.4714285
vt 0.6068182 0.4714285
vt 0.6068182 0.4714285
vt 0.6068181 0.5400000
vt 0.6068181 0.5400000
vt 0.6068181 0.5400000
vt 0.6068181 0.5400000
vt 0.6250000 0.4714286
vt 0.6250000 0.4714286
vt 0.6250000 0.4714286
vt 0.6250000 0.4714286
vt 0.6224385 0.5016101
vt 0.6224385 0.5016101
vt 0.6224385 0.5016101
vt 0.6068182 0.5000000
vt 0.6068182 0.5000000
vt 0.6068181 0.5000000
vt 0.6068182 0.5000000
vt 0.6250000 0.5400000
vt 0.6650000 0.5000000
vt 0.6250000 0.5400000
vt 0.6650000 0.5000000
vn 0.0000000 -0.9238767 0.3826903
vn 0.0000000 -1.0000000 0.0000000
vn -0.3250835 -0.8880549 0.3250835
vn -0.3826903 -0.9238767 0.0000000
vn 0.0000000 0.0000000 1.0000000
vn 0.0000000 -0.3826903 0.9238767
vn -0.3250835 -0.3250835 0.8880549
vn -0.3826903 0.0000000 0.9238767
vn -0.8880549 -0.3250835 0.3250835
vn -0.9238767 0.0000000 0.3826903
vn -0.9238767 -0.3826903 0.0000000
vn -1.0000000 0.0000000 0.0000000
vn 0.0000000 -0.3826903 0.9238767
vn 0.0000000 -0.9238767 0.3826903
vn -0.3250835 -0.3250835 0.8880549
vn -0.3250835 -0.8880549 0.3250835
vn -0.3250835 -0.3250835 0.8880549
vn -0.3250835 -0.8880549 0.3250835
vn -0.8880549 -0.3250835 0.3250835
vn -0.3250835 -0.3250835 0.8880549
vn -0.3826903 0.0000000 0.9238767
vn -0.8880549 -0.3250835 0.3250835
vn -0.9238767 0.0000000 0.3826903
vn -0.3250835 -0.8880549 0.3250835
vn -0.3826903 -0.9238767 0.0000000
vn -0.8880549 -0.3250835 0.3250835
vn -0.9238767 -0.3826903 0.0000000
vn 0.0000000 0.0000000 1.0000000
vn 0.0000000 0.3826903 0.9238767
vn -0.3250835 0.3250835 0.8880549
vn -0.3826903 0.0000000 0.9238767
vn 0.0000000 0.9238767 0.3826903
vn 0.0000000 1.0000000 0.0000000
vn -0.3250835 0.8880549 0.3250835
vn -0.3826903 0.9238767 0.0000000
vn -0.8880549 0.3250835 0.3250835
vn -0.9238767 0.0000000 0.3826903
vn -0.9238767 0.3826903 0.0000000
vn -1.0000000 0.0000000 0.0000000
vn 0.0000000 0.3826903 0.9238767
vn 0.0000000 0.9238767 0.3826903
vn -0.3250835 0.3250835 0.8880549
vn -0.3250835 0.8880549 0.3250835
vn -0.3250835 0.3250835 0.8880549
vn -0.3250835 0.8880549 0.3250835
vn -0.8880549 0.3250835 0.3250835
vn -0.3250835 0.8880549 0.3250835
vn -0.3826903 0.9238767 0.0000000
vn -0.8880549 0.3250835 0.3250835
vn -0.9238767 0.3826903 0.0000000
vn -0.3250835 0.3250835 0.8880549
vn -0.3826903 0.0000000 0.9238767
vn -0.8880549 0.3250835 0.3250835
vn -0.9238767 0.0000000 0.3826903
vn 0.0000000 -0.9238767 -0.3826903
vn 0.0000000 -1.0000000 0.0000000
vn -0.3250835 -0.8880549 -0.3250835
vn -0.3826903 -0.9238767 0.0000000
vn -0.8880549 -0.3250835 -0.3250835
vn -0.9238767 0.0000000 -0.3826903
vn -0.9238767 -0.3826903 0.0000000
vn -1.0000000 0.0000000 0.0000000
vn 0.0000000 0.0000000 -1.0000000
vn 0.0000000 -0.3826903 -0.9238767
vn -0.3250835 -0.3250835 -0.8880549
vn -0.3826903 0.0000000 -0.9238767
vn -0.3250835 -0.8880549 -0.3250835
vn -0.3826903 -0.9238767 0.0000000
vn -0.8880549 -0.3250835 -0.3250835
vn -0.9238767 -0.3826903 0.0000000
vn -0.3250835 -0.3250835 -0.8880549
vn -0.3250835 -0.8880549 -0.3250835
vn -0.8880549 -0.3250835 -0.3250835
vn -0.3250835 -0.3250835 -0.8880549
vn -0.3826903 0.0000000 -0.9238767
vn -0.8880549 -0.3250835 -0.3250835
vn -0.9238767 0.0000000 -0.3826903
vn 0.0000000 -0.3826903 -0.9238767
vn 0.0000000 -0.9238767 -0.3826903
vn -0.3250835 -0.3250835 -0.8880549
vn -0.3250835 -0.8880549 -0.3250835
vn 0.0000000 0.9238767 -0.3826903
vn 0.0000000 1.0000000 0.0000000
vn -0.3250835 0.8880549 -0.3250835
vn -0.3826903 0.9238767 0.0000000
vn 0.0000000 0.0000000 -1.0000000
vn 0.0000000 0.3826903 -0.9238767
vn -0.3250835 0.3250835 -0.8880549
vn -0.3826903 0.0000000 -0.9238767
vn -0.8880549 0.3250835 -0.3250835
vn -0.9238767 0.0000000 -0.3826903
vn -0.9238767 0.3826903 0.0000000
vn -1.0000000 0.0000000 0.0000000
vn 0.0000000 0.3826903 -0.9238767
vn 0.0000000 0.9238767 -0.3826903
vn -0.3250835 0.3250835 -0.8880549
vn -0.3250835 0.8880549 -0.3250835
vn -0.3250835 0.3250835 -0.8880549
vn -0.3250835 0.8880549 -0.3250835
vn -0.8880549 0.3250835 -0.3250835
vn -0.3250835 0.3250835 -0.8880549
vn -0.3826903 0.0000000 -0.9238767
vn -0.8880549 0.3250835 -0.3250835
vn -0.9238767 0.0000000 -0.3826903
vn -0.3250835 0.8880549 -0.3250835
vn -0.3826903 0.9238767 0.0000000
vn -0.8880549 0.3250835 -0.3250835
vn -0.9238767 0.3826903 0.0000000
vn 0.0000000 -0.9238767 0.3826903
vn 0.0000000 -1.0000000 0.0000000
vn 0.3250835 -0.8880549 0.3250835
vn 0.3826903 -0.9238767 0.0000000
vn 0.8880549 -0.3250835 0.3250835
vn 0.9238767 0.0000000 0.3826903
vn 0.9238767 -0.3826903 0.0000000
vn 1.0000000 0.0000000 0.0000000
vn 0.0000000 0.0000000 1.0000000
vn 0.0000000 -0.3826903 0.9238767
vn 0.3250835 -0.3250835 0.8880549
vn 0.3826903 0.0000000 0.9238767
vn 0.3250835 -0.8880549 0.3250835
vn 0.3826903 -0.9238767 0.0000000
vn 0.8880549 -0.3250835 0.3250835
vn 0.9238767 -0.3826903 0.0000000
vn 0.3250835 -0.3250835 0.8880549
vn 0.3250835 -0.8880549 0.3250835
vn 0.8880549 -0.3250835 0.3250835
vn 0.3250835 -0.3250835 0.8880549
vn 0.3826903 0.0000000 0.9238767
vn 0.8880549 -0.3250835 0.3250835
vn 0.9238767 0.0000000 0.3826903
vn 0.0000000 -0.3826903 0.9238767
vn 0.0000000 -0.9238767 0.3826903
vn 0.3250835 -0.3250835 0.8880549
vn 0.3250835 -0.8880549 0.3250835
vn 0.0000000 0.9238767 0.3826903
vn 0.0000000 1.0000000 0.0000000
vn 0.3250835 0.8880549 0.3250835
vn 0.3826903 0.9238767 0.0000000
vn 0.0000000 0.0000000 1.0000000
vn 0.0000000 0.3826903 0.9238767
vn 0.3250835 0.3250835 0.8880549
vn 0.3826903 0.0000000 0.9238767
vn 0.8880549 0.3250835 0.3250835
vn 0.9238767 0.0000000 0.3826903
vn 0.9238767 0.3826903 0.0000000
vn 1.0000000 0.0000000 0.0000000
vn 0.0000000 0.3826903 0.9238767
vn 0.0000000 0.9238767 0.3826903
vn 0.3250835 0.3250835 0.8880549
vn 0.3250835 0.8880549 0.3250835
vn 0.3250835 0.3250835 0.8880549
vn 0.3250835 0.8880549 0.3250835
vn 0.8880549 0.3250835 0.3250835
vn 0.3250835 0.3250835 0.8880549
vn 0.3826903 0.0000000 0.9238767
vn 0.8880549 0.3250835 0.3250835
vn 0.9238767 0.0000000 0.3826903
vn 0.3250835 0.8880549 0.3250835
vn 0.3826903 0.9238767 0.0000000
vn 0.8880549 0.3250835 0.3250835
vn 0.9238767 0.3826903 0.0000000
vn 0.0000000 -0.9238767 -0.3826903
vn 0.0000000 -1.0000000 0.0000000
vn 0.3250835 -0.8880549 -0.3250835
vn 0.3826903 -0.9238767 0.0000000
vn 0.0000000 0.0000000 -1.0000000
vn 0.0000000 -0.3826903 -0.9238767
vn 0.3250835 -0.3250835 -0.8880549
vn 0.3826903 0.0000000 -0.9238767
vn 0.8880549 -0.3250835 -0.3250835
vn 0.9238767 0.0000000 -0.3826903
vn 0.9238767 -0.3826903 0.0000000
vn 1.0000000 0.0000000 0.0000000
vn 0.0000000 -0.3826903 -0.9238767
vn 0.0000000 -0.9238767 -0.3826903
vn 0.3250835 -0.3250835 -0.8880549
vn 0.3250835 -0.8880549 -0.3250835
vn 0.3250835 -0.3250835 -0.8880549
vn 0.3250835 -0.8880549 -0.3250835
vn 0.8880549 -0.3250835 -0.3250835
vn 0.3250835 -0.3250835 -0.8880549
vn 0.3826903 0.0000000 -0.9238767
vn 0.8880549 -0.3250835 -0.3250835
vn 0.9238767 0.0000000 -0.3826903
vn 0.3250835 -0.8880549 -0.3250835
vn 0.3826903 -0.9238767 0.0000000
vn 0.8880549 -0.3250835 -0.3250835
vn 0.9238767 -0.3826903 0.0000000
vn 0.0000000 0.9238767 -0.3826903
vn 0.0000000 1.0000000 0.0000000
vn 0.3250835 0.8880549 -0.3250835
vn 0.3826903 0.9238767 0.0000000
vn 0.8880549 0.3250835 -0.3250835
vn 0.9238767 0.0000000 -0.3826903
vn 0.9238767 0.3826903 0.0000000
vn 1.0000000 0.0000000 0.0000000
vn 0.0000000 0.0000000 -1.0000000
vn 0.0000000 0.3826903 -0.9238767
vn 0.3250835 0.3250835 -0.8880549
vn 0.3826903 0.0000000 -0.9238767
vn 0.3250835 0.8880549 -0.3250835
vn 0.3826903 0.9238767 0.0000000
vn 0.8880549 0.3250835 -0.3250835
vn 0.9238767 0.3826903 0.0000000
vn 0.3250835 0.3250835 -0.8880549
vn 0.3250835 0.8880549 -0.3250835
vn 0.8880549 0.3250835 -0.3250835
vn 0.3250835 0.3250835 -0.8880549
vn 0.3826903 0.0000000 -0.9238767
vn 0.8880549 0.3250835 -0.3250835
vn 0.9238767 0.0000000 -0.3826903
vn 0.0000000 0.3826903 -0.9238767
vn 0.0000000 0.9238767 -0.3826903
vn 0.3250835 0.3250835 -0.8880549
vn 0.3250835 0.8880549 -0.3250835
f 773/773/773 796/796/796 684/684/684
f 773/773/773 684/684/684 661/661/661
f 830/830/830 853/853/853 803/803/803
f 830/830/830 803/803/803 772/772/772
f 847/847/847 739/739/739 689/689/689
f 847/847/847 689/689/689 793/793/793
f 668/668/668 695/695/695 749/749/749
f 668/668/668 749/749/749 718/718/718
f 719/719/719 742/742/742 854/854/854
f 719/719/719 854/854/854 823/823/823
f 659/659/659 672/672/672 674/674/674
f 659/659/659 674/674/674 680/680/680
f 663/663/663 676/676/676 673/673/673
f 663/663/663 673/673/673 671/671/671
f 665/665/665 682/682/682 675/675/675
f 665/665/665 675/675/675 678/678/678
f 686/686/686 698/698/698 700/700/700
f 686/686/686 700/700/700 707/707/707
f 690/690/690 703/703/703 701/701/701
f 690/690/690 701/701/701 699/699/699
f 692/692/692 709/709/709 702/702/702
f 692/692/692 702/702/702 705/705/705
f 713/713/713 723/723/723 728/728/728
f 713/713/713 728/728/728 737/737/737
f 715/715/715 732/732/732 729/729/729
f 715/715/715 729/729/729 725/725/725
f 721/721/721 736/736/736 727/727/727
f 721/721/721 727/727/727 730/730/730
f 740/740/740 753/753/753 755/755/755
f 740/740/740 755/755/755 761/761/761
f 744/744/744 757/757/757 754/754/754
f 744/744/744 754/754/754 752/752/752
f 746/746/746 763/763/763 756/756/756
f 746/746/746 756/756/756 759/759/759
f 767/767/767 777/777/777 782/782/782
f 767/767/767 782/782/782 791/791/791
f 769/769/769 786/786/786 783/783/783
f 769/769/769 783/783/783 779/779/779
f 775/775/775 790/790/790 781/781/781
f 775/775/775 781/781/781 784/784/784
f 794/794/794 807/807/807 809/809/809
f 794/794/794 809/809/809 815/815/815
f 798/798/798 811/811/811 808/808/808
f 798/798/798 808/808/808 806/806/806
f 800/800/800 817/817/817 810/810/810
f 800/800/800 810/810/810 813/813/813
f 821/821/821 834/834/834 836/836/836
f 821/821/821 836/836/836 842/842/842
f 825/825/825 838/838/838 835/835/835
f 825/825/825 835/835/835 833/833/833
f 827/827/827 844/844/844 837/837/837
f 827/827/827 837/837/837 840/840/840
f 848/848/848 858/858/858 863/863/863
f 848/848/848 863/863/863 872/872/872
f 850/850/850 867/867/867 864/864/864
f 850/850/850 864/864/864 860/860/860
f 856/856/856 871/871/871 862/862/862
f 856/856/856 862/862/862 865/865/865
f 714/714/714 660/660/660 681/681/681
f 714/714/714 681/681/681 724/724/724
f 726/726/726 683/683/683 667/667/667
f 726/726/726 667/667/667 717/717/717
f 664/664/664 687/687/687 708/708/708
f 664/664/664 708/708/708 677/677/677
f 679/679/679 710/710/710 693/693/693
f 679/679/679 693/693/693 666/666/666
f 691/691/691 741/741/741 762/762/762
f 691/691/691 762/762/762 704/704/704
f 706/706/706 764/764/764 748/748/748
f 706/706/706 748/748/748 694/694/694
f 745/745/745 722/722/722 731/731/731
f 745/745/745 731/731/731 758/758/758
f 760/760/760 733/733/733 716/716/716
f 760/760/760 716/716/716 747/747/747
f 819/819/819 711/711/711 735/735/735
f 819/819/819 735/735/735 832/832/832
f 831/831/831 734/734/734 720/720/720
f 831/831/831 720/720/720 824/824/824
f 738/738/738 846/846/846 870/870/870
f 738/738/738 870/870/870 751/751/751
f 750/750/750 869/869/869 855/855/855
f 750/750/750 855/855/855 743/743/743
f 851/851/851 828/828/828 841/841/841
f 851/851/851 841/841/841 868/868/868
f 866/866/866 839/839/839 826/826/826
f 866/866/866 826/826/826 857/857/857
f 768/768/768 822/822/822 843/843/843
f 768/768/768 843/843/843 778/778/778
f 780/780/780 845/845/845 829/829/829
f 780/780/780 829/829/829 771/771/771
f 849/849/849 795/795/795 816/816/816
f 849/849/849 816/816/816 859/859/859
f 861/861/861 818/818/818 802/802/802
f 861/861/861 802/802/802 852/852/852
f 799/799/799 776/776/776 785/785/785
f 799/799/799 785/785/785 812/812/812
f 814/814/814 787/787/787 770/770/770
f 814/814/814 770/770/770 801/801/801
f 657/657/657 765/765/765 789/789/789
f 657/657/657 789/789/789 670/670/670
f 669/669/669 788/788/788 774/774/774
f 669/669/669 774/774/774 662/662/662
f 792/792/792 688/688/688 697/697/697
f 792/792/792 697/697/697 805/805/805
f 804/804/804 696/696/696 685/685/685
f 804/804/804 685/685/685 797/797/797
f 712/712/712 820/820/820 766/766/766
f 712/712/712 766/766/766 658/658/658
o Grip_0
usemtl Polymer_Black
v -0.0392000 -0.3863996 0.0954192
v -0.0392000 -0.3863996 0.0954192
v -0.0392000 -0.3863996 0.0954192
v -0.0392000 -0.3863996 0.0954192
v -0.0392000 -0.3508328 0.1205644
v -0.0392000 -0.3508328 0.1205644
v -0.0392000 -0.3508328 0.1205644
v -0.0392000 -0.3508328 0.1205644
v -0.0700000 -0.3560436 0.0902084
v -0.0700000 -0.3560436 0.0902084
v -0.0700000 -0.3560436 0.0902084
v -0.0700000 -0.3560436 0.0902084
v -0.0392000 -0.3738239 0.1153579
v -0.0392000 -0.3738239 0.1153579
v -0.0392000 -0.3738239 0.1153579
v -0.0392000 -0.3738239 0.1153579
v -0.0569824 -0.3705612 0.1107429
v -0.0569824 -0.3705612 0.1107429
v -0.0569824 -0.3705612 0.1107429
v -0.0609789 -0.3523590 0.1116733
v -0.0609789 -0.3523590 0.1116733
v -0.0609789 -0.3523590 0.1116733
v -0.0609789 -0.3523590 0.1116733
v -0.0609789 -0.3775085 0.0938930
v -0.0609789 -0.3775085 0.0938930
v -0.0609789 -0.3775085 0.0938930
v -0.0609789 -0.3775085 0.0938930
v -0.0392000 -0.0370226 0.0666967
v -0.0392000 -0.0370226 0.0666967
v -0.0392000 -0.0370226 0.0666967
v -0.0392000 -0.0370226 0.0666967
v -0.0392000 -0.0118774 0.0311299
v -0.0392000 -0.0118774 0.0311299
v -0.0392000 -0.0118774 0.0311299
v -0.0392000 -0.0118774 0.0311299
v -0.0700000 -0.0422334 0.0363407
v -0.0700000 -0.0422334 0.0363407
v -0.0700000 -0.0422334 0.0363407
v -0.0700000 -0.0422334 0.0363407
v -0.0392000 -0.0170838 0.0541210
v -0.0392000 -0.0170838 0.0541210
v -0.0392000 -0.0170838 0.0541210
v -0.0392000 -0.0170838 0.0541210
v -0.0569824 -0.0216989 0.0508583
v -0.0569824 -0.0216989 0.0508583
v -0.0569824 -0.0216989 0.0508583
v -0.0609789 -0.0207684 0.0326561
v -0.0609789 -0.0207684 0.0326561
v -0.0609789 -0.0207684 0.0326561
v -0.0609789 -0.0207684 0.0326561
v -0.0609789 -0.0385488 0.0578057
v -0.0609789 -0.0385488 0.0578057
v -0.0609789 -0.0385488 0.0578057
v -0.0609789 -0.0385488 0.0578057
v -0.0392000 -0.4081226 -0.0311299
v -0.0392000 -0.4081226 -0.0311299
v -0.0392000 -0.4081226 -0.0311299
v -0.0392000 -0.4081226 -0.0311299
v -0.0700000 -0.3777666 -0.0363407
v -0.0700000 -0.3777666 -0.0363407
v -0.0700000 -0.3777666 -0.0363407
v -0.0700000 -0.3777666 -0.0363407
v -0.0392000 -0.3829774 -0.0666967
v -0.0392000 -0.3829774 -0.0666967
v -0.0392000 -0.3829774 -0.0666967
v -0.0392000 -0.3829774 -0.0666967
v -0.0609789 -0.3992316 -0.0326561
v -0.0609789 -0.3992316 -0.0326561
v -0.0609789 -0.3992316 -0.0326561
v -0.0609789 -0.3992316 -0.0326561
v -0.0569824 -0.3983011 -0.0508583
v -0.0569824 -0.3983011 -0.0508583
v -0.0569824 -0.3983011 -0.0508583
v -0.0609789 -0.3814512 -0.0578057
v -0.0609789 -0.3814512 -0.0578057
v -0.0609789 -0.3814512 -0.0578057
v -0.0609789 -0.3814512 -0.0578057
v -0.0392000 -0.4029162 -0.0541210
v -0.0392000 -0.4029162 -0.0541210
v -0.0392000 -0.4029162 -0.0541210
v -0.0392000 -0.4029162 -0.0541210
v -0.0392000 -0.0336004 -0.0954192
v -0.0392000 -0.0336004 -0.0954192
v -0.0392000 -0.0336004 -0.0954192
v -0.0392000 -0.0336004 -0.0954192
v -0.0392000 -0.0691672 -0.1205644
v -0.0392000 -0.0691672 -0.1205644
v -0.0392000 -0.0691672 -0.1205644
v -0.0392000 -0.0691672 -0.1205644
v -0.0700000 -0.0639564 -0.0902084
v -0.0700000 -0.0639564 -0.0902084
v -0.0700000 -0.0639564 -0.0902084
v -0.0700000 -0.0639564 -0.0902084
v -0.0392000 -0.0461760 -0.1153579
v -0.0392000 -0.0461760 -0.1153579
v -0.0392000 -0.0461760 -0.1153579
v -0.0392000 -0.0461760 -0.1153579
v -0.0569824 -0.0494388 -0.1107429
v -0.0569824 -0.0494388 -0.1107429
v -0.0569824 -0.0494388 -0.1107429
v -0.0609789 -0.0676410 -0.1116733
v -0.0609789 -0.0676410 -0.1116733
v -0.0609789 -0.0676410 -0.1116733
v -0.0609789 -0.0676410 -0.1116733
v -0.0609789 -0.0424914 -0.0938930
v -0.0609789 -0.0424914 -0.0938930
v -0.0609789 -0.0424914 -0.0938930
v -0.0609789 -0.0424914 -0.0938930
v 0.0392000 -0.3863996 0.0954192
v 0.0392000 -0.3863996 0.0954192
v 0.0392000 -0.3863996 0.0954192
v 0.0392000 -0.3863996 0.0954192
v 0.0700000 -0.3560436 0.0902084
v 0.0700000 -0.3560436 0.0902084
v 0.0700000 -0.3560436 0.0902084
v 0.0700000 -0.3560436 0.0902084
v 0.0392000 -0.3508328 0.1205644
v 0.0392000 -0.3508328 0.1205644
v 0.0392000 -0.3508328 0.1205644
v 0.0392000 -0.3508328 0.1205644
v 0.0609789 -0.3775085 0.0938930
v 0.0609789 -0.3775085 0.0938930
v 0.0609789 -0.3775085 0.0938930
v 0.0609789 -0.3775085 0.0938930
v 0.0569824 -0.3705612 0.1107429
v 0.0569824 -0.3705612 0.1107429
v 0.0569824 -0.3705612 0.1107429
v 0.0609789 -0.3523590 0.1116733
v 0.0609789 -0.3523590 0.1116733
v 0.0609789 -0.3523590 0.1116733
v 0.0609789 -0.3523590 0.1116733
v 0.0392000 -0.3738239 0.1153579
v 0.0392000 -0.3738239 0.1153579
v 0.0392000 -0.3738239 0.1153579
v 0.0392000 -0.3738239 0.1153579
v 0.0392000 -0.0118774 0.0311299
v 0.0392000 -0.0118774 0.0311299
v 0.0392000 -0.0118774 0.0311299
v 0.0392000 -0.0118774 0.0311299
v 0.0392000 -0.0370226 0.0666967
v 0.0392000 -0.0370226 0.0666967
v 0.0392000 -0.0370226 0.0666967
v 0.0392000 -0.0370226 0.0666967
v 0.0700000 -0.0422334 0.0363407
v 0.0700000 -0.0422334 0.0363407
v 0.0700000 -0.0422334 0.0363407
v 0.0700000 -0.0422334 0.0363407
v 0.0392000 -0.0170838 0.0541210
v 0.0392000 -0.0170838 0.0541210
v 0.0392000 -0.0170838 0.0541210
v 0.0392000 -0.0170838 0.0541210
v 0.0569824 -0.0216989 0.0508583
v 0.0569824 -0.0216989 0.0508583
v 0.0569824 -0.0216989 0.0508583
v 0.0609789 -0.0385488 0.0578057
v 0.0609789 -0.0385488 0.0578057
v 0.0609789 -0.0385488 0.0578057
v 0.0609789 -0.0385488 0.0578057
v 0.0609789 -0.0207684 0.0326561
v 0.0609789 -0.0207684 0.0326561
v 0.0609789 -0.0207684 0.0326561
v 0.0609789 -0.0207684 0.0326561
v 0.0392000 -0.4081226 -0.0311299
v 0.0392000 -0.4081226 -0.0311299
v 0.0392000 -0.4081226 -0.0311299
v 0.0392000 -0.4081226 -0.0311299
v 0.0392000 -0.3829774 -0.0666967
v 0.0392000 -0.3829774 -0.0666967
v 0.0392000 -0.3829774 -0.0666967
v 0.0392000 -0.3829774 -0.0666967
v 0.0700000 -0.3777666 -0.0363407
v 0.0700000 -0.3777666 -0.0363407
v 0.0700000 -0.3777666 -0.0363407
v 0.0700000 -0.3777666 -0.0363407
v 0.0392000 -0.4029162 -0.0541210
v 0.0392000 -0.4029162 -0.0541210
v 0.0392000 -0.4029162 -0.0541210
v 0.0392000 -0.4029162 -0.0541210
v 0.0569824 -0.3983011 -0.0508583
v 0.0569824 -0.3983011 -0.0508583
v 0.0569824 -0.3983011 -0.0508583
v 0.0609789 -0.3814512 -0.0578057
v 0.0609789 -0.3814512 -0.0578057
v 0.0609789 -0.3814512 -0.0578057
v 0.0609789 -0.3814512 -0.0578057
v 0.0609789 -0.3992316 -0.0326561
v 0.0609789 -0.3992316 -0.0326561
v 0.0609789 -0.3992316 -0.0326561
v 0.0609789 -0.3992316 -0.0326561
v 0.0392000 -0.0336004 -0.0954192
v 0.0392000 -0.0336004 -0.0954192
v 0.0392000 -0.0336004 -0.0954192
v 0.0392000 -0.0336004 -0.0954192
v 0.0700000 -0.0639564 -0.0902084
v 0.0700000 -0.0639564 -0.0902084
v 0.0700000 -0.0639564 -0.0902084
v 0.0700000 -0.0639564 -0.0902084
v 0.0392000 -0.0691672 -0.1205644
v 0.0392000 -0.0691672 -0.1205644
v 0.0392000 -0.0691672 -0.1205644
v 0.0392000 -0.0691672 -0.1205644
v 0.0609789 -0.0424914 -0.0938930
v 0.0609789 -0.0424914 -0.0938930
v 0.0609789 -0.0424914 -0.0938930
v 0.0609789 -0.0424914 -0.0938930
v 0.0569824 -0.0494388 -0.1107429
v 0.0569824 -0.0494388 -0.1107429
v 0.0569824 -0.0494388 -0.1107429
v 0.0609789 -0.0676410 -0.1116733
v 0.0609789 -0.0676410 -0.1116733
v 0.0609789 -0.0676410 -0.1116733
v 0.0609789 -0.0676410 -0.1116733
v 0.0392000 -0.0461760 -0.1153579
v 0.0392000 -0.0461760 -0.1153579
v 0.0392000 -0.0461760 -0.1153579
v 0.0392000 -0.0461760 -0.1153579
vt 0.1800000 0.2905263
vt 0.1800000 0.2905263
vt 0.1800000 0.2905263
vt 0.1800000 0.2905263
vt 0.3952631 0.0550001
vt 0.3952631 0.0550001
vt 0.3952631 0.0550001
vt 0.3952631 0.0550001
vt 0.3952632 0.9594737
vt 0.3952632 0.9594737
vt 0.3952632 0.9594737
vt 0.3952632 0.9594737
vt 0.3750000 0.0550000
vt 0.1800000 0.2500000
vt 0.3750000 0.0550000
vt 0.1800000 0.2500000
vt 0.3835642 0.0000000
vt 0.1482457 0.2500000
vt 0.3750000 0.9828715
vt 0.3952631 0.0000000
vt 0.3952631 0.0000000
vt 0.3952631 1.0000000
vt 0.3952631 1.0000000
vt 0.1250000 0.2905263
vt 0.1250000 0.2905263
vt 0.3750000 0.9594737
vt 0.3750000 0.9594737
vt 0.6047368 0.0550000
vt 0.6047368 0.0550000
vt 0.6047368 0.0550000
vt 0.6047368 0.0550000
vt 0.8199999 0.2905263
vt 0.8199999 0.2905263
vt 0.8199999 0.2905263
vt 0.8199999 0.2905263
vt 0.6047368 0.9594737
vt 0.6047368 0.9594737
vt 0.6047368 0.9594737
vt 0.6047368 0.9594737
vt 0.6250000 0.0550000
vt 0.8200001 0.2500000
vt 0.6250000 0.0550000
vt 0.8200001 0.2500000
vt 0.6250000 0.0232458
vt 0.8750000 0.2671284
vt 0.6164357 1.0000000
vt 0.8750000 0.2905263
vt 0.8750000 0.2905263
vt 0.6250000 0.9594737
vt 0.6250000 0.9594737
vt 0.6047369 0.0000000
vt 0.6047369 0.0000000
vt 0.6047369 1.0000000
vt 0.6047369 1.0000000
vt 0.1800000 0.4594736
vt 0.1800000 0.4594736
vt 0.1800000 0.4594736
vt 0.1800000 0.4594736
vt 0.3952631 0.7905263
vt 0.3952631 0.7905263
vt 0.3952631 0.7905263
vt 0.3952631 0.7905263
vt 0.3952632 0.6950000
vt 0.3952632 0.6950000
vt 0.3952632 0.6950000
vt 0.3952632 0.6950000
vt 0.1250000 0.4594737
vt 0.1250000 0.4594737
vt 0.3750000 0.7905263
vt 0.3750000 0.7905263
vt 0.3750000 0.7267542
vt 0.1250000 0.4828715
vt 0.3835642 0.7500000
vt 0.3952631 0.7500000
vt 0.3952631 0.7500000
vt 0.3952631 0.7500000
vt 0.3952631 0.7500000
vt 0.3750000 0.6950000
vt 0.1800000 0.5000000
vt 0.3750000 0.6950000
vt 0.1800000 0.5000000
vt 0.8200001 0.4594737
vt 0.8200001 0.4594737
vt 0.8200001 0.4594737
vt 0.8200001 0.4594737
vt 0.6047368 0.6950001
vt 0.6047368 0.6950001
vt 0.6047368 0.6950001
vt 0.6047368 0.6950001
vt 0.6047368 0.7905263
vt 0.6047368 0.7905263
vt 0.6047368 0.7905263
vt 0.6047368 0.7905263
vt 0.6250000 0.6950000
vt 0.8200001 0.5000000
vt 0.6250000 0.6950000
vt 0.8200001 0.5000000
vt 0.6164358 0.7500000
vt 0.8517542 0.5000000
vt 0.6250000 0.7671285
vt 0.6047369 0.7500000
vt 0.6047369 0.7500000
vt 0.6047369 0.7500000
vt 0.6047369 0.7500000
vt 0.8750000 0.4594737
vt 0.8750000 0.4594737
vt 0.6250000 0.7905263
vt 0.6250000 0.7905263
vt 0.3200000 0.2905263
vt 0.3200000 0.2905263
vt 0.3200000 0.2905263
vt 0.3200000 0.2905263
vt 0.3952631 0.2905263
vt 0.3952631 0.2905263
vt 0.3952631 0.2905263
vt 0.3952631 0.2905263
vt 0.3952632 0.1950001
vt 0.3952632 0.1950001
vt 0.3952632 0.1950001
vt 0.3952632 0.1950001
vt 0.3750000 0.2905263
vt 0.3750000 0.2905263
vt 0.3750000 0.2905263
vt 0.3750000 0.2905263
vt 0.3778548 0.2479609
vt 0.3778548 0.2479609
vt 0.3778548 0.2479609
vt 0.3952631 0.2500000
vt 0.3952631 0.2500000
vt 0.3952631 0.2500000
vt 0.3952631 0.2500000
vt 0.3750000 0.1950000
vt 0.3200000 0.2500000
vt 0.3750000 0.1950000
vt 0.3200000 0.2500000
vt 0.6799999 0.2905263
vt 0.6799999 0.2905263
vt 0.6799999 0.2905263
vt 0.6799999 0.2905263
vt 0.6047368 0.1950001
vt 0.6047368 0.1950001
vt 0.6047368 0.1950001
vt 0.6047368 0.1950001
vt 0.6047368 0.2905264
vt 0.6047368 0.2905264
vt 0.6047368 0.2905264
vt 0.6047368 0.2905264
vt 0.6250000 0.1950000
vt 0.6800000 0.2500000
vt 0.6250000 0.1950000
vt 0.6800000 0.2500000
vt 0.6298939 0.2557095
vt 0.6298939 0.2557095
vt 0.6298939 0.2557095
vt 0.6047369 0.2500000
vt 0.6047369 0.2500000
vt 0.6047369 0.2500000
vt 0.6047369 0.2500000
vt 0.6250000 0.2905263
vt 0.6250000 0.2905263
vt 0.6250000 0.2905263
vt 0.6250000 0.2905263
vt 0.3200000 0.4594737
vt 0.3200000 0.4594737
vt 0.3200000 0.4594737
vt 0.3200000 0.4594737
vt 0.3952631 0.5550000
vt 0.3952631 0.5550000
vt 0.3952631 0.5550000
vt 0.3952631 0.5550000
vt 0.3952632 0.4594737
vt 0.3952632 0.4594737
vt 0.3952632 0.4594737
vt 0.3952632 0.4594737
vt 0.3750000 0.5550000
vt 0.3200000 0.5000000
vt 0.3750000 0.5550000
vt 0.3200000 0.5000000
vt 0.3701062 0.4942905
vt 0.3701062 0.4942905
vt 0.3701062 0.4942905
vt 0.3952631 0.5000000
vt 0.3952631 0.5000000
vt 0.3952631 0.5000000
vt 0.3952631 0.5000000
vt 0.3750000 0.4594737
vt 0.3750000 0.4594737
vt 0.3750000 0.4594737
vt 0.3750000 0.4594737
vt 0.6800000 0.4594736
vt 0.6800000 0.4594736
vt 0.6800000 0.4594736
vt 0.6800000 0.4594736
vt 0.6047368 0.4594737
vt 0.6047368 0.4594737
vt 0.6047368 0.4594737
vt 0.6047368 0.4594737
vt 0.6047368 0.5550000
vt 0.6047368 0.5550000
vt 0.6047368 0.5550000
vt 0.6047368 0.5550000
vt 0.6250000 0.4594737
vt 0.6250000 0.4594737
vt 0.6250000 0.4594737
vt 0.6250000 0.4594737
vt 0.6221453 0.5020391
vt 0.6221453 0.5020391
vt 0.6221453 0.5020391
vt 0.6047369 0.5000000
vt 0.6047369 0.5000000
vt 0.6047369 0.5000000
vt 0.6047369 0.5000000
vt 0.6250000 0.5550000
vt 0.6800001 0.5000000
vt 0.6250000 0.5550000
vt 0.6800001 0.5000000
vn 0.0000000 -0.8458143 0.5334774
vn 0.0000000 -0.9855848 0.1691823
vn -0.3250835 -0.8202550 0.4706405
vn -0.3826903 -0.9105588 0.1563036
vn 0.0000000 0.1691823 0.9855848
vn 0.0000000 -0.2208701 0.9753032
vn -0.3250835 -0.1701541 0.9302517
vn -0.3826903 0.1563036 0.9105588
vn -0.8880549 -0.2653989 0.3753957
vn -0.9238767 0.0647444 0.3771738
vn -0.9238767 -0.3771738 0.0647444
vn -1.0000000 0.0000000 0.0000000
vn 0.0000000 -0.2208701 0.9753032
vn 0.0000000 -0.8458143 0.5334774
vn -0.3250835 -0.1701541 0.9302517
vn -0.3250835 -0.8202550 0.4706405
vn -0.3250835 -0.1701541 0.9302517
vn -0.3250835 -0.8202550 0.4706405
vn -0.8880549 -0.2653989 0.3753957
vn -0.3250835 -0.1701541 0.9302517
vn -0.3826903 0.1563036 0.9105588
vn -0.8880549 -0.2653989 0.3753957
vn -0.9238767 0.0647444 0.3771738
vn -0.3250835 -0.8202550 0.4706405
vn -0.3826903 -0.9105588 0.1563036
vn -0.8880549 -0.2653989 0.3753957
vn -0.9238767 -0.3771738 0.0647444
vn 0.0000000 0.1691823 0.9855848
vn 0.0000000 0.5334774 0.8458143
vn -0.3250835 0.4706405 0.8202550
vn -0.3826903 0.1563036 0.9105588
vn 0.0000000 0.9753032 0.2208701
vn 0.0000000 0.9855848 -0.1691823
vn -0.3250835 0.9302517 0.1701541
vn -0.3826903 0.9105588 -0.1563036
vn -0.8880549 0.3753957 0.2653989
vn -0.9238767 0.0647444 0.3771738
vn -0.9238767 0.3771738 -0.0647444
vn -1.0000000 0.0000000 0.0000000
vn 0.0000000 0.5334774 0.8458143
vn 0.0000000 0.9753032 0.2208701
vn -0.3250835 0.4706405 0.8202550
vn -0.3250835 0.9302517 0.1701541
vn -0.3250835 0.4706405 0.8202550
vn -0.3250835 0.9302517 0.1701541
vn -0.8880549 0.3753957 0.2653989
vn -0.3250835 0.9302517 0.1701541
vn -0.3826903 0.9105588 -0.1563036
vn -0.8880549 0.3753957 0.2653989
vn -0.9238767 0.3771738 -0.0647444
vn -0.3250835 0.4706405 0.8202550
vn -0.3826903 0.1563036 0.9105588
vn -0.8880549 0.3753957 0.2653989
vn -0.9238767 0.0647444 0.3771738
vn 0.0000000 -0.9753032 -0.2208701
vn 0.0000000 -0.9855848 0.1691823
vn -0.3250835 -0.9302517 -0.1701541
vn -0.3826903 -0.9105588 0.1563036
vn -0.8880549 -0.3753957 -0.2653989
vn -0.9238767 -0.0647444 -0.3771738
vn -0.9238767 -0.3771738 0.0647444
vn -1.0000000 0.0000000 0.0000000
vn 0.0000000 -0.1691823 -0.9855848
vn 0.0000000 -0.5334774 -0.8458143
vn -0.3250835 -0.4706405 -0.8202550
vn -0.3826903 -0.1563036 -0.9105588
vn -0.3250835 -0.9302517 -0.1701541
vn -0.3826903 -0.9105588 0.1563036
vn -0.8880549 -0.3753957 -0.2653989
vn -0.9238767 -0.3771738 0.0647444
vn -0.3250835 -0.4706405 -0.8202550
vn -0.3250835 -0.9302517 -0.1701541
vn -0.8880549 -0.3753957 -0.2653989
vn -0.3250835 -0.4706405 -0.8202550
vn -0.3826903 -0.1563036 -0.9105588
vn -0.8880549 -0.3753957 -0.2653989
vn -0.9238767 -0.0647444 -0.3771738
vn 0.0000000 -0.5334774 -0.8458143
vn 0.0000000 -0.9753032 -0.2208701
vn -0.3250835 -0.4706405 -0.8202550
vn -0.3250835 -0.9302517 -0.1701541
vn 0.0000000 0.8458143 -0.5334774
vn 0.0000000 0.9855848 -0.1691823
vn -0.3250835 0.8202550 -0.4706405
vn -0.3826903 0.9105588 -0.1563036
vn 0.0000000 -0.1691823 -0.9855848
vn 0.0000000 0.2208701 -0.9753032
vn -0.3250835 0.1701541 -0.9302517
vn -0.3826903 -0.1563036 -0.9105588
vn -0.8880549 0.2653989 -0.3753957
vn -0.9238767 -0.0647444 -0.3771738
vn -0.9238767 0.3771738 -0.0647444
vn -1.0000000 0.0000000 0.0000000
vn 0.0000000 0.2208701 -0.9753032
vn 0.0000000 0.8458143 -0.5334774
vn -0.3250835 0.1701541 -0.9302517
vn -0.3250835 0.8202550 -0.4706405
vn -0.3250835 0.1701541 -0.9302517
vn -0.3250835 0.8202550 -0.4706405
vn -0.8880549 0.2653989 -0.3753957
vn -0.3250835 0.1701541 -0.9302517
vn -0.3826903 -0.1563036 -0.9105588
vn -0.8880549 0.2653989 -0.3753957
vn -0.9238767 -0.0647444 -0.3771738
vn -0.3250835 0.8202550 -0.4706405
vn -0.3826903 0.9105588 -0.1563036
vn -0.8880549 0.2653989 -0.3753957
vn -0.9238767 0.3771738 -0.0647444
vn 0.0000000 -0.8458143 0.5334774
vn 0.0000000 -0.9855848 0.1691823
vn 0.3250835 -0.8202550 0.4706405
vn 0.3826903 -0.9105588 0.1563036
vn 0.8880549 -0.2653989 0.3753957
vn 0.9238767 0.0647444 0.3771738
vn 0.9238767 -0.3771738 0.0647444
vn 1.0000000 0.0000000 0.0000000
vn 0.0000000 0.1691823 0.9855848
vn 0.0000000 -0.2208701 0.9753032
vn 0.3250835 -0.1701541 0.9302517
vn 0.3826903 0.1563036 0.9105588
vn 0.3250835 -0.8202550 0.4706405
vn 0.3826903 -0.9105588 0.1563036
vn 0.8880549 -0.2653989 0.3753957
vn 0.9238767 -0.3771738 0.0647444
vn 0.3250835 -0.1701541 0.9302517
vn 0.3250835 -0.8202550 0.4706405
vn 0.8880549 -0.2653989 0.3753957
vn 0.3250835 -0.1701541 0.9302517
vn 0.3826903 0.1563036 0.9105588
vn 0.8880549 -0.2653989 0.3753957
vn 0.9238767 0.0647444 0.3771738
vn 0.0000000 -0.2208701 0.9753032
vn 0.0000000 -0.8458143 0.5334774
vn 0.3250835 -0.1701541 0.9302517
vn 0.3250835 -0.8202550 0.4706405
vn 0.0000000 0.9753032 0.2208701
vn 0.0000000 0.9855848 -0.1691823
vn 0.3250835 0.9302517 0.1701541
vn 0.3826903 0.9105588 -0.1563036
vn 0.0000000 0.1691823 0.9855848
vn 0.0000000 0.5334774 0.8458143
vn 0.3250835 0.4706405 0.8202550
vn 0.3826903 0.1563036 0.9105588
vn 0.8880549 0.3753957 0.2653989
vn 0.9238767 0.0647444 0.3771738
vn 0.9238767 0.3771738 -0.0647444
vn 1.0000000 0.0000000 0.0000000
vn 0.0000000 0.5334774 0.8458143
vn 0.0000000 0.9753032 0.2208701
vn 0.3250835 0.4706405 0.8202550
vn 0.3250835 0.9302517 0.1701541
vn 0.3250835 0.4706405 0.8202550
vn 0.3250835 0.9302517 0.1701541
vn 0.8880549 0.3753957 0.2653989
vn 0.3250835 0.4706405 0.8202550
vn 0.3826903 0.1563036 0.9105588
vn 0.8880549 0.3753957 0.2653989
vn 0.9238767 0.0647444 0.3771738
vn 0.3250835 0.9302517 0.1701541
vn 0.3826903 0.9105588 -0.1563036
vn 0.8880549 0.3753957 0.2653989
vn 0.9238767 0.3771738 -0.0647444
vn 0.0000000 -0.9753032 -0.2208701
vn 0.0000000 -0.9855848 0.1691823
vn 0.3250835 -0.9302517 -0.1701541
vn 0.3826903 -0.9105588 0.1563036
vn 0.0000000 -0.1691823 -0.9855848
vn 0.0000000 -0.5334774 -0.8458143
vn 0.3250835 -0.4706405 -0.8202550
vn 0.3826903 -0.1563036 -0.9105588
vn 0.8880549 -0.3753957 -0.2653989
vn 0.9238767 -0.0647444 -0.3771738
vn 0.9238767 -0.3771738 0.0647444
vn 1.0000000 0.0000000 0.0000000
vn 0.0000000 -0.5334774 -0.8458143
vn 0.0000000 -0.9753032 -0.2208701
vn 0.3250835 -0.4706405 -0.8202550
vn 0.3250835 -0.9302517 -0.1701541
vn 0.3250835 -0.4706405 -0.8202550
vn 0.3250835 -0.9302517 -0.1701541
vn 0.8880549 -0.3753957 -0.2653989
vn 0.3250835 -0.4706405 -0.8202550
vn 0.3826903 -0.1563036 -0.9105588
vn 0.8880549 -0.3753957 -0.2653989
vn 0.9238767 -0.0647444 -0.3771738
vn 0.3250835 -0.9302517 -0.1701541
vn 0.3826903 -0.9105588 0.1563036
vn 0.8880549 -0.3753957 -0.2653989
vn 0.9238767 -0.3771738 0.0647444
vn 0.0000000 0.8458143 -0.5334774
vn 0.0000000 0.9855848 -0.1691823
vn 0.3250835 0.8202550 -0.4706405
vn 0.3826903 0.9105588 -0.1563036
vn 0.8880549 0.2653989 -0.3753957
vn 0.9238767 -0.0647444 -0.3771738
vn 0.9238767 0.3771738 -0.0647444
vn 1.0000000 0.0000000 0.0000000
vn 0.0000000 -0.1691823 -0.9855848
vn 0.0000000 0.2208701 -0.9753032
vn 0.3250835 0.1701541 -0.9302517
vn 0.3826903 -0.1563036 -0.9105588
vn 0.3250835 0.8202550 -0.4706405
vn 0.3826903 0.9105588 -0.1563036
vn 0.8880549 0.2653989 -0.3753957
vn 0.9238767 0.3771738 -0.0647444
vn 0.3250835 0.1701541 -0.9302517
vn 0.3250835 0.8202550 -0.4706405
vn 0.8880549 0.2653989 -0.3753957
vn 0.3250835 0.1701541 -0.9302517
vn 0.3826903 -0.1563036 -0.9105588
vn 0.8880549 0.2653989 -0.3753957
vn 0.9238767 -0.0647444 -0.3771738
vn 0.0000000 0.2208701 -0.9753032
vn 0.0000000 0.8458143 -0.5334774
vn 0.3250835 0.1701541 -0.9302517
vn 0.3250835 0.8202550 -0.4706405
f 989/989/989 1012/1012/1012 900/900/900
f 989/989/989 900/900/900 877/877/877
f 1046/1046/1046 1069/1069/1069 1019/1019/1019
f 1046/1046/1046 1019/1019/1019 988/988/988
f 1063/1063/1063 955/955/955 905/905/905
f 1063/1063/1063 905/905/905 1009/1009/1009
f 884/884/884 911/911/911 965/965/965
f 884/884/884 965/965/965 934/934/934
f 935/935/935 958/958/958 1070/1070/1070
f 935/935/935 1070/1070/1070 1039/1039/1039
f 875/875/875 888/888/888 890/890/890
f 875/875/875 890/890/890 896/896/896
f 879/879/879 892/892/892 889/889/889
f 879/879/879 889/889/889 887/887/887
f 881/881/881 898/898/898 891/891/891
f 881/881/881 891/891/891 894/894/894
f 902/902/902 914/914/914 916/916/916
f 902/902/902 916/916/916 923/923/923
f 906/906/906 919/919/919 917/917/917
f 906/906/906 917/917/917 915/915/915
f 908/908/908 925/925/925 918/918/918
f 908/908/908 918/918/918 921/921/921
f 929/929/929 939/939/939 944/944/944
f 929/929/929 944/944/944 953/953/953
f 931/931/931 948/948/948 945/945/945
f 931/931/931 945/945/945 941/941/941
f 937/937/937 952/952/952 943/943/943
f 937/937/937 943/943/943 946/946/946
f 956/956/956 969/969/969 971/971/971
f 956/956/956 971/971/971 977/977/977
f 960/960/960 973/973/973 970/970/970
f 960/960/960 970/970/970 968/968/968
f 962/962/962 979/979/979 972/972/972
f 962/962/962 972/972/972 975/975/975
f 983/983/983 993/993/993 998/998/998
f 983/983/983 998/998/998 1007/1007/1007
f 985/985/985 1002/1002/1002 999/999/999
f 985/985/985 999/999/999 995/995/995
f 991/991/991 1006/1006/1006 997/997/997
f 991/991/991 997/997/997 1000/1000/1000
f 1010/1010/1010 1023/1023/1023 1025/1025/1025
f 1010/1010/1010 1025/1025/1025 1031/1031/1031
f 1014/1014/1014 1027/1027/1027 1024/1024/1024
f 1014/1014/1014 1024/1024/1024 1022/1022/1022
f 1016/1016/1016 1033/1033/1033 1026/1026/1026
f 1016/1016/1016 1026/1026/1026 1029/1029/1029
f 1037/1037/1037 1050/1050/1050 1052/1052/1052
f 1037/1037/1037 1052/1052/1052 1058/1058/1058
f 1041/1041/1041 1054/1054/1054 1051/1051/1051
f 1041/1041/1041 1051/1051/1051 1049/1049/1049
f 1043/1043/1043 1060/1060/1060 1053/1053/1053
f 1043/1043/1043 1053/1053/1053 1056/1056/1056
f 1064/1064/1064 1074/1074/1074 1079/1079/1079
f 1064/1064/1064 1079/1079/1079 1088/1088/1088
f 1066/1066/1066 1083/1083/1083 1080/1080/1080
f 1066/1066/1066 1080/1080/1080 1076/1076/1076
f 1072/1072/1072 1087/1087/1087 1078/1078/1078
f 1072/1072/1072 1078/1078/1078 1081/1081/1081
f 930/930/930 876/876/876 897/897/897
f 930/930/930 897/897/897 940/940/940
f 942/942/942 899/899/899 883/883/883
f 942/942/942 883/883/883 933/933/933
f 880/880/880 903/903/903 924/924/924
f 880/880/880 924/924/924 893/893/893
f 895/895/895 926/926/926 909/909/909
f 895/895/895 909/909/909 882/882/882
f 907/907/907 957/957/957 978/978/978
f 907/907/907 978/978/978 920/920/920
f 922/922/922 980/980/980 964/964/964
f 922/922/922 964/964/964 910/910/910
f 961/961/961 938/938/938 947/947/947
f 961/961/961 947/947/947 974/974/974
f 976/976/976 949/949/949 932/932/932
f 976/976/976 932/932/932 963/963/963
f 1035/1035/1035 927/927/927 951/951/951
f 1035/1035/1035 951/951/951 1048/1048/1048
f 1047/1047/1047 950/950/950 936/936/936
f 1047/1047/1047 936/936/936 1040/1040/1040
f 954/954/954 1062/1062/1062 1086/1086/1086
f 954/954/954 1086/1086/1086 967/967/967
f 966/966/966 1085/1085/1085 1071/1071/1071
f 966/966/966 1071/1071/1071 959/959/959
f 1067/1067/1067 1044/1044/1044 1057/1057/1057
f 1067/1067/1067 1057/1057/1057 1084/1084/1084
f 1082/1082/1082 1055/1055/1055 1042/1042/1042
f 1082/1082/1082 1042/1042/1042 1073/1073/1073
f 984/984/984 1038/1038/1038 1059/1059/1059
f 984/984/984 1059/1059/1059 994/994/994
f 996/996/996 1061/1061/1061 1045/1045/1045
f 996/996/996 1045/1045/1045 987/987/987
f 1065/1065/1065 1011/1011/1011 1032/1032/1032
f 1065/1065/1065 1032/1032/1032 1075/1075/1075
f 1077/1077/1077 1034/1034/1034 1018/1018/1018
f 1077/1077/1077 1018/1018/1018 1068/1068/1068
f 1015/1015/1015 992/992/992 1001/1001/1001
f 1015/1015/1015 1001/1001/1001 1028/1028/1028
f 1030/1030/1030 1003/1003/1003 986/986/986
f 1030/1030/1030 986/986/986 1017/1017/1017
f 873/873/873 981/981/981 1005/1005/1005
f 873/873/873 1005/1005/1005 886/886/886
f 885/885/885 1004/1004/1004 990/990/990
f 885/885/885 990/990/990 878/878/878
f 1008/1008/1008 904/904/904 913/913/913
f 1008/1008/1008 913/913/913 1021/1021/1021
f 1020/1020/1020 912/912/912 901/901/901
f 1020/1020/1020 901/901/901 1013/1013/1013
f 928/928/928 1036/1036/1036 982/982/982
f 928/928/928 982/982/982 874/874/874
o Magazine_base_0
usemtl Aurora_Blue
v -0.0651000 -0.4225000 0.0251000
v -0.0651000 -0.4225000 0.0251000
v -0.0651000 -0.4225000 0.0251000
v -0.0651000 -0.4225000 0.0251000
v -0.0651000 -0.4126000 0.0350000
v -0.0651000 -0.4126000 0.0350000
v -0.0651000 -0.4126000 0.0350000
v -0.0651000 -0.4126000 0.0350000
v -0.0750000 -0.4126000 0.0251000
v -0.0750000 -0.4126000 0.0251000
v -0.0750000 -0.4126000 0.0251000
v -0.0750000 -0.4126000 0.0251000
v -0.0651000 -0.4196004 0.0321003
v -0.0651000 -0.4196004 0.0321003
v -0.0651000 -0.4196004 0.0321003
v -0.0651000 -0.4196004 0.0321003
v -0.0708158 -0.4183158 0.0308158
v -0.0708158 -0.4183158 0.0308158
v -0.0708158 -0.4183158 0.0308158
v -0.0721004 -0.4126000 0.0321003
v -0.0721004 -0.4126000 0.0321003
v -0.0721004 -0.4126000 0.0321003
v -0.0721004 -0.4126000 0.0321003
v -0.0721004 -0.4196004 0.0251000
v -0.0721004 -0.4196004 0.0251000
v -0.0721004 -0.4196004 0.0251000
v -0.0721004 -0.4196004 0.0251000
v -0.0651000 -0.3874000 0.0350000
v -0.0651000 -0.3874000 0.0350000
v -0.0651000 -0.3874000 0.0350000
v -0.0651000 -0.3874000 0.0350000
v -0.0651000 -0.3775000 0.0251000
v -0.0651000 -0.3775000 0.0251000
v -0.0651000 -0.3775000 0.0251000
v -0.0651000 -0.3775000 0.0251000
v -0.0750000 -0.3874000 0.0251000
v -0.0750000 -0.3874000 0.0251000
v -0.0750000 -0.3874000 0.0251000
v -0.0750000 -0.3874000 0.0251000
v -0.0651000 -0.3803996 0.0321003
v -0.0651000 -0.3803996 0.0321003
v -0.0651000 -0.3803996 0.0321003
v -0.0651000 -0.3803996 0.0321003
v -0.0708158 -0.3816842 0.0308158
v -0.0708158 -0.3816842 0.0308158
v -0.0708158 -0.3816842 0.0308158
v -0.0721004 -0.3803996 0.0251000
v -0.0721004 -0.3803996 0.0251000
v -0.0721004 -0.3803996 0.0251000
v -0.0721004 -0.3803996 0.0251000
v -0.0721004 -0.3874000 0.0321003
v -0.0721004 -0.3874000 0.0321003
v -0.0721004 -0.3874000 0.0321003
v -0.0721004 -0.3874000 0.0321003
v -0.0651000 -0.4225000 -0.1151000
v -0.0651000 -0.4225000 -0.1151000
v -0.0651000 -0.4225000 -0.1151000
v -0.0651000 -0.4225000 -0.1151000
v -0.0750000 -0.4126000 -0.1151000
v -0.0750000 -0.4126000 -0.1151000
v -0.0750000 -0.4126000 -0.1151000
v -0.0750000 -0.4126000 -0.1151000
v -0.0651000 -0.4126000 -0.1250000
v -0.0651000 -0.4126000 -0.1250000
v -0.0651000 -0.4126000 -0.1250000
v -0.0651000 -0.4126000 -0.1250000
v -0.0721004 -0.4196004 -0.1151000
v -0.0721004 -0.4196004 -0.1151000
v -0.0721004 -0.4196004 -0.1151000
v -0.0721004 -0.4196004 -0.1151000
v -0.0708158 -0.4183158 -0.1208158
v -0.0708158 -0.4183158 -0.1208158
v -0.0708158 -0.4183158 -0.1208158
v -0.0721004 -0.4126000 -0.1221004
v -0.0721004 -0.4126000 -0.1221004
v -0.0721004 -0.4126000 -0.1221004
v -0.0721004 -0.4126000 -0.1221004
v -0.0651000 -0.4196004 -0.1221004
v -0.0651000 -0.4196004 -0.1221004
v -0.0651000 -0.4196004 -0.1221004
v -0.0651000 -0.4196004 -0.1221004
v -0.0651000 -0.3775000 -0.1151000
v -0.0651000 -0.3775000 -0.1151000
v -0.0651000 -0.3775000 -0.1151000
v -0.0651000 -0.3775000 -0.1151000
v -0.0651000 -0.3874000 -0.1250000
v -0.0651000 -0.3874000 -0.1250000
v -0.0651000 -0.3874000 -0.1250000
v -0.0651000 -0.3874000 -0.1250000
v -0.0750000 -0.3874000 -0.1151000
v -0.0750000 -0.3874000 -0.1151000
v -0.0750000 -0.3874000 -0.1151000
v -0.0750000 -0.3874000 -0.1151000
v -0.0651000 -0.3803996 -0.1221004
v -0.0651000 -0.3803996 -0.1221004
v -0.0651000 -0.3803996 -0.1221004
v -0.0651000 -0.3803996 -0.1221004
v -0.0708158 -0.3816842 -0.1208158
v -0.0708158 -0.3816842 -0.1208158
v -0.0708158 -0.3816842 -0.1208158
v -0.0721004 -0.3874000 -0.1221004
v -0.0721004 -0.3874000 -0.1221004
v -0.0721004 -0.3874000 -0.1221004
v -0.0721004 -0.3874000 -0.1221004
v -0.0721004 -0.3803996 -0.1151000
v -0.0721004 -0.3803996 -0.1151000
v -0.0721004 -0.3803996 -0.1151000
v -0.0721004 -0.3803996 -0.1151000
v 0.0651000 -0.4225000 0.0251000
v 0.0651000 -0.4225000 0.0251000
v 0.0651000 -0.4225000 0.0251000
v 0.0651000 -0.4225000 0.0251000
v 0.0750000 -0.4126000 0.0251000
v 0.0750000 -0.4126000 0.0251000
v 0.0750000 -0.4126000 0.0251000
v 0.0750000 -0.4126000 0.0251000
v 0.0651000 -0.4126000 0.0350000
v 0.0651000 -0.4126000 0.0350000
v 0.0651000 -0.4126000 0.0350000
v 0.0651000 -0.4126000 0.0350000
v 0.0721004 -0.4196004 0.0251000
v 0.0721004 -0.4196004 0.0251000
v 0.0721004 -0.4196004 0.0251000
v 0.0721004 -0.4196004 0.0251000
v 0.0708158 -0.4183158 0.0308158
v 0.0708158 -0.4183158 0.0308158
v 0.0708158 -0.4183158 0.0308158
v 0.0721004 -0.4126000 0.0321003
v 0.0721004 -0.4126000 0.0321003
v 0.0721004 -0.4126000 0.0321003
v 0.0721004 -0.4126000 0.0321003
v 0.0651000 -0.4196004 0.0321003
v 0.0651000 -0.4196004 0.0321003
v 0.0651000 -0.4196004 0.0321003
v 0.0651000 -0.4196004 0.0321003
v 0.0651000 -0.3775000 0.0251000
v 0.0651000 -0.3775000 0.0251000
v 0.0651000 -0.3775000 0.0251000
v 0.0651000 -0.3775000 0.0251000
v 0.0651000 -0.3874000 0.0350000
v 0.0651000 -0.3874000 0.0350000
v 0.0651000 -0.3874000 0.0350000
v 0.0651000 -0.3874000 0.0350000
v 0.0750000 -0.3874000 0.0251000
v 0.0750000 -0.3874000 0.0251000
v 0.0750000 -0.3874000 0.0251000
v 0.0750000 -0.3874000 0.0251000
v 0.0651000 -0.3803996 0.0321003
v 0.0651000 -0.3803996 0.0321003
v 0.0651000 -0.3803996 0.0321003
v 0.0651000 -0.3803996 0.0321003
v 0.0708158 -0.3816842 0.0308158
v 0.0708158 -0.3816842 0.0308158
v 0.0708158 -0.3816842 0.0308158
v 0.0721004 -0.3874000 0.0321003
v 0.0721004 -0.3874000 0.0321003
v 0.0721004 -0.3874000 0.0321003
v 0.0721004 -0.3874000 0.0321003
v 0.0721004 -0.3803996 0.0251000
v 0.0721004 -0.3803996 0.0251000
v 0.0721004 -0.3803996 0.0251000
v 0.0721004 -0.3803996 0.0251000
v 0.0651000 -0.4225000 -0.1151000
v 0.0651000 -0.4225000 -0.1151000
v 0.0651000 -0.4225000 -0.1151000
v 0.0651000 -0.4225000 -0.1151000
v 0.0651000 -0.4126000 -0.1250000
v 0.0651000 -0.4126000 -0.1250000
v 0.0651000 -0.4126000 -0.1250000
v 0.0651000 -0.4126000 -0.1250000
v 0.0750000 -0.4126000 -0.1151000
v 0.0750000 -0.4126000 -0.1151000
v 0.0750000 -0.4126000 -0.1151000
v 0.0750000 -0.4126000 -0.1151000
v 0.0651000 -0.4196004 -0.1221004
v 0.0651000 -0.4196004 -0.1221004
v 0.0651000 -0.4196004 -0.1221004
v 0.0651000 -0.4196004 -0.1221004
v 0.0708158 -0.4183158 -0.1208158
v 0.0708158 -0.4183158 -0.1208158
v 0.0708158 -0.4183158 -0.1208158
v 0.0721004 -0.4126000 -0.1221004
v 0.0721004 -0.4126000 -0.1221004
v 0.0721004 -0.4126000 -0.1221004
v 0.0721004 -0.4126000 -0.1221004
v 0.0721004 -0.4196004 -0.1151000
v 0.0721004 -0.4196004 -0.1151000
v 0.0721004 -0.4196004 -0.1151000
v 0.0721004 -0.4196004 -0.1151000
v 0.0651000 -0.3775000 -0.1151000
v 0.0651000 -0.3775000 -0.1151000
v 0.0651000 -0.3775000 -0.1151000
v 0.0651000 -0.3775000 -0.1151000
v 0.0750000 -0.3874000 -0.1151000
v 0.0750000 -0.3874000 -0.1151000
v 0.0750000 -0.3874000 -0.1151000
v 0.0750000 -0.3874000 -0.1151000
v 0.0651000 -0.3874000 -0.1250000
v 0.0651000 -0.3874000 -0.1250000
v 0.0651000 -0.3874000 -0.1250000
v 0.0651000 -0.3874000 -0.1250000
v 0.0721004 -0.3803996 -0.1151000
v 0.0721004 -0.3803996 -0.1151000
v 0.0721004 -0.3803996 -0.1151000
v 0.0721004 -0.3803996 -0.1151000
v 0.0708158 -0.3816842 -0.1208158
v 0.0708158 -0.3816842 -0.1208158
v 0.0708158 -0.3816842 -0.1208158
v 0.0721004 -0.3874000 -0.1221004
v 0.0721004 -0.3874000 -0.1221004
v 0.0721004 -0.3874000 -0.1221004
v 0.0721004 -0.3874000 -0.1221004
v 0.0651000 -0.3803996 -0.1221004
v 0.0651000 -0.3803996 -0.1221004
v 0.0651000 -0.3803996 -0.1221004
v 0.0651000 -0.3803996 -0.1221004
vt 0.1415000 0.2654688
vt 0.1415000 0.2654688
vt 0.1415000 0.2654688
vt 0.1415000 0.2654688
vt 0.4300000 0.0165000
vt 0.4300000 0.0165000
vt 0.4300000 0.0165000
vt 0.4300000 0.0165000
vt 0.4300000 0.9845312
vt 0.4300000 0.9845312
vt 0.4300000 0.9845312
vt 0.4300000 0.9845312
vt 0.3750000 0.0165000
vt 0.1415000 0.2500000
vt 0.3750000 0.0165000
vt 0.1415000 0.2500000
vt 0.3982457 0.0000000
vt 0.1319737 0.2500000
vt 0.3750000 0.9934621
vt 0.4300000 0.0000000
vt 0.4300000 0.0000000
vt 0.4300000 1.0000000
vt 0.4300000 1.0000000
vt 0.1250000 0.2654688
vt 0.1250000 0.2654688
vt 0.3750000 0.9845312
vt 0.3750000 0.9845312
vt 0.5700000 0.0165000
vt 0.5700000 0.0165000
vt 0.5700000 0.0165000
vt 0.5700000 0.0165000
vt 0.8585000 0.2654688
vt 0.8585000 0.2654688
vt 0.8585000 0.2654688
vt 0.8585000 0.2654688
vt 0.5700000 0.9845312
vt 0.5700000 0.9845312
vt 0.5700000 0.9845312
vt 0.5700000 0.9845312
vt 0.6250000 0.0165000
vt 0.8584999 0.2500000
vt 0.6250000 0.0165000
vt 0.8584999 0.2500000
vt 0.6250000 0.0069737
vt 0.8750000 0.2565379
vt 0.6017543 1.0000000
vt 0.8750000 0.2654687
vt 0.8750000 0.2654687
vt 0.6250000 0.9845312
vt 0.6250000 0.9845312
vt 0.5700000 0.0000000
vt 0.5700000 0.0000000
vt 0.5700000 1.0000000
vt 0.5700000 1.0000000
vt 0.1415000 0.4845312
vt 0.1415000 0.4845312
vt 0.1415000 0.4845312
vt 0.1415000 0.4845312
vt 0.4300000 0.7654687
vt 0.4300000 0.7654687
vt 0.4300000 0.7654687
vt 0.4300000 0.7654687
vt 0.4300000 0.7335000
vt 0.4300000 0.7335000
vt 0.4300000 0.7335000
vt 0.4300000 0.7335000
vt 0.1250000 0.4845312
vt 0.1250000 0.4845312
vt 0.3750000 0.7654688
vt 0.3750000 0.7654688
vt 0.3750000 0.7430263
vt 0.1250000 0.4934621
vt 0.3982457 0.7500000
vt 0.4300000 0.7500000
vt 0.4300000 0.7500000
vt 0.4300000 0.7500000
vt 0.4300000 0.7500000
vt 0.3750000 0.7335000
vt 0.1415000 0.5000000
vt 0.3750000 0.7335000
vt 0.1415000 0.5000000
vt 0.8585000 0.4845312
vt 0.8585000 0.4845312
vt 0.8585000 0.4845312
vt 0.8585000 0.4845312
vt 0.5700000 0.7335000
vt 0.5700000 0.7335000
vt 0.5700000 0.7335000
vt 0.5700000 0.7335000
vt 0.5700000 0.7654688
vt 0.5700000 0.7654688
vt 0.5700000 0.7654688
vt 0.5700000 0.7654688
vt 0.6249999 0.7335000
vt 0.8585000 0.5000000
vt 0.6249999 0.7335000
vt 0.8585000 0.5000000
vt 0.6017542 0.7500000
vt 0.8680263 0.5000000
vt 0.6250000 0.7565379
vt 0.5700000 0.7500000
vt 0.5700000 0.7500000
vt 0.5700000 0.7500000
vt 0.5700000 0.7500000
vt 0.8749999 0.4845313
vt 0.8749999 0.4845313
vt 0.6250000 0.7654688
vt 0.6250000 0.7654688
vt 0.3585000 0.2654688
vt 0.3585000 0.2654688
vt 0.3585000 0.2654688
vt 0.3585000 0.2654688
vt 0.4300000 0.2654687
vt 0.4300000 0.2654687
vt 0.4300000 0.2654687
vt 0.4300000 0.2654687
vt 0.4300000 0.2335000
vt 0.4300000 0.2335000
vt 0.4300000 0.2335000
vt 0.4300000 0.2335000
vt 0.3750000 0.2654687
vt 0.3750000 0.2654687
vt 0.3750000 0.2654688
vt 0.3750000 0.2654687
vt 0.3827486 0.2498547
vt 0.3827486 0.2498547
vt 0.3827486 0.2498547
vt 0.4300000 0.2500000
vt 0.4300000 0.2500000
vt 0.4300000 0.2500000
vt 0.4300000 0.2500000
vt 0.3750000 0.2335000
vt 0.3585000 0.2500000
vt 0.3750000 0.2335000
vt 0.3585000 0.2500000
vt 0.6415000 0.2654688
vt 0.6415000 0.2654688
vt 0.6415000 0.2654688
vt 0.6415000 0.2654688
vt 0.5700000 0.2335000
vt 0.5700000 0.2335000
vt 0.5700000 0.2335000
vt 0.5700000 0.2335000
vt 0.5700000 0.2654688
vt 0.5700000 0.2654688
vt 0.5700000 0.2654688
vt 0.5700000 0.2654688
vt 0.6249999 0.2335000
vt 0.6415000 0.2500000
vt 0.6249999 0.2335000
vt 0.6415000 0.2500000
vt 0.6195760 0.2521793
vt 0.6195760 0.2521793
vt 0.6195760 0.2521793
vt 0.5700000 0.2500000
vt 0.5700000 0.2500000
vt 0.5700000 0.2500000
vt 0.5700000 0.2500000
vt 0.6250000 0.2654688
vt 0.6250000 0.2654687
vt 0.6250000 0.2654687
vt 0.6250000 0.2654687
vt 0.3585000 0.4845312
vt 0.3585000 0.4845312
vt 0.3585000 0.4845312
vt 0.3585000 0.4845312
vt 0.4300000 0.5165000
vt 0.4300000 0.5165000
vt 0.4300000 0.5165000
vt 0.4300000 0.5165000
vt 0.4300000 0.4845312
vt 0.4300000 0.4845312
vt 0.4300000 0.4845312
vt 0.4300000 0.4845312
vt 0.3750000 0.5165000
vt 0.3585000 0.5000000
vt 0.3750000 0.5165000
vt 0.3585000 0.5000000
vt 0.3804240 0.4978207
vt 0.3804240 0.4978207
vt 0.3804240 0.4978207
vt 0.4300000 0.5000000
vt 0.4300000 0.5000000
vt 0.4300000 0.5000000
vt 0.4300000 0.5000000
vt 0.3750000 0.4845313
vt 0.3750000 0.4845313
vt 0.3750000 0.4845312
vt 0.3750000 0.4845313
vt 0.6415001 0.4845312
vt 0.6415001 0.4845312
vt 0.6415001 0.4845312
vt 0.6415001 0.4845312
vt 0.5700000 0.4845312
vt 0.5700000 0.4845312
vt 0.5700000 0.4845312
vt 0.5700000 0.4845312
vt 0.5700000 0.5165000
vt 0.5700000 0.5165000
vt 0.5700000 0.5165000
vt 0.5700000 0.5165000
vt 0.6250000 0.4845312
vt 0.6250000 0.4845313
vt 0.6250000 0.4845313
vt 0.6250000 0.4845313
vt 0.6172514 0.5001453
vt 0.6172514 0.5001453
vt 0.6172514 0.5001453
vt 0.5700000 0.5000000
vt 0.5700000 0.5000000
vt 0.5700000 0.5000000
vt 0.5700000 0.5000000
vt 0.6250000 0.5165000
vt 0.6415000 0.5000000
vt 0.6250000 0.5165000
vt 0.6415000 0.5000000
vn 0.0000000 -0.9238767 0.3826903
vn 0.0000000 -1.0000000 0.0000000
vn -0.3250835 -0.8880549 0.3250835
vn -0.3826903 -0.9238767 0.0000000
vn 0.0000000 0.0000000 1.0000000
vn 0.0000000 -0.3826903 0.9238767
vn -0.3250835 -0.3250835 0.8880549
vn -0.3826903 0.0000000 0.9238767
vn -0.8880549 -0.3250835 0.3250835
vn -0.9238767 0.0000000 0.3826903
vn -0.9238767 -0.3826903 0.0000000
vn -1.0000000 0.0000000 0.0000000
vn 0.0000000 -0.3826903 0.9238767
vn 0.0000000 -0.9238767 0.3826903
vn -0.3250835 -0.3250835 0.8880549
vn -0.3250835 -0.8880549 0.3250835
vn -0.3250835 -0.3250835 0.8880549
vn -0.3250835 -0.8880549 0.3250835
vn -0.8880549 -0.3250835 0.3250835
vn -0.3250835 -0.3250835 0.8880549
vn -0.3826903 0.0000000 0.9238767
vn -0.8880549 -0.3250835 0.3250835
vn -0.9238767 0.0000000 0.3826903
vn -0.3250835 -0.8880549 0.3250835
vn -0.3826903 -0.9238767 0.0000000
vn -0.8880549 -0.3250835 0.3250835
vn -0.9238767 -0.3826903 0.0000000
vn 0.0000000 0.0000000 1.0000000
vn 0.0000000 0.3826903 0.9238767
vn -0.3250835 0.3250835 0.8880549
vn -0.3826903 0.0000000 0.9238767
vn 0.0000000 0.9238767 0.3826903
vn 0.0000000 1.0000000 0.0000000
vn -0.3250835 0.8880549 0.3250835
vn -0.3826903 0.9238767 0.0000000
vn -0.8880549 0.3250835 0.3250835
vn -0.9238767 0.0000000 0.3826903
vn -0.9238767 0.3826903 0.0000000
vn -1.0000000 0.0000000 0.0000000
vn 0.0000000 0.3826903 0.9238767
vn 0.0000000 0.9238767 0.3826903
vn -0.3250835 0.3250835 0.8880549
vn -0.3250835 0.8880549 0.3250835
vn -0.3250835 0.3250835 0.8880549
vn -0.3250835 0.8880549 0.3250835
vn -0.8880549 0.3250835 0.3250835
vn -0.3250835 0.8880549 0.3250835
vn -0.3826903 0.9238767 0.0000000
vn -0.8880549 0.3250835 0.3250835
vn -0.9238767 0.3826903 0.0000000
vn -0.3250835 0.3250835 0.8880549
vn -0.3826903 0.0000000 0.9238767
vn -0.8880549 0.3250835 0.3250835
vn -0.9238767 0.0000000 0.3826903
vn 0.0000000 -0.9238767 -0.3826903
vn 0.0000000 -1.0000000 0.0000000
vn -0.3250835 -0.8880549 -0.3250835
vn -0.3826903 -0.9238767 0.0000000
vn -0.8880549 -0.3250835 -0.3250835
vn -0.9238767 0.0000000 -0.3826903
vn -0.9238767 -0.3826903 0.0000000
vn -1.0000000 0.0000000 0.0000000
vn 0.0000000 0.0000000 -1.0000000
vn 0.0000000 -0.3826903 -0.9238767
vn -0.3250835 -0.3250835 -0.8880549
vn -0.3826903 0.0000000 -0.9238767
vn -0.3250835 -0.8880549 -0.3250835
vn -0.3826903 -0.9238767 0.0000000
vn -0.8880549 -0.3250835 -0.3250835
vn -0.9238767 -0.3826903 0.0000000
vn -0.3250835 -0.3250835 -0.8880549
vn -0.3250835 -0.8880549 -0.3250835
vn -0.8880549 -0.3250835 -0.3250835
vn -0.3250835 -0.3250835 -0.8880549
vn -0.3826903 0.0000000 -0.9238767
vn -0.8880549 -0.3250835 -0.3250835
vn -0.9238767 0.0000000 -0.3826903
vn 0.0000000 -0.3826903 -0.9238767
vn 0.0000000 -0.9238767 -0.3826903
vn -0.3250835 -0.3250835 -0.8880549
vn -0.3250835 -0.8880549 -0.3250835
vn 0.0000000 0.9238767 -0.3826903
vn 0.0000000 1.0000000 0.0000000
vn -0.3250835 0.8880549 -0.3250835
vn -0.3826903 0.9238767 0.0000000
vn 0.0000000 0.0000000 -1.0000000
vn 0.0000000 0.3826903 -0.9238767
vn -0.3250835 0.3250835 -0.8880549
vn -0.3826903 0.0000000 -0.9238767
vn -0.8880549 0.3250835 -0.3250835
vn -0.9238767 0.0000000 -0.3826903
vn -0.9238767 0.3826903 0.0000000
vn -1.0000000 0.0000000 0.0000000
vn 0.0000000 0.3826903 -0.9238767
vn 0.0000000 0.9238767 -0.3826903
vn -0.3250835 0.3250835 -0.8880549
vn -0.3250835 0.8880549 -0.3250835
vn -0.3250835 0.3250835 -0.8880549
vn -0.3250835 0.8880549 -0.3250835
vn -0.8880549 0.3250835 -0.3250835
vn -0.3250835 0.3250835 -0.8880549
vn -0.3826903 0.0000000 -0.9238767
vn -0.8880549 0.3250835 -0.3250835
vn -0.9238767 0.0000000 -0.3826903
vn -0.3250835 0.8880549 -0.3250835
vn -0.3826903 0.9238767 0.0000000
vn -0.8880549 0.3250835 -0.3250835
vn -0.9238767 0.3826903 0.0000000
vn 0.0000000 -0.9238767 0.3826903
vn 0.0000000 -1.0000000 0.0000000
vn 0.3250835 -0.8880549 0.3250835
vn 0.3826903 -0.9238767 0.0000000
vn 0.8880549 -0.3250835 0.3250835
vn 0.9238767 0.0000000 0.3826903
vn 0.9238767 -0.3826903 0.0000000
vn 1.0000000 0.0000000 0.0000000
vn 0.0000000 0.0000000 1.0000000
vn 0.0000000 -0.3826903 0.9238767
vn 0.3250835 -0.3250835 0.8880549
vn 0.3826903 0.0000000 0.9238767
vn 0.3250835 -0.8880549 0.3250835
vn 0.3826903 -0.9238767 0.0000000
vn 0.8880549 -0.3250835 0.3250835
vn 0.9238767 -0.3826903 0.0000000
vn 0.3250835 -0.3250835 0.8880549
vn 0.3250835 -0.8880549 0.3250835
vn 0.8880549 -0.3250835 0.3250835
vn 0.3250835 -0.3250835 0.8880549
vn 0.3826903 0.0000000 0.9238767
vn 0.8880549 -0.3250835 0.3250835
vn 0.9238767 0.0000000 0.3826903
vn 0.0000000 -0.3826903 0.9238767
vn 0.0000000 -0.9238767 0.3826903
vn 0.3250835 -0.3250835 0.8880549
vn 0.3250835 -0.8880549 0.3250835
vn 0.0000000 0.9238767 0.3826903
vn 0.0000000 1.0000000 0.0000000
vn 0.3250835 0.8880549 0.3250835
vn 0.3826903 0.9238767 0.0000000
vn 0.0000000 0.0000000 1.0000000
vn 0.0000000 0.3826903 0.9238767
vn 0.3250835 0.3250835 0.8880549
vn 0.3826903 0.0000000 0.9238767
vn 0.8880549 0.3250835 0.3250835
vn 0.9238767 0.0000000 0.3826903
vn 0.9238767 0.3826903 0.0000000
vn 1.0000000 0.0000000 0.0000000
vn 0.0000000 0.3826903 0.9238767
vn 0.0000000 0.9238767 0.3826903
vn 0.3250835 0.3250835 0.8880549
vn 0.3250835 0.8880549 0.3250835
vn 0.3250835 0.3250835 0.8880549
vn 0.3250835 0.8880549 0.3250835
vn 0.8880549 0.3250835 0.3250835
vn 0.3250835 0.3250835 0.8880549
vn 0.3826903 0.0000000 0.9238767
vn 0.8880549 0.3250835 0.3250835
vn 0.9238767 0.0000000 0.3826903
vn 0.3250835 0.8880549 0.3250835
vn 0.3826903 0.9238767 0.0000000
vn 0.8880549 0.3250835 0.3250835
vn 0.9238767 0.3826903 0.0000000
vn 0.0000000 -0.9238767 -0.3826903
vn 0.0000000 -1.0000000 0.0000000
vn 0.3250835 -0.8880549 -0.3250835
vn 0.3826903 -0.9238767 0.0000000
vn 0.0000000 0.0000000 -1.0000000
vn 0.0000000 -0.3826903 -0.9238767
vn 0.3250835 -0.3250835 -0.8880549
vn 0.3826903 0.0000000 -0.9238767
vn 0.8880549 -0.3250835 -0.3250835
vn 0.9238767 0.0000000 -0.3826903
vn 0.9238767 -0.3826903 0.0000000
vn 1.0000000 0.0000000 0.0000000
vn 0.0000000 -0.3826903 -0.9238767
vn 0.0000000 -0.9238767 -0.3826903
vn 0.3250835 -0.3250835 -0.8880549
vn 0.3250835 -0.8880549 -0.3250835
vn 0.3250835 -0.3250835 -0.8880549
vn 0.3250835 -0.8880549 -0.3250835
vn 0.8880549 -0.3250835 -0.3250835
vn 0.3250835 -0.3250835 -0.8880549
vn 0.3826903 0.0000000 -0.9238767
vn 0.8880549 -0.3250835 -0.3250835
vn 0.9238767 0.0000000 -0.3826903
vn 0.3250835 -0.8880549 -0.3250835
vn 0.3826903 -0.9238767 0.0000000
vn 0.8880549 -0.3250835 -0.3250835
vn 0.9238767 -0.3826903 0.0000000
vn 0.0000000 0.9238767 -0.3826903
vn 0.0000000 1.0000000 0.0000000
vn 0.3250835 0.8880549 -0.3250835
vn 0.3826903 0.9238767 0.0000000
vn 0.8880549 0.3250835 -0.3250835
vn 0.9238767 0.0000000 -0.3826903
vn 0.9238767 0.3826903 0.0000000
vn 1.0000000 0.0000000 0.0000000
vn 0.0000000 0.0000000 -1.0000000
vn 0.0000000 0.3826903 -0.9238767
vn 0.3250835 0.3250835 -0.8880549
vn 0.3826903 0.0000000 -0.9238767
vn 0.3250835 0.8880549 -0.3250835
vn 0.3826903 0.9238767 0.0000000
vn 0.8880549 0.3250835 -0.3250835
vn 0.9238767 0.3826903 0.0000000
vn 0.3250835 0.3250835 -0.8880549
vn 0.3250835 0.8880549 -0.3250835
vn 0.8880549 0.3250835 -0.3250835
vn 0.3250835 0.3250835 -0.8880549
vn 0.3826903 0.0000000 -0.9238767
vn 0.8880549 0.3250835 -0.3250835
vn 0.9238767 0.0000000 -0.3826903
vn 0.0000000 0.3826903 -0.9238767
vn 0.0000000 0.9238767 -0.3826903
vn 0.3250835 0.3250835 -0.8880549
vn 0.3250835 0.8880549 -0.3250835
f 1205/1205/1205 1228/1228/1228 1116/1116/1116
f 1205/1205/1205 1116/1116/1116 1093/1093/1093
f 1262/1262/1262 1285/1285/1285 1235/1235/1235
f 1262/1262/1262 1235/1235/1235 1204/1204/1204
f 1279/1279/1279 1171/1171/1171 1121/1121/1121
f 1279/1279/1279 1121/1121/1121 1225/1225/1225
f 1100/1100/1100 1127/1127/1127 1181/1181/1181
f 1100/1100/1100 1181/1181/1181 1150/1150/1150
f 1151/1151/1151 1174/1174/1174 1286/1286/1286
f 1151/1151/1151 1286/1286/1286 1255/1255/1255
f 1091/1091/1091 1104/1104/1104 1106/1106/1106
f 1091/1091/1091 1106/1106/1106 1112/1112/1112
f 1095/1095/1095 1108/1108/1108 1105/1105/1105
f 1095/1095/1095 1105/1105/1105 1103/1103/1103
f 1097/1097/1097 1114/1114/1114 1107/1107/1107
f 1097/1097/1097 1107/1107/1107 1110/1110/1110
f 1118/1118/1118 1130/1130/1130 1132/1132/1132
f 1118/1118/1118 1132/1132/1132 1139/1139/1139
f 1122/1122/1122 1135/1135/1135 1133/1133/1133
f 1122/1122/1122 1133/1133/1133 1131/1131/1131
f 1124/1124/1124 1141/1141/1141 1134/1134/1134
f 1124/1124/1124 1134/1134/1134 1137/1137/1137
f 1145/1145/1145 1155/1155/1155 1160/1160/1160
f 1145/1145/1145 1160/1160/1160 1169/1169/1169
f 1147/1147/1147 1164/1164/1164 1161/1161/1161
f 1147/1147/1147 1161/1161/1161 1157/1157/1157
f 1153/1153/1153 1168/1168/1168 1159/1159/1159
f 1153/1153/1153 1159/1159/1159 1162/1162/1162
f 1172/1172/1172 1185/1185/1185 1187/1187/1187
f 1172/1172/1172 1187/1187/1187 1193/1193/1193
f 1176/1176/1176 1189/1189/1189 1186/1186/1186
f 1176/1176/1176 1186/1186/1186 1184/1184/1184
f 1178/1178/1178 1195/1195/1195 1188/1188/1188
f 1178/1178/1178 1188/1188/1188 1191/1191/1191
f 1199/1199/1199 1209/1209/1209 1214/1214/1214
f 1199/1199/1199 1214/1214/1214 1223/1223/1223
f 1201/1201/1201 1218/1218/1218 1215/1215/1215
f 1201/1201/1201 1215/1215/1215 1211/1211/1211
f 1207/1207/1207 1222/1222/1222 1213/1213/1213
f 1207/1207/1207 1213/1213/1213 1216/1216/1216
f 1226/1226/1226 1239/1239/1239 1241/1241/1241
f 1226/1226/1226 1241/1241/1241 1247/1247/1247
f 1230/1230/1230 1243/1243/1243 1240/1240/1240
f 1230/1230/1230 1240/1240/1240 1238/1238/1238
f 1232/1232/1232 1249/1249/1249 1242/1242/1242
f 1232/1232/1232 1242/1242/1242 1245/1245/1245
f 1253/1253/1253 1266/1266/1266 1268/1268/1268
f 1253/1253/1253 1268/1268/1268 1274/1274/1274
f 1257/1257/1257 1270/1270/1270 1267/1267/1267
f 1257/1257/1257 1267/1267/1267 1265/1265/1265
f 1259/1259/1259 1276/1276/1276 1269/1269/1269
f 1259/1259/1259 1269/1269/1269 1272/1272/1272
f 1280/1280/1280 1290/1290/1290 1295/1295/1295
f 1280/1280/1280 1295/1295/1295 1304/1304/1304
f 1282/1282/1282 1299/1299/1299 1296/1296/1296
f 1282/1282/1282 1296/1296/1296 1292/1292/1292
f 1288/1288/1288 1303/1303/1303 1294/1294/1294
f 1288/1288/1288 1294/1294/1294 1297/1297/1297
f 1146/1146/1146 1092/1092/1092 1113/1113/1113
f 1146/1146/1146 1113/1113/1113 1156/1156/1156
f 1158/1158/1158 1115/1115/1115 1099/1099/1099
f 1158/1158/1158 1099/1099/1099 1149/1149/1149
f 1096/1096/1096 1119/1119/1119 1140/1140/1140
f 1096/1096/1096 1140/1140/1140 1109/1109/1109
f 1111/1111/1111 1142/1142/1142 1125/1125/1125
f 1111/1111/1111 1125/1125/1125 1098/1098/1098
f 1123/1123/1123 1173/1173/1173 1194/1194/1194
f 1123/1123/1123 1194/1194/1194 1136/1136/1136
f 1138/1138/1138 1196/1196/1196 1180/1180/1180
f 1138/1138/1138 1180/1180/1180 1126/1126/1126
f 1177/1177/1177 1154/1154/1154 1163/1163/1163
f 1177/1177/1177 1163/1163/1163 1190/1190/1190
f 1192/1192/1192 1165/1165/1165 1148/1148/1148
f 1192/1192/1192 1148/1148/1148 1179/1179/1179
f 1251/1251/1251 1143/1143/1143 1167/1167/1167
f 1251/1251/1251 1167/1167/1167 1264/1264/1264
f 1263/1263/1263 1166/1166/1166 1152/1152/1152
f 1263/1263/1263 1152/1152/1152 1256/1256/1256
f 1170/1170/1170 1278/1278/1278 1302/1302/1302
f 1170/1170/1170 1302/1302/1302 1183/1183/1183
f 1182/1182/1182 1301/1301/1301 1287/1287/1287
f 1182/1182/1182 1287/1287/1287 1175/1175/1175
f 1283/1283/1283 1260/1260/1260 1273/1273/1273
f 1283/1283/1283 1273/1273/1273 1300/1300/1300
f 1298/1298/1298 1271/1271/1271 1258/1258/1258
f 1298/1298/1298 1258/1258/1258 1289/1289/1289
f 1200/1200/1200 1254/1254/1254 1275/1275/1275
f 1200/1200/1200 1275/1275/1275 1210/1210/1210
f 1212/1212/1212 1277/1277/1277 1261/1261/1261
f 1212/1212/1212 1261/1261/1261 1203/1203/1203
f 1281/1281/1281 1227/1227/1227 1248/1248/1248
f 1281/1281/1281 1248/1248/1248 1291/1291/1291
f 1293/1293/1293 1250/1250/1250 1234/1234/1234
f 1293/1293/1293 1234/1234/1234 1284/1284/1284
f 1231/1231/1231 1208/1208/1208 1217/1217/1217
f 1231/1231/1231 1217/1217/1217 1244/1244/1244
f 1246/1246/1246 1219/1219/1219 1202/1202/1202
f 1246/1246/1246 1202/1202/1202 1233/1233/1233
f 1089/1089/1089 1197/1197/1197 1221/1221/1221
f 1089/1089/1089 1221/1221/1221 1102/1102/1102
f 1101/1101/1101 1220/1220/1220 1206/1206/1206
f 1101/1101/1101 1206/1206/1206 1094/1094/1094
f 1224/1224/1224 1120/1120/1120 1129/1129/1129
f 1224/1224/1224 1129/1129/1129 1237/1237/1237
f 1236/1236/1236 1128/1128/1128 1117/1117/1117
f 1236/1236/1236 1117/1117/1117 1229/1229/1229
f 1144/1144/1144 1252/1252/1252 1198/1198/1198
f 1144/1144/1144 1198/1198/1198 1090/1090/1090
o Slide_0
usemtl Gunmetal
v -0.0378000 0.0250000 0.3553000
v -0.0378000 0.0250000 0.3553000
v -0.0378000 0.0250000 0.3553000
v -0.0378000 0.0250000 0.3553000
v -0.0378000 0.0547000 0.3850000
v -0.0378000 0.0547000 0.3850000
v -0.0378000 0.0547000 0.3850000
v -0.0378000 0.0547000 0.3850000
v -0.0675000 0.0547000 0.3553000
v -0.0675000 0.0547000 0.3553000
v -0.0675000 0.0547000 0.3553000
v -0.0675000 0.0547000 0.3553000
v -0.0378000 0.0336989 0.3763011
v -0.0378000 0.0336989 0.3763011
v -0.0378000 0.0336989 0.3763011
v -0.0378000 0.0336989 0.3763011
v -0.0549473 0.0375527 0.3724473
v -0.0549473 0.0375527 0.3724473
v -0.0549473 0.0375527 0.3724473
v -0.0588011 0.0547000 0.3763011
v -0.0588011 0.0547000 0.3763011
v -0.0588011 0.0547000 0.3763011
v -0.0588011 0.0547000 0.3763011
v -0.0588011 0.0336989 0.3553000
v -0.0588011 0.0336989 0.3553000
v -0.0588011 0.0336989 0.3553000
v -0.0588011 0.0336989 0.3553000
v -0.0378000 0.1453000 0.3850000
v -0.0378000 0.1453000 0.3850000
v -0.0378000 0.1453000 0.3850000
v -0.0378000 0.1453000 0.3850000
v -0.0378000 0.1750000 0.3553000
v -0.0378000 0.1750000 0.3553000
v -0.0378000 0.1750000 0.3553000
v -0.0378000 0.1750000 0.3553000
v -0.0675000 0.1453000 0.3553000
v -0.0675000 0.1453000 0.3553000
v -0.0675000 0.1453000 0.3553000
v -0.0675000 0.1453000 0.3553000
v -0.0378000 0.1663011 0.3763011
v -0.0378000 0.1663011 0.3763011
v -0.0378000 0.1663011 0.3763011
v -0.0378000 0.1663011 0.3763011
v -0.0549473 0.1624473 0.3724473
v -0.0549473 0.1624473 0.3724473
v -0.0549473 0.1624473 0.3724473
v -0.0588011 0.1663011 0.3553000
v -0.0588011 0.1663011 0.3553000
v -0.0588011 0.1663011 0.3553000
v -0.0588011 0.1663011 0.3553000
v -0.0588011 0.1453000 0.3763011
v -0.0588011 0.1453000 0.3763011
v -0.0588011 0.1453000 0.3763011
v -0.0588011 0.1453000 0.3763011
v -0.0378000 0.0250000 0.0247000
v -0.0378000 0.0250000 0.0247000
v -0.0378000 0.0250000 0.0247000
v -0.0378000 0.0250000 0.0247000
v -0.0675000 0.0547000 0.0247000
v -0.0675000 0.0547000 0.0247000
v -0.0675000 0.0547000 0.0247000
v -0.0675000 0.0547000 0.0247000
v -0.0378000 0.0547000 -0.0050000
v -0.0378000 0.0547000 -0.0050000
v -0.0378000 0.0547000 -0.0050000
v -0.0378000 0.0547000 -0.0050000
v -0.0588011 0.0336989 0.0247000
v -0.0588011 0.0336989 0.0247000
v -0.0588011 0.0336989 0.0247000
v -0.0588011 0.0336989 0.0247000
v -0.0549473 0.0375527 0.0075527
v -0.0549473 0.0375527 0.0075527
v -0.0549473 0.0375527 0.0075527
v -0.0588011 0.0547000 0.0036989
v -0.0588011 0.0547000 0.0036989
v -0.0588011 0.0547000 0.0036989
v -0.0588011 0.0547000 0.0036989
v -0.0378000 0.0336989 0.0036989
v -0.0378000 0.0336989 0.0036989
v -0.0378000 0.0336989 0.0036989
v -0.0378000 0.0336989 0.0036989
v -0.0378000 0.1750000 0.0247000
v -0.0378000 0.1750000 0.0247000
v -0.0378000 0.1750000 0.0247000
v -0.0378000 0.1750000 0.0247000
v -0.0378000 0.1453000 -0.0050000
v -0.0378000 0.1453000 -0.0050000
v -0.0378000 0.1453000 -0.0050000
v -0.0378000 0.1453000 -0.0050000
v -0.0675000 0.1453000 0.0247000
v -0.0675000 0.1453000 0.0247000
v -0.0675000 0.1453000 0.0247000
v -0.0675000 0.1453000 0.0247000
v -0.0378000 0.1663011 0.0036989
v -0.0378000 0.1663011 0.0036989
v -0.0378000 0.1663011 0.0036989
v -0.0378000 0.1663011 0.0036989
v -0.0549473 0.1624473 0.0075527
v -0.0549473 0.1624473 0.0075527
v -0.0549473 0.1624473 0.0075527
v -0.0588011 0.1453000 0.0036989
v -0.0588011 0.1453000 0.0036989
v -0.0588011 0.1453000 0.0036989
v -0.0588011 0.1453000 0.0036989
v -0.0588011 0.1663011 0.0247000
v -0.0588011 0.1663011 0.0247000
v -0.0588011 0.1663011 0.0247000
v -0.0588011 0.1663011 0.0247000
v 0.0378000 0.0250000 0.3553000
v 0.0378000 0.0250000 0.3553000
v 0.0378000 0.0250000 0.3553000
v 0.0378000 0.0250000 0.3553000
v 0.0675000 0.0547000 0.3553000
v 0.0675000 0.0547000 0.3553000
v 0.0675000 0.0547000 0.3553000
v 0.0675000 0.0547000 0.3553000
v 0.0378000 0.0547000 0.3850000
v 0.0378000 0.0547000 0.3850000
v 0.0378000 0.0547000 0.3850000
v 0.0378000 0.0547000 0.3850000
v 0.0588011 0.0336989 0.3553000
v 0.0588011 0.0336989 0.3553000
v 0.0588011 0.0336989 0.3553000
v 0.0588011 0.0336989 0.3553000
v 0.0549473 0.0375527 0.3724473
v 0.0549473 0.0375527 0.3724473
v 0.0549473 0.0375527 0.3724473
v 0.0588011 0.0547000 0.3763011
v 0.0588011 0.0547000 0.3763011
v 0.0588011 0.0547000 0.3763011
v 0.0588011 0.0547000 0.3763011
v 0.0378000 0.0336989 0.3763011
v 0.0378000 0.0336989 0.3763011
v 0.0378000 0.0336989 0.3763011
v 0.0378000 0.0336989 0.3763011
v 0.0378000 0.1750000 0.3553000
v 0.0378000 0.1750000 0.3553000
v 0.0378000 0.1750000 0.3553000
v 0.0378000 0.1750000 0.3553000
v 0.0378000 0.1453000 0.3850000
v 0.0378000 0.1453000 0.3850000
v 0.0378000 0.1453000 0.3850000
v 0.0378000 0.1453000 0.3850000
v 0.0675000 0.1453000 0.3553000
v 0.0675000 0.1453000 0.3553000
v 0.0675000 0.1453000 0.3553000
v 0.0675000 0.1453000 0.3553000
v 0.0378000 0.1663011 0.3763011
v 0.0378000 0.1663011 0.3763011
v 0.0378000 0.1663011 0.3763011
v 0.0378000 0.1663011 0.3763011
v 0.0549473 0.1624473 0.3724473
v 0.0549473 0.1624473 0.3724473
v 0.0549473 0.1624473 0.3724473
v 0.0588011 0.1453000 0.3763011
v 0.0588011 0.1453000 0.3763011
v 0.0588011 0.1453000 0.3763011
v 0.0588011 0.1453000 0.3763011
v 0.0588011 0.1663011 0.3553000
v 0.0588011 0.1663011 0.3553000
v 0.0588011 0.1663011 0.3553000
v 0.0588011 0.1663011 0.3553000
v 0.0378000 0.0250000 0.0247000
v 0.0378000 0.0250000 0.0247000
v 0.0378000 0.0250000 0.0247000
v 0.0378000 0.0250000 0.0247000
v 0.0378000 0.0547000 -0.0050000
v 0.0378000 0.0547000 -0.0050000
v 0.0378000 0.0547000 -0.0050000
v 0.0378000 0.0547000 -0.0050000
v 0.0675000 0.0547000 0.0247000
v 0.0675000 0.0547000 0.0247000
v 0.0675000 0.0547000 0.0247000
v 0.0675000 0.0547000 0.0247000
v 0.0378000 0.0336989 0.0036989
v 0.0378000 0.0336989 0.0036989
v 0.0378000 0.0336989 0.0036989
v 0.0378000 0.0336989 0.0036989
v 0.0549473 0.0375527 0.0075527
v 0.0549473 0.0375527 0.0075527
v 0.0549473 0.0375527 0.0075527
v 0.0588011 0.0547000 0.0036989
v 0.0588011 0.0547000 0.0036989
v 0.0588011 0.0547000 0.0036989
v 0.0588011 0.0547000 0.0036989
v 0.0588011 0.0336989 0.0247000
v 0.0588011 0.0336989 0.0247000
v 0.0588011 0.0336989 0.0247000
v 0.0588011 0.0336989 0.0247000
v 0.0378000 0.1750000 0.0247000
v 0.0378000 0.1750000 0.0247000
v 0.0378000 0.1750000 0.0247000
v 0.0378000 0.1750000 0.0247000
v 0.0675000 0.1453000 0.0247000
v 0.0675000 0.1453000 0.0247000
v 0.0675000 0.1453000 0.0247000
v 0.0675000 0.1453000 0.0247000
v 0.0378000 0.1453000 -0.0050000
v 0.0378000 0.1453000 -0.0050000
v 0.0378000 0.1453000 -0.0050000
v 0.0378000 0.1453000 -0.0050000
v 0.0588011 0.1663011 0.0247000
v 0.0588011 0.1663011 0.0247000
v 0.0588011 0.1663011 0.0247000
v 0.0588011 0.1663011 0.0247000
v 0.0549473 0.1624473 0.0075527
v 0.0549473 0.1624473 0.0075527
v 0.0549473 0.1624473 0.0075527
v 0.0588011 0.1453000 0.0036989
v 0.0588011 0.1453000 0.0036989
v 0.0588011 0.1453000 0.0036989
v 0.0588011 0.1453000 0.0036989
v 0.0378000 0.1663011 0.0036989
v 0.0378000 0.1663011 0.0036989
v 0.0378000 0.1663011 0.0036989
v 0.0378000 0.1663011 0.0036989
vt 0.1800000 0.2690386
vt 0.1800000 0.2690386
vt 0.1800000 0.2690386
vt 0.1800000 0.2690386
vt 0.4245000 0.0550000
vt 0.4245000 0.0550000
vt 0.4245000 0.0550000
vt 0.4245000 0.0550000
vt 0.4245000 0.9809616
vt 0.4245000 0.9809616
vt 0.4245000 0.9809616
vt 0.4245000 0.9809616
vt 0.3750000 0.0550000
vt 0.1800000 0.2500000
vt 0.3750000 0.0550000
vt 0.1800000 0.2500000
vt 0.3959212 0.0000000
vt 0.1482457 0.2500000
vt 0.3750000 0.9919534
vt 0.4245000 0.0000000
vt 0.4245000 0.0000000
vt 0.4245000 1.0000000
vt 0.4245000 1.0000000
vt 0.1250000 0.2690384
vt 0.1250000 0.2690384
vt 0.3750000 0.9809616
vt 0.3750000 0.9809616
vt 0.5755001 0.0549999
vt 0.5755001 0.0549999
vt 0.5755001 0.0549999
vt 0.5755001 0.0549999
vt 0.8200000 0.2690384
vt 0.8200000 0.2690384
vt 0.8200000 0.2690384
vt 0.8200000 0.2690384
vt 0.5755001 0.9809616
vt 0.5755001 0.9809616
vt 0.5755001 0.9809616
vt 0.5755001 0.9809616
vt 0.6250000 0.0550000
vt 0.8200000 0.2500000
vt 0.6250000 0.0550000
vt 0.8200000 0.2500000
vt 0.6250000 0.0232458
vt 0.8750000 0.2580466
vt 0.6040788 1.0000000
vt 0.8750000 0.2690384
vt 0.8750000 0.2690384
vt 0.6250000 0.9809616
vt 0.6250000 0.9809616
vt 0.5755000 0.0000000
vt 0.5755000 0.0000000
vt 0.5755000 1.0000000
vt 0.5755000 1.0000000
vt 0.1800000 0.4809616
vt 0.1800000 0.4809616
vt 0.1800000 0.4809616
vt 0.1800000 0.4809616
vt 0.4245000 0.7690384
vt 0.4245000 0.7690384
vt 0.4245000 0.7690384
vt 0.4245000 0.7690384
vt 0.4245000 0.6950001
vt 0.4245000 0.6950001
vt 0.4245000 0.6950001
vt 0.4245000 0.6950001
vt 0.1250000 0.4809616
vt 0.1250000 0.4809616
vt 0.3750000 0.7690384
vt 0.3750000 0.7690384
vt 0.3750000 0.7267542
vt 0.1250000 0.4919534
vt 0.3959211 0.7500000
vt 0.4245000 0.7500000
vt 0.4245000 0.7500000
vt 0.4245000 0.7500000
vt 0.4245000 0.7500000
vt 0.3750000 0.6950000
vt 0.1800000 0.5000000
vt 0.3750000 0.6950000
vt 0.1800000 0.5000000
vt 0.8199999 0.4809616
vt 0.8199999 0.4809616
vt 0.8199999 0.4809616
vt 0.8199999 0.4809616
vt 0.5755000 0.6950001
vt 0.5755000 0.6950001
vt 0.5755000 0.6950001
vt 0.5755000 0.6950001
vt 0.5755000 0.7690384
vt 0.5755000 0.7690384
vt 0.5755000 0.7690384
vt 0.5755000 0.7690384
vt 0.6250000 0.6950000
vt 0.8200000 0.5000000
vt 0.6250000 0.6950000
vt 0.8200000 0.5000000
vt 0.6040788 0.7500000
vt 0.8517542 0.5000000
vt 0.6250000 0.7580466
vt 0.5755000 0.7500000
vt 0.5755000 0.7500000
vt 0.5755000 0.7500000
vt 0.5755000 0.7500000
vt 0.8750000 0.4809616
vt 0.8750000 0.4809616
vt 0.6250000 0.7690384
vt 0.6250000 0.7690384
vt 0.3200000 0.2690384
vt 0.3200000 0.2690384
vt 0.3200000 0.2690384
vt 0.3200000 0.2690384
vt 0.4245000 0.2690384
vt 0.4245000 0.2690384
vt 0.4245000 0.2690384
vt 0.4245000 0.2690384
vt 0.4245000 0.1950001
vt 0.4245000 0.1950001
vt 0.4245000 0.1950001
vt 0.4245000 0.1950001
vt 0.3750000 0.2690385
vt 0.3750000 0.2690385
vt 0.3750000 0.2690385
vt 0.3750000 0.2690385
vt 0.3819737 0.2449336
vt 0.3819737 0.2449336
vt 0.3819737 0.2449336
vt 0.4245000 0.2500000
vt 0.4245000 0.2500000
vt 0.4245000 0.2500000
vt 0.4245000 0.2500000
vt 0.3750000 0.1950000
vt 0.3200000 0.2500000
vt 0.3750000 0.1950000
vt 0.3200000 0.2500000
vt 0.6799999 0.2690386
vt 0.6799999 0.2690386
vt 0.6799999 0.2690386
vt 0.6799999 0.2690386
vt 0.5755000 0.1950001
vt 0.5755000 0.1950001
vt 0.5755000 0.1950001
vt 0.5755000 0.1950001
vt 0.5755000 0.2690385
vt 0.5755000 0.2690385
vt 0.5755000 0.2690385
vt 0.5755000 0.2690385
vt 0.6250000 0.1950000
vt 0.6799999 0.2500000
vt 0.6250000 0.1950000
vt 0.6799999 0.2500000
vt 0.6257749 0.2526822
vt 0.6257749 0.2526822
vt 0.6257749 0.2526822
vt 0.5755000 0.2500000
vt 0.5755000 0.2500000
vt 0.5755000 0.2500000
vt 0.5755000 0.2500000
vt 0.6250000 0.2690384
vt 0.6250000 0.2690384
vt 0.6250000 0.2690384
vt 0.6250000 0.2690384
vt 0.3200000 0.4809616
vt 0.3200000 0.4809616
vt 0.3200000 0.4809616
vt 0.3200000 0.4809616
vt 0.4245000 0.5550000
vt 0.4245000 0.5550000
vt 0.4245000 0.5550000
vt 0.4245000 0.5550000
vt 0.4245000 0.4809615
vt 0.4245000 0.4809615
vt 0.4245000 0.4809615
vt 0.4245000 0.4809615
vt 0.3750000 0.5550000
vt 0.3200000 0.5000000
vt 0.3750000 0.5550000
vt 0.3200000 0.5000000
vt 0.3742251 0.4973178
vt 0.3742251 0.4973178
vt 0.3742251 0.4973178
vt 0.4245000 0.5000000
vt 0.4245000 0.5000000
vt 0.4245000 0.5000000
vt 0.4245000 0.5000000
vt 0.3750000 0.4809616
vt 0.3750000 0.4809616
vt 0.3750000 0.4809616
vt 0.3750000 0.4809616
vt 0.6799999 0.4809616
vt 0.6799999 0.4809616
vt 0.6799999 0.4809616
vt 0.6799999 0.4809616
vt 0.5755001 0.4809616
vt 0.5755001 0.4809616
vt 0.5755001 0.4809616
vt 0.5755001 0.4809616
vt 0.5755001 0.5549999
vt 0.5755001 0.5549999
vt 0.5755001 0.5549999
vt 0.5755001 0.5549999
vt 0.6250000 0.4809616
vt 0.6250000 0.4809616
vt 0.6250000 0.4809615
vt 0.6250000 0.4809616
vt 0.6180263 0.5050664
vt 0.6180263 0.5050664
vt 0.6180263 0.5050664
vt 0.5755000 0.5000000
vt 0.5755000 0.5000000
vt 0.5755000 0.5000000
vt 0.5755000 0.5000000
vt 0.6250000 0.5550000
vt 0.6799999 0.5000000
vt 0.6250000 0.5550000
vt 0.6799999 0.5000000
vn 0.0000000 -0.9238767 0.3826903
vn 0.0000000 -1.0000000 0.0000000
vn -0.3250835 -0.8880549 0.3250835
vn -0.3826903 -0.9238767 0.0000000
vn 0.0000000 0.0000000 1.0000000
vn 0.0000000 -0.3826903 0.9238767
vn -0.3250835 -0.3250835 0.8880549
vn -0.3826903 0.0000000 0.9238767
vn -0.8880549 -0.3250835 0.3250835
vn -0.9238767 0.0000000 0.3826903
vn -0.9238767 -0.3826903 0.0000000
vn -1.0000000 0.0000000 0.0000000
vn 0.0000000 -0.3826903 0.9238767
vn 0.0000000 -0.9238767 0.3826903
vn -0.3250835 -0.3250835 0.8880549
vn -0.3250835 -0.8880549 0.3250835
vn -0.3250835 -0.3250835 0.8880549
vn -0.3250835 -0.8880549 0.3250835
vn -0.8880549 -0.3250835 0.3250835
vn -0.3250835 -0.3250835 0.8880549
vn -0.3826903 0.0000000 0.9238767
vn -0.8880549 -0.3250835 0.3250835
vn -0.9238767 0.0000000 0.3826903
vn -0.3250835 -0.8880549 0.3250835
vn -0.3826903 -0.9238767 0.0000000
vn -0.8880549 -0.3250835 0.3250835
vn -0.9238767 -0.3826903 0.0000000
vn 0.0000000 0.0000000 1.0000000
vn 0.0000000 0.3826903 0.9238767
vn -0.3250835 0.3250835 0.8880549
vn -0.3826903 0.0000000 0.9238767
vn 0.0000000 0.9238767 0.3826903
vn 0.0000000 1.0000000 0.0000000
vn -0.3250835 0.8880549 0.3250835
vn -0.3826903 0.9238767 0.0000000
vn -0.8880549 0.3250835 0.3250835
vn -0.9238767 0.0000000 0.3826903
vn -0.9238767 0.3826903 0.0000000
vn -1.0000000 0.0000000 0.0000000
vn 0.0000000 0.3826903 0.9238767
vn 0.0000000 0.9238767 0.3826903
vn -0.3250835 0.3250835 0.8880549
vn -0.3250835 0.8880549 0.3250835
vn -0.3250835 0.3250835 0.8880549
vn -0.3250835 0.8880549 0.3250835
vn -0.8880549 0.3250835 0.3250835
vn -0.3250835 0.8880549 0.3250835
vn -0.3826903 0.9238767 0.0000000
vn -0.8880549 0.3250835 0.3250835
vn -0.9238767 0.3826903 0.0000000
vn -0.3250835 0.3250835 0.8880549
vn -0.3826903 0.0000000 0.9238767
vn -0.8880549 0.3250835 0.3250835
vn -0.9238767 0.0000000 0.3826903
vn 0.0000000 -0.9238767 -0.3826903
vn 0.0000000 -1.0000000 0.0000000
vn -0.3250835 -0.8880549 -0.3250835
vn -0.3826903 -0.9238767 0.0000000
vn -0.8880549 -0.3250835 -0.3250835
vn -0.9238767 0.0000000 -0.3826903
vn -0.9238767 -0.3826903 0.0000000
vn -1.0000000 0.0000000 0.0000000
vn 0.0000000 0.0000000 -1.0000000
vn 0.0000000 -0.3826903 -0.9238767
vn -0.3250835 -0.3250835 -0.8880549
vn -0.3826903 0.0000000 -0.9238767
vn -0.3250835 -0.8880549 -0.3250835
vn -0.3826903 -0.9238767 0.0000000
vn -0.8880549 -0.3250835 -0.3250835
vn -0.9238767 -0.3826903 0.0000000
vn -0.3250835 -0.3250835 -0.8880549
vn -0.3250835 -0.8880549 -0.3250835
vn -0.8880549 -0.3250835 -0.3250835
vn -0.3250835 -0.3250835 -0.8880549
vn -0.3826903 0.0000000 -0.9238767
vn -0.8880549 -0.3250835 -0.3250835
vn -0.9238767 0.0000000 -0.3826903
vn 0.0000000 -0.3826903 -0.9238767
vn 0.0000000 -0.9238767 -0.3826903
vn -0.3250835 -0.3250835 -0.8880549
vn -0.3250835 -0.8880549 -0.3250835
vn 0.0000000 0.9238767 -0.3826903
vn 0.0000000 1.0000000 0.0000000
vn -0.3250835 0.8880549 -0.3250835
vn -0.3826903 0.9238767 0.0000000
vn 0.0000000 0.0000000 -1.0000000
vn 0.0000000 0.3826903 -0.9238767
vn -0.3250835 0.3250835 -0.8880549
vn -0.3826903 0.0000000 -0.9238767
vn -0.8880549 0.3250835 -0.3250835
vn -0.9238767 0.0000000 -0.3826903
vn -0.9238767 0.3826903 0.0000000
vn -1.0000000 0.0000000 0.0000000
vn 0.0000000 0.3826903 -0.9238767
vn 0.0000000 0.9238767 -0.3826903
vn -0.3250835 0.3250835 -0.8880549
vn -0.3250835 0.8880549 -0.3250835
vn -0.3250835 0.3250835 -0.8880549
vn -0.3250835 0.8880549 -0.3250835
vn -0.8880549 0.3250835 -0.3250835
vn -0.3250835 0.3250835 -0.8880549
vn -0.3826903 0.0000000 -0.9238767
vn -0.8880549 0.3250835 -0.3250835
vn -0.9238767 0.0000000 -0.3826903
vn -0.3250835 0.8880549 -0.3250835
vn -0.3826903 0.9238767 0.0000000
vn -0.8880549 0.3250835 -0.3250835
vn -0.9238767 0.3826903 0.0000000
vn 0.0000000 -0.9238767 0.3826903
vn 0.0000000 -1.0000000 0.0000000
vn 0.3250835 -0.8880549 0.3250835
vn 0.3826903 -0.9238767 0.0000000
vn 0.8880549 -0.3250835 0.3250835
vn 0.9238767 0.0000000 0.3826903
vn 0.9238767 -0.3826903 0.0000000
vn 1.0000000 0.0000000 0.0000000
vn 0.0000000 0.0000000 1.0000000
vn 0.0000000 -0.3826903 0.9238767
vn 0.3250835 -0.3250835 0.8880549
vn 0.3826903 0.0000000 0.9238767
vn 0.3250835 -0.8880549 0.3250835
vn 0.3826903 -0.9238767 0.0000000
vn 0.8880549 -0.3250835 0.3250835
vn 0.9238767 -0.3826903 0.0000000
vn 0.3250835 -0.3250835 0.8880549
vn 0.3250835 -0.8880549 0.3250835
vn 0.8880549 -0.3250835 0.3250835
vn 0.3250835 -0.3250835 0.8880549
vn 0.3826903 0.0000000 0.9238767
vn 0.8880549 -0.3250835 0.3250835
vn 0.9238767 0.0000000 0.3826903
vn 0.0000000 -0.3826903 0.9238767
vn 0.0000000 -0.9238767 0.3826903
vn 0.3250835 -0.3250835 0.8880549
vn 0.3250835 -0.8880549 0.3250835
vn 0.0000000 0.9238767 0.3826903
vn 0.0000000 1.0000000 0.0000000
vn 0.3250835 0.8880549 0.3250835
vn 0.3826903 0.9238767 0.0000000
vn 0.0000000 0.0000000 1.0000000
vn 0.0000000 0.3826903 0.9238767
vn 0.3250835 0.3250835 0.8880549
vn 0.3826903 0.0000000 0.9238767
vn 0.8880549 0.3250835 0.3250835
vn 0.9238767 0.0000000 0.3826903
vn 0.9238767 0.3826903 0.0000000
vn 1.0000000 0.0000000 0.0000000
vn 0.0000000 0.3826903 0.9238767
vn 0.0000000 0.9238767 0.3826903
vn 0.3250835 0.3250835 0.8880549
vn 0.3250835 0.8880549 0.3250835
vn 0.3250835 0.3250835 0.8880549
vn 0.3250835 0.8880549 0.3250835
vn 0.8880549 0.3250835 0.3250835
vn 0.3250835 0.3250835 0.8880549
vn 0.3826903 0.0000000 0.9238767
vn 0.8880549 0.3250835 0.3250835
vn 0.9238767 0.0000000 0.3826903
vn 0.3250835 0.8880549 0.3250835
vn 0.3826903 0.9238767 0.0000000
vn 0.8880549 0.3250835 0.3250835
vn 0.9238767 0.3826903 0.0000000
vn 0.0000000 -0.9238767 -0.3826903
vn 0.0000000 -1.0000000 0.0000000
vn 0.3250835 -0.8880549 -0.3250835
vn 0.3826903 -0.9238767 0.0000000
vn 0.0000000 0.0000000 -1.0000000
vn 0.0000000 -0.3826903 -0.9238767
vn 0.3250835 -0.3250835 -0.8880549
vn 0.3826903 0.0000000 -0.9238767
vn 0.8880549 -0.3250835 -0.3250835
vn 0.9238767 0.0000000 -0.3826903
vn 0.9238767 -0.3826903 0.0000000
vn 1.0000000 0.0000000 0.0000000
vn 0.0000000 -0.3826903 -0.9238767
vn 0.0000000 -0.9238767 -0.3826903
vn 0.3250835 -0.3250835 -0.8880549
vn 0.3250835 -0.8880549 -0.3250835
vn 0.3250835 -0.3250835 -0.8880549
vn 0.3250835 -0.8880549 -0.3250835
vn 0.8880549 -0.3250835 -0.3250835
vn 0.3250835 -0.3250835 -0.8880549
vn 0.3826903 0.0000000 -0.9238767
vn 0.8880549 -0.3250835 -0.3250835
vn 0.9238767 0.0000000 -0.3826903
vn 0.3250835 -0.8880549 -0.3250835
vn 0.3826903 -0.9238767 0.0000000
vn 0.8880549 -0.3250835 -0.3250835
vn 0.9238767 -0.3826903 0.0000000
vn 0.0000000 0.9238767 -0.3826903
vn 0.0000000 1.0000000 0.0000000
vn 0.3250835 0.8880549 -0.3250835
vn 0.3826903 0.9238767 0.0000000
vn 0.8880549 0.3250835 -0.3250835
vn 0.9238767 0.0000000 -0.3826903
vn 0.9238767 0.3826903 0.0000000
vn 1.0000000 0.0000000 0.0000000
vn 0.0000000 0.0000000 -1.0000000
vn 0.0000000 0.3826903 -0.9238767
vn 0.3250835 0.3250835 -0.8880549
vn 0.3826903 0.0000000 -0.9238767
vn 0.3250835 0.8880549 -0.3250835
vn 0.3826903 0.9238767 0.0000000
vn 0.8880549 0.3250835 -0.3250835
vn 0.9238767 0.3826903 0.0000000
vn 0.3250835 0.3250835 -0.8880549
vn 0.3250835 0.8880549 -0.3250835
vn 0.8880549 0.3250835 -0.3250835
vn 0.3250835 0.3250835 -0.8880549
vn 0.3826903 0.0000000 -0.9238767
vn 0.8880549 0.3250835 -0.3250835
vn 0.9238767 0.0000000 -0.3826903
vn 0.0000000 0.3826903 -0.9238767
vn 0.0000000 0.9238767 -0.3826903
vn 0.3250835 0.3250835 -0.8880549
vn 0.3250835 0.8880549 -0.3250835
f 1421/1421/1421 1444/1444/1444 1332/1332/1332
f 1421/1421/1421 1332/1332/1332 1309/1309/1309
f 1478/1478/1478 1501/1501/1501 1451/1451/1451
f 1478/1478/1478 1451/1451/1451 1420/1420/1420
f 1495/1495/1495 1387/1387/1387 1337/1337/1337
f 1495/1495/1495 1337/1337/1337 1441/1441/1441
f 1316/1316/1316 1343/1343/1343 1397/1397/1397
f 1316/1316/1316 1397/1397/1397 1366/1366/1366
f 1367/1367/1367 1390/1390/1390 1502/1502/1502
f 1367/1367/1367 1502/1502/1502 1471/1471/1471
f 1307/1307/1307 1320/1320/1320 1322/1322/1322
f 1307/1307/1307 1322/1322/1322 1328/1328/1328
f 1311/1311/1311 1324/1324/1324 1321/1321/1321
f 1311/1311/1311 1321/1321/1321 1319/1319/1319
f 1313/1313/1313 1330/1330/1330 1323/1323/1323
f 1313/1313/1313 1323/1323/1323 1326/1326/1326
f 1334/1334/1334 1346/1346/1346 1348/1348/1348
f 1334/1334/1334 1348/1348/1348 1355/1355/1355
f 1338/1338/1338 1351/1351/1351 1349/1349/1349
f 1338/1338/1338 1349/1349/1349 1347/1347/1347
f 1340/1340/1340 1357/1357/1357 1350/1350/1350
f 1340/1340/1340 1350/1350/1350 1353/1353/1353
f 1361/1361/1361 1371/1371/1371 1376/1376/1376
f 1361/1361/1361 1376/1376/1376 1385/1385/1385
f 1363/1363/1363 1380/1380/1380 1377/1377/1377
f 1363/1363/1363 1377/1377/1377 1373/1373/1373
f 1369/1369/1369 1384/1384/1384 1375/1375/1375
f 1369/1369/1369 1375/1375/1375 1378/1378/1378
f 1388/1388/1388 1401/1401/1401 1403/1403/1403
f 1388/1388/1388 1403/1403/1403 1409/1409/1409
f 1392/1392/1392 1405/1405/1405 1402/1402/1402
f 1392/1392/1392 1402/1402/1402 1400/1400/1400
f 1394/1394/1394 1411/1411/1411 1404/1404/1404
f 1394/1394/1394 1404/1404/1404 1407/1407/1407
f 1415/1415/1415 1425/1425/1425 1430/1430/1430
f 1415/1415/1415 1430/1430/1430 1439/1439/1439
f 1417/1417/1417 1434/1434/1434 1431/1431/1431
f 1417/1417/1417 1431/1431/1431 1427/1427/1427
f 1423/1423/1423 1438/1438/1438 1429/1429/1429
f 1423/1423/1423 1429/1429/1429 1432/1432/1432
f 1442/1442/1442 1455/1455/1455 1457/1457/1457
f 1442/1442/1442 1457/1457/1457 1463/1463/1463
f 1446/1446/1446 1459/1459/1459 1456/1456/1456
f 1446/1446/1446 1456/1456/1456 1454/1454/1454
f 1448/1448/1448 1465/1465/1465 1458/1458/1458
f 1448/1448/1448 1458/1458/1458 1461/1461/1461
f 1469/1469/1469 1482/1482/1482 1484/1484/1484
f 1469/1469/1469 1484/1484/1484 1490/1490/1490
f 1473/1473/1473 1486/1486/1486 1483/1483/1483
f 1473/1473/1473 1483/1483/1483 1481/1481/1481
f 1475/1475/1475 1492/1492/1492 1485/1485/1485
f 1475/1475/1475 1485/1485/1485 1488/1488/1488
f 1496/1496/1496 1506/1506/1506 1511/1511/1511
f 1496/1496/1496 1511/1511/1511 1520/1520/1520
f 1498/1498/1498 1515/1515/1515 1512/1512/1512
f 1498/1498/1498 1512/1512/1512 1508/1508/1508
f 1504/1504/1504 1519/1519/1519 1510/1510/1510
f 1504/1504/1504 1510/1510/1510 1513/1513/1513
f 1362/1362/1362 1308/1308/1308 1329/1329/1329
f 1362/1362/1362 1329/1329/1329 1372/1372/1372
f 1374/1374/1374 1331/1331/1331 1315/1315/1315
f 1374/1374/1374 1315/1315/1315 1365/1365/1365
f 1312/1312/1312 1335/1335/1335 1356/1356/1356
f 1312/1312/1312 1356/1356/1356 1325/1325/1325
f 1327/1327/1327 1358/1358/1358 1341/1341/1341
f 1327/1327/1327 1341/1341/1341 1314/1314/1314
f 1339/1339/1339 1389/1389/1389 1410/1410/1410
f 1339/1339/1339 1410/1410/1410 1352/1352/1352
f 1354/1354/1354 1412/1412/1412 1396/1396/1396
f 1354/1354/1354 1396/1396/1396 1342/1342/1342
f 1393/1393/1393 1370/1370/1370 1379/1379/1379
f 1393/1393/1393 1379/1379/1379 1406/1406/1406
f 1408/1408/1408 1381/1381/1381 1364/1364/1364
f 1408/1408/1408 1364/1364/1364 1395/1395/1395
f 1467/1467/1467 1359/1359/1359 1383/1383/1383
f 1467/1467/1467 1383/1383/1383 1480/1480/1480
f 1479/1479/1479 1382/1382/1382 1368/1368/1368
f 1479/1479/1479 1368/1368/1368 1472/1472/1472
f 1386/1386/1386 1494/1494/1494 1518/1518/1518
f 1386/1386/1386 1518/1518/1518 1399/1399/1399
f 1398/1398/1398 1517/1517/1517 1503/1503/1503
f 1398/1398/1398 1503/1503/1503 1391/1391/1391
f 1499/1499/1499 1476/1476/1476 1489/1489/1489
f 1499/1499/1499 1489/1489/1489 1516/1516/1516
f 1514/1514/1514 1487/1487/1487 1474/1474/1474
f 1514/1514/1514 1474/1474/1474 1505/1505/1505
f 1416/1416/1416 1470/1470/1470 1491/1491/1491
f 1416/1416/1416 1491/1491/1491 1426/1426/1426
f 1428/1428/1428 1493/1493/1493 1477/1477/1477
f 1428/1428/1428 1477/1477/1477 1419/1419/1419
f 1497/1497/1497 1443/1443/1443 1464/1464/1464
f 1497/1497/1497 1464/1464/1464 1507/1507/1507
f 1509/1509/1509 1466/1466/1466 1450/1450/1450
f 1509/1509/1509 1450/1450/1450 1500/1500/1500
f 1447/1447/1447 1424/1424/1424 1433/1433/1433
f 1447/1447/1447 1433/1433/1433 1460/1460/1460
f 1462/1462/1462 1435/1435/1435 1418/1418/1418
f 1462/1462/1462 1418/1418/1418 1449/1449/1449
f 1305/1305/1305 1413/1413/1413 1437/1437/1437
f 1305/1305/1305 1437/1437/1437 1318/1318/1318
f 1317/1317/1317 1436/1436/1436 1422/1422/1422
f 1317/1317/1317 1422/1422/1422 1310/1310/1310
f 1440/1440/1440 1336/1336/1336 1345/1345/1345
f 1440/1440/1440 1345/1345/1345 1453/1453/1453
f 1452/1452/1452 1344/1344/1344 1333/1333/1333
f 1452/1452/1452 1333/1333/1333 1445/1445/1445
f 1360/1360/1360 1468/1468/1468 1414/1414/1414
f 1360/1360/1360 1414/1414/1414 1306/1306/1306
o Trigger_guard_0
usemtl Machined_Steel
v -0.0673000 -0.1175000 0.2273000
v -0.0673000 -0.1175000 0.2273000
v -0.0673000 -0.1175000 0.2273000
v -0.0673000 -0.1175000 0.2273000
v -0.0673000 -0.1098000 0.2350000
v -0.0673000 -0.1098000 0.2350000
v -0.0673000 -0.1098000 0.2350000
v -0.0673000 -0.1098000 0.2350000
v -0.0750000 -0.1098000 0.2273000
v -0.0750000 -0.1098000 0.2273000
v -0.0750000 -0.1098000 0.2273000
v -0.0750000 -0.1098000 0.2273000
v -0.0673000 -0.1152447 0.2327447
v -0.0673000 -0.1152447 0.2327447
v -0.0673000 -0.1152447 0.2327447
v -0.0673000 -0.1152447 0.2327447
v -0.0717456 -0.1142456 0.2317456
v -0.0717456 -0.1142456 0.2317456
v -0.0717456 -0.1142456 0.2317456
v -0.0727447 -0.1098000 0.2327447
v -0.0727447 -0.1098000 0.2327447
v -0.0727447 -0.1098000 0.2327447
v -0.0727447 -0.1098000 0.2327447
v -0.0727447 -0.1152447 0.2273000
v -0.0727447 -0.1152447 0.2273000
v -0.0727447 -0.1152447 0.2273000
v -0.0727447 -0.1152447 0.2273000
v -0.0673000 -0.0902000 0.2350000
v -0.0673000 -0.0902000 0.2350000
v -0.0673000 -0.0902000 0.2350000
v -0.0673000 -0.0902000 0.2350000
v -0.0673000 -0.0825000 0.2273000
v -0.0673000 -0.0825000 0.2273000
v -0.0673000 -0.0825000 0.2273000
v -0.0673000 -0.0825000 0.2273000
v -0.0750000 -0.0902000 0.2273000
v -0.0750000 -0.0902000 0.2273000
v -0.0750000 -0.0902000 0.2273000
v -0.0750000 -0.0902000 0.2273000
v -0.0673000 -0.0847553 0.2327447
v -0.0673000 -0.0847553 0.2327447
v -0.0673000 -0.0847553 0.2327447
v -0.0673000 -0.0847553 0.2327447
v -0.0717456 -0.0857544 0.2317456
v -0.0717456 -0.0857544 0.2317456
v -0.0717456 -0.0857544 0.2317456
v -0.0727447 -0.0847553 0.2273000
v -0.0727447 -0.0847553 0.2273000
v -0.0727447 -0.0847553 0.2273000
v -0.0727447 -0.0847553 0.2273000
v -0.0727447 -0.0902000 0.2327447
v -0.0727447 -0.0902000 0.2327447
v -0.0727447 -0.0902000 0.2327447
v -0.0727447 -0.0902000 0.2327447
v -0.0673000 -0.1175000 0.0727000
v -0.0673000 -0.1175000 0.0727000
v -0.0673000 -0.1175000 0.0727000
v -0.0673000 -0.1175000 0.0727000
v -0.0750000 -0.1098000 0.0727000
v -0.0750000 -0.1098000 0.0727000
v -0.0750000 -0.1098000 0.0727000
v -0.0750000 -0.1098000 0.0727000
v -0.0673000 -0.1098000 0.0650000
v -0.0673000 -0.1098000 0.0650000
v -0.0673000 -0.1098000 0.0650000
v -0.0673000 -0.1098000 0.0650000
v -0.0727447 -0.1152447 0.0727000
v -0.0727447 -0.1152447 0.0727000
v -0.0727447 -0.1152447 0.0727000
v -0.0727447 -0.1152447 0.0727000
v -0.0717456 -0.1142456 0.0682544
v -0.0717456 -0.1142456 0.0682544
v -0.0717456 -0.1142456 0.0682544
v -0.0727447 -0.1098000 0.0672553
v -0.0727447 -0.1098000 0.0672553
v -0.0727447 -0.1098000 0.0672553
v -0.0727447 -0.1098000 0.0672553
v -0.0673000 -0.1152447 0.0672553
v -0.0673000 -0.1152447 0.0672553
v -0.0673000 -0.1152447 0.0672553
v -0.0673000 -0.1152447 0.0672553
v -0.0673000 -0.0825000 0.0727000
v -0.0673000 -0.0825000 0.0727000
v -0.0673000 -0.0825000 0.0727000
v -0.0673000 -0.0825000 0.0727000
v -0.0673000 -0.0902000 0.0650000
v -0.0673000 -0.0902000 0.0650000
v -0.0673000 -0.0902000 0.0650000
v -0.0673000 -0.0902000 0.0650000
v -0.0750000 -0.0902000 0.0727000
v -0.0750000 -0.0902000 0.0727000
v -0.0750000 -0.0902000 0.0727000
v -0.0750000 -0.0902000 0.0727000
v -0.0673000 -0.0847553 0.0672553
v -0.0673000 -0.0847553 0.0672553
v -0.0673000 -0.0847553 0.0672553
v -0.0673000 -0.0847553 0.0672553
v -0.0717456 -0.0857544 0.0682544
v -0.0717456 -0.0857544 0.0682544
v -0.0717456 -0.0857544 0.0682544
v -0.0727447 -0.0902000 0.0672553
v -0.0727447 -0.0902000 0.0672553
v -0.0727447 -0.0902000 0.0672553
v -0.0727447 -0.0902000 0.0672553
v -0.0727447 -0.0847553 0.0727000
v -0.0727447 -0.0847553 0.0727000
v -0.0727447 -0.0847553 0.0727000
v -0.0727447 -0.0847553 0.0727000
v 0.0673000 -0.1175000 0.2273000
v 0.0673000 -0.1175000 0.2273000
v 0.0673000 -0.1175000 0.2273000
v 0.0673000 -0.1175000 0.2273000
v 0.0750000 -0.1098000 0.2273000
v 0.0750000 -0.1098000 0.2273000
v 0.0750000 -0.1098000 0.2273000
v 0.0750000 -0.1098000 0.2273000
v 0.0673000 -0.1098000 0.2350000
v 0.0673000 -0.1098000 0.2350000
v 0.0673000 -0.1098000 0.2350000
v 0.0673000 -0.1098000 0.2350000
v 0.0727447 -0.1152447 0.2273000
v 0.0727447 -0.1152447 0.2273000
v 0.0727447 -0.1152447 0.2273000
v 0.0727447 -0.1152447 0.2273000
v 0.0717456 -0.1142456 0.2317456
v 0.0717456 -0.1142456 0.2317456
v 0.0717456 -0.1142456 0.2317456
v 0.0727447 -0.1098000 0.2327447
v 0.0727447 -0.1098000 0.2327447
v 0.0727447 -0.1098000 0.2327447
v 0.0727447 -0.1098000 0.2327447
v 0.0673000 -0.1152447 0.2327447
v 0.0673000 -0.1152447 0.2327447
v 0.0673000 -0.1152447 0.2327447
v 0.0673000 -0.1152447 0.2327447
v 0.0673000 -0.0825000 0.2273000
v 0.0673000 -0.0825000 0.2273000
v 0.0673000 -0.0825000 0.2273000
v 0.0673000 -0.0825000 0.2273000
v 0.0673000 -0.0902000 0.2350000
v 0.0673000 -0.0902000 0.2350000
v 0.0673000 -0.0902000 0.2350000
v 0.0673000 -0.0902000 0.2350000
v 0.0750000 -0.0902000 0.2273000
v 0.0750000 -0.0902000 0.2273000
v 0.0750000 -0.0902000 0.2273000
v 0.0750000 -0.0902000 0.2273000
v 0.0673000 -0.0847553 0.2327447
v 0.0673000 -0.0847553 0.2327447
v 0.0673000 -0.0847553 0.2327447
v 0.0673000 -0.0847553 0.2327447
v 0.0717456 -0.0857544 0.2317456
v 0.0717456 -0.0857544 0.2317456
v 0.0717456 -0.0857544 0.2317456
v 0.0727447 -0.0902000 0.2327447
v 0.0727447 -0.0902000 0.2327447
v 0.0727447 -0.0902000 0.2327447
v 0.0727447 -0.0902000 0.2327447
v 0.0727447 -0.0847553 0.2273000
v 0.0727447 -0.0847553 0.2273000
v 0.0727447 -0.0847553 0.2273000
v 0.0727447 -0.0847553 0.2273000
v 0.0673000 -0.1175000 0.0727000
v 0.0673000 -0.1175000 0.0727000
v 0.0673000 -0.1175000 0.0727000
v 0.0673000 -0.1175000 0.0727000
v 0.0673000 -0.1098000 0.0650000
v 0.0673000 -0.1098000 0.0650000
v 0.0673000 -0.1098000 0.0650000
v 0.0673000 -0.1098000 0.0650000
v 0.0750000 -0.1098000 0.0727000
v 0.0750000 -0.1098000 0.0727000
v 0.0750000 -0.1098000 0.0727000
v 0.0750000 -0.1098000 0.0727000
v 0.0673000 -0.1152447 0.0672553
v 0.0673000 -0.1152447 0.0672553
v 0.0673000 -0.1152447 0.0672553
v 0.0673000 -0.1152447 0.0672553
v 0.0717456 -0.1142456 0.0682544
v 0.0717456 -0.1142456 0.0682544
v 0.0717456 -0.1142456 0.0682544
v 0.0727447 -0.1098000 0.0672553
v 0.0727447 -0.1098000 0.0672553
v 0.0727447 -0.1098000 0.0672553
v 0.0727447 -0.1098000 0.0672553
v 0.0727447 -0.1152447 0.0727000
v 0.0727447 -0.1152447 0.0727000
v 0.0727447 -0.1152447 0.0727000
v 0.0727447 -0.1152447 0.0727000
v 0.0673000 -0.0825000 0.0727000
v 0.0673000 -0.0825000 0.0727000
v 0.0673000 -0.0825000 0.0727000
v 0.0673000 -0.0825000 0.0727000
v 0.0750000 -0.0902000 0.0727000
v 0.0750000 -0.0902000 0.0727000
v 0.0750000 -0.0902000 0.0727000
v 0.0750000 -0.0902000 0.0727000
v 0.0673000 -0.0902000 0.0650000
v 0.0673000 -0.0902000 0.0650000
v 0.0673000 -0.0902000 0.0650000
v 0.0673000 -0.0902000 0.0650000
v 0.0727447 -0.0847553 0.0727000
v 0.0727447 -0.0847553 0.0727000
v 0.0727447 -0.0847553 0.0727000
v 0.0727447 -0.0847553 0.0727000
v 0.0717456 -0.0857544 0.0682544
v 0.0717456 -0.0857544 0.0682544
v 0.0717456 -0.0857544 0.0682544
v 0.0727447 -0.0902000 0.0672553
v 0.0727447 -0.0902000 0.0672553
v 0.0727447 -0.0902000 0.0672553
v 0.0727447 -0.0902000 0.0672553
v 0.0673000 -0.0847553 0.0672553
v 0.0673000 -0.0847553 0.0672553
v 0.0673000 -0.0847553 0.0672553
v 0.0673000 -0.0847553 0.0672553
vt 0.1378333 0.2613236
vt 0.1378333 0.2613236
vt 0.1378333 0.2613236
vt 0.1378333 0.2613236
vt 0.4300000 0.0128333
vt 0.4300000 0.0128333
vt 0.4300000 0.0128333
vt 0.4300000 0.0128333
vt 0.4300000 0.9886765
vt 0.4300000 0.9886765
vt 0.4300000 0.9886765
vt 0.4300000 0.9886765
vt 0.3750000 0.0128334
vt 0.1378333 0.2500000
vt 0.3750000 0.0128334
vt 0.1378333 0.2500000
vt 0.3982458 0.0000000
vt 0.1304240 0.2500000
vt 0.3750000 0.9952141
vt 0.4300000 0.0000000
vt 0.4300000 0.0000000
vt 0.4300000 1.0000000
vt 0.4300000 1.0000000
vt 0.1250000 0.2613235
vt 0.1250000 0.2613235
vt 0.3750000 0.9886764
vt 0.3750000 0.9886764
vt 0.5700000 0.0128332
vt 0.5700000 0.0128332
vt 0.5700000 0.0128332
vt 0.5700000 0.0128332
vt 0.8621666 0.2613236
vt 0.8621666 0.2613236
vt 0.8621666 0.2613236
vt 0.8621666 0.2613236
vt 0.5700000 0.9886765
vt 0.5700000 0.9886765
vt 0.5700000 0.9886765
vt 0.5700000 0.9886765
vt 0.6250000 0.0128333
vt 0.8621668 0.2500000
vt 0.6250000 0.0128333
vt 0.8621668 0.2500000
vt 0.6250000 0.0054240
vt 0.8750000 0.2547859
vt 0.6017542 1.0000000
vt 0.8750000 0.2613235
vt 0.8750000 0.2613235
vt 0.6249999 0.9886765
vt 0.6249999 0.9886765
vt 0.5700000 0.0000000
vt 0.5700000 0.0000000
vt 0.5700000 1.0000000
vt 0.5700000 1.0000000
vt 0.1378333 0.4886765
vt 0.1378333 0.4886765
vt 0.1378333 0.4886765
vt 0.1378333 0.4886765
vt 0.4300000 0.7613235
vt 0.4300000 0.7613235
vt 0.4300000 0.7613235
vt 0.4300000 0.7613235
vt 0.4300000 0.7371666
vt 0.4300000 0.7371666
vt 0.4300000 0.7371666
vt 0.4300000 0.7371666
vt 0.1250000 0.4886764
vt 0.1250000 0.4886764
vt 0.3750000 0.7613236
vt 0.3750000 0.7613236
vt 0.3750000 0.7445760
vt 0.1250000 0.4952141
vt 0.3982458 0.7500000
vt 0.4300000 0.7500000
vt 0.4300000 0.7500000
vt 0.4300000 0.7500000
vt 0.4300000 0.7500000
vt 0.3750000 0.7371667
vt 0.1378333 0.5000000
vt 0.3750000 0.7371667
vt 0.1378333 0.5000000
vt 0.8621666 0.4886765
vt 0.8621666 0.4886765
vt 0.8621666 0.4886765
vt 0.8621666 0.4886765
vt 0.5700000 0.7371666
vt 0.5700000 0.7371666
vt 0.5700000 0.7371666
vt 0.5700000 0.7371666
vt 0.5700000 0.7613235
vt 0.5700000 0.7613235
vt 0.5700000 0.7613235
vt 0.5700000 0.7613235
vt 0.6250000 0.7371666
vt 0.8621667 0.5000000
vt 0.6250000 0.7371666
vt 0.8621667 0.5000000
vt 0.6017542 0.7500000
vt 0.8695760 0.5000000
vt 0.6250000 0.7547859
vt 0.5700000 0.7500000
vt 0.5700000 0.7500000
vt 0.5700000 0.7500000
vt 0.5700000 0.7500000
vt 0.8750000 0.4886764
vt 0.8750000 0.4886764
vt 0.6250000 0.7613236
vt 0.6250000 0.7613236
vt 0.3621666 0.2613236
vt 0.3621666 0.2613236
vt 0.3621666 0.2613236
vt 0.3621666 0.2613236
vt 0.4300000 0.2613235
vt 0.4300000 0.2613235
vt 0.4300000 0.2613235
vt 0.4300000 0.2613235
vt 0.4300000 0.2371666
vt 0.4300000 0.2371666
vt 0.4300000 0.2371666
vt 0.4300000 0.2371666
vt 0.3750000 0.2613235
vt 0.3750000 0.2613235
vt 0.3750000 0.2613235
vt 0.3750000 0.2613235
vt 0.3827486 0.2497873
vt 0.3827486 0.2497873
vt 0.3827486 0.2497873
vt 0.4300000 0.2500000
vt 0.4300000 0.2500000
vt 0.4300000 0.2500000
vt 0.4300000 0.2500000
vt 0.3750000 0.2371667
vt 0.3621667 0.2500000
vt 0.3750000 0.2371667
vt 0.3621667 0.2500000
vt 0.6378334 0.2613236
vt 0.6378334 0.2613236
vt 0.6378334 0.2613236
vt 0.6378334 0.2613236
vt 0.5700000 0.2371666
vt 0.5700000 0.2371666
vt 0.5700000 0.2371666
vt 0.5700000 0.2371666
vt 0.5700000 0.2613235
vt 0.5700000 0.2613235
vt 0.5700000 0.2613235
vt 0.5700000 0.2613235
vt 0.6250000 0.2371666
vt 0.6378333 0.2500000
vt 0.6250000 0.2371666
vt 0.6378333 0.2500000
vt 0.6190594 0.2515953
vt 0.6190594 0.2515953
vt 0.6190594 0.2515953
vt 0.5700000 0.2500000
vt 0.5700000 0.2500000
vt 0.5700000 0.2500000
vt 0.5700000 0.2500000
vt 0.6250000 0.2613235
vt 0.6250000 0.2613235
vt 0.6250000 0.2613235
vt 0.6250000 0.2613235
vt 0.3621666 0.4886765
vt 0.3621666 0.4886765
vt 0.3621666 0.4886765
vt 0.3621666 0.4886765
vt 0.4300000 0.5128333
vt 0.4300000 0.5128333
vt 0.4300000 0.5128333
vt 0.4300000 0.5128333
vt 0.4300000 0.4886764
vt 0.4300000 0.4886764
vt 0.4300000 0.4886764
vt 0.4300000 0.4886764
vt 0.3750000 0.5128334
vt 0.3621667 0.5000000
vt 0.3750000 0.5128334
vt 0.3621667 0.5000000
vt 0.3809406 0.4984047
vt 0.3809406 0.4984047
vt 0.3809406 0.4984047
vt 0.4300000 0.5000000
vt 0.4300000 0.5000000
vt 0.4300000 0.5000000
vt 0.4300000 0.5000000
vt 0.3750000 0.4886764
vt 0.3750000 0.4886764
vt 0.3750000 0.4886764
vt 0.3750000 0.4886764
vt 0.6378333 0.4886765
vt 0.6378333 0.4886765
vt 0.6378333 0.4886765
vt 0.6378333 0.4886765
vt 0.5700000 0.4886765
vt 0.5700000 0.4886765
vt 0.5700000 0.4886765
vt 0.5700000 0.4886765
vt 0.5700000 0.5128333
vt 0.5700000 0.5128333
vt 0.5700000 0.5128333
vt 0.5700000 0.5128333
vt 0.6250000 0.4886764
vt 0.6250000 0.4886764
vt 0.6249999 0.4886765
vt 0.6250000 0.4886764
vt 0.6172514 0.5002127
vt 0.6172514 0.5002127
vt 0.6172514 0.5002127
vt 0.5700000 0.5000000
vt 0.5700000 0.5000000
vt 0.5700000 0.5000000
vt 0.5700000 0.5000000
vt 0.6250000 0.5128333
vt 0.6378333 0.5000000
vt 0.6250000 0.5128333
vt 0.6378333 0.5000000
vn 0.0000000 -0.9238767 0.3826903
vn 0.0000000 -1.0000000 0.0000000
vn -0.3250835 -0.8880549 0.3250835
vn -0.3826903 -0.9238767 0.0000000
vn 0.0000000 0.0000000 1.0000000
vn 0.0000000 -0.3826903 0.9238767
vn -0.3250835 -0.3250835 0.8880549
vn -0.3826903 0.0000000 0.9238767
vn -0.8880549 -0.3250835 0.3250835
vn -0.9238767 0.0000000 0.3826903
vn -0.9238767 -0.3826903 0.0000000
vn -1.0000000 0.0000000 0.0000000
vn 0.0000000 -0.3826903 0.9238767
vn 0.0000000 -0.9238767 0.3826903
vn -0.3250835 -0.3250835 0.8880549
vn -0.3250835 -0.8880549 0.3250835
vn -0.3250835 -0.3250835 0.8880549
vn -0.3250835 -0.8880549 0.3250835
vn -0.8880549 -0.3250835 0.3250835
vn -0.3250835 -0.3250835 0.8880549
vn -0.3826903 0.0000000 0.9238767
vn -0.8880549 -0.3250835 0.3250835
vn -0.9238767 0.0000000 0.3826903
vn -0.3250835 -0.8880549 0.3250835
vn -0.3826903 -0.9238767 0.0000000
vn -0.8880549 -0.3250835 0.3250835
vn -0.9238767 -0.3826903 0.0000000
vn 0.0000000 0.0000000 1.0000000
vn 0.0000000 0.3826903 0.9238767
vn -0.3250835 0.3250835 0.8880549
vn -0.3826903 0.0000000 0.9238767
vn 0.0000000 0.9238767 0.3826903
vn 0.0000000 1.0000000 0.0000000
vn -0.3250835 0.8880549 0.3250835
vn -0.3826903 0.9238767 0.0000000
vn -0.8880549 0.3250835 0.3250835
vn -0.9238767 0.0000000 0.3826903
vn -0.9238767 0.3826903 0.0000000
vn -1.0000000 0.0000000 0.0000000
vn 0.0000000 0.3826903 0.9238767
vn 0.0000000 0.9238767 0.3826903
vn -0.3250835 0.3250835 0.8880549
vn -0.3250835 0.8880549 0.3250835
vn -0.3250835 0.3250835 0.8880549
vn -0.3250835 0.8880549 0.3250835
vn -0.8880549 0.3250835 0.3250835
vn -0.3250835 0.8880549 0.3250835
vn -0.3826903 0.9238767 0.0000000
vn -0.8880549 0.3250835 0.3250835
vn -0.9238767 0.3826903 0.0000000
vn -0.3250835 0.3250835 0.8880549
vn -0.3826903 0.0000000 0.9238767
vn -0.8880549 0.3250835 0.3250835
vn -0.9238767 0.0000000 0.3826903
vn 0.0000000 -0.9238767 -0.3826903
vn 0.0000000 -1.0000000 0.0000000
vn -0.3250835 -0.8880549 -0.3250835
vn -0.3826903 -0.9238767 0.0000000
vn -0.8880549 -0.3250835 -0.3250835
vn -0.9238767 0.0000000 -0.3826903
vn -0.9238767 -0.3826903 0.0000000
vn -1.0000000 0.0000000 0.0000000
vn 0.0000000 0.0000000 -1.0000000
vn 0.0000000 -0.3826903 -0.9238767
vn -0.3250835 -0.3250835 -0.8880549
vn -0.3826903 0.0000000 -0.9238767
vn -0.3250835 -0.8880549 -0.3250835
vn -0.3826903 -0.9238767 0.0000000
vn -0.8880549 -0.3250835 -0.3250835
vn -0.9238767 -0.3826903 0.0000000
vn -0.3250835 -0.3250835 -0.8880549
vn -0.3250835 -0.8880549 -0.3250835
vn -0.8880549 -0.3250835 -0.3250835
vn -0.3250835 -0.3250835 -0.8880549
vn -0.3826903 0.0000000 -0.9238767
vn -0.8880549 -0.3250835 -0.3250835
vn -0.9238767 0.0000000 -0.3826903
vn 0.0000000 -0.3826903 -0.9238767
vn 0.0000000 -0.9238767 -0.3826903
vn -0.3250835 -0.3250835 -0.8880549
vn -0.3250835 -0.8880549 -0.3250835
vn 0.0000000 0.9238767 -0.3826903
vn 0.0000000 1.0000000 0.0000000
vn -0.3250835 0.8880549 -0.3250835
vn -0.3826903 0.9238767 0.0000000
vn 0.0000000 0.0000000 -1.0000000
vn 0.0000000 0.3826903 -0.9238767
vn -0.3250835 0.3250835 -0.8880549
vn -0.3826903 0.0000000 -0.9238767
vn -0.8880549 0.3250835 -0.3250835
vn -0.9238767 0.0000000 -0.3826903
vn -0.9238767 0.3826903 0.0000000
vn -1.0000000 0.0000000 0.0000000
vn 0.0000000 0.3826903 -0.9238767
vn 0.0000000 0.9238767 -0.3826903
vn -0.3250835 0.3250835 -0.8880549
vn -0.3250835 0.8880549 -0.3250835
vn -0.3250835 0.3250835 -0.8880549
vn -0.3250835 0.8880549 -0.3250835
vn -0.8880549 0.3250835 -0.3250835
vn -0.3250835 0.3250835 -0.8880549
vn -0.3826903 0.0000000 -0.9238767
vn -0.8880549 0.3250835 -0.3250835
vn -0.9238767 0.0000000 -0.3826903
vn -0.3250835 0.8880549 -0.3250835
vn -0.3826903 0.9238767 0.0000000
vn -0.8880549 0.3250835 -0.3250835
vn -0.9238767 0.3826903 0.0000000
vn 0.0000000 -0.9238767 0.3826903
vn 0.0000000 -1.0000000 0.0000000
vn 0.3250835 -0.8880549 0.3250835
vn 0.3826903 -0.9238767 0.0000000
vn 0.8880549 -0.3250835 0.3250835
vn 0.9238767 0.0000000 0.3826903
vn 0.9238767 -0.3826903 0.0000000
vn 1.0000000 0.0000000 0.0000000
vn 0.0000000 0.0000000 1.0000000
vn 0.0000000 -0.3826903 0.9238767
vn 0.3250835 -0.3250835 0.8880549
vn 0.3826903 0.0000000 0.9238767
vn 0.3250835 -0.8880549 0.3250835
vn 0.3826903 -0.9238767 0.0000000
vn 0.8880549 -0.3250835 0.3250835
vn 0.9238767 -0.3826903 0.0000000
vn 0.3250835 -0.3250835 0.8880549
vn 0.3250835 -0.8880549 0.3250835
vn 0.8880549 -0.3250835 0.3250835
vn 0.3250835 -0.3250835 0.8880549
vn 0.3826903 0.0000000 0.9238767
vn 0.8880549 -0.3250835 0.3250835
vn 0.9238767 0.0000000 0.3826903
vn 0.0000000 -0.3826903 0.9238767
vn 0.0000000 -0.9238767 0.3826903
vn 0.3250835 -0.3250835 0.8880549
vn 0.3250835 -0.8880549 0.3250835
vn 0.0000000 0.9238767 0.3826903
vn 0.0000000 1.0000000 0.0000000
vn 0.3250835 0.8880549 0.3250835
vn 0.3826903 0.9238767 0.0000000
vn 0.0000000 0.0000000 1.0000000
vn 0.0000000 0.3826903 0.9238767
vn 0.3250835 0.3250835 0.8880549
vn 0.3826903 0.0000000 0.9238767
vn 0.8880549 0.3250835 0.3250835
vn 0.9238767 0.0000000 0.3826903
vn 0.9238767 0.3826903 0.0000000
vn 1.0000000 0.0000000 0.0000000
vn 0.0000000 0.3826903 0.9238767
vn 0.0000000 0.9238767 0.3826903
vn 0.3250835 0.3250835 0.8880549
vn 0.3250835 0.8880549 0.3250835
vn 0.3250835 0.3250835 0.8880549
vn 0.3250835 0.8880549 0.3250835
vn 0.8880549 0.3250835 0.3250835
vn 0.3250835 0.3250835 0.8880549
vn 0.3826903 0.0000000 0.9238767
vn 0.8880549 0.3250835 0.3250835
vn 0.9238767 0.0000000 0.3826903
vn 0.3250835 0.8880549 0.3250835
vn 0.3826903 0.9238767 0.0000000
vn 0.8880549 0.3250835 0.3250835
vn 0.9238767 0.3826903 0.0000000
vn 0.0000000 -0.9238767 -0.3826903
vn 0.0000000 -1.0000000 0.0000000
vn 0.3250835 -0.8880549 -0.3250835
vn 0.3826903 -0.9238767 0.0000000
vn 0.0000000 0.0000000 -1.0000000
vn 0.0000000 -0.3826903 -0.9238767
vn 0.3250835 -0.3250835 -0.8880549
vn 0.3826903 0.0000000 -0.9238767
vn 0.8880549 -0.3250835 -0.3250835
vn 0.9238767 0.0000000 -0.3826903
vn 0.9238767 -0.3826903 0.0000000
vn 1.0000000 0.0000000 0.0000000
vn 0.0000000 -0.3826903 -0.9238767
vn 0.0000000 -0.9238767 -0.3826903
vn 0.3250835 -0.3250835 -0.8880549
vn 0.3250835 -0.8880549 -0.3250835
vn 0.3250835 -0.3250835 -0.8880549
vn 0.3250835 -0.8880549 -0.3250835
vn 0.8880549 -0.3250835 -0.3250835
vn 0.3250835 -0.3250835 -0.8880549
vn 0.3826903 0.0000000 -0.9238767
vn 0.8880549 -0.3250835 -0.3250835
vn 0.9238767 0.0000000 -0.3826903
vn 0.3250835 -0.8880549 -0.3250835
vn 0.3826903 -0.9238767 0.0000000
vn 0.8880549 -0.3250835 -0.3250835
vn 0.9238767 -0.3826903 0.0000000
vn 0.0000000 0.9238767 -0.3826903
vn 0.0000000 1.0000000 0.0000000
vn 0.3250835 0.8880549 -0.3250835
vn 0.3826903 0.9238767 0.0000000
vn 0.8880549 0.3250835 -0.3250835
vn 0.9238767 0.0000000 -0.3826903
vn 0.9238767 0.3826903 0.0000000
vn 1.0000000 0.0000000 0.0000000
vn 0.0000000 0.0000000 -1.0000000
vn 0.0000000 0.3826903 -0.9238767
vn 0.3250835 0.3250835 -0.8880549
vn 0.3826903 0.0000000 -0.9238767
vn 0.3250835 0.8880549 -0.3250835
vn 0.3826903 0.9238767 0.0000000
vn 0.8880549 0.3250835 -0.3250835
vn 0.9238767 0.3826903 0.0000000
vn 0.3250835 0.3250835 -0.8880549
vn 0.3250835 0.8880549 -0.3250835
vn 0.8880549 0.3250835 -0.3250835
vn 0.3250835 0.3250835 -0.8880549
vn 0.3826903 0.0000000 -0.9238767
vn 0.8880549 0.3250835 -0.3250835
vn 0.9238767 0.0000000 -0.3826903
vn 0.0000000 0.3826903 -0.9238767
vn 0.0000000 0.9238767 -0.3826903
vn 0.3250835 0.3250835 -0.8880549
vn 0.3250835 0.8880549 -0.3250835
f 1637/1637/1637 1660/1660/1660 1548/1548/1548
f 1637/1637/1637 1548/1548/1548 1525/1525/1525
f 1694/1694/1694 1717/1717/1717 1667/1667/1667
f 1694/1694/1694 1667/1667/1667 1636/1636/1636
f 1711/1711/1711 1603/1603/1603 1553/1553/1553
f 1711/1711/1711 1553/1553/1553 1657/1657/1657
f 1532/1532/1532 1559/1559/1559 1613/1613/1613
f 1532/1532/1532 1613/1613/1613 1582/1582/1582
f 1583/1583/1583 1606/1606/1606 1718/1718/1718
f 1583/1583/1583 1718/1718/1718 1687/1687/1687
f 1523/1523/1523 1536/1536/1536 1538/1538/1538
f 1523/1523/1523 1538/1538/1538 1544/1544/1544
f 1527/1527/1527 1540/1540/1540 1537/1537/1537
f 1527/1527/1527 1537/1537/1537 1535/1535/1535
f 1529/1529/1529 1546/1546/1546 1539/1539/1539
f 1529/1529/1529 1539/1539/1539 1542/1542/1542
f 1550/1550/1550 1562/1562/1562 1564/1564/1564
f 1550/1550/1550 1564/1564/1564 1571/1571/1571
f 1554/1554/1554 1567/1567/1567 1565/1565/1565
f 1554/1554/1554 1565/1565/1565 1563/1563/1563
f 1556/1556/1556 1573/1573/1573 1566/1566/1566
f 1556/1556/1556 1566/1566/1566 1569/1569/1569
f 1577/1577/1577 1587/1587/1587 1592/1592/1592
f 1577/1577/1577 1592/1592/1592 1601/1601/1601
f 1579/1579/1579 1596/1596/1596 1593/1593/1593
f 1579/1579/1579 1593/1593/1593 1589/1589/1589
f 1585/1585/1585 1600/1600/1600 1591/1591/1591
f 1585/1585/1585 1591/1591/1591 1594/1594/1594
f 1604/1604/1604 1617/1617/1617 1619/1619/1619
f 1604/1604/1604 1619/1619/1619 1625/1625/1625
f 1608/1608/1608 1621/1621/1621 1618/1618/1618
f 1608/1608/1608 1618/1618/1618 1616/1616/1616
f 1610/1610/1610 1627/1627/1627 1620/1620/1620
f 1610/1610/1610 1620/1620/1620 1623/1623/1623
f 1631/1631/1631 1641/1641/1641 1646/1646/1646
f 1631/1631/1631 1646/1646/1646 1655/1655/1655
f 1633/1633/1633 1650/1650/1650 1647/1647/1647
f 1633/1633/1633 1647/1647/1647 1643/1643/1643
f 1639/1639/1639 1654/1654/1654 1645/1645/1645
f 1639/1639/1639 1645/1645/1645 1648/1648/1648
f 1658/1658/1658 1671/1671/1671 1673/1673/1673
f 1658/1658/1658 1673/1673/1673 1679/1679/1679
f 1662/1662/1662 1675/1675/1675 1672/1672/1672
f 1662/1662/1662 1672/1672/1672 1670/1670/1670
f 1664/1664/1664 1681/1681/1681 1674/1674/1674
f 1664/1664/1664 1674/1674/1674 1677/1677/1677
f 1685/1685/1685 1698/1698/1698 1700/1700/1700
f 1685/1685/1685 1700/1700/1700 1706/1706/1706
f 1689/1689/1689 1702/1702/1702 1699/1699/1699
f 1689/1689/1689 1699/1699/1699 1697/1697/1697
f 1691/1691/1691 1708/1708/1708 1701/1701/1701
f 1691/1691/1691 1701/1701/1701 1704/1704/1704
f 1712/1712/1712 1722/1722/1722 1727/1727/1727
f 1712/1712/1712 1727/1727/1727 1736/1736/1736
f 1714/1714/1714 1731/1731/1731 1728/1728/1728
f 1714/1714/1714 1728/1728/1728 1724/1724/1724
f 1720/1720/1720 1735/1735/1735 1726/1726/1726
f 1720/1720/1720 1726/1726/1726 1729/1729/1729
f 1578/1578/1578 1524/1524/1524 1545/1545/1545
f 1578/1578/1578 1545/1545/1545 1588/1588/1588
f 1590/1590/1590 1547/1547/1547 1531/1531/1531
f 1590/1590/1590 1531/1531/1531 1581/1581/1581
f 1528/1528/1528 1551/1551/1551 1572/1572/1572
f 1528/1528/1528 1572/1572/1572 1541/1541/1541
f 1543/1543/1543 1574/1574/1574 1557/1557/1557
f 1543/1543/1543 1557/1557/1557 1530/1530/1530
f 1555/1555/1555 1605/1605/1605 1626/1626/1626
f 1555/1555/1555 1626/1626/1626 1568/1568/1568
f 1570/1570/1570 1628/1628/1628 1612/1612/1612
f 1570/1570/1570 1612/1612/1612 1558/1558/1558
f 1609/1609/1609 1586/1586/1586 1595/1595/1595
f 1609/1609/1609 1595/1595/1595 1622/1622/1622
f 1624/1624/1624 1597/1597/1597 1580/1580/1580
f 1624/1624/1624 1580/1580/1580 1611/1611/1611
f 1683/1683/1683 1575/1575/1575 1599/1599/1599
f 1683/1683/1683 1599/1599/1599 1696/1696/1696
f 1695/1695/1695 1598/1598/1598 1584/1584/1584
f 1695/1695/1695 1584/1584/1584 1688/1688/1688
f 1602/1602/1602 1710/1710/1710 1734/1734/1734
f 1602/1602/1602 1734/1734/1734 1615/1615/1615
f 1614/1614/1614 1733/1733/1733 1719/1719/1719
f 1614/1614/1614 1719/1719/1719 1607/1607/1607
f 1715/1715/1715 1692/1692/1692 1705/1705/1705
f 1715/1715/1715 1705/1705/1705 1732/1732/1732
f 1730/1730/1730 1703/1703/1703 1690/1690/1690
f 1730/1730/1730 1690/1690/1690 1721/1721/1721
f 1632/1632/1632 1686/1686/1686 1707/1707/1707
f 1632/1632/1632 1707/1707/1707 1642/1642/1642
f 1644/1644/1644 1709/1709/1709 1693/1693/1693
f 1644/1644/1644 1693/1693/1693 1635/1635/1635
f 1713/1713/1713 1659/1659/1659 1680/1680/1680
f 1713/1713/1713 1680/1680/1680 1723/1723/1723
f 1725/1725/1725 1682/1682/1682 1666/1666/1666
f 1725/1725/1725 1666/1666/1666 1716/1716/1716
f 1663/1663/1663 1640/1640/1640 1649/1649/1649
f 1663/1663/1663 1649/1649/1649 1676/1676/1676
f 1678/1678/1678 1651/1651/1651 1634/1634/1634
f 1678/1678/1678 1634/1634/1634 1665/1665/1665
f 1521/1521/1521 1629/1629/1629 1653/1653/1653
f 1521/1521/1521 1653/1653/1653 1534/1534/1534
f 1533/1533/1533 1652/1652/1652 1638/1638/1638
f 1533/1533/1533 1638/1638/1638 1526/1526/1526
f 1656/1656/1656 1552/1552/1552 1561/1561/1561
f 1656/1656/1656 1561/1561/1561 1669/1669/1669
f 1668/1668/1668 1560/1560/1560 1549/1549/1549
f 1668/1668/1668 1549/1549/1549 1661/1661/1661
f 1576/1576/1576 1684/1684/1684 1630/1630/1630
f 1576/1576/1576 1630/1630/1630 1522/1522/1522
