# Aurora Strike original Blender asset converted from GLB
# Source: game/models/m4a1.glb
mtllib m4a1.mtl
o Adjustable_stock_0
usemtl Polymer_Black
v -0.0550000 -0.0900000 -0.3500000
v -0.0550000 -0.0900000 -0.3500000
v -0.0550000 -0.0900000 -0.3500000
v -0.0550000 -0.0900000 -0.3500000
v -0.0550000 -0.0500000 -0.3100000
v -0.0550000 -0.0500000 -0.3100000
v -0.0550000 -0.0500000 -0.3100000
v -0.0550000 -0.0500000 -0.3100000
v -0.0950000 -0.0500000 -0.3500000
v -0.0950000 -0.0500000 -0.3500000
v -0.0950000 -0.0500000 -0.3500000
v -0.0950000 -0.0500000 -0.3500000
v -0.0550000 -0.0782843 -0.3217157
v -0.0550000 -0.0782843 -0.3217157
v -0.0550000 -0.0782843 -0.3217157
v -0.0550000 -0.0782843 -0.3217157
v -0.0780940 -0.0730940 -0.3269060
v -0.0780940 -0.0730940 -0.3269060
v -0.0780940 -0.0730940 -0.3269060
v -0.0832843 -0.0500000 -0.3217157
v -0.0832843 -0.0500000 -0.3217157
v -0.0832843 -0.0500000 -0.3217157
v -0.0832843 -0.0500000 -0.3217157
v -0.0832843 -0.0782843 -0.3500000
v -0.0832843 -0.0782843 -0.3500000
v -0.0832843 -0.0782843 -0.3500000
v -0.0832843 -0.0782843 -0.3500000
v -0.0550000 0.1300000 -0.3100000
v -0.0550000 0.1300000 -0.3100000
v -0.0550000 0.1300000 -0.3100000
v -0.0550000 0.1300000 -0.3100000
v -0.0550000 0.1700000 -0.3500000
v -0.0550000 0.1700000 -0.3500000
v -0.0550000 0.1700000 -0.3500000
v -0.0550000 0.1700000 -0.3500000
v -0.0950000 0.1300000 -0.3500000
v -0.0950000 0.1300000 -0.3500000
v -0.0950000 0.1300000 -0.3500000
v -0.0950000 0.1300000 -0.3500000
v -0.0550000 0.1582843 -0.3217157
v -0.0550000 0.1582843 -0.3217157
v -0.0550000 0.1582843 -0.3217157
v -0.0550000 0.1582843 -0.3217157
v -0.0780940 0.1530940 -0.3269060
v -0.0780940 0.1530940 -0.3269060
v -0.0780940 0.1530940 -0.3269060
v -0.0832843 0.1582843 -0.3500000
v -0.0832843 0.1582843 -0.3500000
v -0.0832843 0.1582843 -0.3500000
v -0.0832843 0.1582843 -0.3500000
v -0.0832843 0.1300000 -0.3217157
v -0.0832843 0.1300000 -0.3217157
v -0.0832843 0.1300000 -0.3217157
v -0.0832843 0.1300000 -0.3217157
v -0.0550000 -0.0900000 -0.6100000
v -0.0550000 -0.0900000 -0.6100000
v -0.0550000 -0.0900000 -0.6100000
v -0.0550000 -0.0900000 -0.6100000
v -0.0950000 -0.0500000 -0.6100000
v -0.0950000 -0.0500000 -0.6100000
v -0.0950000 -0.0500000 -0.6100000
v -0.0950000 -0.0500000 -0.6100000
v -0.0550000 -0.0500000 -0.6500000
v -0.0550000 -0.0500000 -0.6500000
v -0.0550000 -0.0500000 -0.6500000
v -0.0550000 -0.0500000 -0.6500000
v -0.0832843 -0.0782843 -0.6100000
v -0.0832843 -0.0782843 -0.6100000
v -0.0832843 -0.0782843 -0.6100000
v -0.0832843 -0.0782843 -0.6100000
v -0.0780940 -0.0730940 -0.6330940
v -0.0780940 -0.0730940 -0.6330940
v -0.0780940 -0.0730940 -0.6330940
v -0.0832843 -0.0500000 -0.6382843
v -0.0832843 -0.0500000 -0.6382843
v -0.0832843 -0.0500000 -0.6382843
v -0.0832843 -0.0500000 -0.6382843
v -0.0550000 -0.0782843 -0.6382843
v -0.0550000 -0.0782843 -0.6382843
v -0.0550000 -0.0782843 -0.6382843
v -0.0550000 -0.0782843 -0.6382843
v -0.0550000 0.1700000 -0.6100000
v -0.0550000 0.1700000 -0.6100000
v -0.0550000 0.1700000 -0.6100000
v -0.0550000 0.1700000 -0.6100000
v -0.0550000 0.1300000 -0.6500000
v -0.0550000 0.1300000 -0.6500000
v -0.0550000 0.1300000 -0.6500000
v -0.0550000 0.1300000 -0.6500000
v -0.0950000 0.1300000 -0.6100000
v -0.0950000 0.1300000 -0.6100000
v -0.0950000 0.1300000 -0.6100000
v -0.0950000 0.1300000 -0.6100000
v -0.0550000 0.1582843 -0.6382843
v -0.0550000 0.1582843 -0.6382843
v -0.0550000 0.1582843 -0.6382843
v -0.0550000 0.1582843 -0.6382843
v -0.0780940 0.1530940 -0.6330940
v -0.0780940 0.1530940 -0.6330940
v -0.0780940 0.1530940 -0.6330940
v -0.0832843 0.1300000 -0.6382843
v -0.0832843 0.1300000 -0.6382843
v -0.0832843 0.1300000 -0.6382843
v -0.0832843 0.1300000 -0.6382843
v -0.0832843 0.1582843 -0.6100000
v -0.0832843 0.1582843 -0.6100000
v -0.0832843 0.1582843 -0.6100000
v -0.0832843 0.1582843 -0.6100000
v 0.0550000 -0.0900000 -0.3500000
v 0.0550000 -0.0900000 -0.3500000
v 0.0550000 -0.0900000 -0.3500000
v 0.0550000 -0.0900000 -0.3500000
v 0.0950000 -0.0500000 -0.3500000
v 0.0950000 -0.0500000 -0.3500000
v 0.0950000 -0.0500000 -0.3500000
v 0.0950000 -0.0500000 -0.3500000
v 0.0550000 -0.0500000 -0.3100000
v 0.0550000 -0.0500000 -0.3100000
v 0.0550000 -0.0500000 -0.3100000
v 0.0550000 -0.0500000 -0.3100000
v 0.0832843 -0.0782843 -0.3500000
v 0.0832843 -0.0782843 -0.3500000
v 0.0832843 -0.0782843 -0.3500000
v 0.0832843 -0.0782843 -0.3500000
v 0.0780940 -0.0730940 -0.3269060
v 0.0780940 -0.0730940 -0.3269060
v 0.0780940 -0.0730940 -0.3269060
v 0.0832843 -0.0500000 -0.3217157
v 0.0832843 -0.0500000 -0.3217157
v 0.0832843 -0.0500000 -0.3217157
v 0.0832843 -0.0500000 -0.3217157
v 0.0550000 -0.0782843 -0.3217157
v 0.0550000 -0.0782843 -0.3217157
v 0.0550000 -0.0782843 -0.3217157
v 0.0550000 -0.0782843 -0.3217157
v 0.0550000 0.1700000 -0.3500000
v 0.0550000 0.1700000 -0.3500000
v 0.0550000 0.1700000 -0.3500000
v 0.0550000 0.1700000 -0.3500000
v 0.0550000 0.1300000 -0.3100000
v 0.0550000 0.1300000 -0.3100000
v 0.0550000 0.1300000 -0.3100000
v 0.0550000 0.1300000 -0.3100000
v 0.0950000 0.1300000 -0.3500000
v 0.0950000 0.1300000 -0.3500000
v 0.0950000 0.1300000 -0.3500000
v 0.0950000 0.1300000 -0.3500000
v 0.0550000 0.1582843 -0.3217157
v 0.0550000 0.1582843 -0.3217157
v 0.0550000 0.1582843 -0.3217157
v 0.0550000 0.1582843 -0.3217157
v 0.0780940 0.1530940 -0.3269060
v 0.0780940 0.1530940 -0.3269060
v 0.0780940 0.1530940 -0.3269060
v 0.0832843 0.1300000 -0.3217157
v 0.0832843 0.1300000 -0.3217157
v 0.0832843 0.1300000 -0.3217157
v 0.0832843 0.1300000 -0.3217157
v 0.0832843 0.1582843 -0.3500000
v 0.0832843 0.1582843 -0.3500000
v 0.0832843 0.1582843 -0.3500000
v 0.0832843 0.1582843 -0.3500000
v 0.0550000 -0.0900000 -0.6100000
v 0.0550000 -0.0900000 -0.6100000
v 0.0550000 -0.0900000 -0.6100000
v 0.0550000 -0.0900000 -0.6100000
v 0.0550000 -0.0500000 -0.6500000
v 0.0550000 -0.0500000 -0.6500000
v 0.0550000 -0.0500000 -0.6500000
v 0.0550000 -0.0500000 -0.6500000
v 0.0950000 -0.0500000 -0.6100000
v 0.0950000 -0.0500000 -0.6100000
v 0.0950000 -0.0500000 -0.6100000
v 0.0950000 -0.0500000 -0.6100000
v 0.0550000 -0.0782843 -0.6382843
v 0.0550000 -0.0782843 -0.6382843
v 0.0550000 -0.0782843 -0.6382843
v 0.0550000 -0.0782843 -0.6382843
v 0.0780940 -0.0730940 -0.6330940
v 0.0780940 -0.0730940 -0.6330940
v 0.0780940 -0.0730940 -0.6330940
v 0.0832843 -0.0500000 -0.6382843
v 0.0832843 -0.0500000 -0.6382843
v 0.0832843 -0.0500000 -0.6382843
v 0.0832843 -0.0500000 -0.6382843
v 0.0832843 -0.0782843 -0.6100000
v 0.0832843 -0.0782843 -0.6100000
v 0.0832843 -0.0782843 -0.6100000
v 0.0832843 -0.0782843 -0.6100000
v 0.0550000 0.1700000 -0.6100000
v 0.0550000 0.1700000 -0.6100000
v 0.0550000 0.1700000 -0.6100000
v 0.0550000 0.1700000 -0.6100000
v 0.0950000 0.1300000 -0.6100000
v 0.0950000 0.1300000 -0.6100000
v 0.0950000 0.1300000 -0.6100000
v 0.0950000 0.1300000 -0.6100000
v 0.0550000 0.1300000 -0.6500000
v 0.0550000 0.1300000 -0.6500000
v 0.0550000 0.1300000 -0.6500000
v 0.0550000 0.1300000 -0.6500000
v 0.0832843 0.1582843 -0.6100000
v 0.0832843 0.1582843 -0.6100000
v 0.0832843 0.1582843 -0.6100000
v 0.0832843 0.1582843 -0.6100000
v 0.0780940 0.1530940 -0.6330940
v 0.0780940 0.1530940 -0.6330940
v 0.0780940 0.1530940 -0.6330940
v 0.0832843 0.1300000 -0.6382843
v 0.0832843 0.1300000 -0.6382843
v 0.0832843 0.1300000 -0.6382843
v 0.0832843 0.1300000 -0.6382843
v 0.0550000 0.1582843 -0.6382843
v 0.0550000 0.1582843 -0.6382843
v 0.0550000 0.1582843 -0.6382843
v 0.0550000 0.1582843 -0.6382843
vt 0.1776316 0.2794117
vt 0.1776316 0.2794117
vt 0.1776316 0.2794117
vt 0.1776316 0.2794117
vt 0.4134615 0.0526315
vt 0.4134615 0.0526315
vt 0.4134615 0.0526315
vt 0.4134615 0.0526315
vt 0.4134616 0.9705882
vt 0.4134616 0.9705882
vt 0.4134616 0.9705882
vt 0.4134616 0.9705882
vt 0.3750000 0.0526316
vt 0.1776316 0.2500000
vt 0.3750000 0.0526316
vt 0.1776316 0.2500000
vt 0.3912557 0.0000000
vt 0.1472447 0.2500000
vt 0.3750000 0.9875691
vt 0.4134616 0.0000000
vt 0.4134616 0.0000000
vt 0.4134615 1.0000000
vt 0.4134615 1.0000000
vt 0.1250000 0.2794117
vt 0.1250000 0.2794117
vt 0.3750000 0.9705882
vt 0.3750000 0.9705882
vt 0.5865384 0.0526316
vt 0.5865384 0.0526316
vt 0.5865384 0.0526316
vt 0.5865384 0.0526316
vt 0.8223684 0.2794119
vt 0.8223684 0.2794119
vt 0.8223684 0.2794119
vt 0.8223684 0.2794119
vt 0.5865385 0.9705882
vt 0.5865385 0.9705882
vt 0.5865385 0.9705882
vt 0.5865385 0.9705882
vt 0.6250000 0.0526316
vt 0.8223684 0.2500000
vt 0.6250000 0.0526316
vt 0.8223684 0.2500000
vt 0.6250000 0.0222448
vt 0.8750000 0.2624309
vt 0.6087443 1.0000000
vt 0.8750000 0.2794117
vt 0.8750000 0.2794117
vt 0.6250000 0.9705882
vt 0.6250000 0.9705882
vt 0.5865384 0.0000000
vt 0.5865384 0.0000000
vt 0.5865385 1.0000000
vt 0.5865385 1.0000000
vt 0.1776316 0.4705882
vt 0.1776316 0.4705882
vt 0.1776316 0.4705882
vt 0.1776316 0.4705882
vt 0.4134615 0.7794118
vt 0.4134615 0.7794118
vt 0.4134615 0.7794118
vt 0.4134615 0.7794118
vt 0.4134616 0.6973684
vt 0.4134616 0.6973684
vt 0.4134616 0.6973684
vt 0.4134616 0.6973684
vt 0.1250000 0.4705882
vt 0.1250000 0.4705882
vt 0.3750000 0.7794118
vt 0.3750000 0.7794118
vt 0.3750000 0.7277552
vt 0.1250000 0.4875691
vt 0.3912557 0.7500000
vt 0.4134616 0.7500000
vt 0.4134616 0.7500000
vt 0.4134616 0.7500000
vt 0.4134616 0.7500000
vt 0.3750000 0.6973684
vt 0.1776316 0.5000000
vt 0.3750000 0.6973684
vt 0.1776316 0.5000000
vt 0.8223684 0.4705882
vt 0.8223684 0.4705882
vt 0.8223684 0.4705882
vt 0.8223684 0.4705882
vt 0.5865385 0.6973684
vt 0.5865385 0.6973684
vt 0.5865385 0.6973684
vt 0.5865385 0.6973684
vt 0.5865384 0.7794118
vt 0.5865384 0.7794118
vt 0.5865384 0.7794118
vt 0.5865384 0.7794118
vt 0.6250000 0.6973684
vt 0.8223684 0.5000000
vt 0.6250000 0.6973684
vt 0.8223684 0.5000000
vt 0.6087443 0.7500000
vt 0.8527552 0.5000000
vt 0.6250000 0.7624309
vt 0.5865385 0.7500000
vt 0.5865384 0.7500000
vt 0.5865384 0.7500000
vt 0.5865384 0.7500000
vt 0.8750000 0.4705883
vt 0.8750000 0.4705883
vt 0.6250000 0.7794118
vt 0.6250000 0.7794118
vt 0.3223684 0.2794119
vt 0.3223684 0.2794119
vt 0.3223684 0.2794119
vt 0.3223684 0.2794119
vt 0.4134615 0.2794119
vt 0.4134615 0.2794119
vt 0.4134615 0.2794119
vt 0.4134615 0.2794119
vt 0.4134616 0.1973684
vt 0.4134616 0.1973684
vt 0.4134616 0.1973684
vt 0.4134616 0.1973684
vt 0.3750000 0.2794117
vt 0.3750000 0.2794117
vt 0.3750000 0.2794117
vt 0.3750000 0.2794117
vt 0.3804186 0.2467287
vt 0.3804186 0.2467287
vt 0.3804186 0.2467287
vt 0.4134616 0.2499999
vt 0.4134616 0.2500000
vt 0.4134616 0.2500000
vt 0.4134616 0.2500000
vt 0.3750000 0.1973684
vt 0.3223684 0.2500000
vt 0.3750000 0.1973684
vt 0.3223684 0.2500000
vt 0.6776316 0.2794117
vt 0.6776316 0.2794117
vt 0.6776316 0.2794117
vt 0.6776316 0.2794117
vt 0.5865385 0.1973684
vt 0.5865385 0.1973684
vt 0.5865385 0.1973684
vt 0.5865385 0.1973684
vt 0.5865384 0.2794118
vt 0.5865384 0.2794118
vt 0.5865384 0.2794118
vt 0.5865384 0.2794118
vt 0.6250000 0.1973684
vt 0.6776316 0.2500000
vt 0.6250000 0.1973684
vt 0.6776316 0.2500000
vt 0.6269964 0.2541436
vt 0.6269964 0.2541436
vt 0.6269964 0.2541436
vt 0.5865385 0.2500000
vt 0.5865384 0.2500000
vt 0.5865384 0.2500000
vt 0.5865384 0.2500000
vt 0.6250000 0.2794117
vt 0.6250000 0.2794117
vt 0.6250000 0.2794117
vt 0.6250000 0.2794117
vt 0.3223684 0.4705882
vt 0.3223684 0.4705882
vt 0.3223684 0.4705882
vt 0.3223684 0.4705882
vt 0.4134615 0.5526316
vt 0.4134615 0.5526316
vt 0.4134615 0.5526316
vt 0.4134615 0.5526316
vt 0.4134616 0.4705882
vt 0.4134616 0.4705882
vt 0.4134616 0.4705882
vt 0.4134616 0.4705882
vt 0.3750000 0.5526316
vt 0.3223684 0.5000000
vt 0.3750000 0.5526316
vt 0.3223684 0.5000000
vt 0.3730037 0.4958563
vt 0.3730037 0.4958563
vt 0.3730037 0.4958563
vt 0.4134616 0.5000000
vt 0.4134616 0.5000000
vt 0.4134616 0.5000000
vt 0.4134616 0.5000000
vt 0.3750000 0.4705883
vt 0.3750000 0.4705882
vt 0.3750000 0.4705882
vt 0.3750000 0.4705882
vt 0.6776316 0.4705882
vt 0.6776316 0.4705882
vt 0.6776316 0.4705882
vt 0.6776316 0.4705882
vt 0.5865385 0.4705882
vt 0.5865385 0.4705882
vt 0.5865385 0.4705882
vt 0.5865385 0.4705882
vt 0.5865384 0.5526316
vt 0.5865384 0.5526316
vt 0.5865384 0.5526316
vt 0.5865384 0.5526316
vt 0.6250000 0.4705882
vt 0.6250000 0.4705882
vt 0.6250000 0.4705882
vt 0.6250000 0.4705882
vt 0.6195815 0.5032712
vt 0.6195815 0.5032712
vt 0.6195815 0.5032712
vt 0.5865384 0.5000000
vt 0.5865384 0.5000000
vt 0.5865385 0.5000000
vt 0.5865384 0.5000000
vt 0.6250000 0.5526316
vt 0.6776316 0.5000000
vt 0.6250000 0.5526316
vt 0.6776316 0.5000000
vn 0.0000000 -0.9238767 0.3826903
vn 0.0000000 -1.0000000 0.0000000
vn -0.3250835 -0.8880549 0.3250835
vn -0.3826903 -0.9238767 0.0000000
vn 0.0000000 0.0000000 1.0000000
vn 0.0000000 -0.3826903 0.9238767
vn -0.3250835 -0.3250835 0.8880549
vn -0.3826903 0.0000000 0.9238767
vn -0.8880549 -0.3250835 0.3250835
vn -0.9238767 0.0000000 0.3826903
vn -0.9238767 -0.3826903 0.0000000
vn -1.0000000 0.0000000 0.0000000
vn 0.0000000 -0.3826903 0.9238767
vn 0.0000000 -0.9238767 0.3826903
vn -0.3250835 -0.3250835 0.8880549
vn -0.3250835 -0.8880549 0.3250835
vn -0.3250835 -0.3250835 0.8880549
vn -0.3250835 -0.8880549 0.3250835
vn -0.8880549 -0.3250835 0.3250835
vn -0.3250835 -0.3250835 0.8880549
vn -0.3826903 0.0000000 0.9238767
vn -0.8880549 -0.3250835 0.3250835
vn -0.9238767 0.0000000 0.3826903
vn -0.3250835 -0.8880549 0.3250835
vn -0.3826903 -0.9238767 0.0000000
vn -0.8880549 -0.3250835 0.3250835
vn -0.9238767 -0.3826903 0.0000000
vn 0.0000000 0.0000000 1.0000000
vn 0.0000000 0.3826903 0.9238767
vn -0.3250835 0.3250835 0.8880549
vn -0.3826903 0.0000000 0.9238767
vn 0.0000000 0.9238767 0.3826903
vn 0.0000000 1.0000000 0.0000000
vn -0.3250835 0.8880549 0.3250835
vn -0.3826903 0.9238767 0.0000000
vn -0.8880549 0.3250835 0.3250835
vn -0.9238767 0.0000000 0.3826903
vn -0.9238767 0.3826903 0.0000000
vn -1.0000000 0.0000000 0.0000000
vn 0.0000000 0.3826903 0.9238767
vn 0.0000000 0.9238767 0.3826903
vn -0.3250835 0.3250835 0.8880549
vn -0.3250835 0.8880549 0.3250835
vn -0.3250835 0.3250835 0.8880549
vn -0.3250835 0.8880549 0.3250835
vn -0.8880549 0.3250835 0.3250835
vn -0.3250835 0.8880549 0.3250835
vn -0.3826903 0.9238767 0.0000000
vn -0.8880549 0.3250835 0.3250835
vn -0.9238767 0.3826903 0.0000000
vn -0.3250835 0.3250835 0.8880549
vn -0.3826903 0.0000000 0.9238767
vn -0.8880549 0.3250835 0.3250835
vn -0.9238767 0.0000000 0.3826903
vn 0.0000000 -0.9238767 -0.3826903
vn 0.0000000 -1.0000000 0.0000000
vn -0.3250835 -0.8880549 -0.3250835
vn -0.3826903 -0.9238767 0.0000000
vn -0.8880549 -0.3250835 -0.3250835
vn -0.9238767 0.0000000 -0.3826903
vn -0.9238767 -0.3826903 0.0000000
vn -1.0000000 0.0000000 0.0000000
vn 0.0000000 0.0000000 -1.0000000
vn 0.0000000 -0.3826903 -0.9238767
vn -0.3250835 -0.3250835 -0.8880549
vn -0.3826903 0.0000000 -0.9238767
vn -0.3250835 -0.8880549 -0.3250835
vn -0.3826903 -0.9238767 0.0000000
vn -0.8880549 -0.3250835 -0.3250835
vn -0.9238767 -0.3826903 0.0000000
vn -0.3250835 -0.3250835 -0.8880549
vn -0.3250835 -0.8880549 -0.3250835
vn -0.8880549 -0.3250835 -0.3250835
vn -0.3250835 -0.3250835 -0.8880549
vn -0.3826903 0.0000000 -0.9238767
vn -0.8880549 -0.3250835 -0.3250835
vn -0.9238767 0.0000000 -0.3826903
vn 0.0000000 -0.3826903 -0.9238767
vn 0.0000000 -0.9238767 -0.3826903
vn -0.3250835 -0.3250835 -0.8880549
vn -0.3250835 -0.8880549 -0.3250835
vn 0.0000000 0.9238767 -0.3826903
vn 0.0000000 1.0000000 0.0000000
vn -0.3250835 0.8880549 -0.3250835
vn -0.3826903 0.9238767 0.0000000
vn 0.0000000 0.0000000 -1.0000000
vn 0.0000000 0.3826903 -0.9238767
vn -0.3250835 0.3250835 -0.8880549
vn -0.3826903 0.0000000 -0.9238767
vn -0.8880549 0.3250835 -0.3250835
vn -0.9238767 0.0000000 -0.3826903
vn -0.9238767 0.3826903 0.0000000
vn -1.0000000 0.0000000 0.0000000
vn 0.0000000 0.3826903 -0.9238767
vn 0.0000000 0.9238767 -0.3826903
vn -0.3250835 0.3250835 -0.8880549
vn -0.3250835 0.8880549 -0.3250835
vn -0.3250835 0.3250835 -0.8880549
vn -0.3250835 0.8880549 -0.3250835
vn -0.8880549 0.3250835 -0.3250835
vn -0.3250835 0.3250835 -0.8880549
vn -0.3826903 0.0000000 -0.9238767
vn -0.8880549 0.3250835 -0.3250835
vn -0.9238767 0.0000000 -0.3826903
vn -0.3250835 0.8880549 -0.3250835
vn -0.3826903 0.9238767 0.0000000
vn -0.8880549 0.3250835 -0.3250835
vn -0.9238767 0.3826903 0.0000000
vn 0.0000000 -0.9238767 0.3826903
vn 0.0000000 -1.0000000 0.0000000
vn 0.3250835 -0.8880549 0.3250835
vn 0.3826903 -0.9238767 0.0000000
vn 0.8880549 -0.3250835 0.3250835
vn 0.9238767 0.0000000 0.3826903
vn 0.9238767 -0.3826903 0.0000000
vn 1.0000000 0.0000000 0.0000000
vn 0.0000000 0.0000000 1.0000000
vn 0.0000000 -0.3826903 0.9238767
vn 0.3250835 -0.3250835 0.8880549
vn 0.3826903 0.0000000 0.9238767
vn 0.3250835 -0.8880549 0.3250835
vn 0.3826903 -0.9238767 0.0000000
vn 0.8880549 -0.3250835 0.3250835
vn 0.9238767 -0.3826903 0.0000000
vn 0.3250835 -0.3250835 0.8880549
vn 0.3250835 -0.8880549 0.3250835
vn 0.8880549 -0.3250835 0.3250835
vn 0.3250835 -0.3250835 0.8880549
vn 0.3826903 0.0000000 0.9238767
vn 0.8880549 -0.3250835 0.3250835
vn 0.9238767 0.0000000 0.3826903
vn 0.0000000 -0.3826903 0.9238767
vn 0.0000000 -0.9238767 0.3826903
vn 0.3250835 -0.3250835 0.8880549
vn 0.3250835 -0.8880549 0.3250835
vn 0.0000000 0.9238767 0.3826903
vn 0.0000000 1.0000000 0.0000000
vn 0.3250835 0.8880549 0.3250835
vn 0.3826903 0.9238767 0.0000000
vn 0.0000000 0.0000000 1.0000000
vn 0.0000000 0.3826903 0.9238767
vn 0.3250835 0.3250835 0.8880549
vn 0.3826903 0.0000000 0.9238767
vn 0.8880549 0.3250835 0.3250835
vn 0.9238767 0.0000000 0.3826903
vn 0.9238767 0.3826903 0.0000000
vn 1.0000000 0.0000000 0.0000000
vn 0.0000000 0.3826903 0.9238767
vn 0.0000000 0.9238767 0.3826903
vn 0.3250835 0.3250835 0.8880549
vn 0.3250835 0.8880549 0.3250835
vn 0.3250835 0.3250835 0.8880549
vn 0.3250835 0.8880549 0.3250835
vn 0.8880549 0.3250835 0.3250835
vn 0.3250835 0.3250835 0.8880549
vn 0.3826903 0.0000000 0.9238767
vn 0.8880549 0.3250835 0.3250835
vn 0.9238767 0.0000000 0.3826903
vn 0.3250835 0.8880549 0.3250835
vn 0.3826903 0.9238767 0.0000000
vn 0.8880549 0.3250835 0.3250835
vn 0.9238767 0.3826903 0.0000000
vn 0.0000000 -0.9238767 -0.3826903
vn 0.0000000 -1.0000000 0.0000000
vn 0.3250835 -0.8880549 -0.3250835
vn 0.3826903 -0.9238767 0.0000000
vn 0.0000000 0.0000000 -1.0000000
vn 0.0000000 -0.3826903 -0.9238767
vn 0.3250835 -0.3250835 -0.8880549
vn 0.3826903 0.0000000 -0.9238767
vn 0.8880549 -0.3250835 -0.3250835
vn 0.9238767 0.0000000 -0.3826903
vn 0.9238767 -0.3826903 0.0000000
vn 1.0000000 0.0000000 0.0000000
vn 0.0000000 -0.3826903 -0.9238767
vn 0.0000000 -0.9238767 -0.3826903
vn 0.3250835 -0.3250835 -0.8880549
vn 0.3250835 -0.8880549 -0.3250835
vn 0.3250835 -0.3250835 -0.8880549
vn 0.3250835 -0.8880549 -0.3250835
vn 0.8880549 -0.3250835 -0.3250835
vn 0.3250835 -0.3250835 -0.8880549
vn 0.3826903 0.0000000 -0.9238767
vn 0.8880549 -0.3250835 -0.3250835
vn 0.9238767 0.0000000 -0.3826903
vn 0.3250835 -0.8880549 -0.3250835
vn 0.3826903 -0.9238767 0.0000000
vn 0.8880549 -0.3250835 -0.3250835
vn 0.9238767 -0.3826903 0.0000000
vn 0.0000000 0.9238767 -0.3826903
vn 0.0000000 1.0000000 0.0000000
vn 0.3250835 0.8880549 -0.3250835
vn 0.3826903 0.9238767 0.0000000
vn 0.8880549 0.3250835 -0.3250835
vn 0.9238767 0.0000000 -0.3826903
vn 0.9238767 0.3826903 0.0000000
vn 1.0000000 0.0000000 0.0000000
vn 0.0000000 0.0000000 -1.0000000
vn 0.0000000 0.3826903 -0.9238767
vn 0.3250835 0.3250835 -0.8880549
vn 0.3826903 0.0000000 -0.9238767
vn 0.3250835 0.8880549 -0.3250835
vn 0.3826903 0.9238767 0.0000000
vn 0.8880549 0.3250835 -0.3250835
vn 0.9238767 0.3826903 0.0000000
vn 0.3250835 0.3250835 -0.8880549
vn 0.3250835 0.8880549 -0.3250835
vn 0.8880549 0.3250835 -0.3250835
vn 0.3250835 0.3250835 -0.8880549
vn 0.3826903 0.0000000 -0.9238767
vn 0.8880549 0.3250835 -0.3250835
vn 0.9238767 0.0000000 -0.3826903
vn 0.0000000 0.3826903 -0.9238767
vn 0.0000000 0.9238767 -0.3826903
vn 0.3250835 0.3250835 -0.8880549
vn 0.3250835 0.8880549 -0.3250835
f 117/117/117 140/140/140 28/28/28
f 117/117/117 28/28/28 5/5/5
f 174/174/174 197/197/197 147/147/147
f 174/174/174 147/147/147 116/116/116
f 191/191/191 83/83/83 33/33/33
f 191/191/191 33/33/33 137/137/137
f 12/12/12 39/39/39 93/93/93
f 12/12/12 93/93/93 62/62/62
f 63/63/63 86/86/86 198/198/198
f 63/63/63 198/198/198 167/167/167
f 3/3/3 16/16/16 18/18/18
f 3/3/3 18/18/18 24/24/24
f 7/7/7 20/20/20 17/17/17
f 7/7/7 17/17/17 15/15/15
f 9/9/9 26/26/26 19/19/19
f 9/9/9 19/19/19 22/22/22
f 30/30/30 42/42/42 44/44/44
f 30/30/30 44/44/44 51/51/51
f 34/34/34 47/47/47 45/45/45
f 34/34/34 45/45/45 43/43/43
f 36/36/36 53/53/53 46/46/46
f 36/36/36 46/46/46 49/49/49
f 57/57/57 67/67/67 72/72/72
f 57/57/57 72/72/72 81/81/81
f 59/59/59 76/76/76 73/73/73
f 59/59/59 73/73/73 69/69/69
f 65/65/65 80/80/80 71/71/71
f 65/65/65 71/71/71 74/74/74
f 84/84/84 97/97/97 99/99/99
f 84/84/84 99/99/99 105/105/105
f 88/88/88 101/101/101 98/98/98
f 88/88/88 98/98/98 96/96/96
f 90/90/90 107/107/107 100/100/100
f 90/90/90 100/100/100 103/103/103
f 111/111/111 121/121/121 126/126/126
f 111/111/111 126/126/126 135/135/135
f 113/113/113 130/130/130 127/127/127
f 113/113/113 127/127/127 123/123/123
f 119/119/119 134/134/134 125/125/125
f 119/119/119 125/125/125 128/128/128
f 138/138/138 151/151/151 153/153/153
f 138/138/138 153/153/153 159/159/159
f 142/142/142 155/155/155 152/152/152
f 142/142/142 152/152/152 150/150/150
f 144/144/144 161/161/161 154/154/154
f 144/144/144 154/154/154 157/157/157
f 165/165/165 178/178/178 180/180/180
f 165/165/165 180/180/180 186/186/186
f 169/169/169 182/182/182 179/179/179
f 169/169/169 179/179/179 177/177/177
f 171/171/171 188/188/188 181/181/181
f 171/171/171 181/181/181 184/184/184
f 192/192/192 202/202/202 207/207/207
f 192/192/192 207/207/207 216/216/216
f 194/194/194 211/211/211 208/208/208
f 194/194/194 208/208/208 204/204/204
f 200/200/200 215/215/215 206/206/206
f 200/200/200 206/206/206 209/209/209
f 58/58/58 4/4/4 25/25/25
f 58/58/58 25/25/25 68/68/68
f 70/70/70 27/27/27 11/11/11
f 70/70/70 11/11/11 61/61/61
f 8/8/8 31/31/31 52/52/52
f 8/8/8 52/52/52 21/21/21
f 23/23/23 54/54/54 37/37/37
f 23/23/23 37/37/37 10/10/10
f 35/35/35 85/85/85 106/106/106
f 35/35/35 106/106/106 48/48/48
f 50/50/50 108/108/108 92/92/92
f 50/50/50 92/92/92 38/38/38
f 89/89/89 66/66/66 75/75/75
f 89/89/89 75/75/75 102/102/102
f 104/104/104 77/77/77 60/60/60
f 104/104/104 60/60/60 91/91/91
f 163/163/163 55/55/55 79/79/79
f 163/163/163 79/79/79 176/176/176
f 175/175/175 78/78/78 64/64/64
f 175/175/175 64/64/64 168/168/168
f 82/82/82 190/190/190 214/214/214
f 82/82/82 214/214/214 95/95/95
f 94/94/94 213/213/213 199/199/199
f 94/94/94 199/199/199 87/87/87
f 195/195/195 172/172/172 185/185/185
f 195/195/195 185/185/185 212/212/212
f 210/210/210 183/183/183 170/170/170
f 210/210/210 170/170/170 201/201/201
f 112/112/112 166/166/166 187/187/187
f 112/112/112 187/187/187 122/122/122
f 124/124/124 189/189/189 173/173/173
f 124/124/124 173/173/173 115/115/115
f 193/193/193 139/139/139 160/160/160
f 193/193/193 160/160/160 203/203/203
f 205/205/205 162/162/162 146/146/146
f 205/205/205 146/146/146 196/196/196
f 143/143/143 120/120/120 129/129/129
f 143/143/143 129/129/129 156/156/156
f 158/158/158 131/131/131 114/114/114
f 158/158/158 114/114/114 145/145/145
f 1/1/1 109/109/109 133/133/133
f 1/1/1 133/133/133 14/14/14
f 13/13/13 132/132/132 118/118/118
f 13/13/13 118/118/118 6/6/6
f 136/136/136 32/32/32 41/41/41
f 136/136/136 41/41/41 149/149/149
f 148/148/148 40/40/40 29/29/29
f 148/148/148 29/29/29 141/141/141
f 56/56/56 164/164/164 110/110/110
f 56/56/56 110/110/110 2/2/2
o Aurora_serial_plate.001_0
usemtl Aurora_Blue
v 0.1026400 0.0325000 0.2473600
v 0.1026400 0.0325000 0.2473600
v 0.1026400 0.0325000 0.2473600
v 0.1026400 0.0325000 0.2473600
v 0.1026400 0.0351400 0.2500000
v 0.1026400 0.0351400 0.2500000
v 0.1026400 0.0351400 0.2500000
v 0.1026400 0.0351400 0.2500000
v 0.1000000 0.0351400 0.2473600
v 0.1000000 0.0351400 0.2473600
v 0.1000000 0.0351400 0.2473600
v 0.1000000 0.0351400 0.2473600
v 0.1026400 0.0332732 0.2492268
v 0.1026400 0.0332732 0.2492268
v 0.1026400 0.0332732 0.2492268
v 0.1026400 0.0332732 0.2492268
v 0.1011158 0.0336158 0.2488842
v 0.1011158 0.0336158 0.2488842
v 0.1011158 0.0336158 0.2488842
v 0.1007732 0.0351400 0.2492268
v 0.1007732 0.0351400 0.2492268
v 0.1007732 0.0351400 0.2492268
v 0.1007732 0.0351400 0.2492268
v 0.1007732 0.0332732 0.2473600
v 0.1007732 0.0332732 0.2473600
v 0.1007732 0.0332732 0.2473600
v 0.1007732 0.0332732 0.2473600
v 0.1026400 0.0848600 0.2500000
v 0.1026400 0.0848600 0.2500000
v 0.1026400 0.0848600 0.2500000
v 0.1026400 0.0848600 0.2500000
v 0.1026400 0.0875000 0.2473600
v 0.1026400 0.0875000 0.2473600
v 0.1026400 0.0875000 0.2473600
v 0.1026400 0.0875000 0.2473600
v 0.1000000 0.0848600 0.2473600
v 0.1000000 0.0848600 0.2473600
v 0.1000000 0.0848600 0.2473600
v 0.1000000 0.0848600 0.2473600
v 0.1026400 0.0867268 0.2492268
v 0.1026400 0.0867268 0.2492268
v 0.1026400 0.0867268 0.2492268
v 0.1026400 0.0867268 0.2492268
v 0.1011158 0.0863842 0.2488842
v 0.1011158 0.0863842 0.2488842
v 0.1011158 0.0863842 0.2488842
v 0.1007732 0.0867268 0.2473600
v 0.1007732 0.0867268 0.2473600
v 0.1007732 0.0867268 0.2473600
v 0.1007732 0.0867268 0.2473600
v 0.1007732 0.0848600 0.2492268
v 0.1007732 0.0848600 0.2492268
v 0.1007732 0.0848600 0.2492268
v 0.1007732 0.0848600 0.2492268
v 0.1026400 0.0325000 0.0126400
v 0.1026400 0.0325000 0.0126400
v 0.1026400 0.0325000 0.0126400
v 0.1026400 0.0325000 0.0126400
v 0.1000000 0.0351400 0.0126400
v 0.1000000 0.0351400 0.0126400
v 0.1000000 0.0351400 0.0126400
v 0.1000000 0.0351400 0.0126400
v 0.1026400 0.0351400 0.0100000
v 0.1026400 0.0351400 0.0100000
v 0.1026400 0.0351400 0.0100000
v 0.1026400 0.0351400 0.0100000
v 0.1007732 0.0332732 0.0126400
v 0.1007732 0.0332732 0.0126400
v 0.1007732 0.0332732 0.0126400
v 0.1007732 0.0332732 0.0126400
v 0.1011158 0.0336158 0.0111158
v 0.1011158 0.0336158 0.0111158
v 0.1011158 0.0336158 0.0111158
v 0.1007732 0.0351400 0.0107732
v 0.1007732 0.0351400 0.0107732
v 0.1007732 0.0351400 0.0107732
v 0.1007732 0.0351400 0.0107732
v 0.1026400 0.0332732 0.0107732
v 0.1026400 0.0332732 0.0107732
v 0.1026400 0.0332732 0.0107732
v 0.1026400 0.0332732 0.0107732
v 0.1026400 0.0875000 0.0126400
v 0.1026400 0.0875000 0.0126400
v 0.1026400 0.0875000 0.0126400
v 0.1026400 0.0875000 0.0126400
v 0.1026400 0.0848600 0.0100000
v 0.1026400 0.0848600 0.0100000
v 0.1026400 0.0848600 0.0100000
v 0.1026400 0.0848600 0.0100000
v 0.1000000 0.0848600 0.0126400
v 0.1000000 0.0848600 0.0126400
v 0.1000000 0.0848600 0.0126400
v 0.1000000 0.0848600 0.0126400
v 0.1026400 0.0867268 0.0107732
v 0.1026400 0.0867268 0.0107732
v 0.1026400 0.0867268 0.0107732
v 0.1026400 0.0867268 0.0107732
v 0.1011158 0.0863842 0.0111158
v 0.1011158 0.0863842 0.0111158
v 0.1011158 0.0863842 0.0111158
v 0.1007732 0.0848600 0.0107732
v 0.1007732 0.0848600 0.0107732
v 0.1007732 0.0848600 0.0107732
v 0.1007732 0.0848600 0.0107732
v 0.1007732 0.0867268 0.0126400
v 0.1007732 0.0867268 0.0126400
v 0.1007732 0.0867268 0.0126400
v 0.1007732 0.0867268 0.0126400
v 0.1093600 0.0325000 0.2473600
v 0.1093600 0.0325000 0.2473600
v 0.1093600 0.0325000 0.2473600
v 0.1093600 0.0325000 0.2473600
v 0.1120000 0.0351400 0.2473600
v 0.1120000 0.0351400 0.2473600
v 0.1120000 0.0351400 0.2473600
v 0.1120000 0.0351400 0.2473600
v 0.1093600 0.0351400 0.2500000
v 0.1093600 0.0351400 0.2500000
v 0.1093600 0.0351400 0.2500000
v 0.1093600 0.0351400 0.2500000
v 0.1112268 0.0332732 0.2473600
v 0.1112268 0.0332732 0.2473600
v 0.1112268 0.0332732 0.2473600
v 0.1112268 0.0332732 0.2473600
v 0.1108842 0.0336158 0.2488842
v 0.1108842 0.0336158 0.2488842
v 0.1108842 0.0336158 0.2488842
v 0.1112268 0.0351400 0.2492268
v 0.1112268 0.0351400 0.2492268
v 0.1112268 0.0351400 0.2492268
v 0.1112268 0.0351400 0.2492268
v 0.1093600 0.0332732 0.2492268
v 0.1093600 0.0332732 0.2492268
v 0.1093600 0.0332732 0.2492268
v 0.1093600 0.0332732 0.2492268
v 0.1093600 0.0875000 0.2473600
v 0.1093600 0.0875000 0.2473600
v 0.1093600 0.0875000 0.2473600
v 0.1093600 0.0875000 0.2473600
v 0.1093600 0.0848600 0.2500000
v 0.1093600 0.0848600 0.2500000
v 0.1093600 0.0848600 0.2500000
v 0.1093600 0.0848600 0.2500000
v 0.1120000 0.0848600 0.2473600
v 0.1120000 0.0848600 0.2473600
v 0.1120000 0.0848600 0.2473600
v 0.1120000 0.0848600 0.2473600
v 0.1093600 0.0867268 0.2492268
v 0.1093600 0.0867268 0.2492268
v 0.1093600 0.0867268 0.2492268
v 0.1093600 0.0867268 0.2492268
v 0.1108842 0.0863842 0.2488842
v 0.1108842 0.0863842 0.2488842
v 0.1108842 0.0863842 0.2488842
v 0.1112268 0.0848600 0.2492268
v 0.1112268 0.0848600 0.2492268
v 0.1112268 0.0848600 0.2492268
v 0.1112268 0.0848600 0.2492268
v 0.1112268 0.0867268 0.2473600
v 0.1112268 0.0867268 0.2473600
v 0.1112268 0.0867268 0.2473600
v 0.1112268 0.0867268 0.2473600
v 0.1093600 0.0325000 0.0126400
v 0.1093600 0.0325000 0.0126400
v 0.1093600 0.0325000 0.0126400
v 0.1093600 0.0325000 0.0126400
v 0.1093600 0.0351400 0.0100000
v 0.1093600 0.0351400 0.0100000
v 0.1093600 0.0351400 0.0100000
v 0.1093600 0.0351400 0.0100000
v 0.1120000 0.0351400 0.0126400
v 0.1120000 0.0351400 0.0126400
v 0.1120000 0.0351400 0.0126400
v 0.1120000 0.0351400 0.0126400
v 0.1093600 0.0332732 0.0107732
v 0.1093600 0.0332732 0.0107732
v 0.1093600 0.0332732 0.0107732
v 0.1093600 0.0332732 0.0107732
v 0.1108842 0.0336158 0.0111158
v 0.1108842 0.0336158 0.0111158
v 0.1108842 0.0336158 0.0111158
v 0.1112268 0.0351400 0.0107732
v 0.1112268 0.0351400 0.0107732
v 0.1112268 0.0351400 0.0107732
v 0.1112268 0.0351400 0.0107732
v 0.1112268 0.0332732 0.0126400
v 0.1112268 0.0332732 0.0126400
v 0.1112268 0.0332732 0.0126400
v 0.1112268 0.0332732 0.0126400
v 0.1093600 0.0875000 0.0126400
v 0.1093600 0.0875000 0.0126400
v 0.1093600 0.0875000 0.0126400
v 0.1093600 0.0875000 0.0126400
v 0.1120000 0.0848600 0.0126400
v 0.1120000 0.0848600 0.0126400
v 0.1120000 0.0848600 0.0126400
v 0.1120000 0.0848600 0.0126400
v 0.1093600 0.0848600 0.0100000
v 0.1093600 0.0848600 0.0100000
v 0.1093600 0.0848600 0.0100000
v 0.1093600 0.0848600 0.0100000
v 0.1112268 0.0867268 0.0126400
v 0.1112268 0.0867268 0.0126400
v 0.1112268 0.0867268 0.0126400
v 0.1112268 0.0867268 0.0126400
v 0.1108842 0.0863842 0.0111158
v 0.1108842 0.0863842 0.0111158
v 0.1108842 0.0863842 0.0111158
v 0.1112268 0.0848600 0.0107732
v 0.1112268 0.0848600 0.0107732
v 0.1112268 0.0848600 0.0107732
v 0.1112268 0.0848600 0.0107732
v 0.1093600 0.0867268 0.0107732
v 0.1093600 0.0867268 0.0107732
v 0.1093600 0.0867268 0.0107732
v 0.1093600 0.0867268 0.0107732
vt 0.1800000 0.2527501
vt 0.1800000 0.2527501
vt 0.1800000 0.2527501
vt 0.1800000 0.2527501
vt 0.3870000 0.0549999
vt 0.3870000 0.0549999
vt 0.3870000 0.0549999
vt 0.3870000 0.0549999
vt 0.3870000 0.9972500
vt 0.3870000 0.9972500
vt 0.3870000 0.9972500
vt 0.3870000 0.9972500
vt 0.3750000 0.0549999
vt 0.1800000 0.2500000
vt 0.3750000 0.0549999
vt 0.1800000 0.2500000
vt 0.3800718 0.0000000
vt 0.1482458 0.2500000
vt 0.3750000 0.9988377
vt 0.3870000 0.0000000
vt 0.3870000 0.0000000
vt 0.3870000 1.0000000
vt 0.3870000 1.0000000
vt 0.1250000 0.2527500
vt 0.1250000 0.2527500
vt 0.3750000 0.9972500
vt 0.3750000 0.9972500
vt 0.6130000 0.0550000
vt 0.6130000 0.0550000
vt 0.6130000 0.0550000
vt 0.6130000 0.0550000
vt 0.8200001 0.2527500
vt 0.8200001 0.2527500
vt 0.8200001 0.2527500
vt 0.8200001 0.2527500
vt 0.6130000 0.9972500
vt 0.6130000 0.9972500
vt 0.6130000 0.9972500
vt 0.6130000 0.9972500
vt 0.6250000 0.0550000
vt 0.8200000 0.2500000
vt 0.6250000 0.0550000
vt 0.8200000 0.2500000
vt 0.6250000 0.0232458
vt 0.8750000 0.2511623
vt 0.6199282 1.0000000
vt 0.8750000 0.2527500
vt 0.8750000 0.2527500
vt 0.6250000 0.9972500
vt 0.6250000 0.9972500
vt 0.6130000 0.0000000
vt 0.6130000 0.0000000
vt 0.6130000 1.0000000
vt 0.6130000 1.0000000
vt 0.1800000 0.4972500
vt 0.1800000 0.4972500
vt 0.1800000 0.4972500
vt 0.1800000 0.4972500
vt 0.3870000 0.7527500
vt 0.3870000 0.7527500
vt 0.3870000 0.7527500
vt 0.3870000 0.7527500
vt 0.3870000 0.6950001
vt 0.3870000 0.6950001
vt 0.3870000 0.6950001
vt 0.3870000 0.6950001
vt 0.1250000 0.4972500
vt 0.1250000 0.4972500
vt 0.3750000 0.7527500
vt 0.3750000 0.7527500
vt 0.3750000 0.7267542
vt 0.1250000 0.4988377
vt 0.3800718 0.7500000
vt 0.3870000 0.7500000
vt 0.3870000 0.7500000
vt 0.3870000 0.7500000
vt 0.3870000 0.7500000
vt 0.3750000 0.6950000
vt 0.1800000 0.5000000
vt 0.3750000 0.6950000
vt 0.1800000 0.5000000
vt 0.8199999 0.4972501
vt 0.8199999 0.4972501
vt 0.8199999 0.4972501
vt 0.8199999 0.4972501
vt 0.6130000 0.6950001
vt 0.6130000 0.6950001
vt 0.6130000 0.6950001
vt 0.6130000 0.6950001
vt 0.6130000 0.7527500
vt 0.6130000 0.7527500
vt 0.6130000 0.7527500
vt 0.6130000 0.7527500
vt 0.6250000 0.6950000
vt 0.8200000 0.5000000
vt 0.6250000 0.6950000
vt 0.8200000 0.5000000
vt 0.6199282 0.7500000
vt 0.8517543 0.5000000
vt 0.6250000 0.7511623
vt 0.6130000 0.7500000
vt 0.6130000 0.7500000
vt 0.6130000 0.7500000
vt 0.6130000 0.7500000
vt 0.8750000 0.4972500
vt 0.8750000 0.4972500
vt 0.6250000 0.7527500
vt 0.6250000 0.7527500
vt 0.3200000 0.2527500
vt 0.3200000 0.2527500
vt 0.3200000 0.2527500
vt 0.3200000 0.2527500
vt 0.3870000 0.2527500
vt 0.3870000 0.2527500
vt 0.3870000 0.2527500
vt 0.3870000 0.2527500
vt 0.3870000 0.1950001
vt 0.3870000 0.1950001
vt 0.3870000 0.1950001
vt 0.3870000 0.1950001
vt 0.3750000 0.2527500
vt 0.3750000 0.2527500
vt 0.3750000 0.2527500
vt 0.3750000 0.2527500
vt 0.3766906 0.2426388
vt 0.3766906 0.2426388
vt 0.3766906 0.2426388
vt 0.3870000 0.2500000
vt 0.3870000 0.2500000
vt 0.3870000 0.2500000
vt 0.3870000 0.2500000
vt 0.3750000 0.1950000
vt 0.3200000 0.2500000
vt 0.3750000 0.1950000
vt 0.3200000 0.2500000
vt 0.6799999 0.2527501
vt 0.6799999 0.2527501
vt 0.6799999 0.2527501
vt 0.6799999 0.2527501
vt 0.6130000 0.1950000
vt 0.6130000 0.1950000
vt 0.6130000 0.1950000
vt 0.6130000 0.1950000
vt 0.6130000 0.2527500
vt 0.6130000 0.2527500
vt 0.6130000 0.2527500
vt 0.6130000 0.2527500
vt 0.6250000 0.1950000
vt 0.6799999 0.2500000
vt 0.6250000 0.1950000
vt 0.6799999 0.2500000
vt 0.6310580 0.2503874
vt 0.6310580 0.2503874
vt 0.6310580 0.2503874
vt 0.6130000 0.2500000
vt 0.6130000 0.2500000
vt 0.6130000 0.2500000
vt 0.6130000 0.2500000
vt 0.6250000 0.2527500
vt 0.6250000 0.2527500
vt 0.6250000 0.2527500
vt 0.6250000 0.2527500
vt 0.3200000 0.4972501
vt 0.3200000 0.4972501
vt 0.3200000 0.4972501
vt 0.3200000 0.4972501
vt 0.3870000 0.5549999
vt 0.3870000 0.5549999
vt 0.3870000 0.5549999
vt 0.3870000 0.5549999
vt 0.3870000 0.4972500
vt 0.3870000 0.4972500
vt 0.3870000 0.4972500
vt 0.3870000 0.4972500
vt 0.3750000 0.5549999
vt 0.3200000 0.5000000
vt 0.3750000 0.5549999
vt 0.3200000 0.5000000
vt 0.3689420 0.4996126
vt 0.3689420 0.4996126
vt 0.3689420 0.4996126
vt 0.3870000 0.5000000
vt 0.3870000 0.5000000
vt 0.3870000 0.5000000
vt 0.3870000 0.5000000
vt 0.3750000 0.4972500
vt 0.3750000 0.4972500
vt 0.3750000 0.4972500
vt 0.3750000 0.4972500
vt 0.6799999 0.4972500
vt 0.6799999 0.4972500
vt 0.6799999 0.4972500
vt 0.6799999 0.4972500
vt 0.6130000 0.4972500
vt 0.6130000 0.4972500
vt 0.6130000 0.4972500
vt 0.6130000 0.4972500
vt 0.6130000 0.5550000
vt 0.6130000 0.5550000
vt 0.6130000 0.5550000
vt 0.6130000 0.5550000
vt 0.6250000 0.4972500
vt 0.6250000 0.4972500
vt 0.6250000 0.4972500
vt 0.6250000 0.4972500
vt 0.6233094 0.5073612
vt 0.6233094 0.5073612
vt 0.6233094 0.5073612
vt 0.6130000 0.5000000
vt 0.6130000 0.5000000
vt 0.6130000 0.5000000
vt 0.6130000 0.5000000
vt 0.6250000 0.5550000
vt 0.6799999 0.5000000
vt 0.6250000 0.5550000
vt 0.6799999 0.5000000
vn 0.0000000 -0.9238767 0.3826903
vn 0.0000000 -1.0000000 0.0000000
vn -0.3250835 -0.8880549 0.3250835
vn -0.3826903 -0.9238767 0.0000000
vn 0.0000000 0.0000000 1.0000000
vn 0.0000000 -0.3826903 0.9238767
vn -0.3250835 -0.3250835 0.8880549
vn -0.3826903 0.0000000 0.9238767
vn -0.8880549 -0.3250835 0.3250835
vn -0.9238767 0.0000000 0.3826903
vn -0.9238767 -0.3826903 0.0000000
vn -1.0000000 0.0000000 0.0000000
vn 0.0000000 -0.3826903 0.9238767
vn 0.0000000 -0.9238767 0.3826903
vn -0.3250835 -0.3250835 0.8880549
vn -0.3250835 -0.8880549 0.3250835
vn -0.3250835 -0.3250835 0.8880549
vn -0.3250835 -0.8880549 0.3250835
vn -0.8880549 -0.3250835 0.3250835
vn -0.3250835 -0.3250835 0.8880549
vn -0.3826903 0.0000000 0.9238767
vn -0.8880549 -0.3250835 0.3250835
vn -0.9238767 0.0000000 0.3826903
vn -0.3250835 -0.8880549 0.3250835
vn -0.3826903 -0.9238767 0.0000000
vn -0.8880549 -0.3250835 0.3250835
vn -0.9238767 -0.3826903 0.0000000
vn 0.0000000 0.0000000 1.0000000
vn 0.0000000 0.3826903 0.9238767
vn -0.3250835 0.3250835 0.8880549
vn -0.3826903 0.0000000 0.9238767
vn 0.0000000 0.9238767 0.3826903
vn 0.0000000 1.0000000 0.0000000
vn -0.3250835 0.8880549 0.3250835
vn -0.3826903 0.9238767 0.0000000
vn -0.8880549 0.3250835 0.3250835
vn -0.9238767 0.0000000 0.3826903
vn -0.9238767 0.3826903 0.0000000
vn -1.0000000 0.0000000 0.0000000
vn 0.0000000 0.3826903 0.9238767
vn 0.0000000 0.9238767 0.3826903
vn -0.3250835 0.3250835 0.8880549
vn -0.3250835 0.8880549 0.3250835
vn -0.3250835 0.3250835 0.8880549
vn -0.3250835 0.8880549 0.3250835
vn -0.8880549 0.3250835 0.3250835
vn -0.3250835 0.8880549 0.3250835
vn -0.3826903 0.9238767 0.0000000
vn -0.8880549 0.3250835 0.3250835
vn -0.9238767 0.3826903 0.0000000
vn -0.3250835 0.3250835 0.8880549
vn -0.3826903 0.0000000 0.9238767
vn -0.8880549 0.3250835 0.3250835
vn -0.9238767 0.0000000 0.3826903
vn 0.0000000 -0.9238767 -0.3826903
vn 0.0000000 -1.0000000 0.0000000
vn -0.3250835 -0.8880549 -0.3250835
vn -0.3826903 -0.9238767 0.0000000
vn -0.8880549 -0.3250835 -0.3250835
vn -0.9238767 0.0000000 -0.3826903
vn -0.9238767 -0.3826903 0.0000000
vn -1.0000000 0.0000000 0.0000000
vn 0.0000000 0.0000000 -1.0000000
vn 0.0000000 -0.3826903 -0.9238767
vn -0.3250835 -0.3250835 -0.8880549
vn -0.3826903 0.0000000 -0.9238767
vn -0.3250835 -0.8880549 -0.3250835
vn -0.3826903 -0.9238767 0.0000000
vn -0.8880549 -0.3250835 -0.3250835
vn -0.9238767 -0.3826903 0.0000000
vn -0.3250835 -0.3250835 -0.8880549
vn -0.3250835 -0.8880549 -0.3250835
vn -0.8880549 -0.3250835 -0.3250835
vn -0.3250835 -0.3250835 -0.8880549
vn -0.3826903 0.0000000 -0.9238767
vn -0.8880549 -0.3250835 -0.3250835
vn -0.9238767 0.0000000 -0.3826903
vn 0.0000000 -0.3826903 -0.9238767
vn 0.0000000 -0.9238767 -0.3826903
vn -0.3250835 -0.3250835 -0.8880549
vn -0.3250835 -0.8880549 -0.3250835
vn 0.0000000 0.9238767 -0.3826903
vn 0.0000000 1.0000000 0.0000000
vn -0.3250835 0.8880549 -0.3250835
vn -0.3826903 0.9238767 0.0000000
vn 0.0000000 0.0000000 -1.0000000
vn 0.0000000 0.3826903 -0.9238767
vn -0.3250835 0.3250835 -0.8880549
vn -0.3826903 0.0000000 -0.9238767
vn -0.8880549 0.3250835 -0.3250835
vn -0.9238767 0.0000000 -0.3826903
vn -0.9238767 0.3826903 0.0000000
vn -1.0000000 0.0000000 0.0000000
vn 0.0000000 0.3826903 -0.9238767
vn 0.0000000 0.9238767 -0.3826903
vn -0.3250835 0.3250835 -0.8880549
vn -0.3250835 0.8880549 -0.3250835
vn -0.3250835 0.3250835 -0.8880549
vn -0.3250835 0.8880549 -0.3250835
vn -0.8880549 0.3250835 -0.3250835
vn -0.3250835 0.3250835 -0.8880549
vn -0.3826903 0.0000000 -0.9238767
vn -0.8880549 0.3250835 -0.3250835
vn -0.9238767 0.0000000 -0.3826903
vn -0.3250835 0.8880549 -0.3250835
vn -0.3826903 0.9238767 0.0000000
vn -0.8880549 0.3250835 -0.3250835
vn -0.9238767 0.3826903 0.0000000
vn 0.0000000 -0.9238767 0.3826903
vn 0.0000000 -1.0000000 0.0000000
vn 0.3250835 -0.8880549 0.3250835
vn 0.3826903 -0.9238767 0.0000000
vn 0.8880549 -0.3250835 0.3250835
vn 0.9238767 0.0000000 0.3826903
vn 0.9238767 -0.3826903 0.0000000
vn 1.0000000 0.0000000 0.0000000
vn 0.0000000 0.0000000 1.0000000
vn 0.0000000 -0.3826903 0.9238767
vn 0.3250835 -0.3250835 0.8880549
vn 0.3826903 0.0000000 0.9238767
vn 0.3250835 -0.8880549 0.3250835
vn 0.3826903 -0.9238767 0.0000000
vn 0.8880549 -0.3250835 0.3250835
vn 0.9238767 -0.3826903 0.0000000
vn 0.3250835 -0.3250835 0.8880549
vn 0.3250835 -0.8880549 0.3250835
vn 0.8880549 -0.3250835 0.3250835
vn 0.3250835 -0.3250835 0.8880549
vn 0.3826903 0.0000000 0.9238767
vn 0.8880549 -0.3250835 0.3250835
vn 0.9238767 0.0000000 0.3826903
vn 0.0000000 -0.3826903 0.9238767
vn 0.0000000 -0.9238767 0.3826903
vn 0.3250835 -0.3250835 0.8880549
vn 0.3250835 -0.8880549 0.3250835
vn 0.0000000 0.9238767 0.3826903
vn 0.0000000 1.0000000 0.0000000
vn 0.3250835 0.8880549 0.3250835
vn 0.3826903 0.9238767 0.0000000
vn 0.0000000 0.0000000 1.0000000
vn 0.0000000 0.3826903 0.9238767
vn 0.3250835 0.3250835 0.8880549
vn 0.3826903 0.0000000 0.9238767
vn 0.8880549 0.3250835 0.3250835
vn 0.9238767 0.0000000 0.3826903
vn 0.9238767 0.3826903 0.0000000
vn 1.0000000 0.0000000 0.0000000
vn 0.0000000 0.3826903 0.9238767
vn 0.0000000 0.9238767 0.3826903
vn 0.3250835 0.3250835 0.8880549
vn 0.3250835 0.8880549 0.3250835
vn 0.3250835 0.3250835 0.8880549
vn 0.3250835 0.8880549 0.3250835
vn 0.8880549 0.3250835 0.3250835
vn 0.3250835 0.3250835 0.8880549
vn 0.3826903 0.0000000 0.9238767
vn 0.8880549 0.3250835 0.3250835
vn 0.9238767 0.0000000 0.3826903
vn 0.3250835 0.8880549 0.3250835
vn 0.3826903 0.9238767 0.0000000
vn 0.8880549 0.3250835 0.3250835
vn 0.9238767 0.3826903 0.0000000
vn 0.0000000 -0.9238767 -0.3826903
vn 0.0000000 -1.0000000 0.0000000
vn 0.3250835 -0.8880549 -0.3250835
vn 0.3826903 -0.9238767 0.0000000
vn 0.0000000 0.0000000 -1.0000000
vn 0.0000000 -0.3826903 -0.9238767
vn 0.3250835 -0.3250835 -0.8880549
vn 0.3826903 0.0000000 -0.9238767
vn 0.8880549 -0.3250835 -0.3250835
vn 0.9238767 0.0000000 -0.3826903
vn 0.9238767 -0.3826903 0.0000000
vn 1.0000000 0.0000000 0.0000000
vn 0.0000000 -0.3826903 -0.9238767
vn 0.0000000 -0.9238767 -0.3826903
vn 0.3250835 -0.3250835 -0.8880549
vn 0.3250835 -0.8880549 -0.3250835
vn 0.3250835 -0.3250835 -0.8880549
vn 0.3250835 -0.8880549 -0.3250835
vn 0.8880549 -0.3250835 -0.3250835
vn 0.3250835 -0.3250835 -0.8880549
vn 0.3826903 0.0000000 -0.9238767
vn 0.8880549 -0.3250835 -0.3250835
vn 0.9238767 0.0000000 -0.3826903
vn 0.3250835 -0.8880549 -0.3250835
vn 0.3826903 -0.9238767 0.0000000
vn 0.8880549 -0.3250835 -0.3250835
vn 0.9238767 -0.3826903 0.0000000
vn 0.0000000 0.9238767 -0.3826903
vn 0.0000000 1.0000000 0.0000000
vn 0.3250835 0.8880549 -0.3250835
vn 0.3826903 0.9238767 0.0000000
vn 0.8880549 0.3250835 -0.3250835
vn 0.9238767 0.0000000 -0.3826903
vn 0.9238767 0.3826903 0.0000000
vn 1.0000000 0.0000000 0.0000000
vn 0.0000000 0.0000000 -1.0000000
vn 0.0000000 0.3826903 -0.9238767
vn 0.3250835 0.3250835 -0.8880549
vn 0.3826903 0.0000000 -0.9238767
vn 0.3250835 0.8880549 -0.3250835
vn 0.3826903 0.9238767 0.0000000
vn 0.8880549 0.3250835 -0.3250835
vn 0.9238767 0.3826903 0.0000000
vn 0.3250835 0.3250835 -0.8880549
vn 0.3250835 0.8880549 -0.3250835
vn 0.8880549 0.3250835 -0.3250835
vn 0.3250835 0.3250835 -0.8880549
vn 0.3826903 0.0000000 -0.9238767
vn 0.8880549 0.3250835 -0.3250835
vn 0.9238767 0.0000000 -0.3826903
vn 0.0000000 0.3826903 -0.9238767
vn 0.0000000 0.9238767 -0.3826903
vn 0.3250835 0.3250835 -0.8880549
vn 0.3250835 0.8880549 -0.3250835
f 333/333/333 356/356/356 244/244/244
f 333/333/333 244/244/244 221/221/221
f 390/390/390 413/413/413 363/363/363
f 390/390/390 363/363/363 332/332/332
f 407/407/407 299/299/299 249/249/249
f 407/407/407 249/249/249 353/353/353
f 228/228/228 255/255/255 309/309/309
f 228/228/228 309/309/309 278/278/278
f 279/279/279 302/302/302 414/414/414
f 279/279/279 414/414/414 383/383/383
f 219/219/219 232/232/232 234/234/234
f 219/219/219 234/234/234 240/240/240
f 223/223/223 236/236/236 233/233/233
f 223/223/223 233/233/233 231/231/231
f 225/225/225 242/242/242 235/235/235
f 225/225/225 235/235/235 238/238/238
f 246/246/246 258/258/258 260/260/260
f 246/246/246 260/260/260 267/267/267
f 250/250/250 263/263/263 261/261/261
f 250/250/250 261/261/261 259/259/259
f 252/252/252 269/269/269 262/262/262
f 252/252/252 262/262/262 265/265/265
f 273/273/273 283/283/283 288/288/288
f 273/273/273 288/288/288 297/297/297
f 275/275/275 292/292/292 289/289/289
f 275/275/275 289/289/289 285/285/285
f 281/281/281 296/296/296 287/287/287
f 281/281/281 287/287/287 290/290/290
f 300/300/300 313/313/313 315/315/315
f 300/300/300 315/315/315 321/321/321
f 304/304/304 317/317/317 314/314/314
f 304/304/304 314/314/314 312/312/312
f 306/306/306 323/323/323 316/316/316
f 306/306/306 316/316/316 319/319/319
f 327/327/327 337/337/337 342/342/342
f 327/327/327 342/342/342 351/351/351
f 329/329/329 346/346/346 343/343/343
f 329/329/329 343/343/343 339/339/339
f 335/335/335 350/350/350 341/341/341
f 335/335/335 341/341/341 344/344/344
f 354/354/354 367/367/367 369/369/369
f 354/354/354 369/369/369 375/375/375
f 358/358/358 371/371/371 368/368/368
f 358/358/358 368/368/368 366/366/366
f 360/360/360 377/377/377 370/370/370
f 360/360/360 370/370/370 373/373/373
f 381/381/381 394/394/394 396/396/396
f 381/381/381 396/396/396 402/402/402
f 385/385/385 398/398/398 395/395/395
f 385/385/385 395/395/395 393/393/393
f 387/387/387 404/404/404 397/397/397
f 387/387/387 397/397/397 400/400/400
f 408/408/408 418/418/418 423/423/423
f 408/408/408 423/423/423 432/432/432
f 410/410/410 427/427/427 424/424/424
f 410/410/410 424/424/424 420/420/420
f 416/416/416 431/431/431 422/422/422
f 416/416/416 422/422/422 425/425/425
f 274/274/274 220/220/220 241/241/241
f 274/274/274 241/241/241 284/284/284
f 286/286/286 243/243/243 227/227/227
f 286/286/286 227/227/227 277/277/277
f 224/224/224 247/247/247 268/268/268
f 224/224/224 268/268/268 237/237/237
f 239/239/239 270/270/270 253/253/253
f 239/239/239 253/253/253 226/226/226
f 251/251/251 301/301/301 322/322/322
f 251/251/251 322/322/322 264/264/264
f 266/266/266 324/324/324 308/308/308
f 266/266/266 308/308/308 254/254/254
f 305/305/305 282/282/282 291/291/291
f 305/305/305 291/291/291 318/318/318
f 320/320/320 293/293/293 276/276/276
f 320/320/320 276/276/276 307/307/307
f 379/379/379 271/271/271 295/295/295
f 379/379/379 295/295/295 392/392/392
f 391/391/391 294/294/294 280/280/280
f 391/391/391 280/280/280 384/384/384
f 298/298/298 406/406/406 430/430/430
f 298/298/298 430/430/430 311/311/311
f 310/310/310 429/429/429 415/415/415
f 310/310/310 415/415/415 303/303/303
f 411/411/411 388/388/388 401/401/401
f 411/411/411 401/401/401 428/428/428
f 426/426/426 399/399/399 386/386/386
f 426/426/426 386/386/386 417/417/417
f 328/328/328 382/382/382 403/403/403
f 328/328/328 403/403/403 338/338/338
f 340/340/340 405/405/405 389/389/389
f 340/340/340 389/389/389 331/331/331
f 409/409/409 355/355/355 376/376/376
f 409/409/409 376/376/376 419/419/419
f 421/421/421 378/378/378 362/362/362
f 421/421/421 362/362/362 412/412/412
f 359/359/359 336/336/336 345/345/345
f 359/359/359 345/345/345 372/372/372
f 374/374/374 347/347/347 330/330/330
f 374/374/374 330/330/330 361/361/361
f 217/217/217 325/325/325 349/349/349
f 217/217/217 349/349/349 230/230/230
f 229/229/229 348/348/348 334/334/334
f 229/229/229 334/334/334 222/222/222
f 352/352/352 248/248/248 257/257/257
f 352/352/352 257/257/257 365/365/365
f 364/364/364 256/256/256 245/245/245
f 364/364/364 245/245/245 357/357/357
f 272/272/272 380/380/380 326/326/326
f 272/272/272 326/326/326 218/218/218
o Barrel.001_0
usemtl Machined_Steel
v 0.0000000 0.0931729 0.5349999
v 0.0000000 0.0931729 0.5349999
v 0.0000000 0.0931729 0.5349999
v 0.0000000 0.0970000 0.5387799
v 0.0000000 0.0970000 0.5387799
v 0.0000000 0.0970000 0.5387799
v 0.0000000 0.0970000 0.5387799
v 0.0000000 0.0958791 0.5361071
v 0.0000000 0.0958791 0.5361071
v 0.0000000 0.0958791 0.5361071
v 0.0000000 0.0958791 0.5361071
v 0.0000000 0.0931729 1.0250000
v 0.0000000 0.0931729 1.0250000
v 0.0000000 0.0931729 1.0250000
v 0.0000000 0.0970000 1.0212200
v 0.0000000 0.0970000 1.0212200
v 0.0000000 0.0970000 1.0212200
v 0.0000000 0.0970000 1.0212200
v 0.0000000 0.0958790 1.0238929
v 0.0000000 0.0958790 1.0238929
v 0.0000000 0.0958790 1.0238929
v 0.0000000 0.0958790 1.0238929
v 0.0071608 0.0920388 0.5349999
v 0.0071608 0.0920388 0.5349999
v 0.0071608 0.0920388 0.5349999
v 0.0083435 0.0956786 0.5387799
v 0.0083435 0.0956786 0.5387799
v 0.0083435 0.0956786 0.5387799
v 0.0083435 0.0956786 0.5387799
v 0.0079971 0.0946125 0.5361071
v 0.0079971 0.0946125 0.5361071
v 0.0079971 0.0946125 0.5361071
v 0.0079971 0.0946125 0.5361071
v 0.0071608 0.0920387 1.0250000
v 0.0071608 0.0920387 1.0250000
v 0.0071608 0.0920387 1.0250000
v 0.0083435 0.0956785 1.0212200
v 0.0083435 0.0956785 1.0212200
v 0.0083435 0.0956785 1.0212200
v 0.0083435 0.0956785 1.0212200
v 0.0079971 0.0946124 1.0238929
v 0.0079971 0.0946124 1.0238929
v 0.0079971 0.0946124 1.0238929
v 0.0079971 0.0946124 1.0238929
v 0.0136207 0.0887473 0.5349999
v 0.0136207 0.0887473 0.5349999
v 0.0136207 0.0887473 0.5349999
v 0.0158702 0.0918435 0.5387799
v 0.0158702 0.0918435 0.5387799
v 0.0158702 0.0918435 0.5387799
v 0.0158702 0.0918435 0.5387799
v 0.0152113 0.0909366 0.5361071
v 0.0152113 0.0909366 0.5361071
v 0.0152113 0.0909366 0.5361071
v 0.0152113 0.0909366 0.5361071
v 0.0136207 0.0887472 1.0250000
v 0.0136207 0.0887472 1.0250000
v 0.0136207 0.0887472 1.0250000
v 0.0158702 0.0918434 1.0212200
v 0.0158702 0.0918434 1.0212200
v 0.0158702 0.0918434 1.0212200
v 0.0158702 0.0918434 1.0212200
v 0.0152113 0.0909366 1.0238929
v 0.0152113 0.0909366 1.0238929
v 0.0152113 0.0909366 1.0238929
v 0.0152113 0.0909366 1.0238929
v 0.0187473 0.0836207 0.5349999
v 0.0187473 0.0836207 0.5349999
v 0.0187473 0.0836207 0.5349999
v 0.0218435 0.0858702 0.5387799
v 0.0218435 0.0858702 0.5387799
v 0.0218435 0.0858702 0.5387799
v 0.0218435 0.0858702 0.5387799
v 0.0209366 0.0852114 0.5361071
v 0.0209366 0.0852114 0.5361071
v 0.0209366 0.0852114 0.5361071
v 0.0209366 0.0852114 0.5361071
v 0.0187473 0.0836206 1.0250000
v 0.0187473 0.0836206 1.0250000
v 0.0187473 0.0836206 1.0250000
v 0.0218435 0.0858702 1.0212200
v 0.0218435 0.0858702 1.0212200
v 0.0218435 0.0858702 1.0212200
v 0.0218435 0.0858702 1.0212200
v 0.0209366 0.0852113 1.0238929
v 0.0209366 0.0852113 1.0238929
v 0.0209366 0.0852113 1.0238929
v 0.0209366 0.0852113 1.0238929
v 0.0220387 0.0771608 0.5349999
v 0.0220387 0.0771608 0.5349999
v 0.0220387 0.0771608 0.5349999
v 0.0256785 0.0783435 0.5387799
v 0.0256785 0.0783435 0.5387799
v 0.0256785 0.0783435 0.5387799
v 0.0256785 0.0783435 0.5387799
v 0.0246125 0.0779971 0.5361071
v 0.0246125 0.0779971 0.5361071
v 0.0246125 0.0779971 0.5361071
v 0.0246125 0.0779971 0.5361071
v 0.0220387 0.0771608 1.0250000
v 0.0220387 0.0771608 1.0250000
v 0.0220387 0.0771608 1.0250000
v 0.0256785 0.0783434 1.0212200
v 0.0256785 0.0783434 1.0212200
v 0.0256785 0.0783434 1.0212200
v 0.0256785 0.0783434 1.0212200
v 0.0246125 0.0779970 1.0238929
v 0.0246125 0.0779970 1.0238929
v 0.0246125 0.0779970 1.0238929
v 0.0246125 0.0779970 1.0238929
v 0.0231729 0.0700000 0.5349999
v 0.0231729 0.0700000 0.5349999
v 0.0231729 0.0700000 0.5349999
v 0.0270000 0.0700000 0.5387799
v 0.0270000 0.0700000 0.5387799
v 0.0270000 0.0700000 0.5387799
v 0.0270000 0.0700000 0.5387799
v 0.0258791 0.0700000 0.5361071
v 0.0258791 0.0700000 0.5361071
v 0.0258791 0.0700000 0.5361071
v 0.0258791 0.0700000 0.5361071
v 0.0231729 0.0700000 1.0250000
v 0.0231729 0.0700000 1.0250000
v 0.0231729 0.0700000 1.0250000
v 0.0270000 0.0700000 1.0212200
v 0.0270000 0.0700000 1.0212200
v 0.0270000 0.0700000 1.0212200
v 0.0270000 0.0700000 1.0212200
v 0.0258791 0.0700000 1.0238929
v 0.0258791 0.0700000 1.0238929
v 0.0258791 0.0700000 1.0238929
v 0.0258791 0.0700000 1.0238929
v 0.0220387 0.0628392 0.5349999
v 0.0220387 0.0628392 0.5349999
v 0.0220387 0.0628392 0.5349999
v 0.0256785 0.0616566 0.5387799
v 0.0256785 0.0616566 0.5387799
v 0.0256785 0.0616566 0.5387799
v 0.0256785 0.0616566 0.5387799
v 0.0246125 0.0620030 0.5361071
v 0.0246125 0.0620030 0.5361071
v 0.0246125 0.0620030 0.5361071
v 0.0246125 0.0620030 0.5361071
v 0.0220387 0.0628392 1.0250000
v 0.0220387 0.0628392 1.0250000
v 0.0220387 0.0628392 1.0250000
v 0.0256785 0.0616565 1.0212200
v 0.0256785 0.0616565 1.0212200
v 0.0256785 0.0616565 1.0212200
v 0.0256785 0.0616565 1.0212200
v 0.0246125 0.0620029 1.0238929
v 0.0246125 0.0620029 1.0238929
v 0.0246125 0.0620029 1.0238929
v 0.0246125 0.0620029 1.0238929
v 0.0187473 0.0563794 0.5349999
v 0.0187473 0.0563794 0.5349999
v 0.0187473 0.0563794 0.5349999
v 0.0218435 0.0541298 0.5387799
v 0.0218435 0.0541298 0.5387799
v 0.0218435 0.0541298 0.5387799
v 0.0218435 0.0541298 0.5387799
v 0.0209366 0.0547887 0.5361071
v 0.0209366 0.0547887 0.5361071
v 0.0209366 0.0547887 0.5361071
v 0.0209366 0.0547887 0.5361071
v 0.0187473 0.0563793 1.0250000
v 0.0187473 0.0563793 1.0250000
v 0.0187473 0.0563793 1.0250000
v 0.0218435 0.0541298 1.0212200
v 0.0218435 0.0541298 1.0212200
v 0.0218435 0.0541298 1.0212200
v 0.0218435 0.0541298 1.0212200
v 0.0209366 0.0547886 1.0238929
v 0.0209366 0.0547886 1.0238929
v 0.0209366 0.0547886 1.0238929
v 0.0209366 0.0547886 1.0238929
v 0.0136207 0.0512528 0.5349999
v 0.0136207 0.0512528 0.5349999
v 0.0136207 0.0512528 0.5349999
v 0.0158702 0.0481566 0.5387799
v 0.0158702 0.0481566 0.5387799
v 0.0158702 0.0481566 0.5387799
v 0.0158702 0.0481566 0.5387799
v 0.0152113 0.0490634 0.5361071
v 0.0152113 0.0490634 0.5361071
v 0.0152113 0.0490634 0.5361071
v 0.0152113 0.0490634 0.5361071
v 0.0136207 0.0512527 1.0250000
v 0.0136207 0.0512527 1.0250000
v 0.0136207 0.0512527 1.0250000
v 0.0158702 0.0481565 1.0212200
v 0.0158702 0.0481565 1.0212200
v 0.0158702 0.0481565 1.0212200
v 0.0158702 0.0481565 1.0212200
v 0.0152113 0.0490634 1.0238929
v 0.0152113 0.0490634 1.0238929
v 0.0152113 0.0490634 1.0238929
v 0.0152113 0.0490634 1.0238929
v 0.0071608 0.0479613 0.5349999
v 0.0071608 0.0479613 0.5349999
v 0.0071608 0.0479613 0.5349999
v 0.0083435 0.0443215 0.5387799
v 0.0083435 0.0443215 0.5387799
v 0.0083435 0.0443215 0.5387799
v 0.0083435 0.0443215 0.5387799
v 0.0079971 0.0453876 0.5361071
v 0.0079971 0.0453876 0.5361071
v 0.0079971 0.0453876 0.5361071
v 0.0079971 0.0453876 0.5361071
v 0.0071608 0.0479612 1.0250000
v 0.0071608 0.0479612 1.0250000
v 0.0071608 0.0479612 1.0250000
v 0.0083435 0.0443214 1.0212200
v 0.0083435 0.0443214 1.0212200
v 0.0083435 0.0443214 1.0212200
v 0.0083435 0.0443214 1.0212200
v 0.0079971 0.0453875 1.0238929
v 0.0079971 0.0453875 1.0238929
v 0.0079971 0.0453875 1.0238929
v 0.0079971 0.0453875 1.0238929
v 0.0000000 0.0468271 0.5349999
v 0.0000000 0.0468271 0.5349999
v 0.0000000 0.0468271 0.5349999
v 0.0000000 0.0430000 0.5387799
v 0.0000000 0.0430000 0.5387799
v 0.0000000 0.0430000 0.5387799
v 0.0000000 0.0430000 0.5387799
v 0.0000000 0.0441210 0.5361071
v 0.0000000 0.0441210 0.5361071
v 0.0000000 0.0441210 0.5361071
v 0.0000000 0.0441210 0.5361071
v 0.0000000 0.0468271 1.0250000
v 0.0000000 0.0468271 1.0250000
v 0.0000000 0.0468271 1.0250000
v 0.0000000 0.0430000 1.0212200
v 0.0000000 0.0430000 1.0212200
v 0.0000000 0.0430000 1.0212200
v 0.0000000 0.0430000 1.0212200
v 0.0000000 0.0441209 1.0238929
v 0.0000000 0.0441209 1.0238929
v 0.0000000 0.0441209 1.0238929
v 0.0000000 0.0441209 1.0238929
v -0.0071608 0.0479613 0.5349999
v -0.0071608 0.0479613 0.5349999
v -0.0071608 0.0479613 0.5349999
v -0.0083435 0.0443215 0.5387799
v -0.0083435 0.0443215 0.5387799
v -0.0083435 0.0443215 0.5387799
v -0.0083435 0.0443215 0.5387799
v -0.0079971 0.0453876 0.5361071
v -0.0079971 0.0453876 0.5361071
v -0.0079971 0.0453876 0.5361071
v -0.0079971 0.0453876 0.5361071
v -0.0071608 0.0479612 1.0250000
v -0.0071608 0.0479612 1.0250000
v -0.0071608 0.0479612 1.0250000
v -0.0083435 0.0443214 1.0212200
v -0.0083435 0.0443214 1.0212200
v -0.0083435 0.0443214 1.0212200
v -0.0083435 0.0443214 1.0212200
v -0.0079971 0.0453875 1.0238929
v -0.0079971 0.0453875 1.0238929
v -0.0079971 0.0453875 1.0238929
v -0.0079971 0.0453875 1.0238929
v -0.0136207 0.0512528 0.5349999
v -0.0136207 0.0512528 0.5349999
v -0.0136207 0.0512528 0.5349999
v -0.0158702 0.0481566 0.5387799
v -0.0158702 0.0481566 0.5387799
v -0.0158702 0.0481566 0.5387799
v -0.0158702 0.0481566 0.5387799
v -0.0152113 0.0490634 0.5361071
v -0.0152113 0.0490634 0.5361071
v -0.0152113 0.0490634 0.5361071
v -0.0152113 0.0490634 0.5361071
v -0.0136207 0.0512527 1.0250000
v -0.0136207 0.0512527 1.0250000
v -0.0136207 0.0512527 1.0250000
v -0.0158702 0.0481565 1.0212200
v -0.0158702 0.0481565 1.0212200
v -0.0158702 0.0481565 1.0212200
v -0.0158702 0.0481565 1.0212200
v -0.0152113 0.0490634 1.0238929
v -0.0152113 0.0490634 1.0238929
v -0.0152113 0.0490634 1.0238929
v -0.0152113 0.0490634 1.0238929
v -0.0187473 0.0563794 0.5349999
v -0.0187473 0.0563794 0.5349999
v -0.0187473 0.0563794 0.5349999
v -0.0218435 0.0541298 0.5387799
v -0.0218435 0.0541298 0.5387799
v -0.0218435 0.0541298 0.5387799
v -0.0218435 0.0541298 0.5387799
v -0.0209366 0.0547887 0.5361071
v -0.0209366 0.0547887 0.5361071
v -0.0209366 0.0547887 0.5361071
v -0.0209366 0.0547887 0.5361071
v -0.0187473 0.0563793 1.0250000
v -0.0187473 0.0563793 1.0250000
v -0.0187473 0.0563793 1.0250000
v -0.0218435 0.0541298 1.0212200
v -0.0218435 0.0541298 1.0212200
v -0.0218435 0.0541298 1.0212200
v -0.0218435 0.0541298 1.0212200
v -0.0209366 0.0547886 1.0238929
v -0.0209366 0.0547886 1.0238929
v -0.0209366 0.0547886 1.0238929
v -0.0209366 0.0547886 1.0238929
v -0.0220387 0.0628392 0.5349999
v -0.0220387 0.0628392 0.5349999
v -0.0220387 0.0628392 0.5349999
v -0.0256785 0.0616566 0.5387799
v -0.0256785 0.0616566 0.5387799
v -0.0256785 0.0616566 0.5387799
v -0.0256785 0.0616566 0.5387799
v -0.0246125 0.0620030 0.5361071
v -0.0246125 0.0620030 0.5361071
v -0.0246125 0.0620030 0.5361071
v -0.0246125 0.0620030 0.5361071
v -0.0220387 0.0628392 1.0250000
v -0.0220387 0.0628392 1.0250000
v -0.0220387 0.0628392 1.0250000
v -0.0256785 0.0616565 1.0212200
v -0.0256785 0.0616565 1.0212200
v -0.0256785 0.0616565 1.0212200
v -0.0256785 0.0616565 1.0212200
v -0.0246125 0.0620029 1.0238929
v -0.0246125 0.0620029 1.0238929
v -0.0246125 0.0620029 1.0238929
v -0.0246125 0.0620029 1.0238929
v -0.0231729 0.0700000 0.5349999
v -0.0231729 0.0700000 0.5349999
v -0.0231729 0.0700000 0.5349999
v -0.0270000 0.0700000 0.5387799
v -0.0270000 0.0700000 0.5387799
v -0.0270000 0.0700000 0.5387799
v -0.0270000 0.0700000 0.5387799
v -0.0258791 0.0700000 0.5361071
v -0.0258791 0.0700000 0.5361071
v -0.0258791 0.0700000 0.5361071
v -0.0258791 0.0700000 0.5361071
v -0.0231729 0.0700000 1.0250000
v -0.0231729 0.0700000 1.0250000
v -0.0231729 0.0700000 1.0250000
v -0.0270000 0.0700000 1.0212200
v -0.0270000 0.0700000 1.0212200
v -0.0270000 0.0700000 1.0212200
v -0.0270000 0.0700000 1.0212200
v -0.0258791 0.0700000 1.0238929
v -0.0258791 0.0700000 1.0238929
v -0.0258791 0.0700000 1.0238929
v -0.0258791 0.0700000 1.0238929
v -0.0220387 0.0771608 0.5349999
v -0.0220387 0.0771608 0.5349999
v -0.0220387 0.0771608 0.5349999
v -0.0256785 0.0783435 0.5387799
v -0.0256785 0.0783435 0.5387799
v -0.0256785 0.0783435 0.5387799
v -0.0256785 0.0783435 0.5387799
v -0.0246125 0.0779971 0.5361071
v -0.0246125 0.0779971 0.5361071
v -0.0246125 0.0779971 0.5361071
v -0.0246125 0.0779971 0.5361071
v -0.0220387 0.0771608 1.0250000
v -0.0220387 0.0771608 1.0250000
v -0.0220387 0.0771608 1.0250000
v -0.0256785 0.0783434 1.0212200
v -0.0256785 0.0783434 1.0212200
v -0.0256785 0.0783434 1.0212200
v -0.0256785 0.0783434 1.0212200
v -0.0246125 0.0779970 1.0238929
v -0.0246125 0.0779970 1.0238929
v -0.0246125 0.0779970 1.0238929
v -0.0246125 0.0779970 1.0238929
v -0.0187473 0.0836207 0.5349999
v -0.0187473 0.0836207 0.5349999
v -0.0187473 0.0836207 0.5349999
v -0.0218435 0.0858702 0.5387799
v -0.0218435 0.0858702 0.5387799
v -0.0218435 0.0858702 0.5387799
v -0.0218435 0.0858702 0.5387799
v -0.0209366 0.0852114 0.5361071
v -0.0209366 0.0852114 0.5361071
v -0.0209366 0.0852114 0.5361071
v -0.0209366 0.0852114 0.5361071
v -0.0187473 0.0836206 1.0250000
v -0.0187473 0.0836206 1.0250000
v -0.0187473 0.0836206 1.0250000
v -0.0218435 0.0858702 1.0212200
v -0.0218435 0.0858702 1.0212200
v -0.0218435 0.0858702 1.0212200
v -0.0218435 0.0858702 1.0212200
v -0.0209366 0.0852113 1.0238929
v -0.0209366 0.0852113 1.0238929
v -0.0209366 0.0852113 1.0238929
v -0.0209366 0.0852113 1.0238929
v -0.0136207 0.0887473 0.5349999
v -0.0136207 0.0887473 0.5349999
v -0.0136207 0.0887473 0.5349999
v -0.0158702 0.0918435 0.5387799
v -0.0158702 0.0918435 0.5387799
v -0.0158702 0.0918435 0.5387799
v -0.0158702 0.0918435 0.5387799
v -0.0152113 0.0909366 0.5361071
v -0.0152113 0.0909366 0.5361071
v -0.0152113 0.0909366 0.5361071
v -0.0152113 0.0909366 0.5361071
v -0.0136207 0.0887472 1.0250000
v -0.0136207 0.0887472 1.0250000
v -0.0136207 0.0887472 1.0250000
v -0.0158702 0.0918434 1.0212200
v -0.0158702 0.0918434 1.0212200
v -0.0158702 0.0918434 1.0212200
v -0.0158702 0.0918434 1.0212200
v -0.0152113 0.0909366 1.0238929
v -0.0152113 0.0909366 1.0238929
v -0.0152113 0.0909366 1.0238929
v -0.0152113 0.0909366 1.0238929
v -0.0071608 0.0920388 0.5349999
v -0.0071608 0.0920388 0.5349999
v -0.0071608 0.0920388 0.5349999
v -0.0083435 0.0956786 0.5387799
v -0.0083435 0.0956786 0.5387799
v -0.0083435 0.0956786 0.5387799
v -0.0083435 0.0956786 0.5387799
v -0.0079971 0.0946125 0.5361071
v -0.0079971 0.0946125 0.5361071
v -0.0079971 0.0946125 0.5361071
v -0.0079971 0.0946125 0.5361071
v -0.0071608 0.0920387 1.0250000
v -0.0071608 0.0920387 1.0250000
v -0.0071608 0.0920387 1.0250000
v -0.0083435 0.0956785 1.0212200
v -0.0083435 0.0956785 1.0212200
v -0.0083435 0.0956785 1.0212200
v -0.0083435 0.0956785 1.0212200
v -0.0079971 0.0946124 1.0238929
v -0.0079971 0.0946124 1.0238929
v -0.0079971 0.0946124 1.0238929
v -0.0079971 0.0946124 1.0238929
vt 0.7499999 0.5440187
vt 0.7499999 0.5440187
vt 0.7499999 0.5440187
vt 1.0000000 0.4961429
vt 1.0000000 0.4961429
vt -0.0000002 0.4961429
vt -0.0000002 0.4961429
vt 0.7515395 0.5102438
vt 0.9989621 0.5000000
vt 0.7484605 0.5102438
vt 0.0010377 0.5000000
vt 0.2500000 0.5440187
vt 0.2500000 0.5440187
vt 0.2500000 0.5440187
vt 1.0000000 0.0038571
vt 1.0000000 0.0038571
vt -0.0000002 0.0038571
vt -0.0000002 0.0038571
vt 0.2515395 0.5102438
vt 0.9989621 0.0000000
vt 0.2484605 0.5102438
vt 0.0010377 0.0000000
vt 0.8136514 0.5541003
vt 0.8136514 0.5541003
vt 0.8136514 0.5541003
vt 0.9500000 0.4961429
vt 0.9500000 0.4961429
vt 0.9500000 0.4961429
vt 0.9500000 0.4961429
vt 0.8226246 0.5215026
vt 0.9510379 0.5000000
vt 0.8255529 0.5224541
vt 0.9489621 0.5000000
vt 0.3136517 0.5541002
vt 0.3136517 0.5541002
vt 0.3136517 0.5541002
vt 0.9500000 0.0038571
vt 0.9500000 0.0038571
vt 0.9500000 0.0038571
vt 0.9500000 0.0038571
vt 0.3226246 0.5215026
vt 0.9510379 0.0000000
vt 0.3255529 0.5224541
vt 0.9489621 0.0000000
vt 0.8710725 0.5833578
vt 0.8710725 0.5833578
vt 0.8710725 0.5833578
vt 0.9000000 0.4961429
vt 0.9000000 0.4961429
vt 0.9000000 0.4961429
vt 0.9000000 0.4961429
vt 0.8896797 0.5551283
vt 0.8921706 0.5569381
vt 0.9010379 0.5000000
vt 0.8989621 0.5000000
vt 0.3710726 0.5833578
vt 0.3710726 0.5833578
vt 0.3710726 0.5833578
vt 0.9000000 0.0038571
vt 0.9000000 0.0038571
vt 0.9000000 0.0038571
vt 0.9000000 0.0038571
vt 0.3896797 0.5551283
vt 0.3921706 0.5569381
vt 0.9010379 0.0000000
vt 0.8989621 0.0000000
vt 0.9166421 0.6289274
vt 0.9166421 0.6289274
vt 0.9166421 0.6289274
vt 0.8500000 0.4961429
vt 0.8500000 0.4961429
vt 0.8500000 0.4961429
vt 0.8500000 0.4961429
vt 0.9430618 0.6078294
vt 0.9448717 0.6103203
vt 0.8510379 0.5000000
vt 0.8489621 0.5000000
vt 0.4166423 0.6289273
vt 0.4166423 0.6289273
vt 0.4166423 0.6289273
vt 0.8500000 0.0038571
vt 0.8500000 0.0038571
vt 0.8500000 0.0038571
vt 0.8500000 0.0038571
vt 0.4430619 0.6078294
vt 0.4448717 0.6103203
vt 0.8510379 0.0000000
vt 0.8489621 0.0000000
vt 0.9458998 0.6863483
vt 0.9458998 0.6863483
vt 0.9458998 0.6863483
vt 0.8000000 0.4961429
vt 0.8000000 0.4961429
vt 0.8000000 0.4961429
vt 0.8000000 0.4961429
vt 0.9775459 0.6744471
vt 0.9784974 0.6773754
vt 0.8010378 0.5000000
vt 0.7989621 0.5000000
vt 0.4458997 0.6863483
vt 0.4458997 0.6863483
vt 0.4458997 0.6863483
vt 0.8000000 0.0038571
vt 0.8000000 0.0038571
vt 0.8000000 0.0038571
vt 0.8000000 0.0038571
vt 0.4775459 0.6744471
vt 0.4784974 0.6773754
vt 0.8010378 0.0000000
vt 0.7989621 0.0000000
vt 0.9559811 0.7500000
vt 0.9559811 0.7500000
vt 0.9559811 0.7500000
vt 0.7499999 0.4961429
vt 0.7499999 0.4961429
vt 0.7499999 0.4961429
vt 0.7499999 0.4961429
vt 0.9897562 0.7515395
vt 0.9897562 0.7484605
vt 0.7489620 0.5000000
vt 0.7510378 0.5000000
vt 0.4559812 0.7500000
vt 0.4559812 0.7500000
vt 0.4559812 0.7500000
vt 0.7499999 0.0038571
vt 0.7499999 0.0038571
vt 0.7499999 0.0038571
vt 0.7499999 0.0038571
vt 0.4897562 0.7515395
vt 0.4897562 0.7484605
vt 0.7489620 0.0000000
vt 0.7510378 0.0000000
vt 0.9458997 0.8136517
vt 0.9458997 0.8136517
vt 0.9458997 0.8136517
vt 0.6999999 0.4961429
vt 0.6999999 0.4961429
vt 0.6999999 0.4961429
vt 0.6999999 0.4961429
vt 0.9775459 0.8255529
vt 0.9784973 0.8226246
vt 0.6989620 0.5000000
vt 0.7010378 0.5000000
vt 0.4458998 0.8136517
vt 0.4458998 0.8136517
vt 0.4458998 0.8136517
vt 0.6999999 0.0038571
vt 0.6999999 0.0038571
vt 0.6999999 0.0038571
vt 0.6999999 0.0038571
vt 0.4775459 0.8255529
vt 0.4784974 0.8226246
vt 0.6989620 0.0000000
vt 0.7010378 0.0000000
vt 0.9166422 0.8710727
vt 0.9166422 0.8710727
vt 0.9166422 0.8710727
vt 0.6499999 0.4961429
vt 0.6499999 0.4961429
vt 0.6499999 0.4961429
vt 0.6499999 0.4961429
vt 0.9430619 0.8921706
vt 0.9448717 0.8896797
vt 0.6489620 0.5000000
vt 0.6510378 0.5000000
vt 0.4166423 0.8710726
vt 0.4166423 0.8710726
vt 0.4166423 0.8710726
vt 0.6499999 0.0038571
vt 0.6499999 0.0038571
vt 0.6499999 0.0038571
vt 0.6499999 0.0038571
vt 0.4430619 0.8921706
vt 0.4448717 0.8896797
vt 0.6489620 0.0000000
vt 0.6510378 0.0000000
vt 0.8710725 0.9166422
vt 0.8710725 0.9166422
vt 0.8710725 0.9166422
vt 0.6000000 0.4961429
vt 0.6000000 0.4961429
vt 0.5999999 0.4961429
vt 0.5999999 0.4961429
vt 0.8896797 0.9448717
vt 0.8921706 0.9430619
vt 0.5989620 0.5000000
vt 0.6010378 0.5000000
vt 0.3710726 0.9166422
vt 0.3710726 0.9166422
vt 0.3710726 0.9166422
vt 0.5999999 0.0038571
vt 0.5999999 0.0038571
vt 0.6000000 0.0038571
vt 0.6000000 0.0038571
vt 0.3896797 0.9448717
vt 0.3921706 0.9430619
vt 0.5989620 0.0000000
vt 0.6010378 0.0000000
vt 0.8136517 0.9458997
vt 0.8136517 0.9458997
vt 0.8136517 0.9458997
vt 0.5499999 0.4961429
vt 0.5499999 0.4961429
vt 0.5499999 0.4961429
vt 0.5499999 0.4961429
vt 0.8226246 0.9784974
vt 0.5489619 0.5000000
vt 0.8255529 0.9775459
vt 0.5510378 0.5000000
vt 0.3136517 0.9458997
vt 0.3136517 0.9458997
vt 0.3136517 0.9458997
vt 0.5499999 0.0038571
vt 0.5499999 0.0038571
vt 0.5499999 0.0038571
vt 0.5499999 0.0038571
vt 0.3226246 0.9784974
vt 0.5489620 0.0000000
vt 0.3255529 0.9775459
vt 0.5510378 0.0000000
vt 0.7499999 0.9559812
vt 0.7499999 0.9559812
vt 0.7499999 0.9559812
vt 0.4999999 0.4961429
vt 0.4999999 0.4961429
vt 0.4999999 0.4961429
vt 0.4999999 0.4961429
vt 0.7515395 0.9897562
vt 0.5010378 0.5000000
vt 0.7484605 0.9897562
vt 0.4989620 0.5000000
vt 0.2500000 0.9559812
vt 0.2500000 0.9559812
vt 0.2500000 0.9559812
vt 0.4999999 0.0038571
vt 0.4999999 0.0038571
vt 0.4999999 0.0038571
vt 0.4999999 0.0038571
vt 0.2515395 0.9897562
vt 0.5010378 0.0000000
vt 0.2484605 0.9897562
vt 0.4989620 0.0000000
vt 0.6863482 0.9458997
vt 0.6863482 0.9458997
vt 0.6863482 0.9458997
vt 0.4499999 0.4961429
vt 0.4499999 0.4961429
vt 0.4499999 0.4961429
vt 0.4499999 0.4961429
vt 0.6773754 0.9784974
vt 0.4510378 0.5000000
vt 0.6744471 0.9775459
vt 0.4489620 0.5000000
vt 0.1863483 0.9458997
vt 0.1863483 0.9458997
vt 0.1863483 0.9458997
vt 0.4499999 0.0038571
vt 0.4499999 0.0038571
vt 0.4499999 0.0038571
vt 0.4499999 0.0038571
vt 0.1773754 0.9784974
vt 0.4510378 0.0000000
vt 0.1744471 0.9775459
vt 0.4489619 0.0000000
vt 0.6289273 0.9166422
vt 0.6289273 0.9166422
vt 0.6289273 0.9166422
vt 0.3999999 0.4961429
vt 0.3999999 0.4961429
vt 0.3999999 0.4961429
vt 0.3999999 0.4961429
vt 0.6103204 0.9448717
vt 0.6078294 0.9430619
vt 0.4010378 0.5000000
vt 0.3989619 0.5000000
vt 0.1289273 0.9166422
vt 0.1289273 0.9166422
vt 0.1289273 0.9166422
vt 0.3999999 0.0038571
vt 0.3999999 0.0038571
vt 0.3999999 0.0038571
vt 0.3999999 0.0038571
vt 0.1103203 0.9448717
vt 0.1078294 0.9430619
vt 0.4010378 0.0000000
vt 0.3989620 0.0000000
vt 0.5833578 0.8710726
vt 0.5833578 0.8710726
vt 0.5833578 0.8710726
vt 0.3499998 0.4961429
vt 0.3499998 0.4961429
vt 0.3499998 0.4961429
vt 0.3499998 0.4961429
vt 0.5569382 0.8921706
vt 0.5551283 0.8896797
vt 0.3510377 0.5000000
vt 0.3489619 0.5000000
vt 0.0833578 0.8710726
vt 0.0833578 0.8710726
vt 0.0833578 0.8710726
vt 0.3499998 0.0038571
vt 0.3499998 0.0038571
vt 0.3499998 0.0038571
vt 0.3499998 0.0038571
vt 0.0569381 0.8921706
vt 0.0551283 0.8896797
vt 0.3510378 0.0000000
vt 0.3489619 0.0000000
vt 0.5541003 0.8136517
vt 0.5541003 0.8136517
vt 0.5541003 0.8136517
vt 0.2999998 0.4961429
vt 0.2999998 0.4961429
vt 0.2999999 0.4961429
vt 0.2999999 0.4961429
vt 0.5224541 0.8255529
vt 0.5215026 0.8226246
vt 0.3010377 0.5000000
vt 0.2989619 0.5000000
vt 0.0541003 0.8136517
vt 0.0541003 0.8136517
vt 0.0541003 0.8136517
vt 0.2999999 0.0038571
vt 0.2999999 0.0038571
vt 0.2999998 0.0038571
vt 0.2999998 0.0038571
vt 0.0224541 0.8255529
vt 0.0215026 0.8226246
vt 0.3010377 0.0000000
vt 0.2989619 0.0000000
vt 0.5440188 0.7500000
vt 0.5440188 0.7500000
vt 0.5440188 0.7500000
vt 0.2499998 0.4961429
vt 0.2499998 0.4961429
vt 0.2499998 0.4961429
vt 0.2499998 0.4961429
vt 0.5102438 0.7515395
vt 0.5102438 0.7484605
vt 0.2510377 0.5000000
vt 0.2489619 0.5000000
vt 0.0440188 0.7500000
vt 0.0440188 0.7500000
vt 0.0440188 0.7500000
vt 0.2499998 0.0038571
vt 0.2499998 0.0038571
vt 0.2499998 0.0038571
vt 0.2499998 0.0038571
vt 0.0102438 0.7515395
vt 0.0102438 0.7484605
vt 0.2510377 0.0000000
vt 0.2489619 0.0000000
vt 0.5541003 0.6863483
vt 0.5541003 0.6863483
vt 0.5541003 0.6863483
vt 0.1999999 0.4961429
vt 0.1999999 0.4961429
vt 0.1999998 0.4961429
vt 0.1999998 0.4961429
vt 0.5224541 0.6744471
vt 0.5215026 0.6773754
vt 0.1989620 0.5000000
vt 0.2010377 0.5000000
vt 0.0541003 0.6863483
vt 0.0541003 0.6863483
vt 0.0541003 0.6863483
vt 0.1999998 0.0038571
vt 0.1999998 0.0038571
vt 0.1999999 0.0038571
vt 0.1999999 0.0038571
vt 0.0224541 0.6744471
vt 0.0215026 0.6773754
vt 0.1989619 0.0000000
vt 0.2010377 0.0000000
vt 0.5833577 0.6289274
vt 0.5833577 0.6289274
vt 0.5833577 0.6289274
vt 0.1499999 0.4961429
vt 0.1499999 0.4961429
vt 0.1499998 0.4961429
vt 0.1499998 0.4961429
vt 0.5569381 0.6078294
vt 0.5551283 0.6103203
vt 0.1489619 0.5000000
vt 0.1510378 0.5000000
vt 0.0833577 0.6289274
vt 0.0833577 0.6289274
vt 0.0833577 0.6289274
vt 0.1499998 0.0038571
vt 0.1499998 0.0038571
vt 0.1499999 0.0038571
vt 0.1499999 0.0038571
vt 0.0569381 0.6078294
vt 0.0551283 0.6103203
vt 0.1489619 0.0000000
vt 0.1510378 0.0000000
vt 0.6289274 0.5833577
vt 0.6289274 0.5833577
vt 0.6289274 0.5833577
vt 0.0999998 0.4961429
vt 0.0999998 0.4961429
vt 0.0999998 0.4961429
vt 0.0999998 0.4961429
vt 0.6103204 0.5551283
vt 0.6078294 0.5569381
vt 0.0989619 0.5000000
vt 0.1010377 0.5000000
vt 0.1289273 0.5833578
vt 0.1289273 0.5833578
vt 0.1289273 0.5833578
vt 0.0999998 0.0038571
vt 0.0999998 0.0038571
vt 0.0999998 0.0038571
vt 0.0999998 0.0038571
vt 0.1103203 0.5551283
vt 0.1078294 0.5569381
vt 0.0989619 0.0000000
vt 0.1010378 0.0000000
vt 0.6863482 0.5541003
vt 0.6863482 0.5541003
vt 0.6863482 0.5541003
vt 0.0499998 0.4961429
vt 0.0499998 0.4961429
vt 0.0499998 0.4961429
vt 0.0499998 0.4961429
vt 0.6773754 0.5215026
vt 0.0489619 0.5000000
vt 0.6744471 0.5224541
vt 0.0510377 0.5000000
vt 0.1863483 0.5541003
vt 0.1863483 0.5541003
vt 0.1863483 0.5541003
vt 0.0499998 0.0038571
vt 0.0499998 0.0038571
vt 0.0499998 0.0038571
vt 0.0499998 0.0038571
vt 0.1773754 0.5215026
vt 0.0489619 0.0000000
vt 0.1744471 0.5224541
vt 0.0510377 0.0000000
vn 0.0000000 0.0000001 -1.0000000
vn 0.0598981 0.3779882 -0.9238708
vn -0.0598981 0.3779882 -0.9238708
vn 0.1445003 0.9125020 -0.3827007
vn 0.1563990 0.9876940 0.0000001
vn -0.1445003 0.9125020 -0.3827007
vn -0.1563990 0.9876940 0.0000001
vn 0.0598981 0.3779882 -0.9238708
vn 0.1445003 0.9125020 -0.3827007
vn -0.0598981 0.3779882 -0.9238708
vn -0.1445003 0.9125020 -0.3827007
vn 0.0000000 -0.0000001 1.0000000
vn 0.0598981 0.3779879 0.9238709
vn -0.0598981 0.3779879 0.9238709
vn 0.1445003 0.9125019 0.3827009
vn 0.1563990 0.9876940 0.0000001
vn -0.1445003 0.9125019 0.3827009
vn -0.1563990 0.9876940 0.0000001
vn 0.0598981 0.3779879 0.9238709
vn 0.1445003 0.9125019 0.3827009
vn -0.0598981 0.3779879 0.9238709
vn -0.1445003 0.9125019 0.3827009
vn 0.0000000 0.0000001 -1.0000000
vn 0.0598981 0.3779882 -0.9238708
vn 0.1736962 0.3409926 -0.9238797
vn 0.1445003 0.9125020 -0.3827007
vn 0.1563990 0.9876940 0.0000001
vn 0.4193970 0.8231944 -0.3826972
vn 0.4540007 0.8910014 0.0000001
vn 0.0598981 0.3779882 -0.9238708
vn 0.1445003 0.9125020 -0.3827007
vn 0.1736962 0.3409926 -0.9238797
vn 0.4193970 0.8231944 -0.3826972
vn 0.0000000 -0.0000001 1.0000000
vn 0.0598981 0.3779879 0.9238709
vn 0.1736962 0.3409924 0.9238798
vn 0.1445003 0.9125019 0.3827009
vn 0.1563990 0.9876940 0.0000001
vn 0.4193970 0.8231943 0.3826974
vn 0.4540007 0.8910014 0.0000001
vn 0.0598981 0.3779879 0.9238709
vn 0.1445003 0.9125019 0.3827009
vn 0.1736962 0.3409924 0.9238798
vn 0.4193970 0.8231943 0.3826974
vn 0.0000000 0.0000001 -1.0000000
vn 0.1736962 0.3409926 -0.9238797
vn 0.2705946 0.2705947 -0.9238815
vn 0.4193970 0.8231944 -0.3826972
vn 0.4540007 0.8910014 0.0000001
vn 0.6532800 0.6532801 -0.3826882
vn 0.7071067 0.7071068 0.0000001
vn 0.1736962 0.3409926 -0.9238797
vn 0.2705946 0.2705947 -0.9238815
vn 0.4193970 0.8231944 -0.3826972
vn 0.6532800 0.6532801 -0.3826882
vn 0.0000000 -0.0000001 1.0000000
vn 0.1736962 0.3409924 0.9238798
vn 0.2705946 0.2705945 0.9238816
vn 0.4193970 0.8231943 0.3826974
vn 0.4540007 0.8910014 0.0000001
vn 0.6532800 0.6532800 0.3826884
vn 0.7071067 0.7071068 0.0000001
vn 0.1736962 0.3409924 0.9238798
vn 0.2705946 0.2705945 0.9238816
vn 0.4193970 0.8231943 0.3826974
vn 0.6532800 0.6532800 0.3826884
vn 0.0000000 0.0000001 -1.0000000
vn 0.2705946 0.2705947 -0.9238815
vn 0.3409925 0.1736963 -0.9238797
vn 0.6532800 0.6532801 -0.3826882
vn 0.7071067 0.7071068 0.0000001
vn 0.8231943 0.4193972 -0.3826973
vn 0.8910013 0.4540008 0.0000001
vn 0.2705946 0.2705947 -0.9238815
vn 0.3409925 0.1736963 -0.9238797
vn 0.6532800 0.6532801 -0.3826882
vn 0.8231943 0.4193972 -0.3826973
vn 0.0000000 -0.0000001 1.0000000
vn 0.2705946 0.2705945 0.9238816
vn 0.3409925 0.1736961 0.9238798
vn 0.6532800 0.6532800 0.3826884
vn 0.7071067 0.7071068 0.0000001
vn 0.8231943 0.4193971 0.3826974
vn 0.8910013 0.4540008 0.0000001
vn 0.2705946 0.2705945 0.9238816
vn 0.3409925 0.1736961 0.9238798
vn 0.6532800 0.6532800 0.3826884
vn 0.8231943 0.4193971 0.3826974
vn 0.0000000 0.0000001 -1.0000000
vn 0.3409925 0.1736963 -0.9238797
vn 0.3779880 0.0598982 -0.9238708
vn 0.8231943 0.4193972 -0.3826973
vn 0.8910013 0.4540008 0.0000001
vn 0.9125019 0.1445004 -0.3827008
vn 0.9876939 0.1563991 0.0000000
vn 0.3409925 0.1736963 -0.9238797
vn 0.3779880 0.0598982 -0.9238708
vn 0.8231943 0.4193972 -0.3826973
vn 0.9125019 0.1445004 -0.3827008
vn 0.0000000 -0.0000001 1.0000000
vn 0.3409925 0.1736961 0.9238798
vn 0.3779880 0.0598980 0.9238708
vn 0.8231943 0.4193971 0.3826974
vn 0.8910013 0.4540008 0.0000001
vn 0.9125019 0.1445003 0.3827009
vn 0.9876939 0.1563991 0.0000000
vn 0.3409925 0.1736961 0.9238798
vn 0.3779880 0.0598980 0.9238708
vn 0.8231943 0.4193971 0.3826974
vn 0.9125019 0.1445003 0.3827009
vn 0.0000000 0.0000001 -1.0000000
vn 0.3779880 -0.0598980 -0.9238708
vn 0.3779880 0.0598982 -0.9238708
vn 0.9125019 -0.1445003 -0.3827009
vn 0.9125019 0.1445004 -0.3827008
vn 0.9876939 -0.1563991 -0.0000000
vn 0.9876939 0.1563991 0.0000000
vn 0.3779880 -0.0598980 -0.9238708
vn 0.3779880 0.0598982 -0.9238708
vn 0.9125019 -0.1445003 -0.3827009
vn 0.9125019 0.1445004 -0.3827008
vn 0.0000000 -0.0000001 1.0000000
vn 0.3779880 -0.0598982 0.9238708
vn 0.3779880 0.0598980 0.9238708
vn 0.9125019 -0.1445004 0.3827008
vn 0.9125019 0.1445003 0.3827009
vn 0.9876939 -0.1563991 -0.0000000
vn 0.9876939 0.1563991 0.0000000
vn 0.3779880 -0.0598982 0.9238708
vn 0.3779880 0.0598980 0.9238708
vn 0.9125019 -0.1445004 0.3827008
vn 0.9125019 0.1445003 0.3827009
vn 0.0000000 0.0000001 -1.0000000
vn 0.3409925 -0.1736961 -0.9238798
vn 0.3779880 -0.0598980 -0.9238708
vn 0.8231943 -0.4193971 -0.3826974
vn 0.8910013 -0.4540008 -0.0000001
vn 0.9125019 -0.1445003 -0.3827009
vn 0.9876939 -0.1563991 -0.0000000
vn 0.3409925 -0.1736961 -0.9238798
vn 0.3779880 -0.0598980 -0.9238708
vn 0.8231943 -0.4193971 -0.3826974
vn 0.9125019 -0.1445003 -0.3827009
vn 0.0000000 -0.0000001 1.0000000
vn 0.3409925 -0.1736963 0.9238797
vn 0.3779880 -0.0598982 0.9238708
vn 0.8231943 -0.4193972 0.3826973
vn 0.8910013 -0.4540008 -0.0000001
vn 0.9125019 -0.1445004 0.3827008
vn 0.9876939 -0.1563991 -0.0000000
vn 0.3409925 -0.1736963 0.9238797
vn 0.3779880 -0.0598982 0.9238708
vn 0.8231943 -0.4193972 0.3826973
vn 0.9125019 -0.1445004 0.3827008
vn 0.0000000 0.0000001 -1.0000000
vn 0.2705946 -0.2705945 -0.9238816
vn 0.3409925 -0.1736961 -0.9238798
vn 0.6532800 -0.6532800 -0.3826884
vn 0.7071067 -0.7071068 -0.0000001
vn 0.8231943 -0.4193971 -0.3826974
vn 0.8910013 -0.4540008 -0.0000001
vn 0.2705946 -0.2705945 -0.9238816
vn 0.3409925 -0.1736961 -0.9238798
vn 0.6532800 -0.6532800 -0.3826884
vn 0.8231943 -0.4193971 -0.3826974
vn 0.0000000 -0.0000001 1.0000000
vn 0.2705946 -0.2705947 0.9238815
vn 0.3409925 -0.1736963 0.9238797
vn 0.6532800 -0.6532801 0.3826882
vn 0.7071067 -0.7071068 -0.0000001
vn 0.8231943 -0.4193972 0.3826973
vn 0.8910013 -0.4540008 -0.0000001
vn 0.2705946 -0.2705947 0.9238815
vn 0.3409925 -0.1736963 0.9238797
vn 0.6532800 -0.6532801 0.3826882
vn 0.8231943 -0.4193972 0.3826973
vn 0.0000000 0.0000001 -1.0000000
vn 0.1736962 -0.3409924 -0.9238798
vn 0.2705946 -0.2705945 -0.9238816
vn 0.4193970 -0.8231943 -0.3826974
vn 0.4540007 -0.8910014 -0.0000001
vn 0.6532800 -0.6532800 -0.3826884
vn 0.7071067 -0.7071068 -0.0000001
vn 0.1736962 -0.3409924 -0.9238798
vn 0.2705946 -0.2705945 -0.9238816
vn 0.4193970 -0.8231943 -0.3826974
vn 0.6532800 -0.6532800 -0.3826884
vn 0.0000000 -0.0000001 1.0000000
vn 0.1736962 -0.3409926 0.9238797
vn 0.2705946 -0.2705947 0.9238815
vn 0.4193970 -0.8231944 0.3826972
vn 0.4540007 -0.8910014 -0.0000001
vn 0.6532800 -0.6532801 0.3826882
vn 0.7071067 -0.7071068 -0.0000001
vn 0.1736962 -0.3409926 0.9238797
vn 0.2705946 -0.2705947 0.9238815
vn 0.4193970 -0.8231944 0.3826972
vn 0.6532800 -0.6532801 0.3826882
vn 0.0000000 0.0000001 -1.0000000
vn 0.0598981 -0.3779879 -0.9238709
vn 0.1736962 -0.3409924 -0.9238798
vn 0.1445003 -0.9125019 -0.3827009
vn 0.1563990 -0.9876940 -0.0000001
vn 0.4193970 -0.8231943 -0.3826974
vn 0.4540007 -0.8910014 -0.0000001
vn 0.0598981 -0.3779879 -0.9238709
vn 0.1445003 -0.9125019 -0.3827009
vn 0.1736962 -0.3409924 -0.9238798
vn 0.4193970 -0.8231943 -0.3826974
vn 0.0000000 -0.0000001 1.0000000
vn 0.0598981 -0.3779882 0.9238708
vn 0.1736962 -0.3409926 0.9238797
vn 0.1445003 -0.9125020 0.3827007
vn 0.1563990 -0.9876940 -0.0000001
vn 0.4193970 -0.8231944 0.3826972
vn 0.4540007 -0.8910014 -0.0000001
vn 0.0598981 -0.3779882 0.9238708
vn 0.1445003 -0.9125020 0.3827007
vn 0.1736962 -0.3409926 0.9238797
vn 0.4193970 -0.8231944 0.3826972
vn 0.0000000 0.0000001 -1.0000000
vn 0.0598981 -0.3779879 -0.9238709
vn -0.0598981 -0.3779879 -0.9238709
vn 0.1445003 -0.9125019 -0.3827009
vn 0.1563990 -0.9876940 -0.0000001
vn -0.1445003 -0.9125019 -0.3827009
vn -0.1563990 -0.9876940 -0.0000001
vn 0.0598981 -0.3779879 -0.9238709
vn 0.1445003 -0.9125019 -0.3827009
vn -0.0598981 -0.3779879 -0.9238709
vn -0.1445003 -0.9125019 -0.3827009
vn 0.0000000 -0.0000001 1.0000000
vn 0.0598981 -0.3779882 0.9238708
vn -0.0598981 -0.3779882 0.9238708
vn 0.1445003 -0.9125020 0.3827007
vn 0.1563990 -0.9876940 -0.0000001
vn -0.1445003 -0.9125020 0.3827007
vn -0.1563990 -0.9876940 -0.0000001
vn 0.0598981 -0.3779882 0.9238708
vn 0.1445003 -0.9125020 0.3827007
vn -0.0598981 -0.3779882 0.9238708
vn -0.1445003 -0.9125020 0.3827007
vn 0.0000000 0.0000001 -1.0000000
vn -0.0598981 -0.3779879 -0.9238709
vn -0.1736962 -0.3409924 -0.9238798
vn -0.1445003 -0.9125019 -0.3827009
vn -0.1563990 -0.9876940 -0.0000001
vn -0.4193970 -0.8231943 -0.3826974
vn -0.4540007 -0.8910014 -0.0000001
vn -0.0598981 -0.3779879 -0.9238709
vn -0.1445003 -0.9125019 -0.3827009
vn -0.1736962 -0.3409924 -0.9238798
vn -0.4193970 -0.8231943 -0.3826974
vn 0.0000000 -0.0000001 1.0000000
vn -0.0598981 -0.3779882 0.9238708
vn -0.1736962 -0.3409926 0.9238797
vn -0.1445003 -0.9125020 0.3827007
vn -0.1563990 -0.9876940 -0.0000001
vn -0.4193970 -0.8231944 0.3826972
vn -0.4540007 -0.8910014 -0.0000001
vn -0.0598981 -0.3779882 0.9238708
vn -0.1445003 -0.9125020 0.3827007
vn -0.1736962 -0.3409926 0.9238797
vn -0.4193970 -0.8231944 0.3826972
vn 0.0000000 0.0000001 -1.0000000
vn -0.1736962 -0.3409924 -0.9238798
vn -0.2705946 -0.2705945 -0.9238816
vn -0.4193970 -0.8231943 -0.3826974
vn -0.4540007 -0.8910014 -0.0000001
vn -0.6532800 -0.6532800 -0.3826884
vn -0.7071067 -0.7071068 -0.0000001
vn -0.1736962 -0.3409924 -0.9238798
vn -0.2705946 -0.2705945 -0.9238816
vn -0.4193970 -0.8231943 -0.3826974
vn -0.6532800 -0.6532800 -0.3826884
vn 0.0000000 -0.0000001 1.0000000
vn -0.1736962 -0.3409926 0.9238797
vn -0.2705946 -0.2705947 0.9238815
vn -0.4193970 -0.8231944 0.3826972
vn -0.4540007 -0.8910014 -0.0000001
vn -0.6532800 -0.6532801 0.3826882
vn -0.7071067 -0.7071068 -0.0000001
vn -0.1736962 -0.3409926 0.9238797
vn -0.2705946 -0.2705947 0.9238815
vn -0.4193970 -0.8231944 0.3826972
vn -0.6532800 -0.6532801 0.3826882
vn 0.0000000 0.0000001 -1.0000000
vn -0.2705946 -0.2705945 -0.9238816
vn -0.3409925 -0.1736961 -0.9238798
vn -0.6532800 -0.6532800 -0.3826884
vn -0.7071067 -0.7071068 -0.0000001
vn -0.8231943 -0.4193971 -0.3826974
vn -0.8910013 -0.4540008 -0.0000001
vn -0.2705946 -0.2705945 -0.9238816
vn -0.3409925 -0.1736961 -0.9238798
vn -0.6532800 -0.6532800 -0.3826884
vn -0.8231943 -0.4193971 -0.3826974
vn 0.0000000 -0.0000001 1.0000000
vn -0.2705946 -0.2705947 0.9238815
vn -0.3409925 -0.1736963 0.9238797
vn -0.6532800 -0.6532801 0.3826882
vn -0.7071067 -0.7071068 -0.0000001
vn -0.8231943 -0.4193972 0.3826973
vn -0.8910013 -0.4540008 -0.0000001
vn -0.2705946 -0.2705947 0.9238815
vn -0.3409925 -0.1736963 0.9238797
vn -0.6532800 -0.6532801 0.3826882
vn -0.8231943 -0.4193972 0.3826973
vn 0.0000000 0.0000001 -1.0000000
vn -0.3409925 -0.1736961 -0.9238798
vn -0.3779880 -0.0598980 -0.9238708
vn -0.8231943 -0.4193971 -0.3826974
vn -0.8910013 -0.4540008 -0.0000001
vn -0.9125019 -0.1445003 -0.3827009
vn -0.9876939 -0.1563991 -0.0000000
vn -0.3409925 -0.1736961 -0.9238798
vn -0.3779880 -0.0598980 -0.9238708
vn -0.8231943 -0.4193971 -0.3826974
vn -0.9125019 -0.1445003 -0.3827009
vn 0.0000000 -0.0000001 1.0000000
vn -0.3409925 -0.1736963 0.9238797
vn -0.3779880 -0.0598982 0.9238708
vn -0.8231943 -0.4193972 0.3826973
vn -0.8910013 -0.4540008 -0.0000001
vn -0.9125019 -0.1445004 0.3827008
vn -0.9876939 -0.1563991 -0.0000000
vn -0.3409925 -0.1736963 0.9238797
vn -0.3779880 -0.0598982 0.9238708
vn -0.8231943 -0.4193972 0.3826973
vn -0.9125019 -0.1445004 0.3827008
vn 0.0000000 0.0000001 -1.0000000
vn -0.3779880 -0.0598980 -0.9238708
vn -0.3779880 0.0598982 -0.9238708
vn -0.9125019 -0.1445003 -0.3827009
vn -0.9125019 0.1445004 -0.3827008
vn -0.9876939 -0.1563991 -0.0000000
vn -0.9876939 0.1563991 0.0000000
vn -0.3779880 -0.0598980 -0.9238708
vn -0.3779880 0.0598982 -0.9238708
vn -0.9125019 -0.1445003 -0.3827009
vn -0.9125019 0.1445004 -0.3827008
vn 0.0000000 -0.0000001 1.0000000
vn -0.3779880 -0.0598982 0.9238708
vn -0.3779880 0.0598980 0.9238708
vn -0.9125019 -0.1445004 0.3827008
vn -0.9125019 0.1445003 0.3827009
vn -0.9876939 -0.1563991 -0.0000000
vn -0.9876939 0.1563991 0.0000000
vn -0.3779880 -0.0598982 0.9238708
vn -0.3779880 0.0598980 0.9238708
vn -0.9125019 -0.1445004 0.3827008
vn -0.9125019 0.1445003 0.3827009
vn 0.0000000 0.0000001 -1.0000000
vn -0.3409925 0.1736963 -0.9238797
vn -0.3779880 0.0598982 -0.9238708
vn -0.8231943 0.4193972 -0.3826973
vn -0.8910013 0.4540008 0.0000001
vn -0.9125019 0.1445004 -0.3827008
vn -0.9876939 0.1563991 0.0000000
vn -0.3409925 0.1736963 -0.9238797
vn -0.3779880 0.0598982 -0.9238708
vn -0.8231943 0.4193972 -0.3826973
vn -0.9125019 0.1445004 -0.3827008
vn 0.0000000 -0.0000001 1.0000000
vn -0.3409925 0.1736961 0.9238798
vn -0.3779880 0.0598980 0.9238708
vn -0.8231943 0.4193971 0.3826974
vn -0.8910013 0.4540008 0.0000001
vn -0.9125019 0.1445003 0.3827009
vn -0.9876939 0.1563991 0.0000000
vn -0.3409925 0.1736961 0.9238798
vn -0.3779880 0.0598980 0.9238708
vn -0.8231943 0.4193971 0.3826974
vn -0.9125019 0.1445003 0.3827009
vn 0.0000000 0.0000001 -1.0000000
vn -0.2705946 0.2705947 -0.9238815
vn -0.3409925 0.1736963 -0.9238797
vn -0.6532800 0.6532801 -0.3826882
vn -0.7071067 0.7071068 0.0000001
vn -0.8231943 0.4193972 -0.3826973
vn -0.8910013 0.4540008 0.0000001
vn -0.2705946 0.2705947 -0.9238815
vn -0.3409925 0.1736963 -0.9238797
vn -0.6532800 0.6532801 -0.3826882
vn -0.8231943 0.4193972 -0.3826973
vn 0.0000000 -0.0000001 1.0000000
vn -0.2705946 0.2705945 0.9238816
vn -0.3409925 0.1736961 0.9238798
vn -0.6532800 0.6532800 0.3826884
vn -0.7071067 0.7071068 0.0000001
vn -0.8231943 0.4193971 0.3826974
vn -0.8910013 0.4540008 0.0000001
vn -0.2705946 0.2705945 0.9238816
vn -0.3409925 0.1736961 0.9238798
vn -0.6532800 0.6532800 0.3826884
vn -0.8231943 0.4193971 0.3826974
vn 0.0000000 0.0000001 -1.0000000
vn -0.1736962 0.3409926 -0.9238797
vn -0.2705946 0.2705947 -0.9238815
vn -0.4193970 0.8231944 -0.3826972
vn -0.4540007 0.8910014 0.0000001
vn -0.6532800 0.6532801 -0.3826882
vn -0.7071067 0.7071068 0.0000001
vn -0.1736962 0.3409926 -0.9238797
vn -0.2705946 0.2705947 -0.9238815
vn -0.4193970 0.8231944 -0.3826972
vn -0.6532800 0.6532801 -0.3826882
vn 0.0000000 -0.0000001 1.0000000
vn -0.1736962 0.3409924 0.9238798
vn -0.2705946 0.2705945 0.9238816
vn -0.4193970 0.8231943 0.3826974
vn -0.4540007 0.8910014 0.0000001
vn -0.6532800 0.6532800 0.3826884
vn -0.7071067 0.7071068 0.0000001
vn -0.1736962 0.3409924 0.9238798
vn -0.2705946 0.2705945 0.9238816
vn -0.4193970 0.8231943 0.3826974
vn -0.6532800 0.6532800 0.3826884
vn 0.0000000 0.0000001 -1.0000000
vn -0.0598981 0.3779882 -0.9238708
vn -0.1736962 0.3409926 -0.9238797
vn -0.1445003 0.9125020 -0.3827007
vn -0.1563990 0.9876940 0.0000001
vn -0.4193970 0.8231944 -0.3826972
vn -0.4540007 0.8910014 0.0000001
vn -0.0598981 0.3779882 -0.9238708
vn -0.1445003 0.9125020 -0.3827007
vn -0.1736962 0.3409926 -0.9238797
vn -0.4193970 0.8231944 -0.3826972
vn 0.0000000 -0.0000001 1.0000000
vn -0.0598981 0.3779879 0.9238709
vn -0.1736962 0.3409924 0.9238798
vn -0.1445003 0.9125019 0.3827009
vn -0.1563990 0.9876940 0.0000001
vn -0.4193970 0.8231943 0.3826974
vn -0.4540007 0.8910014 0.0000001
vn -0.0598981 0.3779879 0.9238709
vn -0.1445003 0.9125019 0.3827009
vn -0.1736962 0.3409924 0.9238798
vn -0.4193970 0.8231943 0.3826974
f 855/855/855 866/866/866 450/450/450
f 855/855/855 450/450/450 439/439/439
f 483/483/483 494/494/494 514/514/514
f 483/483/483 514/514/514 503/503/503
f 505/505/505 516/516/516 536/536/536
f 505/505/505 536/536/536 525/525/525
f 527/527/527 538/538/538 560/560/560
f 527/527/527 560/560/560 549/549/549
f 548/548/548 559/559/559 582/582/582
f 548/548/548 582/582/582 571/571/571
f 569/569/569 580/580/580 604/604/604
f 569/569/569 604/604/604 593/593/593
f 591/591/591 602/602/602 626/626/626
f 591/591/591 626/626/626 615/615/615
f 613/613/613 624/624/624 648/648/648
f 613/613/613 648/648/648 637/637/637
f 635/635/635 646/646/646 668/668/668
f 635/635/635 668/668/668 657/657/657
f 659/659/659 670/670/670 690/690/690
f 659/659/659 690/690/690 679/679/679
f 681/681/681 692/692/692 712/712/712
f 681/681/681 712/712/712 701/701/701
f 703/703/703 714/714/714 734/734/734
f 703/703/703 734/734/734 723/723/723
f 725/725/725 736/736/736 756/756/756
f 725/725/725 756/756/756 745/745/745
f 747/747/747 758/758/758 779/779/779
f 747/747/747 779/779/779 768/768/768
f 769/769/769 780/780/780 802/802/802
f 769/769/769 802/802/802 791/791/791
f 789/789/789 800/800/800 824/824/824
f 789/789/789 824/824/824 813/813/813
f 811/811/811 822/822/822 846/846/846
f 811/811/811 846/846/846 835/835/835
f 833/833/833 844/844/844 868/868/868
f 833/833/833 868/868/868 857/857/857
f 461/461/461 472/472/472 492/492/492
f 461/461/461 492/492/492 481/481/481
f 488/488/488 466/466/466 444/444/444
f 444/444/444 862/862/862 840/840/840
f 840/840/840 818/818/818 796/796/796
f 796/796/796 774/774/774 752/752/752
f 752/752/752 730/730/730 708/708/708
f 708/708/708 686/686/686 664/664/664
f 664/664/664 642/642/642 620/620/620
f 620/620/620 598/598/598 576/576/576
f 576/576/576 554/554/554 532/532/532
f 532/532/532 510/510/510 488/488/488
f 488/488/488 444/444/444 840/840/840
f 840/840/840 796/796/796 752/752/752
f 752/752/752 708/708/708 664/664/664
f 664/664/664 620/620/620 576/576/576
f 576/576/576 532/532/532 488/488/488
f 488/488/488 840/840/840 752/752/752
f 752/752/752 664/664/664 576/576/576
f 752/752/752 576/576/576 488/488/488
f 437/437/437 448/448/448 470/470/470
f 437/437/437 470/470/470 459/459/459
f 436/436/436 458/458/458 463/463/463
f 436/436/436 463/463/463 441/441/441
f 440/440/440 462/462/462 456/456/456
f 440/440/440 456/456/456 434/434/434
f 469/469/469 447/447/447 452/452/452
f 469/469/469 452/452/452 474/474/474
f 473/473/473 451/451/451 445/445/445
f 473/473/473 445/445/445 467/467/467
f 460/460/460 480/480/480 486/486/486
f 460/460/460 486/486/486 465/465/465
f 464/464/464 484/484/484 478/478/478
f 464/464/464 478/478/478 457/457/457
f 491/491/491 471/471/471 476/476/476
f 491/491/491 476/476/476 497/497/497
f 495/495/495 475/475/475 468/468/468
f 495/495/495 468/468/468 489/489/489
f 482/482/482 502/502/502 508/508/508
f 482/482/482 508/508/508 487/487/487
f 485/485/485 506/506/506 500/500/500
f 485/485/485 500/500/500 479/479/479
f 513/513/513 493/493/493 498/498/498
f 513/513/513 498/498/498 519/519/519
f 517/517/517 496/496/496 490/490/490
f 517/517/517 490/490/490 511/511/511
f 504/504/504 524/524/524 530/530/530
f 504/504/504 530/530/530 509/509/509
f 507/507/507 528/528/528 522/522/522
f 507/507/507 522/522/522 501/501/501
f 535/535/535 515/515/515 520/520/520
f 535/535/535 520/520/520 541/541/541
f 539/539/539 518/518/518 512/512/512
f 539/539/539 512/512/512 533/533/533
f 526/526/526 547/547/547 553/553/553
f 526/526/526 553/553/553 531/531/531
f 529/529/529 551/551/551 545/545/545
f 529/529/529 545/545/545 523/523/523
f 558/558/558 537/537/537 542/542/542
f 558/558/558 542/542/542 564/564/564
f 562/562/562 540/540/540 534/534/534
f 562/562/562 534/534/534 556/556/556
f 546/546/546 570/570/570 575/575/575
f 546/546/546 575/575/575 552/552/552
f 550/550/550 573/573/573 567/567/567
f 550/550/550 567/567/567 544/544/544
f 581/581/581 557/557/557 563/563/563
f 581/581/581 563/563/563 586/586/586
f 584/584/584 561/561/561 555/555/555
f 584/584/584 555/555/555 578/578/578
f 568/568/568 592/592/592 597/597/597
f 568/568/568 597/597/597 574/574/574
f 572/572/572 595/595/595 589/589/589
f 572/572/572 589/589/589 566/566/566
f 603/603/603 579/579/579 585/585/585
f 603/603/603 585/585/585 608/608/608
f 606/606/606 583/583/583 577/577/577
f 606/606/606 577/577/577 600/600/600
f 590/590/590 614/614/614 619/619/619
f 590/590/590 619/619/619 596/596/596
f 594/594/594 617/617/617 611/611/611
f 594/594/594 611/611/611 588/588/588
f 625/625/625 601/601/601 607/607/607
f 625/625/625 607/607/607 630/630/630
f 628/628/628 605/605/605 599/599/599
f 628/628/628 599/599/599 622/622/622
f 612/612/612 636/636/636 641/641/641
f 612/612/612 641/641/641 618/618/618
f 616/616/616 640/640/640 633/633/633
f 616/616/616 633/633/633 610/610/610
f 647/647/647 623/623/623 629/629/629
f 647/647/647 629/629/629 652/652/652
f 651/651/651 627/627/627 621/621/621
f 651/651/651 621/621/621 644/644/644
f 634/634/634 656/656/656 661/661/661
f 634/634/634 661/661/661 639/639/639
f 638/638/638 660/660/660 654/654/654
f 638/638/638 654/654/654 632/632/632
f 667/667/667 645/645/645 650/650/650
f 667/667/667 650/650/650 672/672/672
f 671/671/671 649/649/649 643/643/643
f 671/671/671 643/643/643 665/665/665
f 658/658/658 678/678/678 683/683/683
f 658/658/658 683/683/683 663/663/663
f 662/662/662 682/682/682 676/676/676
f 662/662/662 676/676/676 655/655/655
f 689/689/689 669/669/669 674/674/674
f 689/689/689 674/674/674 694/694/694
f 693/693/693 673/673/673 666/666/666
f 693/693/693 666/666/666 687/687/687
f 680/680/680 700/700/700 706/706/706
f 680/680/680 706/706/706 685/685/685
f 684/684/684 704/704/704 698/698/698
f 684/684/684 698/698/698 677/677/677
f 711/711/711 691/691/691 696/696/696
f 711/711/711 696/696/696 717/717/717
f 715/715/715 695/695/695 688/688/688
f 715/715/715 688/688/688 709/709/709
f 702/702/702 722/722/722 728/728/728
f 702/702/702 728/728/728 707/707/707
f 705/705/705 726/726/726 720/720/720
f 705/705/705 720/720/720 699/699/699
f 733/733/733 713/713/713 718/718/718
f 733/733/733 718/718/718 739/739/739
f 737/737/737 716/716/716 710/710/710
f 737/737/737 710/710/710 731/731/731
f 724/724/724 744/744/744 750/750/750
f 724/724/724 750/750/750 729/729/729
f 727/727/727 748/748/748 742/742/742
f 727/727/727 742/742/742 721/721/721
f 755/755/755 735/735/735 740/740/740
f 755/755/755 740/740/740 761/761/761
f 759/759/759 738/738/738 732/732/732
f 759/759/759 732/732/732 753/753/753
f 746/746/746 766/766/766 772/772/772
f 746/746/746 772/772/772 751/751/751
f 749/749/749 770/770/770 764/764/764
f 749/749/749 764/764/764 743/743/743
f 777/777/777 757/757/757 762/762/762
f 777/777/777 762/762/762 783/783/783
f 781/781/781 760/760/760 754/754/754
f 781/781/781 754/754/754 775/775/775
f 767/767/767 790/790/790 795/795/795
f 767/767/767 795/795/795 773/773/773
f 771/771/771 793/793/793 787/787/787
f 771/771/771 787/787/787 765/765/765
f 801/801/801 778/778/778 784/784/784
f 801/801/801 784/784/784 806/806/806
f 804/804/804 782/782/782 776/776/776
f 804/804/804 776/776/776 798/798/798
f 788/788/788 812/812/812 817/817/817
f 788/788/788 817/817/817 794/794/794
f 792/792/792 815/815/815 809/809/809
f 792/792/792 809/809/809 786/786/786
f 823/823/823 799/799/799 805/805/805
f 823/823/823 805/805/805 828/828/828
f 826/826/826 803/803/803 797/797/797
f 826/826/826 797/797/797 820/820/820
f 810/810/810 834/834/834 839/839/839
f 810/810/810 839/839/839 816/816/816
f 814/814/814 837/837/837 831/831/831
f 814/814/814 831/831/831 808/808/808
f 845/845/845 821/821/821 827/827/827
f 845/845/845 827/827/827 850/850/850
f 848/848/848 825/825/825 819/819/819
f 848/848/848 819/819/819 842/842/842
f 832/832/832 856/856/856 861/861/861
f 832/832/832 861/861/861 838/838/838
f 836/836/836 860/860/860 853/853/853
f 836/836/836 853/853/853 830/830/830
f 867/867/867 843/843/843 849/849/849
f 867/867/867 849/849/849 872/872/872
f 871/871/871 847/847/847 841/841/841
f 871/871/871 841/841/841 864/864/864
f 854/854/854 438/438/438 443/443/443
f 854/854/854 443/443/443 859/859/859
f 858/858/858 442/442/442 435/435/435
f 858/858/858 435/435/435 852/852/852
f 449/449/449 865/865/865 870/870/870
f 449/449/449 870/870/870 454/454/454
f 453/453/453 869/869/869 863/863/863
f 453/453/453 863/863/863 446/446/446
f 851/851/851 433/433/433 455/455/455
f 455/455/455 477/477/477 499/499/499
f 499/499/499 521/521/521 543/543/543
f 543/543/543 565/565/565 587/587/587
f 587/587/587 609/609/609 631/631/631
f 631/631/631 653/653/653 675/675/675
f 675/675/675 697/697/697 719/719/719
f 719/719/719 741/741/741 763/763/763
f 763/763/763 785/785/785 807/807/807
f 807/807/807 829/829/829 851/851/851
f 851/851/851 455/455/455 499/499/499
f 499/499/499 543/543/543 587/587/587
f 587/587/587 631/631/631 675/675/675
f 675/675/675 719/719/719 763/763/763
f 763/763/763 807/807/807 851/851/851
f 851/851/851 499/499/499 587/587/587
f 587/587/587 675/675/675 763/763/763
f 587/587/587 763/763/763 851/851/851
o Buffer_tube_0
usemtl Machined_Steel
v -0.0238000 0.0275000 -0.0787000
v -0.0238000 0.0275000 -0.0787000
v -0.0238000 0.0275000 -0.0787000
v -0.0238000 0.0275000 -0.0787000
v -0.0238000 0.0462000 -0.0600000
v -0.0238000 0.0462000 -0.0600000
v -0.0238000 0.0462000 -0.0600000
v -0.0238000 0.0462000 -0.0600000
v -0.0425000 0.0462000 -0.0787000
v -0.0425000 0.0462000 -0.0787000
v -0.0425000 0.0462000 -0.0787000
v -0.0425000 0.0462000 -0.0787000
v -0.0238000 0.0329771 -0.0654771
v -0.0238000 0.0329771 -0.0654771
v -0.0238000 0.0329771 -0.0654771
v -0.0238000 0.0329771 -0.0654771
v -0.0345965 0.0354035 -0.0679035
v -0.0345965 0.0354035 -0.0679035
v -0.0345965 0.0354035 -0.0679035
v -0.0370229 0.0462000 -0.0654771
v -0.0370229 0.0462000 -0.0654771
v -0.0370229 0.0462000 -0.0654771
v -0.0370229 0.0462000 -0.0654771
v -0.0370229 0.0329771 -0.0787000
v -0.0370229 0.0329771 -0.0787000
v -0.0370229 0.0329771 -0.0787000
v -0.0370229 0.0329771 -0.0787000
v -0.0238000 0.0938000 -0.0600000
v -0.0238000 0.0938000 -0.0600000
v -0.0238000 0.0938000 -0.0600000
v -0.0238000 0.0938000 -0.0600000
v -0.0238000 0.1125000 -0.0787000
v -0.0238000 0.1125000 -0.0787000
v -0.0238000 0.1125000 -0.0787000
v -0.0238000 0.1125000 -0.0787000
v -0.0425000 0.0938000 -0.0787000
v -0.0425000 0.0938000 -0.0787000
v -0.0425000 0.0938000 -0.0787000
v -0.0425000 0.0938000 -0.0787000
v -0.0238000 0.1070229 -0.0654771
v -0.0238000 0.1070229 -0.0654771
v -0.0238000 0.1070229 -0.0654771
v -0.0238000 0.1070229 -0.0654771
v -0.0345965 0.1045965 -0.0679035
v -0.0345965 0.1045965 -0.0679035
v -0.0345965 0.1045965 -0.0679035
v -0.0370229 0.1070229 -0.0787000
v -0.0370229 0.1070229 -0.0787000
v -0.0370229 0.1070229 -0.0787000
v -0.0370229 0.1070229 -0.0787000
v -0.0370229 0.0938000 -0.0654771
v -0.0370229 0.0938000 -0.0654771
v -0.0370229 0.0938000 -0.0654771
v -0.0370229 0.0938000 -0.0654771
v -0.0238000 0.0275000 -0.4613000
v -0.0238000 0.0275000 -0.4613000
v -0.0238000 0.0275000 -0.4613000
v -0.0238000 0.0275000 -0.4613000
v -0.0425000 0.0462000 -0.4613000
v -0.0425000 0.0462000 -0.4613000
v -0.0425000 0.0462000 -0.4613000
v -0.0425000 0.0462000 -0.4613000
v -0.0238000 0.0462000 -0.4800000
v -0.0238000 0.0462000 -0.4800000
v -0.0238000 0.0462000 -0.4800000
v -0.0238000 0.0462000 -0.4800000
v -0.0370229 0.0329771 -0.4613000
v -0.0370229 0.0329771 -0.4613000
v -0.0370229 0.0329771 -0.4613000
v -0.0370229 0.0329771 -0.4613000
v -0.0345965 0.0354035 -0.4720965
v -0.0345965 0.0354035 -0.4720965
v -0.0345965 0.0354035 -0.4720965
v -0.0370229 0.0462000 -0.4745229
v -0.0370229 0.0462000 -0.4745229
v -0.0370229 0.0462000 -0.4745229
v -0.0370229 0.0462000 -0.4745229
v -0.0238000 0.0329771 -0.4745229
v -0.0238000 0.0329771 -0.4745229
v -0.0238000 0.0329771 -0.4745229
v -0.0238000 0.0329771 -0.4745229
v -0.0238000 0.1125000 -0.4613000
v -0.0238000 0.1125000 -0.4613000
v -0.0238000 0.1125000 -0.4613000
v -0.0238000 0.1125000 -0.4613000
v -0.0238000 0.0938000 -0.4800000
v -0.0238000 0.0938000 -0.4800000
v -0.0238000 0.0938000 -0.4800000
v -0.0238000 0.0938000 -0.4800000
v -0.0425000 0.0938000 -0.4613000
v -0.0425000 0.0938000 -0.4613000
v -0.0425000 0.0938000 -0.4613000
v -0.0425000 0.0938000 -0.4613000
v -0.0238000 0.1070229 -0.4745229
v -0.0238000 0.1070229 -0.4745229
v -0.0238000 0.1070229 -0.4745229
v -0.0238000 0.1070229 -0.4745229
v -0.0345965 0.1045965 -0.4720965
v -0.0345965 0.1045965 -0.4720965
v -0.0345965 0.1045965 -0.4720965
v -0.0370229 0.0938000 -0.4745229
v -0.0370229 0.0938000 -0.4745229
v -0.0370229 0.0938000 -0.4745229
v -0.0370229 0.0938000 -0.4745229
v -0.0370229 0.1070229 -0.4613000
v -0.0370229 0.1070229 -0.4613000
v -0.0370229 0.1070229 -0.4613000
v -0.0370229 0.1070229 -0.4613000
v 0.0238000 0.0275000 -0.0787000
v 0.0238000 0.0275000 -0.0787000
v 0.0238000 0.0275000 -0.0787000
v 0.0238000 0.0275000 -0.0787000
v 0.0425000 0.0462000 -0.0787000
v 0.0425000 0.0462000 -0.0787000
v 0.0425000 0.0462000 -0.0787000
v 0.0425000 0.0462000 -0.0787000
v 0.0238000 0.0462000 -0.0600000
v 0.0238000 0.0462000 -0.0600000
v 0.0238000 0.0462000 -0.0600000
v 0.0238000 0.0462000 -0.0600000
v 0.0370229 0.0329771 -0.0787000
v 0.0370229 0.0329771 -0.0787000
v 0.0370229 0.0329771 -0.0787000
v 0.0370229 0.0329771 -0.0787000
v 0.0345965 0.0354035 -0.0679035
v 0.0345965 0.0354035 -0.0679035
v 0.0345965 0.0354035 -0.0679035
v 0.0370229 0.0462000 -0.0654771
v 0.0370229 0.0462000 -0.0654771
v 0.0370229 0.0462000 -0.0654771
v 0.0370229 0.0462000 -0.0654771
v 0.0238000 0.0329771 -0.0654771
v 0.0238000 0.0329771 -0.0654771
v 0.0238000 0.0329771 -0.0654771
v 0.0238000 0.0329771 -0.0654771
v 0.0238000 0.1125000 -0.0787000
v 0.0238000 0.1125000 -0.0787000
v 0.0238000 0.1125000 -0.0787000
v 0.0238000 0.1125000 -0.0787000
v 0.0238000 0.0938000 -0.0600000
v 0.0238000 0.0938000 -0.0600000
v 0.0238000 0.0938000 -0.0600000
v 0.0238000 0.0938000 -0.0600000
v 0.0425000 0.0938000 -0.0787000
v 0.0425000 0.0938000 -0.0787000
v 0.0425000 0.0938000 -0.0787000
v 0.0425000 0.0938000 -0.0787000
v 0.0238000 0.1070229 -0.0654771
v 0.0238000 0.1070229 -0.0654771
v 0.0238000 0.1070229 -0.0654771
v 0.0238000 0.1070229 -0.0654771
v 0.0345965 0.1045965 -0.0679035
v 0.0345965 0.1045965 -0.0679035
v 0.0345965 0.1045965 -0.0679035
v 0.0370229 0.0938000 -0.0654771
v 0.0370229 0.0938000 -0.0654771
v 0.0370229 0.0938000 -0.0654771
v 0.0370229 0.0938000 -0.0654771
v 0.0370229 0.1070229 -0.0787000
v 0.0370229 0.1070229 -0.0787000
v 0.0370229 0.1070229 -0.0787000
v 0.0370229 0.1070229 -0.0787000
v 0.0238000 0.0275000 -0.4613000
v 0.0238000 0.0275000 -0.4613000
v 0.0238000 0.0275000 -0.4613000
v 0.0238000 0.0275000 -0.4613000
v 0.0238000 0.0462000 -0.4800000
v 0.0238000 0.0462000 -0.4800000
v 0.0238000 0.0462000 -0.4800000
v 0.0238000 0.0462000 -0.4800000
v 0.0425000 0.0462000 -0.4613000
v 0.0425000 0.0462000 -0.4613000
v 0.0425000 0.0462000 -0.4613000
v 0.0425000 0.0462000 -0.4613000
v 0.0238000 0.0329771 -0.4745229
v 0.0238000 0.0329771 -0.4745229
v 0.0238000 0.0329771 -0.4745229
v 0.0238000 0.0329771 -0.4745229
v 0.0345965 0.0354035 -0.4720965
v 0.0345965 0.0354035 -0.4720965
v 0.0345965 0.0354035 -0.4720965
v 0.0370229 0.0462000 -0.4745229
v 0.0370229 0.0462000 -0.4745229
v 0.0370229 0.0462000 -0.4745229
v 0.0370229 0.0462000 -0.4745229
v 0.0370229 0.0329771 -0.4613000
v 0.0370229 0.0329771 -0.4613000
v 0.0370229 0.0329771 -0.4613000
v 0.0370229 0.0329771 -0.4613000
v 0.0238000 0.1125000 -0.4613000
v 0.0238000 0.1125000 -0.4613000
v 0.0238000 0.1125000 -0.4613000
v 0.0238000 0.1125000 -0.4613000
v 0.0425000 0.0938000 -0.4613000
v 0.0425000 0.0938000 -0.4613000
v 0.0425000 0.0938000 -0.4613000
v 0.0425000 0.0938000 -0.4613000
v 0.0238000 0.0938000 -0.4800000
v 0.0238000 0.0938000 -0.4800000
v 0.0238000 0.0938000 -0.4800000
v 0.0238000 0.0938000 -0.4800000
v 0.0370229 0.1070229 -0.4613000
v 0.0370229 0.1070229 -0.4613000
v 0.0370229 0.1070229 -0.4613000
v 0.0370229 0.1070229 -0.4613000
v 0.0345965 0.1045965 -0.4720965
v 0.0345965 0.1045965 -0.4720965
v 0.0345965 0.1045965 -0.4720965
v 0.0370229 0.0938000 -0.4745229
v 0.0370229 0.0938000 -0.4745229
v 0.0370229 0.0938000 -0.4745229
v 0.0370229 0.0938000 -0.4745229
v 0.0238000 0.1070229 -0.4745229
v 0.0238000 0.1070229 -0.4745229
v 0.0238000 0.1070229 -0.4745229
v 0.0238000 0.1070229 -0.4745229
vt 0.1800000 0.2611310
vt 0.1800000 0.2611310
vt 0.1800000 0.2611310
vt 0.1800000 0.2611310
vt 0.4300000 0.0550000
vt 0.4300000 0.0550000
vt 0.4300000 0.0550000
vt 0.4300000 0.0550000
vt 0.4299999 0.9888691
vt 0.4299999 0.9888691
vt 0.4299999 0.9888691
vt 0.4299999 0.9888691
vt 0.3750000 0.0550000
vt 0.1800000 0.2500000
vt 0.3750000 0.0550000
vt 0.1800000 0.2500000
vt 0.3982458 0.0000000
vt 0.1482457 0.2500000
vt 0.3750000 0.9952955
vt 0.4300000 0.0000000
vt 0.4300000 0.0000000
vt 0.4300000 1.0000000
vt 0.4300000 1.0000000
vt 0.1250000 0.2611309
vt 0.1250000 0.2611309
vt 0.3750000 0.9888691
vt 0.3750000 0.9888691
vt 0.5700000 0.0550000
vt 0.5700000 0.0550000
vt 0.5700000 0.0550000
vt 0.5700000 0.0550000
vt 0.8200000 0.2611310
vt 0.8200000 0.2611310
vt 0.8200000 0.2611310
vt 0.8200000 0.2611310
vt 0.5700000 0.9888691
vt 0.5700000 0.9888691
vt 0.5700000 0.9888691
vt 0.5700000 0.9888691
vt 0.6250000 0.0550000
vt 0.8200001 0.2500000
vt 0.6250000 0.0550000
vt 0.8200001 0.2500000
vt 0.6250000 0.0232458
vt 0.8750000 0.2547045
vt 0.6017542 1.0000000
vt 0.8750000 0.2611309
vt 0.8750000 0.2611309
vt 0.6250000 0.9888691
vt 0.6250000 0.9888691
vt 0.5700000 0.0000000
vt 0.5700000 0.0000000
vt 0.5700000 1.0000000
vt 0.5700000 1.0000000
vt 0.1800000 0.4888691
vt 0.1800000 0.4888691
vt 0.1800000 0.4888691
vt 0.1800000 0.4888691
vt 0.4300000 0.7611309
vt 0.4300000 0.7611309
vt 0.4300000 0.7611309
vt 0.4300000 0.7611309
vt 0.4300000 0.6950000
vt 0.4300000 0.6950000
vt 0.4300000 0.6950000
vt 0.4300000 0.6950000
vt 0.1250000 0.4888691
vt 0.1250000 0.4888691
vt 0.3750000 0.7611309
vt 0.3750000 0.7611309
vt 0.3750000 0.7267542
vt 0.1250000 0.4952955
vt 0.3982458 0.7500000
vt 0.4300000 0.7500000
vt 0.4300000 0.7500000
vt 0.4300000 0.7500000
vt 0.4300000 0.7500000
vt 0.3750000 0.6950000
vt 0.1800000 0.5000000
vt 0.3750000 0.6950000
vt 0.1800000 0.5000000
vt 0.8200000 0.4888690
vt 0.8200000 0.4888690
vt 0.8200000 0.4888690
vt 0.8200000 0.4888690
vt 0.5700000 0.6950000
vt 0.5700000 0.6950000
vt 0.5700000 0.6950000
vt 0.5700000 0.6950000
vt 0.5700001 0.7611309
vt 0.5700001 0.7611309
vt 0.5700001 0.7611309
vt 0.5700001 0.7611309
vt 0.6250000 0.6950000
vt 0.8200000 0.5000000
vt 0.6250000 0.6950000
vt 0.8200000 0.5000000
vt 0.6017542 0.7500000
vt 0.8517542 0.5000000
vt 0.6250000 0.7547045
vt 0.5700000 0.7500000
vt 0.5700000 0.7500000
vt 0.5700000 0.7500000
vt 0.5700000 0.7500000
vt 0.8750000 0.4888691
vt 0.8750000 0.4888691
vt 0.6250000 0.7611309
vt 0.6250000 0.7611309
vt 0.3200000 0.2611310
vt 0.3200000 0.2611310
vt 0.3200000 0.2611310
vt 0.3200000 0.2611310
vt 0.4300000 0.2611310
vt 0.4300000 0.2611310
vt 0.4300000 0.2611310
vt 0.4300000 0.2611310
vt 0.4300000 0.1950000
vt 0.4300000 0.1950000
vt 0.4300000 0.1950000
vt 0.4300000 0.1950000
vt 0.3750000 0.2611309
vt 0.3750000 0.2611309
vt 0.3750000 0.2611309
vt 0.3750000 0.2611309
vt 0.3827486 0.2438195
vt 0.3827486 0.2438195
vt 0.3827486 0.2438195
vt 0.4300000 0.2500000
vt 0.4300000 0.2500000
vt 0.4300000 0.2500000
vt 0.4300000 0.2500000
vt 0.3750000 0.1950000
vt 0.3200000 0.2500000
vt 0.3750000 0.1950000
vt 0.3200000 0.2500000
vt 0.6800000 0.2611310
vt 0.6800000 0.2611310
vt 0.6800000 0.2611310
vt 0.6800000 0.2611310
vt 0.5700000 0.1950001
vt 0.5700000 0.1950001
vt 0.5700000 0.1950001
vt 0.5700000 0.1950001
vt 0.5700001 0.2611310
vt 0.5700001 0.2611310
vt 0.5700001 0.2611310
vt 0.5700001 0.2611310
vt 0.6250000 0.1950000
vt 0.6799999 0.2500000
vt 0.6250000 0.1950000
vt 0.6799999 0.2500000
vt 0.6250000 0.2515681
vt 0.6250000 0.2515681
vt 0.6250000 0.2515681
vt 0.5700000 0.2500000
vt 0.5700000 0.2500000
vt 0.5700000 0.2500000
vt 0.5700000 0.2500000
vt 0.6250000 0.2611309
vt 0.6250000 0.2611309
vt 0.6250000 0.2611309
vt 0.6250000 0.2611309
vt 0.3200000 0.4888690
vt 0.3200000 0.4888690
vt 0.3200000 0.4888690
vt 0.3200000 0.4888690
vt 0.4300000 0.5550000
vt 0.4300000 0.5550000
vt 0.4300000 0.5550000
vt 0.4300000 0.5550000
vt 0.4299999 0.4888691
vt 0.4299999 0.4888691
vt 0.4299999 0.4888691
vt 0.4299999 0.4888691
vt 0.3750000 0.5550000
vt 0.3200000 0.5000000
vt 0.3750000 0.5550000
vt 0.3200000 0.5000000
vt 0.3750000 0.4984318
vt 0.3750000 0.4984318
vt 0.3750000 0.4984318
vt 0.4300000 0.5000000
vt 0.4300000 0.5000000
vt 0.4300000 0.5000000
vt 0.4300000 0.5000000
vt 0.3750000 0.4888691
vt 0.3750000 0.4888691
vt 0.3750000 0.4888691
vt 0.3750000 0.4888691
vt 0.6799999 0.4888691
vt 0.6799999 0.4888691
vt 0.6799999 0.4888691
vt 0.6799999 0.4888691
vt 0.5700000 0.4888690
vt 0.5700000 0.4888690
vt 0.5700000 0.4888690
vt 0.5700000 0.4888690
vt 0.5700000 0.5550000
vt 0.5700000 0.5550000
vt 0.5700000 0.5550000
vt 0.5700000 0.5550000
vt 0.6250000 0.4888691
vt 0.6250000 0.4888691
vt 0.6250000 0.4888691
vt 0.6250000 0.4888691
vt 0.6172514 0.5061804
vt 0.6172514 0.5061804
vt 0.6172514 0.5061804
vt 0.5700000 0.5000000
vt 0.5700000 0.5000000
vt 0.5700000 0.5000000
vt 0.5700000 0.5000000
vt 0.6250000 0.5550000
vt 0.6800000 0.5000000
vt 0.6250000 0.5550000
vt 0.6800000 0.5000000
vn 0.0000000 -0.9238767 0.3826903
vn 0.0000000 -1.0000000 0.0000000
vn -0.3250835 -0.8880549 0.3250835
vn -0.3826903 -0.9238767 0.0000000
vn 0.0000000 0.0000000 1.0000000
vn 0.0000000 -0.3826903 0.9238767
vn -0.3250835 -0.3250835 0.8880549
vn -0.3826903 0.0000000 0.9238767
vn -0.8880549 -0.3250835 0.3250835
vn -0.9238767 0.0000000 0.3826903
vn -0.9238767 -0.3826903 0.0000000
vn -1.0000000 0.0000000 0.0000000
vn 0.0000000 -0.3826903 0.9238767
vn 0.0000000 -0.9238767 0.3826903
vn -0.3250835 -0.3250835 0.8880549
vn -0.3250835 -0.8880549 0.3250835
vn -0.3250835 -0.3250835 0.8880549
vn -0.3250835 -0.8880549 0.3250835
vn -0.8880549 -0.3250835 0.3250835
vn -0.3250835 -0.3250835 0.8880549
vn -0.3826903 0.0000000 0.9238767
vn -0.8880549 -0.3250835 0.3250835
vn -0.9238767 0.0000000 0.3826903
vn -0.3250835 -0.8880549 0.3250835
vn -0.3826903 -0.9238767 0.0000000
vn -0.8880549 -0.3250835 0.3250835
vn -0.9238767 -0.3826903 0.0000000
vn 0.0000000 0.0000000 1.0000000
vn 0.0000000 0.3826903 0.9238767
vn -0.3250835 0.3250835 0.8880549
vn -0.3826903 0.0000000 0.9238767
vn 0.0000000 0.9238767 0.3826903
vn 0.0000000 1.0000000 0.0000000
vn -0.3250835 0.8880549 0.3250835
vn -0.3826903 0.9238767 0.0000000
vn -0.8880549 0.3250835 0.3250835
vn -0.9238767 0.0000000 0.3826903
vn -0.9238767 0.3826903 0.0000000
vn -1.0000000 0.0000000 0.0000000
vn 0.0000000 0.3826903 0.9238767
vn 0.0000000 0.9238767 0.3826903
vn -0.3250835 0.3250835 0.8880549
vn -0.3250835 0.8880549 0.3250835
vn -0.3250835 0.3250835 0.8880549
vn -0.3250835 0.8880549 0.3250835
vn -0.8880549 0.3250835 0.3250835
vn -0.3250835 0.8880549 0.3250835
vn -0.3826903 0.9238767 0.0000000
vn -0.8880549 0.3250835 0.3250835
vn -0.9238767 0.3826903 0.0000000
vn -0.3250835 0.3250835 0.8880549
vn -0.3826903 0.0000000 0.9238767
vn -0.8880549 0.3250835 0.3250835
vn -0.9238767 0.0000000 0.3826903
vn 0.0000000 -0.9238767 -0.3826903
vn 0.0000000 -1.0000000 0.0000000
vn -0.3250835 -0.8880549 -0.3250835
vn -0.3826903 -0.9238767 0.0000000
vn -0.8880549 -0.3250835 -0.3250835
vn -0.9238767 0.0000000 -0.3826903
vn -0.9238767 -0.3826903 0.0000000
vn -1.0000000 0.0000000 0.0000000
vn 0.0000000 0.0000000 -1.0000000
vn 0.0000000 -0.3826903 -0.9238767
vn -0.3250835 -0.3250835 -0.8880549
vn -0.3826903 0.0000000 -0.9238767
vn -0.3250835 -0.8880549 -0.3250835
vn -0.3826903 -0.9238767 0.0000000
vn -0.8880549 -0.3250835 -0.3250835
vn -0.9238767 -0.3826903 0.0000000
vn -0.3250835 -0.3250835 -0.8880549
vn -0.3250835 -0.8880549 -0.3250835
vn -0.8880549 -0.3250835 -0.3250835
vn -0.3250835 -0.3250835 -0.8880549
vn -0.3826903 0.0000000 -0.9238767
vn -0.8880549 -0.3250835 -0.3250835
vn -0.9238767 0.0000000 -0.3826903
vn 0.0000000 -0.3826903 -0.9238767
vn 0.0000000 -0.9238767 -0.3826903
vn -0.3250835 -0.3250835 -0.8880549
vn -0.3250835 -0.8880549 -0.3250835
vn 0.0000000 0.9238767 -0.3826903
vn 0.0000000 1.0000000 0.0000000
vn -0.3250835 0.8880549 -0.3250835
vn -0.3826903 0.9238767 0.0000000
vn 0.0000000 0.0000000 -1.0000000
vn 0.0000000 0.3826903 -0.9238767
vn -0.3250835 0.3250835 -0.8880549
vn -0.3826903 0.0000000 -0.9238767
vn -0.8880549 0.3250835 -0.3250835
vn -0.9238767 0.0000000 -0.3826903
vn -0.9238767 0.3826903 0.0000000
vn -1.0000000 0.0000000 0.0000000
vn 0.0000000 0.3826903 -0.9238767
vn 0.0000000 0.9238767 -0.3826903
vn -0.3250835 0.3250835 -0.8880549
vn -0.3250835 0.8880549 -0.3250835
vn -0.3250835 0.3250835 -0.8880549
vn -0.3250835 0.8880549 -0.3250835
vn -0.8880549 0.3250835 -0.3250835
vn -0.3250835 0.3250835 -0.8880549
vn -0.3826903 0.0000000 -0.9238767
vn -0.8880549 0.3250835 -0.3250835
vn -0.9238767 0.0000000 -0.3826903
vn -0.3250835 0.8880549 -0.3250835
vn -0.3826903 0.9238767 0.0000000
vn -0.8880549 0.3250835 -0.3250835
vn -0.9238767 0.3826903 0.0000000
vn 0.0000000 -0.9238767 0.3826903
vn 0.0000000 -1.0000000 0.0000000
vn 0.3250835 -0.8880549 0.3250835
vn 0.3826903 -0.9238767 0.0000000
vn 0.8880549 -0.3250835 0.3250835
vn 0.9238767 0.0000000 0.3826903
vn 0.9238767 -0.3826903 0.0000000
vn 1.0000000 0.0000000 0.0000000
vn 0.0000000 0.0000000 1.0000000
vn 0.0000000 -0.3826903 0.9238767
vn 0.3250835 -0.3250835 0.8880549
vn 0.3826903 0.0000000 0.9238767
vn 0.3250835 -0.8880549 0.3250835
vn 0.3826903 -0.9238767 0.0000000
vn 0.8880549 -0.3250835 0.3250835
vn 0.9238767 -0.3826903 0.0000000
vn 0.3250835 -0.3250835 0.8880549
vn 0.3250835 -0.8880549 0.3250835
vn 0.8880549 -0.3250835 0.3250835
vn 0.3250835 -0.3250835 0.8880549
vn 0.3826903 0.0000000 0.9238767
vn 0.8880549 -0.3250835 0.3250835
vn 0.9238767 0.0000000 0.3826903
vn 0.0000000 -0.3826903 0.9238767
vn 0.0000000 -0.9238767 0.3826903
vn 0.3250835 -0.3250835 0.8880549
vn 0.3250835 -0.8880549 0.3250835
vn 0.0000000 0.9238767 0.3826903
vn 0.0000000 1.0000000 0.0000000
vn 0.3250835 0.8880549 0.3250835
vn 0.3826903 0.9238767 0.0000000
vn 0.0000000 0.0000000 1.0000000
vn 0.0000000 0.3826903 0.9238767
vn 0.3250835 0.3250835 0.8880549
vn 0.3826903 0.0000000 0.9238767
vn 0.8880549 0.3250835 0.3250835
vn 0.9238767 0.0000000 0.3826903
vn 0.9238767 0.3826903 0.0000000
vn 1.0000000 0.0000000 0.0000000
vn 0.0000000 0.3826903 0.9238767
vn 0.0000000 0.9238767 0.3826903
vn 0.3250835 0.3250835 0.8880549
vn 0.3250835 0.8880549 0.3250835
vn 0.3250835 0.3250835 0.8880549
vn 0.3250835 0.8880549 0.3250835
vn 0.8880549 0.3250835 0.3250835
vn 0.3250835 0.3250835 0.8880549
vn 0.3826903 0.0000000 0.9238767
vn 0.8880549 0.3250835 0.3250835
vn 0.9238767 0.0000000 0.3826903
vn 0.3250835 0.8880549 0.3250835
vn 0.3826903 0.9238767 0.0000000
vn 0.8880549 0.3250835 0.3250835
vn 0.9238767 0.3826903 0.0000000
vn 0.0000000 -0.9238767 -0.3826903
vn 0.0000000 -1.0000000 0.0000000
vn 0.3250835 -0.8880549 -0.3250835
vn 0.3826903 -0.9238767 0.0000000
vn 0.0000000 0.0000000 -1.0000000
vn 0.0000000 -0.3826903 -0.9238767
vn 0.3250835 -0.3250835 -0.8880549
vn 0.3826903 0.0000000 -0.9238767
vn 0.8880549 -0.3250835 -0.3250835
vn 0.9238767 0.0000000 -0.3826903
vn 0.9238767 -0.3826903 0.0000000
vn 1.0000000 0.0000000 0.0000000
vn 0.0000000 -0.3826903 -0.9238767
vn 0.0000000 -0.9238767 -0.3826903
vn 0.3250835 -0.3250835 -0.8880549
vn 0.3250835 -0.8880549 -0.3250835
vn 0.3250835 -0.3250835 -0.8880549
vn 0.3250835 -0.8880549 -0.3250835
vn 0.8880549 -0.3250835 -0.3250835
vn 0.3250835 -0.3250835 -0.8880549
vn 0.3826903 0.0000000 -0.9238767
vn 0.8880549 -0.3250835 -0.3250835
vn 0.9238767 0.0000000 -0.3826903
vn 0.3250835 -0.8880549 -0.3250835
vn 0.3826903 -0.9238767 0.0000000
vn 0.8880549 -0.3250835 -0.3250835
vn 0.9238767 -0.3826903 0.0000000
vn 0.0000000 0.9238767 -0.3826903
vn 0.0000000 1.0000000 0.0000000
vn 0.3250835 0.8880549 -0.3250835
vn 0.3826903 0.9238767 0.0000000
vn 0.8880549 0.3250835 -0.3250835
vn 0.9238767 0.0000000 -0.3826903
vn 0.9238767 0.3826903 0.0000000
vn 1.0000000 0.0000000 0.0000000
vn 0.0000000 0.0000000 -1.0000000
vn 0.0000000 0.3826903 -0.9238767
vn 0.3250835 0.3250835 -0.8880549
vn 0.3826903 0.0000000 -0.9238767
vn 0.3250835 0.8880549 -0.3250835
vn 0.3826903 0.9238767 0.0000000
vn 0.8880549 0.3250835 -0.3250835
vn 0.9238767 0.3826903 0.0000000
vn 0.3250835 0.3250835 -0.8880549
vn 0.3250835 0.8880549 -0.3250835
vn 0.8880549 0.3250835 -0.3250835
vn 0.3250835 0.3250835 -0.8880549
vn 0.3826903 0.0000000 -0.9238767
vn 0.8880549 0.3250835 -0.3250835
vn 0.9238767 0.0000000 -0.3826903
vn 0.0000000 0.3826903 -0.9238767
vn 0.0000000 0.9238767 -0.3826903
vn 0.3250835 0.3250835 -0.8880549
vn 0.3250835 0.8880549 -0.3250835
f 989/989/989 1012/1012/1012 900/900/900
f 989/989/989 900/900/900 877/877/877
f 1046/1046/1046 1069/1069/1069 1019/1019/1019
f 1046/1046/1046 1019/1019/1019 988/988/988
f 1063/1063/1063 955/955/955 905/905/905
f 1063/1063/1063 905/905/905 1009/1009/1009
f 884/884/884 911/911/911 965/965/965
f 884/884/884 965/965/965 934/934/934
f 935/935/935 958/958/958 1070/1070/1070
f 935/935/935 1070/1070/1070 1039/1039/1039
f 875/875/875 888/888/888 890/890/890
f 875/875/875 890/890/890 896/896/896
f 879/879/879 892/892/892 889/889/889
f 879/879/879 889/889/889 887/887/887
f 881/881/881 898/898/898 891/891/891
f 881/881/881 891/891/891 894/894/894
f 902/902/902 914/914/914 916/916/916
f 902/902/902 916/916/916 923/923/923
f 906/906/906 919/919/919 917/917/917
f 906/906/906 917/917/917 915/915/915
f 908/908/908 925/925/925 918/918/918
f 908/908/908 918/918/918 921/921/921
f 929/929/929 939/939/939 944/944/944
f 929/929/929 944/944/944 953/953/953
f 931/931/931 948/948/948 945/945/945
f 931/931/931 945/945/945 941/941/941
f 937/937/937 952/952/952 943/943/943
f 937/937/937 943/943/943 946/946/946
f 956/956/956 969/969/969 971/971/971
f 956/956/956 971/971/971 977/977/977
f 960/960/960 973/973/973 970/970/970
f 960/960/960 970/970/970 968/968/968
f 962/962/962 979/979/979 972/972/972
f 962/962/962 972/972/972 975/975/975
f 983/983/983 993/993/993 998/998/998
f 983/983/983 998/998/998 1007/1007/1007
f 985/985/985 1002/1002/1002 999/999/999
f 985/985/985 999/999/999 995/995/995
f 991/991/991 1006/1006/1006 997/997/997
f 991/991/991 997/997/997 1000/1000/1000
f 1010/1010/1010 1023/1023/1023 1025/1025/1025
f 1010/1010/1010 1025/1025/1025 1031/1031/1031
f 1014/1014/1014 1027/1027/1027 1024/1024/1024
f 1014/1014/1014 1024/1024/1024 1022/1022/1022
f 1016/1016/1016 1033/1033/1033 1026/1026/1026
f 1016/1016/1016 1026/1026/1026 1029/1029/1029
f 1037/1037/1037 1050/1050/1050 1052/1052/1052
f 1037/1037/1037 1052/1052/1052 1058/1058/1058
f 1041/1041/1041 1054/1054/1054 1051/1051/1051
f 1041/1041/1041 1051/1051/1051 1049/1049/1049
f 1043/1043/1043 1060/1060/1060 1053/1053/1053
f 1043/1043/1043 1053/1053/1053 1056/1056/1056
f 1064/1064/1064 1074/1074/1074 1079/1079/1079
f 1064/1064/1064 1079/1079/1079 1088/1088/1088
f 1066/1066/1066 1083/1083/1083 1080/1080/1080
f 1066/1066/1066 1080/1080/1080 1076/1076/1076
f 1072/1072/1072 1087/1087/1087 1078/1078/1078
f 1072/1072/1072 1078/1078/1078 1081/1081/1081
f 930/930/930 876/876/876 897/897/897
f 930/930/930 897/897/897 940/940/940
f 942/942/942 899/899/899 883/883/883
f 942/942/942 883/883/883 933/933/933
f 880/880/880 903/903/903 924/924/924
f 880/880/880 924/924/924 893/893/893
f 895/895/895 926/926/926 909/909/909
f 895/895/895 909/909/909 882/882/882
f 907/907/907 957/957/957 978/978/978
f 907/907/907 978/978/978 920/920/920
f 922/922/922 980/980/980 964/964/964
f 922/922/922 964/964/964 910/910/910
f 961/961/961 938/938/938 947/947/947
f 961/961/961 947/947/947 974/974/974
f 976/976/976 949/949/949 932/932/932
f 976/976/976 932/932/932 963/963/963
f 1035/1035/1035 927/927/927 951/951/951
f 1035/1035/1035 951/951/951 1048/1048/1048
f 1047/1047/1047 950/950/950 936/936/936
f 1047/1047/1047 936/936/936 1040/1040/1040
f 954/954/954 1062/1062/1062 1086/1086/1086
f 954/954/954 1086/1086/1086 967/967/967
f 966/966/966 1085/1085/1085 1071/1071/1071
f 966/966/966 1071/1071/1071 959/959/959
f 1067/1067/1067 1044/1044/1044 1057/1057/1057
f 1067/1067/1067 1057/1057/1057 1084/1084/1084
f 1082/1082/1082 1055/1055/1055 1042/1042/1042
f 1082/1082/1082 1042/1042/1042 1073/1073/1073
f 984/984/984 1038/1038/1038 1059/1059/1059
f 984/984/984 1059/1059/1059 994/994/994
f 996/996/996 1061/1061/1061 1045/1045/1045
f 996/996/996 1045/1045/1045 987/987/987
f 1065/1065/1065 1011/1011/1011 1032/1032/1032
f 1065/1065/1065 1032/1032/1032 1075/1075/1075
f 1077/1077/1077 1034/1034/1034 1018/1018/1018
f 1077/1077/1077 1018/1018/1018 1068/1068/1068
f 1015/1015/1015 992/992/992 1001/1001/1001
f 1015/1015/1015 1001/1001/1001 1028/1028/1028
f 1030/1030/1030 1003/1003/1003 986/986/986
f 1030/1030/1030 986/986/986 1017/1017/1017
f 873/873/873 981/981/981 1005/1005/1005
f 873/873/873 1005/1005/1005 886/886/886
f 885/885/885 1004/1004/1004 990/990/990
f 885/885/885 990/990/990 878/878/878
f 1008/1008/1008 904/904/904 913/913/913
f 1008/1008/1008 913/913/913 1021/1021/1021
f 1020/1020/1020 912/912/912 901/901/901
f 1020/1020/1020 901/901/901 1013/1013/1013
f 928/928/928 1036/1036/1036 982/982/982
f 928/928/928 982/982/982 874/874/874
o Front_sight.001_0
usemtl Machined_Steel
v -0.0098000 0.1050000 0.8398000
v -0.0098000 0.1050000 0.8398000
v -0.0098000 0.1050000 0.8398000
v -0.0098000 0.1050000 0.8398000
v -0.0098000 0.1127000 0.8475000
v -0.0098000 0.1127000 0.8475000
v -0.0098000 0.1127000 0.8475000
v -0.0098000 0.1127000 0.8475000
v -0.0175000 0.1127000 0.8398000
v -0.0175000 0.1127000 0.8398000
v -0.0175000 0.1127000 0.8398000
v -0.0175000 0.1127000 0.8398000
v -0.0098000 0.1072553 0.8452447
v -0.0098000 0.1072553 0.8452447
v -0.0098000 0.1072553 0.8452447
v -0.0098000 0.1072553 0.8452447
v -0.0142456 0.1082544 0.8442456
v -0.0142456 0.1082544 0.8442456
v -0.0142456 0.1082544 0.8442456
v -0.0152447 0.1127000 0.8452447
v -0.0152447 0.1127000 0.8452447
v -0.0152447 0.1127000 0.8452447
v -0.0152447 0.1127000 0.8452447
v -0.0152447 0.1072553 0.8398000
v -0.0152447 0.1072553 0.8398000
v -0.0152447 0.1072553 0.8398000
v -0.0152447 0.1072553 0.8398000
v -0.0098000 0.2673000 0.8475000
v -0.0098000 0.2673000 0.8475000
v -0.0098000 0.2673000 0.8475000
v -0.0098000 0.2673000 0.8475000
v -0.0098000 0.2750000 0.8398000
v -0.0098000 0.2750000 0.8398000
v -0.0098000 0.2750000 0.8398000
v -0.0098000 0.2750000 0.8398000
v -0.0175000 0.2673000 0.8398000
v -0.0175000 0.2673000 0.8398000
v -0.0175000 0.2673000 0.8398000
v -0.0175000 0.2673000 0.8398000
v -0.0098000 0.2727447 0.8452447
v -0.0098000 0.2727447 0.8452447
v -0.0098000 0.2727447 0.8452447
v -0.0098000 0.2727447 0.8452447
v -0.0142456 0.2717456 0.8442456
v -0.0142456 0.2717456 0.8442456
v -0.0142456 0.2717456 0.8442456
v -0.0152447 0.2727447 0.8398000
v -0.0152447 0.2727447 0.8398000
v -0.0152447 0.2727447 0.8398000
v -0.0152447 0.2727447 0.8398000
v -0.0152447 0.2673000 0.8452447
v -0.0152447 0.2673000 0.8452447
v -0.0152447 0.2673000 0.8452447
v -0.0152447 0.2673000 0.8452447
v -0.0098000 0.1050000 0.8202000
v -0.0098000 0.1050000 0.8202000
v -0.0098000 0.1050000 0.8202000
v -0.0098000 0.1050000 0.8202000
v -0.0175000 0.1127000 0.8202000
v -0.0175000 0.1127000 0.8202000
v -0.0175000 0.1127000 0.8202000
v -0.0175000 0.1127000 0.8202000
v -0.0098000 0.1127000 0.8125000
v -0.0098000 0.1127000 0.8125000
v -0.0098000 0.1127000 0.8125000
v -0.0098000 0.1127000 0.8125000
v -0.0152447 0.1072553 0.8202000
v -0.0152447 0.1072553 0.8202000
v -0.0152447 0.1072553 0.8202000
v -0.0152447 0.1072553 0.8202000
v -0.0142456 0.1082544 0.8157544
v -0.0142456 0.1082544 0.8157544
v -0.0142456 0.1082544 0.8157544
v -0.0152447 0.1127000 0.8147553
v -0.0152447 0.1127000 0.8147553
v -0.0152447 0.1127000 0.8147553
v -0.0152447 0.1127000 0.8147553
v -0.0098000 0.1072553 0.8147553
v -0.0098000 0.1072553 0.8147553
v -0.0098000 0.1072553 0.8147553
v -0.0098000 0.1072553 0.8147553
v -0.0098000 0.2750000 0.8202000
v -0.0098000 0.2750000 0.8202000
v -0.0098000 0.2750000 0.8202000
v -0.0098000 0.2750000 0.8202000
v -0.0098000 0.2673000 0.8125000
v -0.0098000 0.2673000 0.8125000
v -0.0098000 0.2673000 0.8125000
v -0.0098000 0.2673000 0.8125000
v -0.0175000 0.2673000 0.8202000
v -0.0175000 0.2673000 0.8202000
v -0.0175000 0.2673000 0.8202000
v -0.0175000 0.2673000 0.8202000
v -0.0098000 0.2727447 0.8147553
v -0.0098000 0.2727447 0.8147553
v -0.0098000 0.2727447 0.8147553
v -0.0098000 0.2727447 0.8147553
v -0.0142456 0.2717456 0.8157544
v -0.0142456 0.2717456 0.8157544
v -0.0142456 0.2717456 0.8157544
v -0.0152447 0.2673000 0.8147553
v -0.0152447 0.2673000 0.8147553
v -0.0152447 0.2673000 0.8147553
v -0.0152447 0.2673000 0.8147553
v -0.0152447 0.2727447 0.8202000
v -0.0152447 0.2727447 0.8202000
v -0.0152447 0.2727447 0.8202000
v -0.0152447 0.2727447 0.8202000
v 0.0098000 0.1050000 0.8398000
v 0.0098000 0.1050000 0.8398000
v 0.0098000 0.1050000 0.8398000
v 0.0098000 0.1050000 0.8398000
v 0.0175000 0.1127000 0.8398000
v 0.0175000 0.1127000 0.8398000
v 0.0175000 0.1127000 0.8398000
v 0.0175000 0.1127000 0.8398000
v 0.0098000 0.1127000 0.8475000
v 0.0098000 0.1127000 0.8475000
v 0.0098000 0.1127000 0.8475000
v 0.0098000 0.1127000 0.8475000
v 0.0152447 0.1072553 0.8398000
v 0.0152447 0.1072553 0.8398000
v 0.0152447 0.1072553 0.8398000
v 0.0152447 0.1072553 0.8398000
v 0.0142456 0.1082544 0.8442456
v 0.0142456 0.1082544 0.8442456
v 0.0142456 0.1082544 0.8442456
v 0.0152447 0.1127000 0.8452447
v 0.0152447 0.1127000 0.8452447
v 0.0152447 0.1127000 0.8452447
v 0.0152447 0.1127000 0.8452447
v 0.0098000 0.1072553 0.8452447
v 0.0098000 0.1072553 0.8452447
v 0.0098000 0.1072553 0.8452447
v 0.0098000 0.1072553 0.8452447
v 0.0098000 0.2750000 0.8398000
v 0.0098000 0.2750000 0.8398000
v 0.0098000 0.2750000 0.8398000
v 0.0098000 0.2750000 0.8398000
v 0.0098000 0.2673000 0.8475000
v 0.0098000 0.2673000 0.8475000
v 0.0098000 0.2673000 0.8475000
v 0.0098000 0.2673000 0.8475000
v 0.0175000 0.2673000 0.8398000
v 0.0175000 0.2673000 0.8398000
v 0.0175000 0.2673000 0.8398000
v 0.0175000 0.2673000 0.8398000
v 0.0098000 0.2727447 0.8452447
v 0.0098000 0.2727447 0.8452447
v 0.0098000 0.2727447 0.8452447
v 0.0098000 0.2727447 0.8452447
v 0.0142456 0.2717456 0.8442456
v 0.0142456 0.2717456 0.8442456
v 0.0142456 0.2717456 0.8442456
v 0.0152447 0.2673000 0.8452447
v 0.0152447 0.2673000 0.8452447
v 0.0152447 0.2673000 0.8452447
v 0.0152447 0.2673000 0.8452447
v 0.0152447 0.2727447 0.8398000
v 0.0152447 0.2727447 0.8398000
v 0.0152447 0.2727447 0.8398000
v 0.0152447 0.2727447 0.8398000
v 0.0098000 0.1050000 0.8202000
v 0.0098000 0.1050000 0.8202000
v 0.0098000 0.1050000 0.8202000
v 0.0098000 0.1050000 0.8202000
v 0.0098000 0.1127000 0.8125000
v 0.0098000 0.1127000 0.8125000
v 0.0098000 0.1127000 0.8125000
v 0.0098000 0.1127000 0.8125000
v 0.0175000 0.1127000 0.8202000
v 0.0175000 0.1127000 0.8202000
v 0.0175000 0.1127000 0.8202000
v 0.0175000 0.1127000 0.8202000
v 0.0098000 0.1072553 0.8147553
v 0.0098000 0.1072553 0.8147553
v 0.0098000 0.1072553 0.8147553
v 0.0098000 0.1072553 0.8147553
v 0.0142456 0.1082544 0.8157544
v 0.0142456 0.1082544 0.8157544
v 0.0142456 0.1082544 0.8157544
v 0.0152447 0.1127000 0.8147553
v 0.0152447 0.1127000 0.8147553
v 0.0152447 0.1127000 0.8147553
v 0.0152447 0.1127000 0.8147553
v 0.0152447 0.1072553 0.8202000
v 0.0152447 0.1072553 0.8202000
v 0.0152447 0.1072553 0.8202000
v 0.0152447 0.1072553 0.8202000
v 0.0098000 0.2750000 0.8202000
v 0.0098000 0.2750000 0.8202000
v 0.0098000 0.2750000 0.8202000
v 0.0098000 0.2750000 0.8202000
v 0.0175000 0.2673000 0.8202000
v 0.0175000 0.2673000 0.8202000
v 0.0175000 0.2673000 0.8202000
v 0.0175000 0.2673000 0.8202000
v 0.0098000 0.2673000 0.8125000
v 0.0098000 0.2673000 0.8125000
v 0.0098000 0.2673000 0.8125000
v 0.0098000 0.2673000 0.8125000
v 0.0152447 0.2727447 0.8202000
v 0.0152447 0.2727447 0.8202000
v 0.0152447 0.2727447 0.8202000
v 0.0152447 0.2727447 0.8202000
v 0.0142456 0.2717456 0.8157544
v 0.0142456 0.2717456 0.8157544
v 0.0142456 0.2717456 0.8157544
v 0.0152447 0.2673000 0.8147553
v 0.0152447 0.2673000 0.8147553
v 0.0152447 0.2673000 0.8147553
v 0.0152447 0.2673000 0.8147553
v 0.0098000 0.2727447 0.8147553
v 0.0098000 0.2727447 0.8147553
v 0.0098000 0.2727447 0.8147553
v 0.0098000 0.2727447 0.8147553
vt 0.1800000 0.3050000
vt 0.1800000 0.3050000
vt 0.1800000 0.3050000
vt 0.1800000 0.3050000
vt 0.3863235 0.0550000
vt 0.3863235 0.0550000
vt 0.3863235 0.0550000
vt 0.3863235 0.0550000
vt 0.3863235 0.9450000
vt 0.3863235 0.9450000
vt 0.3863235 0.9450000
vt 0.3863235 0.9450000
vt 0.3750000 0.0550000
vt 0.1800000 0.2500000
vt 0.3750000 0.0550000
vt 0.1800000 0.2500000
vt 0.3797859 0.0000000
vt 0.1482457 0.2500000
vt 0.3750000 0.9767542
vt 0.3863236 0.0000000
vt 0.3863236 0.0000000
vt 0.3863235 1.0000000
vt 0.3863235 1.0000000
vt 0.1250000 0.3050000
vt 0.1250000 0.3050000
vt 0.3750000 0.9450000
vt 0.3750000 0.9450000
vt 0.6136765 0.0549999
vt 0.6136765 0.0549999
vt 0.6136765 0.0549999
vt 0.6136765 0.0549999
vt 0.8200000 0.3050000
vt 0.8200000 0.3050000
vt 0.8200000 0.3050000
vt 0.8200000 0.3050000
vt 0.6136765 0.9450000
vt 0.6136765 0.9450000
vt 0.6136765 0.9450000
vt 0.6136765 0.9450000
vt 0.6250000 0.0550000
vt 0.8200001 0.2500000
vt 0.6250000 0.0550000
vt 0.8200001 0.2500000
vt 0.6250000 0.0232458
vt 0.8750000 0.2732457
vt 0.6202142 1.0000000
vt 0.8750000 0.3050000
vt 0.8750000 0.3050000
vt 0.6250000 0.9450000
vt 0.6250000 0.9450000
vt 0.6136764 0.0000000
vt 0.6136764 0.0000000
vt 0.6136764 1.0000000
vt 0.6136764 1.0000000
vt 0.1800000 0.4450001
vt 0.1800000 0.4450001
vt 0.1800000 0.4450001
vt 0.1800000 0.4450001
vt 0.3863235 0.8050000
vt 0.3863235 0.8050000
vt 0.3863235 0.8050000
vt 0.3863235 0.8050000
vt 0.3863235 0.6950000
vt 0.3863235 0.6950000
vt 0.3863235 0.6950000
vt 0.3863235 0.6950000
vt 0.1250000 0.4450000
vt 0.1250000 0.4450000
vt 0.3750000 0.8050000
vt 0.3750000 0.8050000
vt 0.3750000 0.7267542
vt 0.1250000 0.4767542
vt 0.3797859 0.7500000
vt 0.3863236 0.7500000
vt 0.3863236 0.7500000
vt 0.3863236 0.7500000
vt 0.3863236 0.7500000
vt 0.3750000 0.6950000
vt 0.1800000 0.5000000
vt 0.3750000 0.6950000
vt 0.1800000 0.5000000
vt 0.8200000 0.4450000
vt 0.8200000 0.4450000
vt 0.8200000 0.4450000
vt 0.8200000 0.4450000
vt 0.6136765 0.6950000
vt 0.6136765 0.6950000
vt 0.6136765 0.6950000
vt 0.6136765 0.6950000
vt 0.6136765 0.8050000
vt 0.6136765 0.8050000
vt 0.6136765 0.8050000
vt 0.6136765 0.8050000
vt 0.6250000 0.6950000
vt 0.8200001 0.5000000
vt 0.6250000 0.6950000
vt 0.8200001 0.5000000
vt 0.6202142 0.7500000
vt 0.8517542 0.5000000
vt 0.6250000 0.7732458
vt 0.6136764 0.7500000
vt 0.6136764 0.7500000
vt 0.6136764 0.7500000
vt 0.6136764 0.7500000
vt 0.8750001 0.4449999
vt 0.8750001 0.4449999
vt 0.6250000 0.8050000
vt 0.6250000 0.8050000
vt 0.3200000 0.3050000
vt 0.3200000 0.3050000
vt 0.3200000 0.3050000
vt 0.3200000 0.3050000
vt 0.3863235 0.3049999
vt 0.3863235 0.3049999
vt 0.3863235 0.3049999
vt 0.3863235 0.3049999
vt 0.3863235 0.1949999
vt 0.3863235 0.1949999
vt 0.3863235 0.1949999
vt 0.3863235 0.1949999
vt 0.3750000 0.3050000
vt 0.3750000 0.3049999
vt 0.3750000 0.3049999
vt 0.3750000 0.3049999
vt 0.3765953 0.2500000
vt 0.3765953 0.2500000
vt 0.3765953 0.2500000
vt 0.3863236 0.2499999
vt 0.3863236 0.2500000
vt 0.3863236 0.2500000
vt 0.3863236 0.2500000
vt 0.3750000 0.1950000
vt 0.3200000 0.2500000
vt 0.3750000 0.1950000
vt 0.3200000 0.2500000
vt 0.6800000 0.3050000
vt 0.6800000 0.3050000
vt 0.6800000 0.3050000
vt 0.6800000 0.3050000
vt 0.6136765 0.1949999
vt 0.6136765 0.1949999
vt 0.6136765 0.1949999
vt 0.6136765 0.1949999
vt 0.6136765 0.3049999
vt 0.6136765 0.3049999
vt 0.6136765 0.3049999
vt 0.6136765 0.3049999
vt 0.6250000 0.1950000
vt 0.6800000 0.2500000
vt 0.6250000 0.1950000
vt 0.6800000 0.2500000
vt 0.6311533 0.2577486
vt 0.6311533 0.2577486
vt 0.6311533 0.2577486
vt 0.6136764 0.2500000
vt 0.6136764 0.2500000
vt 0.6136764 0.2500000
vt 0.6136764 0.2500000
vt 0.6250000 0.3050000
vt 0.6250000 0.3050000
vt 0.6250000 0.3050000
vt 0.6250000 0.3050000
vt 0.3200000 0.4450000
vt 0.3200000 0.4450000
vt 0.3200000 0.4450000
vt 0.3200000 0.4450000
vt 0.3863235 0.5550000
vt 0.3863235 0.5550000
vt 0.3863235 0.5550000
vt 0.3863235 0.5550000
vt 0.3863235 0.4450000
vt 0.3863235 0.4450000
vt 0.3863235 0.4450000
vt 0.3863235 0.4450000
vt 0.3750000 0.5550000
vt 0.3200000 0.5000000
vt 0.3750000 0.5550000
vt 0.3200000 0.5000000
vt 0.3688467 0.4922514
vt 0.3688467 0.4922514
vt 0.3688467 0.4922514
vt 0.3863236 0.5000000
vt 0.3863236 0.5000000
vt 0.3863236 0.5000000
vt 0.3863236 0.5000000
vt 0.3750000 0.4449999
vt 0.3750000 0.4449999
vt 0.3750000 0.4450000
vt 0.3750000 0.4449999
vt 0.6800000 0.4450001
vt 0.6800000 0.4450001
vt 0.6800000 0.4450001
vt 0.6800000 0.4450001
vt 0.6136765 0.4450000
vt 0.6136765 0.4450000
vt 0.6136765 0.4450000
vt 0.6136765 0.4450000
vt 0.6136765 0.5549999
vt 0.6136765 0.5549999
vt 0.6136765 0.5549999
vt 0.6136765 0.5549999
vt 0.6250000 0.4450000
vt 0.6250000 0.4450000
vt 0.6250000 0.4450000
vt 0.6250000 0.4450000
vt 0.6234047 0.5000000
vt 0.6234047 0.5000000
vt 0.6234047 0.5000000
vt 0.6136764 0.5000000
vt 0.6136764 0.5000000
vt 0.6136764 0.5000000
vt 0.6136764 0.5000000
vt 0.6250000 0.5550000
vt 0.6800001 0.5000000
vt 0.6250000 0.5550000
vt 0.6800001 0.5000000
vn 0.0000000 -0.9238767 0.3826903
vn 0.0000000 -1.0000000 0.0000000
vn -0.3250835 -0.8880549 0.3250835
vn -0.3826903 -0.9238767 0.0000000
vn 0.0000000 0.0000000 1.0000000
vn 0.0000000 -0.3826903 0.9238767
vn -0.3250835 -0.3250835 0.8880549
vn -0.3826903 0.0000000 0.9238767
vn -0.8880549 -0.3250835 0.3250835
vn -0.9238767 0.0000000 0.3826903
vn -0.9238767 -0.3826903 0.0000000
vn -1.0000000 0.0000000 0.0000000
vn 0.0000000 -0.3826903 0.9238767
vn 0.0000000 -0.9238767 0.3826903
vn -0.3250835 -0.3250835 0.8880549
vn -0.3250835 -0.8880549 0.3250835
vn -0.3250835 -0.3250835 0.8880549
vn -0.3250835 -0.8880549 0.3250835
vn -0.8880549 -0.3250835 0.3250835
vn -0.3250835 -0.3250835 0.8880549
vn -0.3826903 0.0000000 0.9238767
vn -0.8880549 -0.3250835 0.3250835
vn -0.9238767 0.0000000 0.3826903
vn -0.3250835 -0.8880549 0.3250835
vn -0.3826903 -0.9238767 0.0000000
vn -0.8880549 -0.3250835 0.3250835
vn -0.9238767 -0.3826903 0.0000000
vn 0.0000000 0.0000000 1.0000000
vn 0.0000000 0.3826903 0.9238767
vn -0.3250835 0.3250835 0.8880549
vn -0.3826903 0.0000000 0.9238767
vn 0.0000000 0.9238767 0.3826903
vn 0.0000000 1.0000000 0.0000000
vn -0.3250835 0.8880549 0.3250835
vn -0.3826903 0.9238767 0.0000000
vn -0.8880549 0.3250835 0.3250835
vn -0.9238767 0.0000000 0.3826903
vn -0.9238767 0.3826903 0.0000000
vn -1.0000000 0.0000000 0.0000000
vn 0.0000000 0.3826903 0.9238767
vn 0.0000000 0.9238767 0.3826903
vn -0.3250835 0.3250835 0.8880549
vn -0.3250835 0.8880549 0.3250835
vn -0.3250835 0.3250835 0.8880549
vn -0.3250835 0.8880549 0.3250835
vn -0.8880549 0.3250835 0.3250835
vn -0.3250835 0.8880549 0.3250835
vn -0.3826903 0.9238767 0.0000000
vn -0.8880549 0.3250835 0.3250835
vn -0.9238767 0.3826903 0.0000000
vn -0.3250835 0.3250835 0.8880549
vn -0.3826903 0.0000000 0.9238767
vn -0.8880549 0.3250835 0.3250835
vn -0.9238767 0.0000000 0.3826903
vn 0.0000000 -0.9238767 -0.3826903
vn 0.0000000 -1.0000000 0.0000000
vn -0.3250835 -0.8880549 -0.3250835
vn -0.3826903 -0.9238767 0.0000000
vn -0.8880549 -0.3250835 -0.3250835
vn -0.9238767 0.0000000 -0.3826903
vn -0.9238767 -0.3826903 0.0000000
vn -1.0000000 0.0000000 0.0000000
vn 0.0000000 0.0000000 -1.0000000
vn 0.0000000 -0.3826903 -0.9238767
vn -0.3250835 -0.3250835 -0.8880549
vn -0.3826903 0.0000000 -0.9238767
vn -0.3250835 -0.8880549 -0.3250835
vn -0.3826903 -0.9238767 0.0000000
vn -0.8880549 -0.3250835 -0.3250835
vn -0.9238767 -0.3826903 0.0000000
vn -0.3250835 -0.3250835 -0.8880549
vn -0.3250835 -0.8880549 -0.3250835
vn -0.8880549 -0.3250835 -0.3250835
vn -0.3250835 -0.3250835 -0.8880549
vn -0.3826903 0.0000000 -0.9238767
vn -0.8880549 -0.3250835 -0.3250835
vn -0.9238767 0.0000000 -0.3826903
vn 0.0000000 -0.3826903 -0.9238767
vn 0.0000000 -0.9238767 -0.3826903
vn -0.3250835 -0.3250835 -0.8880549
vn -0.3250835 -0.8880549 -0.3250835
vn 0.0000000 0.9238767 -0.3826903
vn 0.0000000 1.0000000 0.0000000
vn -0.3250835 0.8880549 -0.3250835
vn -0.3826903 0.9238767 0.0000000
vn 0.0000000 0.0000000 -1.0000000
vn 0.0000000 0.3826903 -0.9238767
vn -0.3250835 0.3250835 -0.8880549
vn -0.3826903 0.0000000 -0.9238767
vn -0.8880549 0.3250835 -0.3250835
vn -0.9238767 0.0000000 -0.3826903
vn -0.9238767 0.3826903 0.0000000
vn -1.0000000 0.0000000 0.0000000
vn 0.0000000 0.3826903 -0.9238767
vn 0.0000000 0.9238767 -0.3826903
vn -0.3250835 0.3250835 -0.8880549
vn -0.3250835 0.8880549 -0.3250835
vn -0.3250835 0.3250835 -0.8880549
vn -0.3250835 0.8880549 -0.3250835
vn -0.8880549 0.3250835 -0.3250835
vn -0.3250835 0.3250835 -0.8880549
vn -0.3826903 0.0000000 -0.9238767
vn -0.8880549 0.3250835 -0.3250835
vn -0.9238767 0.0000000 -0.3826903
vn -0.3250835 0.8880549 -0.3250835
vn -0.3826903 0.9238767 0.0000000
vn -0.8880549 0.3250835 -0.3250835
vn -0.9238767 0.3826903 0.0000000
vn 0.0000000 -0.9238767 0.3826903
vn 0.0000000 -1.0000000 0.0000000
vn 0.3250835 -0.8880549 0.3250835
vn 0.3826903 -0.9238767 0.0000000
vn 0.8880549 -0.3250835 0.3250835
vn 0.9238767 0.0000000 0.3826903
vn 0.9238767 -0.3826903 0.0000000
vn 1.0000000 0.0000000 0.0000000
vn 0.0000000 0.0000000 1.0000000
vn 0.0000000 -0.3826903 0.9238767
vn 0.3250835 -0.3250835 0.8880549
vn 0.3826903 0.0000000 0.9238767
vn 0.3250835 -0.8880549 0.3250835
vn 0.3826903 -0.9238767 0.0000000
vn 0.8880549 -0.3250835 0.3250835
vn 0.9238767 -0.3826903 0.0000000
vn 0.3250835 -0.3250835 0.8880549
vn 0.3250835 -0.8880549 0.3250835
vn 0.8880549 -0.3250835 0.3250835
vn 0.3250835 -0.3250835 0.8880549
vn 0.3826903 0.0000000 0.9238767
vn 0.8880549 -0.3250835 0.3250835
vn 0.9238767 0.0000000 0.3826903
vn 0.0000000 -0.3826903 0.9238767
vn 0.0000000 -0.9238767 0.3826903
vn 0.3250835 -0.3250835 0.8880549
vn 0.3250835 -0.8880549 0.3250835
vn 0.0000000 0.9238767 0.3826903
vn 0.0000000 1.0000000 0.0000000
vn 0.3250835 0.8880549 0.3250835
vn 0.3826903 0.9238767 0.0000000
vn 0.0000000 0.0000000 1.0000000
vn 0.0000000 0.3826903 0.9238767
vn 0.3250835 0.3250835 0.8880549
vn 0.3826903 0.0000000 0.9238767
vn 0.8880549 0.3250835 0.3250835
vn 0.9238767 0.0000000 0.3826903
vn 0.9238767 0.3826903 0.0000000
vn 1.0000000 0.0000000 0.0000000
vn 0.0000000 0.3826903 0.9238767
vn 0.0000000 0.9238767 0.3826903
vn 0.3250835 0.3250835 0.8880549
vn 0.3250835 0.8880549 0.3250835
vn 0.3250835 0.3250835 0.8880549
vn 0.3250835 0.8880549 0.3250835
vn 0.8880549 0.3250835 0.3250835
vn 0.3250835 0.3250835 0.8880549
vn 0.3826903 0.0000000 0.9238767
vn 0.8880549 0.3250835 0.3250835
vn 0.9238767 0.0000000 0.3826903
vn 0.3250835 0.8880549 0.3250835
vn 0.3826903 0.9238767 0.0000000
vn 0.8880549 0.3250835 0.3250835
vn 0.9238767 0.3826903 0.0000000
vn 0.0000000 -0.9238767 -0.3826903
vn 0.0000000 -1.0000000 0.0000000
vn 0.3250835 -0.8880549 -0.3250835
vn 0.3826903 -0.9238767 0.0000000
vn 0.0000000 0.0000000 -1.0000000
vn 0.0000000 -0.3826903 -0.9238767
vn 0.3250835 -0.3250835 -0.8880549
vn 0.3826903 0.0000000 -0.9238767
vn 0.8880549 -0.3250835 -0.3250835
vn 0.9238767 0.0000000 -0.3826903
vn 0.9238767 -0.3826903 0.0000000
vn 1.0000000 0.0000000 0.0000000
vn 0.0000000 -0.3826903 -0.9238767
vn 0.0000000 -0.9238767 -0.3826903
vn 0.3250835 -0.3250835 -0.8880549
vn 0.3250835 -0.8880549 -0.3250835
vn 0.3250835 -0.3250835 -0.8880549
vn 0.3250835 -0.8880549 -0.3250835
vn 0.8880549 -0.3250835 -0.3250835
vn 0.3250835 -0.3250835 -0.8880549
vn 0.3826903 0.0000000 -0.9238767
vn 0.8880549 -0.3250835 -0.3250835
vn 0.9238767 0.0000000 -0.3826903
vn 0.3250835 -0.8880549 -0.3250835
vn 0.3826903 -0.9238767 0.0000000
vn 0.8880549 -0.3250835 -0.3250835
vn 0.9238767 -0.3826903 0.0000000
vn 0.0000000 0.9238767 -0.3826903
vn 0.0000000 1.0000000 0.0000000
vn 0.3250835 0.8880549 -0.3250835
vn 0.3826903 0.9238767 0.0000000
vn 0.8880549 0.3250835 -0.3250835
vn 0.9238767 0.0000000 -0.3826903
vn 0.9238767 0.3826903 0.0000000
vn 1.0000000 0.0000000 0.0000000
vn 0.0000000 0.0000000 -1.0000000
vn 0.0000000 0.3826903 -0.9238767
vn 0.3250835 0.3250835 -0.8880549
vn 0.3826903 0.0000000 -0.9238767
vn 0.3250835 0.8880549 -0.3250835
vn 0.3826903 0.9238767 0.0000000
vn 0.8880549 0.3250835 -0.3250835
vn 0.9238767 0.3826903 0.0000000
vn 0.3250835 0.3250835 -0.8880549
vn 0.3250835 0.8880549 -0.3250835
vn 0.8880549 0.3250835 -0.3250835
vn 0.3250835 0.3250835 -0.8880549
vn 0.3826903 0.0000000 -0.9238767
vn 0.8880549 0.3250835 -0.3250835
vn 0.9238767 0.0000000 -0.3826903
vn 0.0000000 0.3826903 -0.9238767
vn 0.0000000 0.9238767 -0.3826903
vn 0.3250835 0.3250835 -0.8880549
vn 0.3250835 0.8880549 -0.3250835
f 1205/1205/1205 1228/1228/1228 1116/1116/1116
f 1205/1205/1205 1116/1116/1116 1093/1093/1093
f 1262/1262/1262 1285/1285/1285 1235/1235/1235
f 1262/1262/1262 1235/1235/1235 1204/1204/1204
f 1279/1279/1279 1171/1171/1171 1121/1121/1121
f 1279/1279/1279 1121/1121/1121 1225/1225/1225
f 1100/1100/1100 1127/1127/1127 1181/1181/1181
f 1100/1100/1100 1181/1181/1181 1150/1150/1150
f 1151/1151/1151 1174/1174/1174 1286/1286/1286
f 1151/1151/1151 1286/1286/1286 1255/1255/1255
f 1091/1091/1091 1104/1104/1104 1106/1106/1106
f 1091/1091/1091 1106/1106/1106 1112/1112/1112
f 1095/1095/1095 1108/1108/1108 1105/1105/1105
f 1095/1095/1095 1105/1105/1105 1103/1103/1103
f 1097/1097/1097 1114/1114/1114 1107/1107/1107
f 1097/1097/1097 1107/1107/1107 1110/1110/1110
f 1118/1118/1118 1130/1130/1130 1132/1132/1132
f 1118/1118/1118 1132/1132/1132 1139/1139/1139
f 1122/1122/1122 1135/1135/1135 1133/1133/1133
f 1122/1122/1122 1133/1133/1133 1131/1131/1131
f 1124/1124/1124 1141/1141/1141 1134/1134/1134
f 1124/1124/1124 1134/1134/1134 1137/1137/1137
f 1145/1145/1145 1155/1155/1155 1160/1160/1160
f 1145/1145/1145 1160/1160/1160 1169/1169/1169
f 1147/1147/1147 1164/1164/1164 1161/1161/1161
f 1147/1147/1147 1161/1161/1161 1157/1157/1157
f 1153/1153/1153 1168/1168/1168 1159/1159/1159
f 1153/1153/1153 1159/1159/1159 1162/1162/1162
f 1172/1172/1172 1185/1185/1185 1187/1187/1187
f 1172/1172/1172 1187/1187/1187 1193/1193/1193
f 1176/1176/1176 1189/1189/1189 1186/1186/1186
f 1176/1176/1176 1186/1186/1186 1184/1184/1184
f 1178/1178/1178 1195/1195/1195 1188/1188/1188
f 1178/1178/1178 1188/1188/1188 1191/1191/1191
f 1199/1199/1199 1209/1209/1209 1214/1214/1214
f 1199/1199/1199 1214/1214/1214 1223/1223/1223
f 1201/1201/1201 1218/1218/1218 1215/1215/1215
f 1201/1201/1201 1215/1215/1215 1211/1211/1211
f 1207/1207/1207 1222/1222/1222 1213/1213/1213
f 1207/1207/1207 1213/1213/1213 1216/1216/1216
f 1226/1226/1226 1239/1239/1239 1241/1241/1241
f 1226/1226/1226 1241/1241/1241 1247/1247/1247
f 1230/1230/1230 1243/1243/1243 1240/1240/1240
f 1230/1230/1230 1240/1240/1240 1238/1238/1238
f 1232/1232/1232 1249/1249/1249 1242/1242/1242
f 1232/1232/1232 1242/1242/1242 1245/1245/1245
f 1253/1253/1253 1266/1266/1266 1268/1268/1268
f 1253/1253/1253 1268/1268/1268 1274/1274/1274
f 1257/1257/1257 1270/1270/1270 1267/1267/1267
f 1257/1257/1257 1267/1267/1267 1265/1265/1265
f 1259/1259/1259 1276/1276/1276 1269/1269/1269
f 1259/1259/1259 1269/1269/1269 1272/1272/1272
f 1280/1280/1280 1290/1290/1290 1295/1295/1295
f 1280/1280/1280 1295/1295/1295 1304/1304/1304
f 1282/1282/1282 1299/1299/1299 1296/1296/1296
f 1282/1282/1282 1296/1296/1296 1292/1292/1292
f 1288/1288/1288 1303/1303/1303 1294/1294/1294
f 1288/1288/1288 1294/1294/1294 1297/1297/1297
f 1146/1146/1146 1092/1092/1092 1113/1113/1113
f 1146/1146/1146 1113/1113/1113 1156/1156/1156
f 1158/1158/1158 1115/1115/1115 1099/1099/1099
f 1158/1158/1158 1099/1099/1099 1149/1149/1149
f 1096/1096/1096 1119/1119/1119 1140/1140/1140
f 1096/1096/1096 1140/1140/1140 1109/1109/1109
f 1111/1111/1111 1142/1142/1142 1125/1125/1125
f 1111/1111/1111 1125/1125/1125 1098/1098/1098
f 1123/1123/1123 1173/1173/1173 1194/1194/1194
f 1123/1123/1123 1194/1194/1194 1136/1136/1136
f 1138/1138/1138 1196/1196/1196 1180/1180/1180
f 1138/1138/1138 1180/1180/1180 1126/1126/1126
f 1177/1177/1177 1154/1154/1154 1163/1163/1163
f 1177/1177/1177 1163/1163/1163 1190/1190/1190
f 1192/1192/1192 1165/1165/1165 1148/1148/1148
f 1192/1192/1192 1148/1148/1148 1179/1179/1179
f 1251/1251/1251 1143/1143/1143 1167/1167/1167
f 1251/1251/1251 1167/1167/1167 1264/1264/1264
f 1263/1263/1263 1166/1166/1166 1152/1152/1152
f 1263/1263/1263 1152/1152/1152 1256/1256/1256
f 1170/1170/1170 1278/1278/1278 1302/1302/1302
f 1170/1170/1170 1302/1302/1302 1183/1183/1183
f 1182/1182/1182 1301/1301/1301 1287/1287/1287
f 1182/1182/1182 1287/1287/1287 1175/1175/1175
f 1283/1283/1283 1260/1260/1260 1273/1273/1273
f 1283/1283/1283 1273/1273/1273 1300/1300/1300
f 1298/1298/1298 1271/1271/1271 1258/1258/1258
f 1298/1298/1298 1258/1258/1258 1289/1289/1289
f 1200/1200/1200 1254/1254/1254 1275/1275/1275
f 1200/1200/1200 1275/1275/1275 1210/1210/1210
f 1212/1212/1212 1277/1277/1277 1261/1261/1261
f 1212/1212/1212 1261/1261/1261 1203/1203/1203
f 1281/1281/1281 1227/1227/1227 1248/1248/1248
f 1281/1281/1281 1248/1248/1248 1291/1291/1291
f 1293/1293/1293 1250/1250/1250 1234/1234/1234
f 1293/1293/1293 1234/1234/1234 1284/1284/1284
f 1231/1231/1231 1208/1208/1208 1217/1217/1217
f 1231/1231/1231 1217/1217/1217 1244/1244/1244
f 1246/1246/1246 1219/1219/1219 1202/1202/1202
f 1246/1246/1246 1202/1202/1202 1233/1233/1233
f 1089/1089/1089 1197/1197/1197 1221/1221/1221
f 1089/1089/1089 1221/1221/1221 1102/1102/1102
f 1101/1101/1101 1220/1220/1220 1206/1206/1206
f 1101/1101/1101 1206/1206/1206 1094/1094/1094
f 1224/1224/1224 1120/1120/1120 1129/1129/1129
f 1224/1224/1224 1129/1129/1129 1237/1237/1237
f 1236/1236/1236 1128/1128/1128 1117/1117/1117
f 1236/1236/1236 1117/1117/1117 1229/1229/1229
f 1144/1144/1144 1252/1252/1252 1198/1198/1198
f 1144/1144/1144 1198/1198/1198 1090/1090/1090
o Magazine.001_0
usemtl Machined_Steel
v -0.0364000 -0.3500000 0.2664000
v -0.0364000 -0.3500000 0.2664000
v -0.0364000 -0.3500000 0.2664000
v -0.0364000 -0.3500000 0.2664000
v -0.0364000 -0.3214000 0.2950000
v -0.0364000 -0.3214000 0.2950000
v -0.0364000 -0.3214000 0.2950000
v -0.0364000 -0.3214000 0.2950000
v -0.0650000 -0.3214000 0.2664000
v -0.0650000 -0.3214000 0.2664000
v -0.0650000 -0.3214000 0.2664000
v -0.0650000 -0.3214000 0.2664000
v -0.0364000 -0.3416233 0.2866233
v -0.0364000 -0.3416233 0.2866233
v -0.0364000 -0.3416233 0.2866233
v -0.0364000 -0.3416233 0.2866233
v -0.0529122 -0.3379122 0.2829122
v -0.0529122 -0.3379122 0.2829122
v -0.0529122 -0.3379122 0.2829122
v -0.0566233 -0.3214000 0.2866233
v -0.0566233 -0.3214000 0.2866233
v -0.0566233 -0.3214000 0.2866233
v -0.0566233 -0.3214000 0.2866233
v -0.0566233 -0.3416233 0.2664000
v -0.0566233 -0.3416233 0.2664000
v -0.0566233 -0.3416233 0.2664000
v -0.0566233 -0.3416233 0.2664000
v -0.0364000 -0.0386000 0.2950000
v -0.0364000 -0.0386000 0.2950000
v -0.0364000 -0.0386000 0.2950000
v -0.0364000 -0.0386000 0.2950000
v -0.0364000 -0.0100000 0.2664000
v -0.0364000 -0.0100000 0.2664000
v -0.0364000 -0.0100000 0.2664000
v -0.0364000 -0.0100000 0.2664000
v -0.0650000 -0.0386000 0.2664000
v -0.0650000 -0.0386000 0.2664000
v -0.0650000 -0.0386000 0.2664000
v -0.0650000 -0.0386000 0.2664000
v -0.0364000 -0.0183768 0.2866233
v -0.0364000 -0.0183768 0.2866233
v -0.0364000 -0.0183768 0.2866233
v -0.0364000 -0.0183768 0.2866233
v -0.0529122 -0.0220878 0.2829122
v -0.0529122 -0.0220878 0.2829122
v -0.0529122 -0.0220878 0.2829122
v -0.0566233 -0.0183768 0.2664000
v -0.0566233 -0.0183768 0.2664000
v -0.0566233 -0.0183768 0.2664000
v -0.0566233 -0.0183768 0.2664000
v -0.0566233 -0.0386000 0.2866233
v -0.0566233 -0.0386000 0.2866233
v -0.0566233 -0.0386000 0.2866233
v -0.0566233 -0.0386000 0.2866233
v -0.0364000 -0.3500000 0.0936000
v -0.0364000 -0.3500000 0.0936000
v -0.0364000 -0.3500000 0.0936000
v -0.0364000 -0.3500000 0.0936000
v -0.0650000 -0.3214000 0.0936000
v -0.0650000 -0.3214000 0.0936000
v -0.0650000 -0.3214000 0.0936000
v -0.0650000 -0.3214000 0.0936000
v -0.0364000 -0.3214000 0.0650000
v -0.0364000 -0.3214000 0.0650000
v -0.0364000 -0.3214000 0.0650000
v -0.0364000 -0.3214000 0.0650000
v -0.0566233 -0.3416233 0.0936000
v -0.0566233 -0.3416233 0.0936000
v -0.0566233 -0.3416233 0.0936000
v -0.0566233 -0.3416233 0.0936000
v -0.0529122 -0.3379122 0.0770878
v -0.0529122 -0.3379122 0.0770878
v -0.0529122 -0.3379122 0.0770878
v -0.0566233 -0.3214000 0.0733768
v -0.0566233 -0.3214000 0.0733768
v -0.0566233 -0.3214000 0.0733768
v -0.0566233 -0.3214000 0.0733768
v -0.0364000 -0.3416233 0.0733768
v -0.0364000 -0.3416233 0.0733768
v -0.0364000 -0.3416233 0.0733768
v -0.0364000 -0.3416233 0.0733768
v -0.0364000 -0.0100000 0.0936000
v -0.0364000 -0.0100000 0.0936000
v -0.0364000 -0.0100000 0.0936000
v -0.0364000 -0.0100000 0.0936000
v -0.0364000 -0.0386000 0.0650000
v -0.0364000 -0.0386000 0.0650000
v -0.0364000 -0.0386000 0.0650000
v -0.0364000 -0.0386000 0.0650000
v -0.0650000 -0.0386000 0.0936000
v -0.0650000 -0.0386000 0.0936000
v -0.0650000 -0.0386000 0.0936000
v -0.0650000 -0.0386000 0.0936000
v -0.0364000 -0.0183768 0.0733768
v -0.0364000 -0.0183768 0.0733768
v -0.0364000 -0.0183768 0.0733768
v -0.0364000 -0.0183768 0.0733768
v -0.0529122 -0.0220878 0.0770878
v -0.0529122 -0.0220878 0.0770878
v -0.0529122 -0.0220878 0.0770878
v -0.0566233 -0.0386000 0.0733768
v -0.0566233 -0.0386000 0.0733768
v -0.0566233 -0.0386000 0.0733768
v -0.0566233 -0.0386000 0.0733768
v -0.0566233 -0.0183768 0.0936000
v -0.0566233 -0.0183768 0.0936000
v -0.0566233 -0.0183768 0.0936000
v -0.0566233 -0.0183768 0.0936000
v 0.0364000 -0.3500000 0.2664000
v 0.0364000 -0.3500000 0.2664000
v 0.0364000 -0.3500000 0.2664000
v 0.0364000 -0.3500000 0.2664000
v 0.0650000 -0.3214000 0.2664000
v 0.0650000 -0.3214000 0.2664000
v 0.0650000 -0.3214000 0.2664000
v 0.0650000 -0.3214000 0.2664000
v 0.0364000 -0.3214000 0.2950000
v 0.0364000 -0.3214000 0.2950000
v 0.0364000 -0.3214000 0.2950000
v 0.0364000 -0.3214000 0.2950000
v 0.0566233 -0.3416233 0.2664000
v 0.0566233 -0.3416233 0.2664000
v 0.0566233 -0.3416233 0.2664000
v 0.0566233 -0.3416233 0.2664000
v 0.0529122 -0.3379122 0.2829122
v 0.0529122 -0.3379122 0.2829122
v 0.0529122 -0.3379122 0.2829122
v 0.0566233 -0.3214000 0.2866233
v 0.0566233 -0.3214000 0.2866233
v 0.0566233 -0.3214000 0.2866233
v 0.0566233 -0.3214000 0.2866233
v 0.0364000 -0.3416233 0.2866233
v 0.0364000 -0.3416233 0.2866233
v 0.0364000 -0.3416233 0.2866233
v 0.0364000 -0.3416233 0.2866233
v 0.0364000 -0.0100000 0.2664000
v 0.0364000 -0.0100000 0.2664000
v 0.0364000 -0.0100000 0.2664000
v 0.0364000 -0.0100000 0.2664000
v 0.0364000 -0.0386000 0.2950000
v 0.0364000 -0.0386000 0.2950000
v 0.0364000 -0.0386000 0.2950000
v 0.0364000 -0.0386000 0.2950000
v 0.0650000 -0.0386000 0.2664000
v 0.0650000 -0.0386000 0.2664000
v 0.0650000 -0.0386000 0.2664000
v 0.0650000 -0.0386000 0.2664000
v 0.0364000 -0.0183768 0.2866233
v 0.0364000 -0.0183768 0.2866233
v 0.0364000 -0.0183768 0.2866233
v 0.0364000 -0.0183768 0.2866233
v 0.0529122 -0.0220878 0.2829122
v 0.0529122 -0.0220878 0.2829122
v 0.0529122 -0.0220878 0.2829122
v 0.0566233 -0.0386000 0.2866233
v 0.0566233 -0.0386000 0.2866233
v 0.0566233 -0.0386000 0.2866233
v 0.0566233 -0.0386000 0.2866233
v 0.0566233 -0.0183768 0.2664000
v 0.0566233 -0.0183768 0.2664000
v 0.0566233 -0.0183768 0.2664000
v 0.0566233 -0.0183768 0.2664000
v 0.0364000 -0.3500000 0.0936000
v 0.0364000 -0.3500000 0.0936000
v 0.0364000 -0.3500000 0.0936000
v 0.0364000 -0.3500000 0.0936000
v 0.0364000 -0.3214000 0.0650000
v 0.0364000 -0.3214000 0.0650000
v 0.0364000 -0.3214000 0.0650000
v 0.0364000 -0.3214000 0.0650000
v 0.0650000 -0.3214000 0.0936000
v 0.0650000 -0.3214000 0.0936000
v 0.0650000 -0.3214000 0.0936000
v 0.0650000 -0.3214000 0.0936000
v 0.0364000 -0.3416233 0.0733768
v 0.0364000 -0.3416233 0.0733768
v 0.0364000 -0.3416233 0.0733768
v 0.0364000 -0.3416233 0.0733768
v 0.0529122 -0.3379122 0.0770878
v 0.0529122 -0.3379122 0.0770878
v 0.0529122 -0.3379122 0.0770878
v 0.0566233 -0.3214000 0.0733768
v 0.0566233 -0.3214000 0.0733768
v 0.0566233 -0.3214000 0.0733768
v 0.0566233 -0.3214000 0.0733768
v 0.0566233 -0.3416233 0.0936000
v 0.0566233 -0.3416233 0.0936000
v 0.0566233 -0.3416233 0.0936000
v 0.0566233 -0.3416233 0.0936000
v 0.0364000 -0.0100000 0.0936000
v 0.0364000 -0.0100000 0.0936000
v 0.0364000 -0.0100000 0.0936000
v 0.0364000 -0.0100000 0.0936000
v 0.0650000 -0.0386000 0.0936000
v 0.0650000 -0.0386000 0.0936000
v 0.0650000 -0.0386000 0.0936000
v 0.0650000 -0.0386000 0.0936000
v 0.0364000 -0.0386000 0.0650000
v 0.0364000 -0.0386000 0.0650000
v 0.0364000 -0.0386000 0.0650000
v 0.0364000 -0.0386000 0.0650000
v 0.0566233 -0.0183768 0.0936000
v 0.0566233 -0.0183768 0.0936000
v 0.0566233 -0.0183768 0.0936000
v 0.0566233 -0.0183768 0.0936000
v 0.0529122 -0.0220878 0.0770878
v 0.0529122 -0.0220878 0.0770878
v 0.0529122 -0.0220878 0.0770878
v 0.0566233 -0.0386000 0.0733768
v 0.0566233 -0.0386000 0.0733768
v 0.0566233 -0.0386000 0.0733768
v 0.0566233 -0.0386000 0.0733768
v 0.0364000 -0.0183768 0.0733768
v 0.0364000 -0.0183768 0.0733768
v 0.0364000 -0.0183768 0.0733768
v 0.0364000 -0.0183768 0.0733768
vt 0.1800000 0.2810870
vt 0.1800000 0.2810870
vt 0.1800000 0.2810870
vt 0.1800000 0.2810870
vt 0.3960294 0.0549999
vt 0.3960294 0.0549999
vt 0.3960294 0.0549999
vt 0.3960294 0.0549999
vt 0.3960294 0.9689130
vt 0.3960294 0.9689130
vt 0.3960294 0.9689130
vt 0.3960294 0.9689130
vt 0.3750000 0.0550001
vt 0.1800000 0.2500000
vt 0.3750000 0.0550001
vt 0.1800000 0.2500000
vt 0.3838881 0.0000000
vt 0.1482457 0.2500000
vt 0.3750000 0.9868611
vt 0.3960294 0.0000000
vt 0.3960294 0.0000000
vt 0.3960294 1.0000000
vt 0.3960294 1.0000000
vt 0.1250000 0.2810870
vt 0.1250000 0.2810870
vt 0.3750000 0.9689131
vt 0.3750000 0.9689131
vt 0.6039706 0.0549999
vt 0.6039706 0.0549999
vt 0.6039706 0.0549999
vt 0.6039706 0.0549999
vt 0.8200001 0.2810870
vt 0.8200001 0.2810870
vt 0.8200001 0.2810870
vt 0.8200001 0.2810870
vt 0.6039706 0.9689130
vt 0.6039706 0.9689130
vt 0.6039706 0.9689130
vt 0.6039706 0.9689130
vt 0.6250000 0.0550000
vt 0.8200000 0.2500000
vt 0.6250000 0.0550000
vt 0.8200000 0.2500000
vt 0.6250000 0.0232458
vt 0.8750000 0.2631389
vt 0.6161119 1.0000000
vt 0.8750000 0.2810870
vt 0.8750000 0.2810870
vt 0.6250000 0.9689130
vt 0.6250000 0.9689130
vt 0.6039706 0.0000000
vt 0.6039706 0.0000000
vt 0.6039706 1.0000000
vt 0.6039706 1.0000000
vt 0.1800000 0.4689130
vt 0.1800000 0.4689130
vt 0.1800000 0.4689130
vt 0.1800000 0.4689130
vt 0.3960294 0.7810869
vt 0.3960294 0.7810869
vt 0.3960294 0.7810869
vt 0.3960294 0.7810869
vt 0.3960294 0.6950000
vt 0.3960294 0.6950000
vt 0.3960294 0.6950000
vt 0.3960294 0.6950000
vt 0.1250000 0.4689131
vt 0.1250000 0.4689131
vt 0.3750000 0.7810869
vt 0.3750000 0.7810869
vt 0.3750000 0.7267542
vt 0.1250000 0.4868611
vt 0.3838881 0.7500000
vt 0.3960294 0.7500000
vt 0.3960294 0.7500000
vt 0.3960294 0.7500000
vt 0.3960294 0.7500000
vt 0.3750000 0.6950000
vt 0.1800000 0.5000000
vt 0.3750000 0.6950000
vt 0.1800000 0.5000000
vt 0.8200001 0.4689130
vt 0.8200001 0.4689130
vt 0.8200001 0.4689130
vt 0.8200001 0.4689130
vt 0.6039706 0.6950000
vt 0.6039706 0.6950000
vt 0.6039706 0.6950000
vt 0.6039706 0.6950000
vt 0.6039705 0.7810869
vt 0.6039705 0.7810869
vt 0.6039705 0.7810869
vt 0.6039705 0.7810869
vt 0.6250000 0.6950000
vt 0.8200001 0.5000000
vt 0.6250000 0.6950000
vt 0.8200001 0.5000000
vt 0.6161119 0.7500000
vt 0.8517542 0.5000000
vt 0.6250000 0.7631389
vt 0.6039706 0.7500000
vt 0.6039705 0.7500000
vt 0.6039705 0.7500000
vt 0.6039705 0.7500000
vt 0.8750000 0.4689131
vt 0.8750000 0.4689131
vt 0.6250000 0.7810869
vt 0.6250000 0.7810869
vt 0.3200000 0.2810870
vt 0.3200000 0.2810870
vt 0.3200000 0.2810870
vt 0.3200000 0.2810870
vt 0.3960294 0.2810870
vt 0.3960294 0.2810870
vt 0.3960294 0.2810870
vt 0.3960294 0.2810870
vt 0.3960294 0.1949999
vt 0.3960294 0.1949999
vt 0.3960294 0.1949999
vt 0.3960294 0.1949999
vt 0.3750000 0.2810870
vt 0.3750000 0.2810870
vt 0.3750000 0.2810870
vt 0.3750000 0.2810870
vt 0.3779627 0.2466310
vt 0.3779627 0.2466310
vt 0.3779627 0.2466310
vt 0.3960294 0.2500000
vt 0.3960294 0.2500000
vt 0.3960294 0.2500000
vt 0.3960294 0.2500000
vt 0.3750000 0.1950000
vt 0.3200000 0.2500000
vt 0.3750000 0.1950000
vt 0.3200000 0.2500000
vt 0.6800000 0.2810870
vt 0.6800000 0.2810870
vt 0.6800000 0.2810870
vt 0.6800000 0.2810870
vt 0.6039706 0.1949999
vt 0.6039706 0.1949999
vt 0.6039706 0.1949999
vt 0.6039706 0.1949999
vt 0.6039705 0.2810870
vt 0.6039705 0.2810870
vt 0.6039705 0.2810870
vt 0.6039705 0.2810870
vt 0.6250000 0.1950001
vt 0.6800000 0.2500000
vt 0.6250000 0.1950001
vt 0.6800000 0.2500000
vt 0.6297859 0.2543796
vt 0.6297859 0.2543796
vt 0.6297859 0.2543796
vt 0.6039706 0.2500000
vt 0.6039705 0.2500000
vt 0.6039705 0.2500000
vt 0.6039705 0.2500000
vt 0.6250000 0.2810870
vt 0.6250000 0.2810870
vt 0.6250000 0.2810870
vt 0.6250000 0.2810870
vt 0.3200000 0.4689130
vt 0.3200000 0.4689130
vt 0.3200000 0.4689130
vt 0.3200000 0.4689130
vt 0.3960294 0.5550000
vt 0.3960294 0.5550000
vt 0.3960294 0.5550000
vt 0.3960294 0.5550000
vt 0.3960294 0.4689130
vt 0.3960294 0.4689130
vt 0.3960294 0.4689130
vt 0.3960294 0.4689130
vt 0.3750000 0.5550000
vt 0.3200000 0.5000000
vt 0.3750000 0.5550000
vt 0.3200000 0.5000000
vt 0.3702141 0.4956204
vt 0.3702141 0.4956204
vt 0.3702141 0.4956204
vt 0.3960294 0.5000000
vt 0.3960294 0.5000000
vt 0.3960294 0.5000000
vt 0.3960294 0.5000000
vt 0.3750000 0.4689131
vt 0.3750000 0.4689131
vt 0.3750000 0.4689131
vt 0.3750000 0.4689131
vt 0.6800001 0.4689130
vt 0.6800001 0.4689130
vt 0.6800001 0.4689130
vt 0.6800001 0.4689130
vt 0.6039706 0.4689130
vt 0.6039706 0.4689130
vt 0.6039706 0.4689130
vt 0.6039706 0.4689130
vt 0.6039706 0.5549999
vt 0.6039706 0.5549999
vt 0.6039706 0.5549999
vt 0.6039706 0.5549999
vt 0.6250000 0.4689131
vt 0.6250000 0.4689131
vt 0.6250000 0.4689130
vt 0.6250000 0.4689131
vt 0.6220374 0.5033689
vt 0.6220374 0.5033689
vt 0.6220374 0.5033689
vt 0.6039705 0.5000000
vt 0.6039705 0.5000000
vt 0.6039706 0.5000000
vt 0.6039705 0.5000000
vt 0.6250000 0.5550000
vt 0.6799999 0.5000000
vt 0.6250000 0.5550000
vt 0.6799999 0.5000000
vn 0.0000000 -0.9238767 0.3826903
vn 0.0000000 -1.0000000 0.0000000
vn -0.3250835 -0.8880549 0.3250835
vn -0.3826903 -0.9238767 0.0000000
vn 0.0000000 0.0000000 1.0000000
vn 0.0000000 -0.3826903 0.9238767
vn -0.3250835 -0.3250835 0.8880549
vn -0.3826903 0.0000000 0.9238767
vn -0.8880549 -0.3250835 0.3250835
vn -0.9238767 0.0000000 0.3826903
vn -0.9238767 -0.3826903 0.0000000
vn -1.0000000 0.0000000 0.0000000
vn 0.0000000 -0.3826903 0.9238767
vn 0.0000000 -0.9238767 0.3826903
vn -0.3250835 -0.3250835 0.8880549
vn -0.3250835 -0.8880549 0.3250835
vn -0.3250835 -0.3250835 0.8880549
vn -0.3250835 -0.8880549 0.3250835
vn -0.8880549 -0.3250835 0.3250835
vn -0.3250835 -0.3250835 0.8880549
vn -0.3826903 0.0000000 0.9238767
vn -0.8880549 -0.3250835 0.3250835
vn -0.9238767 0.0000000 0.3826903
vn -0.3250835 -0.8880549 0.3250835
vn -0.3826903 -0.9238767 0.0000000
vn -0.8880549 -0.3250835 0.3250835
vn -0.9238767 -0.3826903 0.0000000
vn 0.0000000 0.0000000 1.0000000
vn 0.0000000 0.3826903 0.9238767
vn -0.3250835 0.3250835 0.8880549
vn -0.3826903 0.0000000 0.9238767
vn 0.0000000 0.9238767 0.3826903
vn 0.0000000 1.0000000 0.0000000
vn -0.3250835 0.8880549 0.3250835
vn -0.3826903 0.9238767 0.0000000
vn -0.8880549 0.3250835 0.3250835
vn -0.9238767 0.0000000 0.3826903
vn -0.9238767 0.3826903 0.0000000
vn -1.0000000 0.0000000 0.0000000
vn 0.0000000 0.3826903 0.9238767
vn 0.0000000 0.9238767 0.3826903
vn -0.3250835 0.3250835 0.8880549
vn -0.3250835 0.8880549 0.3250835
vn -0.3250835 0.3250835 0.8880549
vn -0.3250835 0.8880549 0.3250835
vn -0.8880549 0.3250835 0.3250835
vn -0.3250835 0.8880549 0.3250835
vn -0.3826903 0.9238767 0.0000000
vn -0.8880549 0.3250835 0.3250835
vn -0.9238767 0.3826903 0.0000000
vn -0.3250835 0.3250835 0.8880549
vn -0.3826903 0.0000000 0.9238767
vn -0.8880549 0.3250835 0.3250835
vn -0.9238767 0.0000000 0.3826903
vn 0.0000000 -0.9238767 -0.3826903
vn 0.0000000 -1.0000000 0.0000000
vn -0.3250835 -0.8880549 -0.3250835
vn -0.3826903 -0.9238767 0.0000000
vn -0.8880549 -0.3250835 -0.3250835
vn -0.9238767 0.0000000 -0.3826903
vn -0.9238767 -0.3826903 0.0000000
vn -1.0000000 0.0000000 0.0000000
vn 0.0000000 0.0000000 -1.0000000
vn 0.0000000 -0.3826903 -0.9238767
vn -0.3250835 -0.3250835 -0.8880549
vn -0.3826903 0.0000000 -0.9238767
vn -0.3250835 -0.8880549 -0.3250835
vn -0.3826903 -0.9238767 0.0000000
vn -0.8880549 -0.3250835 -0.3250835
vn -0.9238767 -0.3826903 0.0000000
vn -0.3250835 -0.3250835 -0.8880549
vn -0.3250835 -0.8880549 -0.3250835
vn -0.8880549 -0.3250835 -0.3250835
vn -0.3250835 -0.3250835 -0.8880549
vn -0.3826903 0.0000000 -0.9238767
vn -0.8880549 -0.3250835 -0.3250835
vn -0.9238767 0.0000000 -0.3826903
vn 0.0000000 -0.3826903 -0.9238767
vn 0.0000000 -0.9238767 -0.3826903
vn -0.3250835 -0.3250835 -0.8880549
vn -0.3250835 -0.8880549 -0.3250835
vn 0.0000000 0.9238767 -0.3826903
vn 0.0000000 1.0000000 0.0000000
vn -0.3250835 0.8880549 -0.3250835
vn -0.3826903 0.9238767 0.0000000
vn 0.0000000 0.0000000 -1.0000000
vn 0.0000000 0.3826903 -0.9238767
vn -0.3250835 0.3250835 -0.8880549
vn -0.3826903 0.0000000 -0.9238767
vn -0.8880549 0.3250835 -0.3250835
vn -0.9238767 0.0000000 -0.3826903
vn -0.9238767 0.3826903 0.0000000
vn -1.0000000 0.0000000 0.0000000
vn 0.0000000 0.3826903 -0.9238767
vn 0.0000000 0.9238767 -0.3826903
vn -0.3250835 0.3250835 -0.8880549
vn -0.3250835 0.8880549 -0.3250835
vn -0.3250835 0.3250835 -0.8880549
vn -0.3250835 0.8880549 -0.3250835
vn -0.8880549 0.3250835 -0.3250835
vn -0.3250835 0.3250835 -0.8880549
vn -0.3826903 0.0000000 -0.9238767
vn -0.8880549 0.3250835 -0.3250835
vn -0.9238767 0.0000000 -0.3826903
vn -0.3250835 0.8880549 -0.3250835
vn -0.3826903 0.9238767 0.0000000
vn -0.8880549 0.3250835 -0.3250835
vn -0.9238767 0.3826903 0.0000000
vn 0.0000000 -0.9238767 0.3826903
vn 0.0000000 -1.0000000 0.0000000
vn 0.3250835 -0.8880549 0.3250835
vn 0.3826903 -0.9238767 0.0000000
vn 0.8880549 -0.3250835 0.3250835
vn 0.9238767 0.0000000 0.3826903
vn 0.9238767 -0.3826903 0.0000000
vn 1.0000000 0.0000000 0.0000000
vn 0.0000000 0.0000000 1.0000000
vn 0.0000000 -0.3826903 0.9238767
vn 0.3250835 -0.3250835 0.8880549
vn 0.3826903 0.0000000 0.9238767
vn 0.3250835 -0.8880549 0.3250835
vn 0.3826903 -0.9238767 0.0000000
vn 0.8880549 -0.3250835 0.3250835
vn 0.9238767 -0.3826903 0.0000000
vn 0.3250835 -0.3250835 0.8880549
vn 0.3250835 -0.8880549 0.3250835
vn 0.8880549 -0.3250835 0.3250835
vn 0.3250835 -0.3250835 0.8880549
vn 0.3826903 0.0000000 0.9238767
vn 0.8880549 -0.3250835 0.3250835
vn 0.9238767 0.0000000 0.3826903
vn 0.0000000 -0.3826903 0.9238767
vn 0.0000000 -0.9238767 0.3826903
vn 0.3250835 -0.3250835 0.8880549
vn 0.3250835 -0.8880549 0.3250835
vn 0.0000000 0.9238767 0.3826903
vn 0.0000000 1.0000000 0.0000000
vn 0.3250835 0.8880549 0.3250835
vn 0.3826903 0.9238767 0.0000000
vn 0.0000000 0.0000000 1.0000000
vn 0.0000000 0.3826903 0.9238767
vn 0.3250835 0.3250835 0.8880549
vn 0.3826903 0.0000000 0.9238767
vn 0.8880549 0.3250835 0.3250835
vn 0.9238767 0.0000000 0.3826903
vn 0.9238767 0.3826903 0.0000000
vn 1.0000000 0.0000000 0.0000000
vn 0.0000000 0.3826903 0.9238767
vn 0.0000000 0.9238767 0.3826903
vn 0.3250835 0.3250835 0.8880549
vn 0.3250835 0.8880549 0.3250835
vn 0.3250835 0.3250835 0.8880549
vn 0.3250835 0.8880549 0.3250835
vn 0.8880549 0.3250835 0.3250835
vn 0.3250835 0.3250835 0.8880549
vn 0.3826903 0.0000000 0.9238767
vn 0.8880549 0.3250835 0.3250835
vn 0.9238767 0.0000000 0.3826903
vn 0.3250835 0.8880549 0.3250835
vn 0.3826903 0.9238767 0.0000000
vn 0.8880549 0.3250835 0.3250835
vn 0.9238767 0.3826903 0.0000000
vn 0.0000000 -0.9238767 -0.3826903
vn 0.0000000 -1.0000000 0.0000000
vn 0.3250835 -0.8880549 -0.3250835
vn 0.3826903 -0.9238767 0.0000000
vn 0.0000000 0.0000000 -1.0000000
vn 0.0000000 -0.3826903 -0.9238767
vn 0.3250835 -0.3250835 -0.8880549
vn 0.3826903 0.0000000 -0.9238767
vn 0.8880549 -0.3250835 -0.3250835
vn 0.9238767 0.0000000 -0.3826903
vn 0.9238767 -0.3826903 0.0000000
vn 1.0000000 0.0000000 0.0000000
vn 0.0000000 -0.3826903 -0.9238767
vn 0.0000000 -0.9238767 -0.3826903
vn 0.3250835 -0.3250835 -0.8880549
vn 0.3250835 -0.8880549 -0.3250835
vn 0.3250835 -0.3250835 -0.8880549
vn 0.3250835 -0.8880549 -0.3250835
vn 0.8880549 -0.3250835 -0.3250835
vn 0.3250835 -0.3250835 -0.8880549
vn 0.3826903 0.0000000 -0.9238767
vn 0.8880549 -0.3250835 -0.3250835
vn 0.9238767 0.0000000 -0.3826903
vn 0.3250835 -0.8880549 -0.3250835
vn 0.3826903 -0.9238767 0.0000000
vn 0.8880549 -0.3250835 -0.3250835
vn 0.9238767 -0.3826903 0.0000000
vn 0.0000000 0.9238767 -0.3826903
vn 0.0000000 1.0000000 0.0000000
vn 0.3250835 0.8880549 -0.3250835
vn 0.3826903 0.9238767 0.0000000
vn 0.8880549 0.3250835 -0.3250835
vn 0.9238767 0.0000000 -0.3826903
vn 0.9238767 0.3826903 0.0000000
vn 1.0000000 0.0000000 0.0000000
vn 0.0000000 0.0000000 -1.0000000
vn 0.0000000 0.3826903 -0.9238767
vn 0.3250835 0.3250835 -0.8880549
vn 0.3826903 0.0000000 -0.9238767
vn 0.3250835 0.8880549 -0.3250835
vn 0.3826903 0.9238767 0.0000000
vn 0.8880549 0.3250835 -0.3250835
vn 0.9238767 0.3826903 0.0000000
vn 0.3250835 0.3250835 -0.8880549
vn 0.3250835 0.8880549 -0.3250835
vn 0.8880549 0.3250835 -0.3250835
vn 0.3250835 0.3250835 -0.8880549
vn 0.3826903 0.0000000 -0.9238767
vn 0.8880549 0.3250835 -0.3250835
vn 0.9238767 0.0000000 -0.3826903
vn 0.0000000 0.3826903 -0.9238767
vn 0.0000000 0.9238767 -0.3826903
vn 0.3250835 0.3250835 -0.8880549
vn 0.3250835 0.8880549 -0.3250835
f 1421/1421/1421 1444/1444/1444 1332/1332/1332
f 1421/1421/1421 1332/1332/1332 1309/1309/1309
f 1478/1478/1478 1501/1501/1501 1451/1451/1451
f 1478/1478/1478 1451/1451/1451 1420/1420/1420
f 1495/1495/1495 1387/1387/1387 1337/1337/1337
f 1495/1495/1495 1337/1337/1337 1441/1441/1441
f 1316/1316/1316 1343/1343/1343 1397/1397/1397
f 1316/1316/1316 1397/1397/1397 1366/1366/1366
f 1367/1367/1367 1390/1390/1390 1502/1502/1502
f 1367/1367/1367 1502/1502/1502 1471/1471/1471
f 1307/1307/1307 1320/1320/1320 1322/1322/1322
f 1307/1307/1307 1322/1322/1322 1328/1328/1328
f 1311/1311/1311 1324/1324/1324 1321/1321/1321
f 1311/1311/1311 1321/1321/1321 1319/1319/1319
f 1313/1313/1313 1330/1330/1330 1323/1323/1323
f 1313/1313/1313 1323/1323/1323 1326/1326/1326
f 1334/1334/1334 1346/1346/1346 1348/1348/1348
f 1334/1334/1334 1348/1348/1348 1355/1355/1355
f 1338/1338/1338 1351/1351/1351 1349/1349/1349
f 1338/1338/1338 1349/1349/1349 1347/1347/1347
f 1340/1340/1340 1357/1357/1357 1350/1350/1350
f 1340/1340/1340 1350/1350/1350 1353/1353/1353
f 1361/1361/1361 1371/1371/1371 1376/1376/1376
f 1361/1361/1361 1376/1376/1376 1385/1385/1385
f 1363/1363/1363 1380/1380/1380 1377/1377/1377
f 1363/1363/1363 1377/1377/1377 1373/1373/1373
f 1369/1369/1369 1384/1384/1384 1375/1375/1375
f 1369/1369/1369 1375/1375/1375 1378/1378/1378
f 1388/1388/1388 1401/1401/1401 1403/1403/1403
f 1388/1388/1388 1403/1403/1403 1409/1409/1409
f 1392/1392/1392 1405/1405/1405 1402/1402/1402
f 1392/1392/1392 1402/1402/1402 1400/1400/1400
f 1394/1394/1394 1411/1411/1411 1404/1404/1404
f 1394/1394/1394 1404/1404/1404 1407/1407/1407
f 1415/1415/1415 1425/1425/1425 1430/1430/1430
f 1415/1415/1415 1430/1430/1430 1439/1439/1439
f 1417/1417/1417 1434/1434/1434 1431/1431/1431
f 1417/1417/1417 1431/1431/1431 1427/1427/1427
f 1423/1423/1423 1438/1438/1438 1429/1429/1429
f 1423/1423/1423 1429/1429/1429 1432/1432/1432
f 1442/1442/1442 1455/1455/1455 1457/1457/1457
f 1442/1442/1442 1457/1457/1457 1463/1463/1463
f 1446/1446/1446 1459/1459/1459 1456/1456/1456
f 1446/1446/1446 1456/1456/1456 1454/1454/1454
f 1448/1448/1448 1465/1465/1465 1458/1458/1458
f 1448/1448/1448 1458/1458/1458 1461/1461/1461
f 1469/1469/1469 1482/1482/1482 1484/1484/1484
f 1469/1469/1469 1484/1484/1484 1490/1490/1490
f 1473/1473/1473 1486/1486/1486 1483/1483/1483
f 1473/1473/1473 1483/1483/1483 1481/1481/1481
f 1475/1475/1475 1492/1492/1492 1485/1485/1485
f 1475/1475/1475 1485/1485/1485 1488/1488/1488
f 1496/1496/1496 1506/1506/1506 1511/1511/1511
f 1496/1496/1496 1511/1511/1511 1520/1520/1520
f 1498/1498/1498 1515/1515/1515 1512/1512/1512
f 1498/1498/1498 1512/1512/1512 1508/1508/1508
f 1504/1504/1504 1519/1519/1519 1510/1510/1510
f 1504/1504/1504 1510/1510/1510 1513/1513/1513
f 1362/1362/1362 1308/1308/1308 1329/1329/1329
f 1362/1362/1362 1329/1329/1329 1372/1372/1372
f 1374/1374/1374 1331/1331/1331 1315/1315/1315
f 1374/1374/1374 1315/1315/1315 1365/1365/1365
f 1312/1312/1312 1335/1335/1335 1356/1356/1356
f 1312/1312/1312 1356/1356/1356 1325/1325/1325
f 1327/1327/1327 1358/1358/1358 1341/1341/1341
f 1327/1327/1327 1341/1341/1341 1314/1314/1314
f 1339/1339/1339 1389/1389/1389 1410/1410/1410
f 1339/1339/1339 1410/1410/1410 1352/1352/1352
f 1354/1354/1354 1412/1412/1412 1396/1396/1396
f 1354/1354/1354 1396/1396/1396 1342/1342/1342
f 1393/1393/1393 1370/1370/1370 1379/1379/1379
f 1393/1393/1393 1379/1379/1379 1406/1406/1406
f 1408/1408/1408 1381/1381/1381 1364/1364/1364
f 1408/1408/1408 1364/1364/1364 1395/1395/1395
f 1467/1467/1467 1359/1359/1359 1383/1383/1383
f 1467/1467/1467 1383/1383/1383 1480/1480/1480
f 1479/1479/1479 1382/1382/1382 1368/1368/1368
f 1479/1479/1479 1368/1368/1368 1472/1472/1472
f 1386/1386/1386 1494/1494/1494 1518/1518/1518
f 1386/1386/1386 1518/1518/1518 1399/1399/1399
f 1398/1398/1398 1517/1517/1517 1503/1503/1503
f 1398/1398/1398 1503/1503/1503 1391/1391/1391
f 1499/1499/1499 1476/1476/1476 1489/1489/1489
f 1499/1499/1499 1489/1489/1489 1516/1516/1516
f 1514/1514/1514 1487/1487/1487 1474/1474/1474
f 1514/1514/1514 1474/1474/1474 1505/1505/1505
f 1416/1416/1416 1470/1470/1470 1491/1491/1491
f 1416/1416/1416 1491/1491/1491 1426/1426/1426
f 1428/1428/1428 1493/1493/1493 1477/1477/1477
f 1428/1428/1428 1477/1477/1477 1419/1419/1419
f 1497/1497/1497 1443/1443/1443 1464/1464/1464
f 1497/1497/1497 1464/1464/1464 1507/1507/1507
f 1509/1509/1509 1466/1466/1466 1450/1450/1450
f 1509/1509/1509 1450/1450/1450 1500/1500/1500
f 1447/1447/1447 1424/1424/1424 1433/1433/1433
f 1447/1447/1447 1433/1433/1433 1460/1460/1460
f 1462/1462/1462 1435/1435/1435 1418/1418/1418
f 1462/1462/1462 1418/1418/1418 1449/1449/1449
f 1305/1305/1305 1413/1413/1413 1437/1437/1437
f 1305/1305/1305 1437/1437/1437 1318/1318/1318
f 1317/1317/1317 1436/1436/1436 1422/1422/1422
f 1317/1317/1317 1422/1422/1422 1310/1310/1310
f 1440/1440/1440 1336/1336/1336 1345/1345/1345
f 1440/1440/1440 1345/1345/1345 1453/1453/1453
f 1452/1452/1452 1344/1344/1344 1333/1333/1333
f 1452/1452/1452 1333/1333/1333 1445/1445/1445
f 1360/1360/1360 1468/1468/1468 1414/1414/1414
f 1360/1360/1360 1414/1414/1414 1306/1306/1306
o Muzzle_brake.001_0
usemtl Gunmetal
v 0.0000000 0.1086215 0.9750000
v 0.0000000 0.1086215 0.9750000
v 0.0000000 0.1086215 0.9750000
v 0.0000000 0.1150000 0.9813000
v 0.0000000 0.1150000 0.9813000
v 0.0000000 0.1150000 0.9813000
v 0.0000000 0.1150000 0.9813000
v 0.0000000 0.1131318 0.9768452
v 0.0000000 0.1131318 0.9768452
v 0.0000000 0.1131318 0.9768452
v 0.0000000 0.1131318 0.9768452
v 0.0000000 0.1086215 1.1050000
v 0.0000000 0.1086215 1.1050000
v 0.0000000 0.1086215 1.1050000
v 0.0000000 0.1150000 1.0987000
v 0.0000000 0.1150000 1.0987000
v 0.0000000 0.1150000 1.0987000
v 0.0000000 0.1150000 1.0987000
v 0.0000000 0.1131318 1.1031547
v 0.0000000 0.1131318 1.1031547
v 0.0000000 0.1131318 1.1031547
v 0.0000000 0.1131318 1.1031547
v 0.0119347 0.1067312 0.9750000
v 0.0119347 0.1067312 0.9750000
v 0.0119347 0.1067312 0.9750000
v 0.0139058 0.1127976 0.9813000
v 0.0139058 0.1127976 0.9813000
v 0.0139058 0.1127976 0.9813000
v 0.0139058 0.1127976 0.9813000
v 0.0133285 0.1110208 0.9768452
v 0.0133285 0.1110208 0.9768452
v 0.0133285 0.1110208 0.9768452
v 0.0133285 0.1110208 0.9768452
v 0.0119347 0.1067312 1.1050000
v 0.0119347 0.1067312 1.1050000
v 0.0119347 0.1067312 1.1050000
v 0.0139058 0.1127975 1.0987000
v 0.0139058 0.1127975 1.0987000
v 0.0139058 0.1127975 1.0987000
v 0.0139058 0.1127975 1.0987000
v 0.0133285 0.1110208 1.1031547
v 0.0133285 0.1110208 1.1031547
v 0.0133285 0.1110208 1.1031547
v 0.0133285 0.1110208 1.1031547
v 0.0227011 0.1012454 0.9750000
v 0.0227011 0.1012454 0.9750000
v 0.0227011 0.1012454 0.9750000
v 0.0264503 0.1064058 0.9813000
v 0.0264503 0.1064058 0.9813000
v 0.0264503 0.1064058 0.9813000
v 0.0264503 0.1064058 0.9813000
v 0.0253522 0.1048944 0.9768452
v 0.0253522 0.1048944 0.9768452
v 0.0253522 0.1048944 0.9768452
v 0.0253522 0.1048944 0.9768452
v 0.0227011 0.1012454 1.1050000
v 0.0227011 0.1012454 1.1050000
v 0.0227011 0.1012454 1.1050000
v 0.0264503 0.1064058 1.0987000
v 0.0264503 0.1064058 1.0987000
v 0.0264503 0.1064058 1.0987000
v 0.0264503 0.1064058 1.0987000
v 0.0253522 0.1048943 1.1031547
v 0.0253522 0.1048943 1.1031547
v 0.0253522 0.1048943 1.1031547
v 0.0253522 0.1048943 1.1031547
v 0.0312454 0.0927011 0.9750000
v 0.0312454 0.0927011 0.9750000
v 0.0312454 0.0927011 0.9750000
v 0.0364058 0.0964503 0.9813000
v 0.0364058 0.0964503 0.9813000
v 0.0364058 0.0964503 0.9813000
v 0.0364058 0.0964503 0.9813000
v 0.0348943 0.0953522 0.9768452
v 0.0348943 0.0953522 0.9768452
v 0.0348943 0.0953522 0.9768452
v 0.0348943 0.0953522 0.9768452
v 0.0312454 0.0927011 1.1050000
v 0.0312454 0.0927011 1.1050000
v 0.0312454 0.0927011 1.1050000
v 0.0364058 0.0964503 1.0987000
v 0.0364058 0.0964503 1.0987000
v 0.0364058 0.0964503 1.0987000
v 0.0364058 0.0964503 1.0987000
v 0.0348943 0.0953522 1.1031547
v 0.0348943 0.0953522 1.1031547
v 0.0348943 0.0953522 1.1031547
v 0.0348943 0.0953522 1.1031547
v 0.0367312 0.0819347 0.9750000
v 0.0367312 0.0819347 0.9750000
v 0.0367312 0.0819347 0.9750000
v 0.0427975 0.0839058 0.9813000
v 0.0427975 0.0839058 0.9813000
v 0.0427975 0.0839058 0.9813000
v 0.0427975 0.0839058 0.9813000
v 0.0410208 0.0833285 0.9768452
v 0.0410208 0.0833285 0.9768452
v 0.0410208 0.0833285 0.9768452
v 0.0410208 0.0833285 0.9768452
v 0.0367312 0.0819347 1.1050000
v 0.0367312 0.0819347 1.1050000
v 0.0367312 0.0819347 1.1050000
v 0.0427975 0.0839058 1.0987000
v 0.0427975 0.0839058 1.0987000
v 0.0427975 0.0839058 1.0987000
v 0.0427975 0.0839058 1.0987000
v 0.0410208 0.0833284 1.1031547
v 0.0410208 0.0833284 1.1031547
v 0.0410208 0.0833284 1.1031547
v 0.0410208 0.0833284 1.1031547
v 0.0386215 0.0700000 0.9750000
v 0.0386215 0.0700000 0.9750000
v 0.0386215 0.0700000 0.9750000
v 0.0450000 0.0700000 0.9813000
v 0.0450000 0.0700000 0.9813000
v 0.0450000 0.0700000 0.9813000
v 0.0450000 0.0700000 0.9813000
v 0.0431318 0.0700000 0.9768452
v 0.0431318 0.0700000 0.9768452
v 0.0431318 0.0700000 0.9768452
v 0.0431318 0.0700000 0.9768452
v 0.0386215 0.0700000 1.1050000
v 0.0386215 0.0700000 1.1050000
v 0.0386215 0.0700000 1.1050000
v 0.0450000 0.0700000 1.0987000
v 0.0450000 0.0700000 1.0987000
v 0.0450000 0.0700000 1.0987000
v 0.0450000 0.0700000 1.0987000
v 0.0431318 0.0700000 1.1031547
v 0.0431318 0.0700000 1.1031547
v 0.0431318 0.0700000 1.1031547
v 0.0431318 0.0700000 1.1031547
v 0.0367312 0.0580653 0.9750000
v 0.0367312 0.0580653 0.9750000
v 0.0367312 0.0580653 0.9750000
v 0.0427975 0.0560942 0.9813000
v 0.0427975 0.0560942 0.9813000
v 0.0427975 0.0560942 0.9813000
v 0.0427975 0.0560942 0.9813000
v 0.0410208 0.0566716 0.9768452
v 0.0410208 0.0566716 0.9768452
v 0.0410208 0.0566716 0.9768452
v 0.0410208 0.0566716 0.9768452
v 0.0367312 0.0580653 1.1050000
v 0.0367312 0.0580653 1.1050000
v 0.0367312 0.0580653 1.1050000
v 0.0427975 0.0560942 1.0987000
v 0.0427975 0.0560942 1.0987000
v 0.0427975 0.0560942 1.0987000
v 0.0427975 0.0560942 1.0987000
v 0.0410208 0.0566715 1.1031547
v 0.0410208 0.0566715 1.1031547
v 0.0410208 0.0566715 1.1031547
v 0.0410208 0.0566715 1.1031547
v 0.0312454 0.0472989 0.9750000
v 0.0312454 0.0472989 0.9750000
v 0.0312454 0.0472989 0.9750000
v 0.0364058 0.0435497 0.9813000
v 0.0364058 0.0435497 0.9813000
v 0.0364058 0.0435497 0.9813000
v 0.0364058 0.0435497 0.9813000
v 0.0348943 0.0446478 0.9768452
v 0.0348943 0.0446478 0.9768452
v 0.0348943 0.0446478 0.9768452
v 0.0348943 0.0446478 0.9768452
v 0.0312454 0.0472989 1.1050000
v 0.0312454 0.0472989 1.1050000
v 0.0312454 0.0472989 1.1050000
v 0.0364058 0.0435497 1.0987000
v 0.0364058 0.0435497 1.0987000
v 0.0364058 0.0435497 1.0987000
v 0.0364058 0.0435497 1.0987000
v 0.0348943 0.0446478 1.1031547
v 0.0348943 0.0446478 1.1031547
v 0.0348943 0.0446478 1.1031547
v 0.0348943 0.0446478 1.1031547
v 0.0227011 0.0387546 0.9750000
v 0.0227011 0.0387546 0.9750000
v 0.0227011 0.0387546 0.9750000
v 0.0264503 0.0335942 0.9813000
v 0.0264503 0.0335942 0.9813000
v 0.0264503 0.0335942 0.9813000
v 0.0264503 0.0335942 0.9813000
v 0.0253522 0.0351057 0.9768452
v 0.0253522 0.0351057 0.9768452
v 0.0253522 0.0351057 0.9768452
v 0.0253522 0.0351057 0.9768452
v 0.0227011 0.0387546 1.1050000
v 0.0227011 0.0387546 1.1050000
v 0.0227011 0.0387546 1.1050000
v 0.0264503 0.0335942 1.0987000
v 0.0264503 0.0335942 1.0987000
v 0.0264503 0.0335942 1.0987000
v 0.0264503 0.0335942 1.0987000
v 0.0253522 0.0351056 1.1031547
v 0.0253522 0.0351056 1.1031547
v 0.0253522 0.0351056 1.1031547
v 0.0253522 0.0351056 1.1031547
v 0.0119347 0.0332688 0.9750000
v 0.0119347 0.0332688 0.9750000
v 0.0119347 0.0332688 0.9750000
v 0.0139058 0.0272025 0.9812999
v 0.0139058 0.0272025 0.9812999
v 0.0139058 0.0272025 0.9812999
v 0.0139058 0.0272025 0.9812999
v 0.0133285 0.0289792 0.9768452
v 0.0133285 0.0289792 0.9768452
v 0.0133285 0.0289792 0.9768452
v 0.0133285 0.0289792 0.9768452
v 0.0119347 0.0332688 1.1050000
v 0.0119347 0.0332688 1.1050000
v 0.0119347 0.0332688 1.1050000
v 0.0139058 0.0272024 1.0987000
v 0.0139058 0.0272024 1.0987000
v 0.0139058 0.0272024 1.0987000
v 0.0139058 0.0272024 1.0987000
v 0.0133285 0.0289792 1.1031547
v 0.0133285 0.0289792 1.1031547
v 0.0133285 0.0289792 1.1031547
v 0.0133285 0.0289792 1.1031547
v 0.0000000 0.0313785 0.9750000
v 0.0000000 0.0313785 0.9750000
v 0.0000000 0.0313785 0.9750000
v 0.0000000 0.0250000 0.9812999
v 0.0000000 0.0250000 0.9812999
v 0.0000000 0.0250000 0.9812999
v 0.0000000 0.0250000 0.9812999
v 0.0000000 0.0268682 0.9768452
v 0.0000000 0.0268682 0.9768452
v 0.0000000 0.0268682 0.9768452
v 0.0000000 0.0268682 0.9768452
v 0.0000000 0.0313785 1.1050000
v 0.0000000 0.0313785 1.1050000
v 0.0000000 0.0313785 1.1050000
v 0.0000000 0.0250000 1.0987000
v 0.0000000 0.0250000 1.0987000
v 0.0000000 0.0250000 1.0987000
v 0.0000000 0.0250000 1.0987000
v 0.0000000 0.0268682 1.1031547
v 0.0000000 0.0268682 1.1031547
v 0.0000000 0.0268682 1.1031547
v 0.0000000 0.0268682 1.1031547
v -0.0119347 0.0332688 0.9750000
v -0.0119347 0.0332688 0.9750000
v -0.0119347 0.0332688 0.9750000
v -0.0139058 0.0272025 0.9812999
v -0.0139058 0.0272025 0.9812999
v -0.0139058 0.0272025 0.9812999
v -0.0139058 0.0272025 0.9812999
v -0.0133285 0.0289792 0.9768452
v -0.0133285 0.0289792 0.9768452
v -0.0133285 0.0289792 0.9768452
v -0.0133285 0.0289792 0.9768452
v -0.0119347 0.0332688 1.1050000
v -0.0119347 0.0332688 1.1050000
v -0.0119347 0.0332688 1.1050000
v -0.0139058 0.0272024 1.0987000
v -0.0139058 0.0272024 1.0987000
v -0.0139058 0.0272024 1.0987000
v -0.0139058 0.0272024 1.0987000
v -0.0133285 0.0289792 1.1031547
v -0.0133285 0.0289792 1.1031547
v -0.0133285 0.0289792 1.1031547
v -0.0133285 0.0289792 1.1031547
v -0.0227011 0.0387546 0.9750000
v -0.0227011 0.0387546 0.9750000
v -0.0227011 0.0387546 0.9750000
v -0.0264503 0.0335942 0.9813000
v -0.0264503 0.0335942 0.9813000
v -0.0264503 0.0335942 0.9813000
v -0.0264503 0.0335942 0.9813000
v -0.0253522 0.0351057 0.9768452
v -0.0253522 0.0351057 0.9768452
v -0.0253522 0.0351057 0.9768452
v -0.0253522 0.0351057 0.9768452
v -0.0227011 0.0387546 1.1050000
v -0.0227011 0.0387546 1.1050000
v -0.0227011 0.0387546 1.1050000
v -0.0264503 0.0335942 1.0987000
v -0.0264503 0.0335942 1.0987000
v -0.0264503 0.0335942 1.0987000
v -0.0264503 0.0335942 1.0987000
v -0.0253522 0.0351056 1.1031547
v -0.0253522 0.0351056 1.1031547
v -0.0253522 0.0351056 1.1031547
v -0.0253522 0.0351056 1.1031547
v -0.0312454 0.0472989 0.9750000
v -0.0312454 0.0472989 0.9750000
v -0.0312454 0.0472989 0.9750000
v -0.0364058 0.0435497 0.9813000
v -0.0364058 0.0435497 0.9813000
v -0.0364058 0.0435497 0.9813000
v -0.0364058 0.0435497 0.9813000
v -0.0348943 0.0446478 0.9768452
v -0.0348943 0.0446478 0.9768452
v -0.0348943 0.0446478 0.9768452
v -0.0348943 0.0446478 0.9768452
v -0.0312454 0.0472989 1.1050000
v -0.0312454 0.0472989 1.1050000
v -0.0312454 0.0472989 1.1050000
v -0.0364058 0.0435497 1.0987000
v -0.0364058 0.0435497 1.0987000
v -0.0364058 0.0435497 1.0987000
v -0.0364058 0.0435497 1.0987000
v -0.0348943 0.0446478 1.1031547
v -0.0348943 0.0446478 1.1031547
v -0.0348943 0.0446478 1.1031547
v -0.0348943 0.0446478 1.1031547
v -0.0367312 0.0580653 0.9750000
v -0.0367312 0.0580653 0.9750000
v -0.0367312 0.0580653 0.9750000
v -0.0427975 0.0560942 0.9813000
v -0.0427975 0.0560942 0.9813000
v -0.0427975 0.0560942 0.9813000
v -0.0427975 0.0560942 0.9813000
v -0.0410208 0.0566716 0.9768452
v -0.0410208 0.0566716 0.9768452
v -0.0410208 0.0566716 0.9768452
v -0.0410208 0.0566716 0.9768452
v -0.0367312 0.0580653 1.1050000
v -0.0367312 0.0580653 1.1050000
v -0.0367312 0.0580653 1.1050000
v -0.0427975 0.0560942 1.0987000
v -0.0427975 0.0560942 1.0987000
v -0.0427975 0.0560942 1.0987000
v -0.0427975 0.0560942 1.0987000
v -0.0410208 0.0566715 1.1031547
v -0.0410208 0.0566715 1.1031547
v -0.0410208 0.0566715 1.1031547
v -0.0410208 0.0566715 1.1031547
v -0.0386215 0.0700000 0.9750000
v -0.0386215 0.0700000 0.9750000
v -0.0386215 0.0700000 0.9750000
v -0.0450000 0.0700000 0.9813000
v -0.0450000 0.0700000 0.9813000
v -0.0450000 0.0700000 0.9813000
v -0.0450000 0.0700000 0.9813000
v -0.0431318 0.0700000 0.9768452
v -0.0431318 0.0700000 0.9768452
v -0.0431318 0.0700000 0.9768452
v -0.0431318 0.0700000 0.9768452
v -0.0386215 0.0700000 1.1050000
v -0.0386215 0.0700000 1.1050000
v -0.0386215 0.0700000 1.1050000
v -0.0450000 0.0700000 1.0987000
v -0.0450000 0.0700000 1.0987000
v -0.0450000 0.0700000 1.0987000
v -0.0450000 0.0700000 1.0987000
v -0.0431318 0.0700000 1.1031547
v -0.0431318 0.0700000 1.1031547
v -0.0431318 0.0700000 1.1031547
v -0.0431318 0.0700000 1.1031547
v -0.0367312 0.0819347 0.9750000
v -0.0367312 0.0819347 0.9750000
v -0.0367312 0.0819347 0.9750000
v -0.0427975 0.0839058 0.9813000
v -0.0427975 0.0839058 0.9813000
v -0.0427975 0.0839058 0.9813000
v -0.0427975 0.0839058 0.9813000
v -0.0410208 0.0833285 0.9768452
v -0.0410208 0.0833285 0.9768452
v -0.0410208 0.0833285 0.9768452
v -0.0410208 0.0833285 0.9768452
v -0.0367312 0.0819347 1.1050000
v -0.0367312 0.0819347 1.1050000
v -0.0367312 0.0819347 1.1050000
v -0.0427975 0.0839058 1.0987000
v -0.0427975 0.0839058 1.0987000
v -0.0427975 0.0839058 1.0987000
v -0.0427975 0.0839058 1.0987000
v -0.0410208 0.0833284 1.1031547
v -0.0410208 0.0833284 1.1031547
v -0.0410208 0.0833284 1.1031547
v -0.0410208 0.0833284 1.1031547
v -0.0312454 0.0927011 0.9750000
v -0.0312454 0.0927011 0.9750000
v -0.0312454 0.0927011 0.9750000
v -0.0364058 0.0964503 0.9813000
v -0.0364058 0.0964503 0.9813000
v -0.0364058 0.0964503 0.9813000
v -0.0364058 0.0964503 0.9813000
v -0.0348943 0.0953522 0.9768452
v -0.0348943 0.0953522 0.9768452
v -0.0348943 0.0953522 0.9768452
v -0.0348943 0.0953522 0.9768452
v -0.0312454 0.0927011 1.1050000
v -0.0312454 0.0927011 1.1050000
v -0.0312454 0.0927011 1.1050000
v -0.0364058 0.0964503 1.0987000
v -0.0364058 0.0964503 1.0987000
v -0.0364058 0.0964503 1.0987000
v -0.0364058 0.0964503 1.0987000
v -0.0348943 0.0953522 1.1031547
v -0.0348943 0.0953522 1.1031547
v -0.0348943 0.0953522 1.1031547
v -0.0348943 0.0953522 1.1031547
v -0.0227011 0.1012454 0.9750000
v -0.0227011 0.1012454 0.9750000
v -0.0227011 0.1012454 0.9750000
v -0.0264503 0.1064058 0.9813000
v -0.0264503 0.1064058 0.9813000
v -0.0264503 0.1064058 0.9813000
v -0.0264503 0.1064058 0.9813000
v -0.0253522 0.1048944 0.9768452
v -0.0253522 0.1048944 0.9768452
v -0.0253522 0.1048944 0.9768452
v -0.0253522 0.1048944 0.9768452
v -0.0227011 0.1012454 1.1050000
v -0.0227011 0.1012454 1.1050000
v -0.0227011 0.1012454 1.1050000
v -0.0264503 0.1064058 1.0987000
v -0.0264503 0.1064058 1.0987000
v -0.0264503 0.1064058 1.0987000
v -0.0264503 0.1064058 1.0987000
v -0.0253522 0.1048943 1.1031547
v -0.0253522 0.1048943 1.1031547
v -0.0253522 0.1048943 1.1031547
v -0.0253522 0.1048943 1.1031547
v -0.0119347 0.1067312 0.9750000
v -0.0119347 0.1067312 0.9750000
v -0.0119347 0.1067312 0.9750000
v -0.0139058 0.1127976 0.9813000
v -0.0139058 0.1127976 0.9813000
v -0.0139058 0.1127976 0.9813000
v -0.0139058 0.1127976 0.9813000
v -0.0133285 0.1110208 0.9768452
v -0.0133285 0.1110208 0.9768452
v -0.0133285 0.1110208 0.9768452
v -0.0133285 0.1110208 0.9768452
v -0.0119347 0.1067312 1.1050000
v -0.0119347 0.1067312 1.1050000
v -0.0119347 0.1067312 1.1050000
v -0.0139058 0.1127975 1.0987000
v -0.0139058 0.1127975 1.0987000
v -0.0139058 0.1127975 1.0987000
v -0.0139058 0.1127975 1.0987000
v -0.0133285 0.1110208 1.1031547
v -0.0133285 0.1110208 1.1031547
v -0.0133285 0.1110208 1.1031547
v -0.0133285 0.1110208 1.1031547
vt 0.7499999 0.5440187
vt 0.7499999 0.5440187
vt 0.7499999 0.5440187
vt 1.0000000 0.4757693
vt 1.0000000 0.4757693
vt -0.0000002 0.4757692
vt -0.0000002 0.4757692
vt 0.7515395 0.5102438
vt 0.9989621 0.5000000
vt 0.7484605 0.5102438
vt 0.0010378 0.5000000
vt 0.2500000 0.5440187
vt 0.2500000 0.5440187
vt 0.2500000 0.5440187
vt 1.0000000 0.0242308
vt 1.0000000 0.0242308
vt -0.0000002 0.0242308
vt -0.0000002 0.0242308
vt 0.2515395 0.5102438
vt 0.9989621 0.0000000
vt 0.2484605 0.5102438
vt 0.0010378 0.0000000
vt 0.8136516 0.5541003
vt 0.8136516 0.5541003
vt 0.8136516 0.5541003
vt 0.9500000 0.4757692
vt 0.9500000 0.4757692
vt 0.9500000 0.4757692
vt 0.9500000 0.4757692
vt 0.8226246 0.5215026
vt 0.9510379 0.5000000
vt 0.8255529 0.5224540
vt 0.9489621 0.5000000
vt 0.3136517 0.5541003
vt 0.3136517 0.5541003
vt 0.3136517 0.5541003
vt 0.9500000 0.0242308
vt 0.9500000 0.0242308
vt 0.9500000 0.0242308
vt 0.9500000 0.0242308
vt 0.3226246 0.5215026
vt 0.9510379 0.0000000
vt 0.3255529 0.5224540
vt 0.9489621 0.0000000
vt 0.8710726 0.5833578
vt 0.8710726 0.5833578
vt 0.8710726 0.5833578
vt 0.9000000 0.4757692
vt 0.9000000 0.4757692
vt 0.9000000 0.4757692
vt 0.9000000 0.4757692
vt 0.8896797 0.5551283
vt 0.8921706 0.5569381
vt 0.9010379 0.5000000
vt 0.8989621 0.5000000
vt 0.3710727 0.5833578
vt 0.3710727 0.5833578
vt 0.3710727 0.5833578
vt 0.9000000 0.0242307
vt 0.9000000 0.0242307
vt 0.9000000 0.0242308
vt 0.9000000 0.0242308
vt 0.3896796 0.5551283
vt 0.3921706 0.5569381
vt 0.9010379 0.0000000
vt 0.8989621 0.0000000
vt 0.9166422 0.6289274
vt 0.9166422 0.6289274
vt 0.9166422 0.6289274
vt 0.8500000 0.4757692
vt 0.8500000 0.4757692
vt 0.8500000 0.4757692
vt 0.8500000 0.4757692
vt 0.9430619 0.6078293
vt 0.9448717 0.6103203
vt 0.8510379 0.5000000
vt 0.8489621 0.5000000
vt 0.4166423 0.6289273
vt 0.4166423 0.6289273
vt 0.4166423 0.6289273
vt 0.8500000 0.0242308
vt 0.8500000 0.0242308
vt 0.8500000 0.0242308
vt 0.8500000 0.0242308
vt 0.4430619 0.6078294
vt 0.4448717 0.6103203
vt 0.8510379 0.0000000
vt 0.8489621 0.0000000
vt 0.9458998 0.6863483
vt 0.9458998 0.6863483
vt 0.9458998 0.6863483
vt 0.8000000 0.4757692
vt 0.8000000 0.4757692
vt 0.8000000 0.4757693
vt 0.8000000 0.4757693
vt 0.9775460 0.6744471
vt 0.9784974 0.6773754
vt 0.8010378 0.5000000
vt 0.7989620 0.5000000
vt 0.4458998 0.6863483
vt 0.4458998 0.6863483
vt 0.4458998 0.6863483
vt 0.8000000 0.0242307
vt 0.8000000 0.0242307
vt 0.8000000 0.0242308
vt 0.8000000 0.0242308
vt 0.4775459 0.6744471
vt 0.4784974 0.6773754
vt 0.8010378 0.0000000
vt 0.7989620 0.0000000
vt 0.9559811 0.7500000
vt 0.9559811 0.7500000
vt 0.9559811 0.7500000
vt 0.7499999 0.4757693
vt 0.7499999 0.4757692
vt 0.7499999 0.4757693
vt 0.7499999 0.4757692
vt 0.9897562 0.7515395
vt 0.9897562 0.7484605
vt 0.7489620 0.5000000
vt 0.7510378 0.5000000
vt 0.4559812 0.7500000
vt 0.4559812 0.7500000
vt 0.4559812 0.7500000
vt 0.7499999 0.0242308
vt 0.7499999 0.0242308
vt 0.7499999 0.0242308
vt 0.7499999 0.0242308
vt 0.4897562 0.7515395
vt 0.4897562 0.7484605
vt 0.7489620 0.0000000
vt 0.7510378 0.0000000
vt 0.9458997 0.8136517
vt 0.9458997 0.8136517
vt 0.9458997 0.8136517
vt 0.7000000 0.4757692
vt 0.7000000 0.4757692
vt 0.6999999 0.4757692
vt 0.6999999 0.4757692
vt 0.9775460 0.8255529
vt 0.9784974 0.8226246
vt 0.6989620 0.5000000
vt 0.7010378 0.5000000
vt 0.4458997 0.8136517
vt 0.4458997 0.8136517
vt 0.4458997 0.8136517
vt 0.6999999 0.0242308
vt 0.6999999 0.0242308
vt 0.6999999 0.0242308
vt 0.6999999 0.0242308
vt 0.4775459 0.8255529
vt 0.4784974 0.8226246
vt 0.6989620 0.0000000
vt 0.7010378 0.0000000
vt 0.9166423 0.8710727
vt 0.9166423 0.8710727
vt 0.9166423 0.8710727
vt 0.6499999 0.4757692
vt 0.6499999 0.4757692
vt 0.6499999 0.4757692
vt 0.6499999 0.4757692
vt 0.9430619 0.8921706
vt 0.9448717 0.8896797
vt 0.6489620 0.5000000
vt 0.6510378 0.5000000
vt 0.4166422 0.8710727
vt 0.4166422 0.8710727
vt 0.4166422 0.8710727
vt 0.6499999 0.0242308
vt 0.6499999 0.0242308
vt 0.6499999 0.0242307
vt 0.6499999 0.0242307
vt 0.4430619 0.8921706
vt 0.4448717 0.8896797
vt 0.6489620 0.0000000
vt 0.6510378 0.0000000
vt 0.8710726 0.9166423
vt 0.8710726 0.9166423
vt 0.8710726 0.9166423
vt 0.6000000 0.4757692
vt 0.6000000 0.4757692
vt 0.5999999 0.4757692
vt 0.5999999 0.4757692
vt 0.8896797 0.9448717
vt 0.8921706 0.9430619
vt 0.5989620 0.5000000
vt 0.6010379 0.5000000
vt 0.3710727 0.9166422
vt 0.3710727 0.9166422
vt 0.3710727 0.9166422
vt 0.5999999 0.0242308
vt 0.5999999 0.0242308
vt 0.5999999 0.0242308
vt 0.5999999 0.0242308
vt 0.3896796 0.9448717
vt 0.3921706 0.9430619
vt 0.5989620 0.0000000
vt 0.6010378 0.0000000
vt 0.8136516 0.9458997
vt 0.8136516 0.9458997
vt 0.8136516 0.9458997
vt 0.5499999 0.4757693
vt 0.5499999 0.4757693
vt 0.5499999 0.4757692
vt 0.5499999 0.4757692
vt 0.8226246 0.9784974
vt 0.5489620 0.5000000
vt 0.8255529 0.9775459
vt 0.5510378 0.5000000
vt 0.3136517 0.9458997
vt 0.3136517 0.9458997
vt 0.3136517 0.9458997
vt 0.5499999 0.0242308
vt 0.5499999 0.0242308
vt 0.5499999 0.0242307
vt 0.5499999 0.0242307
vt 0.3226246 0.9784974
vt 0.5489620 0.0000000
vt 0.3255529 0.9775459
vt 0.5510378 0.0000000
vt 0.7499999 0.9559812
vt 0.7499999 0.9559812
vt 0.7499999 0.9559812
vt 0.4999999 0.4757692
vt 0.4999999 0.4757692
vt 0.4999999 0.4757693
vt 0.4999999 0.4757693
vt 0.7515395 0.9897562
vt 0.5010378 0.5000000
vt 0.7484605 0.9897562
vt 0.4989620 0.5000000
vt 0.2500000 0.9559812
vt 0.2500000 0.9559812
vt 0.2500000 0.9559812
vt 0.4999999 0.0242308
vt 0.4999999 0.0242308
vt 0.4999999 0.0242308
vt 0.4999999 0.0242308
vt 0.2515395 0.9897562
vt 0.5010378 0.0000000
vt 0.2484605 0.9897562
vt 0.4989620 0.0000000
vt 0.6863483 0.9458997
vt 0.6863483 0.9458997
vt 0.6863483 0.9458997
vt 0.4499999 0.4757692
vt 0.4499999 0.4757692
vt 0.4499999 0.4757692
vt 0.4499999 0.4757692
vt 0.6773754 0.9784974
vt 0.4510378 0.5000000
vt 0.6744471 0.9775459
vt 0.4489620 0.5000000
vt 0.1863483 0.9458997
vt 0.1863483 0.9458997
vt 0.1863483 0.9458997
vt 0.4499998 0.0242308
vt 0.4499998 0.0242308
vt 0.4499999 0.0242308
vt 0.4499999 0.0242308
vt 0.1773754 0.9784974
vt 0.4510378 0.0000000
vt 0.1744471 0.9775459
vt 0.4489620 0.0000000
vt 0.6289272 0.9166423
vt 0.6289272 0.9166423
vt 0.6289272 0.9166423
vt 0.3999999 0.4757692
vt 0.3999999 0.4757692
vt 0.3999998 0.4757692
vt 0.3999998 0.4757692
vt 0.6103203 0.9448717
vt 0.6078293 0.9430619
vt 0.4010378 0.5000000
vt 0.3989619 0.5000000
vt 0.1289273 0.9166422
vt 0.1289273 0.9166422
vt 0.1289273 0.9166422
vt 0.3999999 0.0242307
vt 0.3999999 0.0242307
vt 0.3999999 0.0242308
vt 0.3999999 0.0242308
vt 0.1103203 0.9448717
vt 0.1078294 0.9430619
vt 0.4010378 0.0000000
vt 0.3989620 0.0000000
vt 0.5833576 0.8710727
vt 0.5833576 0.8710727
vt 0.5833576 0.8710727
vt 0.3499998 0.4757692
vt 0.3499998 0.4757692
vt 0.3499998 0.4757692
vt 0.3499998 0.4757692
vt 0.5569381 0.8921706
vt 0.5551283 0.8896797
vt 0.3510377 0.5000000
vt 0.3489619 0.5000000
vt 0.0833577 0.8710727
vt 0.0833577 0.8710727
vt 0.0833577 0.8710727
vt 0.3499998 0.0242308
vt 0.3499998 0.0242308
vt 0.3499998 0.0242308
vt 0.3499998 0.0242308
vt 0.0569381 0.8921706
vt 0.0551283 0.8896797
vt 0.3510378 0.0000000
vt 0.3489619 0.0000000
vt 0.5541003 0.8136517
vt 0.5541003 0.8136517
vt 0.5541003 0.8136517
vt 0.2999998 0.4757692
vt 0.2999998 0.4757692
vt 0.2999998 0.4757693
vt 0.2999998 0.4757693
vt 0.5224540 0.8255529
vt 0.5215026 0.8226246
vt 0.3010377 0.5000000
vt 0.2989619 0.5000000
vt 0.0541003 0.8136517
vt 0.0541003 0.8136517
vt 0.0541003 0.8136517
vt 0.2999998 0.0242307
vt 0.2999998 0.0242307
vt 0.2999998 0.0242308
vt 0.2999998 0.0242308
vt 0.0224541 0.8255529
vt 0.0215026 0.8226246
vt 0.3010377 0.0000000
vt 0.2989619 0.0000000
vt 0.5440187 0.7500000
vt 0.5440187 0.7500000
vt 0.5440187 0.7500000
vt 0.2499998 0.4757692
vt 0.2499998 0.4757693
vt 0.2499998 0.4757692
vt 0.2499998 0.4757693
vt 0.5102438 0.7515395
vt 0.5102438 0.7484605
vt 0.2510377 0.5000000
vt 0.2489619 0.5000000
vt 0.0440188 0.7500000
vt 0.0440188 0.7500000
vt 0.0440188 0.7500000
vt 0.2499998 0.0242308
vt 0.2499998 0.0242308
vt 0.2499998 0.0242308
vt 0.2499998 0.0242308
vt 0.0102438 0.7515395
vt 0.0102438 0.7484605
vt 0.2510377 0.0000000
vt 0.2489619 0.0000000
vt 0.5541002 0.6863483
vt 0.5541002 0.6863483
vt 0.5541002 0.6863483
vt 0.1999998 0.4757692
vt 0.1999998 0.4757692
vt 0.1999998 0.4757692
vt 0.1999998 0.4757692
vt 0.5224541 0.6744471
vt 0.5215026 0.6773754
vt 0.1989619 0.5000000
vt 0.2010377 0.5000000
vt 0.0541003 0.6863483
vt 0.0541003 0.6863483
vt 0.0541003 0.6863483
vt 0.1999998 0.0242308
vt 0.1999998 0.0242308
vt 0.1999998 0.0242308
vt 0.1999998 0.0242308
vt 0.0224541 0.6744471
vt 0.0215026 0.6773754
vt 0.1989619 0.0000000
vt 0.2010377 0.0000000
vt 0.5833576 0.6289274
vt 0.5833576 0.6289274
vt 0.5833576 0.6289274
vt 0.1499998 0.4757692
vt 0.1499998 0.4757692
vt 0.1499998 0.4757692
vt 0.1499998 0.4757692
vt 0.5569381 0.6078294
vt 0.5551283 0.6103203
vt 0.1489619 0.5000000
vt 0.1510377 0.5000000
vt 0.0833577 0.6289274
vt 0.0833577 0.6289274
vt 0.0833577 0.6289274
vt 0.1499998 0.0242308
vt 0.1499998 0.0242308
vt 0.1499998 0.0242307
vt 0.1499998 0.0242307
vt 0.0569381 0.6078293
vt 0.0551283 0.6103203
vt 0.1489619 0.0000000
vt 0.1510377 0.0000000
vt 0.6289273 0.5833577
vt 0.6289273 0.5833577
vt 0.6289273 0.5833577
vt 0.0999999 0.4757692
vt 0.0999999 0.4757692
vt 0.0999998 0.4757692
vt 0.0999998 0.4757692
vt 0.6103203 0.5551283
vt 0.6078293 0.5569381
vt 0.0989619 0.5000000
vt 0.1010378 0.5000000
vt 0.1289273 0.5833578
vt 0.1289273 0.5833578
vt 0.1289273 0.5833578
vt 0.0999998 0.0242308
vt 0.0999998 0.0242308
vt 0.0999998 0.0242308
vt 0.0999998 0.0242308
vt 0.1103203 0.5551283
vt 0.1078294 0.5569381
vt 0.0989619 0.0000000
vt 0.1010378 0.0000000
vt 0.6863483 0.5541003
vt 0.6863483 0.5541003
vt 0.6863483 0.5541003
vt 0.0499998 0.4757693
vt 0.0499998 0.4757693
vt 0.0499998 0.4757692
vt 0.0499998 0.4757692
vt 0.6773754 0.5215026
vt 0.0489619 0.5000000
vt 0.6744471 0.5224540
vt 0.0510377 0.5000000
vt 0.1863483 0.5541002
vt 0.1863483 0.5541002
vt 0.1863483 0.5541002
vt 0.0499998 0.0242308
vt 0.0499998 0.0242308
vt 0.0499998 0.0242307
vt 0.0499998 0.0242307
vt 0.1773754 0.5215026
vt 0.0489619 0.0000000
vt 0.1744471 0.5224540
vt 0.0510377 0.0000000
vn 0.0000000 0.0000001 -1.0000000
vn 0.0598981 0.3779882 -0.9238708
vn -0.0598981 0.3779882 -0.9238708
vn 0.1445003 0.9125020 -0.3827007
vn 0.1563990 0.9876940 0.0000001
vn -0.1445003 0.9125020 -0.3827007
vn -0.1563990 0.9876940 0.0000001
vn 0.0598981 0.3779882 -0.9238708
vn 0.1445003 0.9125020 -0.3827007
vn -0.0598981 0.3779882 -0.9238708
vn -0.1445003 0.9125020 -0.3827007
vn 0.0000000 -0.0000001 1.0000000
vn 0.0598981 0.3779879 0.9238709
vn -0.0598981 0.3779879 0.9238709
vn 0.1445003 0.9125019 0.3827009
vn 0.1563990 0.9876940 0.0000001
vn -0.1445003 0.9125019 0.3827009
vn -0.1563990 0.9876940 0.0000001
vn 0.0598981 0.3779879 0.9238709
vn 0.1445003 0.9125019 0.3827009
vn -0.0598981 0.3779879 0.9238709
vn -0.1445003 0.9125019 0.3827009
vn 0.0000000 0.0000001 -1.0000000
vn 0.0598981 0.3779882 -0.9238708
vn 0.1736962 0.3409926 -0.9238797
vn 0.1445003 0.9125020 -0.3827007
vn 0.1563990 0.9876940 0.0000001
vn 0.4193970 0.8231944 -0.3826972
vn 0.4540007 0.8910014 0.0000001
vn 0.0598981 0.3779882 -0.9238708
vn 0.1445003 0.9125020 -0.3827007
vn 0.1736962 0.3409926 -0.9238797
vn 0.4193970 0.8231944 -0.3826972
vn 0.0000000 -0.0000001 1.0000000
vn 0.0598981 0.3779879 0.9238709
vn 0.1736962 0.3409924 0.9238798
vn 0.1445003 0.9125019 0.3827009
vn 0.1563990 0.9876940 0.0000001
vn 0.4193970 0.8231943 0.3826974
vn 0.4540007 0.8910014 0.0000001
vn 0.0598981 0.3779879 0.9238709
vn 0.1445003 0.9125019 0.3827009
vn 0.1736962 0.3409924 0.9238798
vn 0.4193970 0.8231943 0.3826974
vn 0.0000000 0.0000001 -1.0000000
vn 0.1736962 0.3409926 -0.9238797
vn 0.2705946 0.2705947 -0.9238815
vn 0.4193970 0.8231944 -0.3826972
vn 0.4540007 0.8910014 0.0000001
vn 0.6532800 0.6532801 -0.3826882
vn 0.7071067 0.7071068 0.0000001
vn 0.1736962 0.3409926 -0.9238797
vn 0.2705946 0.2705947 -0.9238815
vn 0.4193970 0.8231944 -0.3826972
vn 0.6532800 0.6532801 -0.3826882
vn 0.0000000 -0.0000001 1.0000000
vn 0.1736962 0.3409924 0.9238798
vn 0.2705946 0.2705945 0.9238816
vn 0.4193970 0.8231943 0.3826974
vn 0.4540007 0.8910014 0.0000001
vn 0.6532800 0.6532800 0.3826884
vn 0.7071067 0.7071068 0.0000001
vn 0.1736962 0.3409924 0.9238798
vn 0.2705946 0.2705945 0.9238816
vn 0.4193970 0.8231943 0.3826974
vn 0.6532800 0.6532800 0.3826884
vn 0.0000000 0.0000001 -1.0000000
vn 0.2705946 0.2705947 -0.9238815
vn 0.3409925 0.1736963 -0.9238797
vn 0.6532800 0.6532801 -0.3826882
vn 0.7071067 0.7071068 0.0000001
vn 0.8231943 0.4193972 -0.3826973
vn 0.8910013 0.4540008 0.0000001
vn 0.2705946 0.2705947 -0.9238815
vn 0.3409925 0.1736963 -0.9238797
vn 0.6532800 0.6532801 -0.3826882
vn 0.8231943 0.4193972 -0.3826973
vn 0.0000000 -0.0000001 1.0000000
vn 0.2705946 0.2705945 0.9238816
vn 0.3409925 0.1736961 0.9238798
vn 0.6532800 0.6532800 0.3826884
vn 0.7071067 0.7071068 0.0000001
vn 0.8231943 0.4193971 0.3826974
vn 0.8910013 0.4540008 0.0000001
vn 0.2705946 0.2705945 0.9238816
vn 0.3409925 0.1736961 0.9238798
vn 0.6532800 0.6532800 0.3826884
vn 0.8231943 0.4193971 0.3826974
vn 0.0000000 0.0000001 -1.0000000
vn 0.3409925 0.1736963 -0.9238797
vn 0.3779880 0.0598982 -0.9238708
vn 0.8231943 0.4193972 -0.3826973
vn 0.8910013 0.4540008 0.0000001
vn 0.9125019 0.1445004 -0.3827008
vn 0.9876939 0.1563991 0.0000000
vn 0.3409925 0.1736963 -0.9238797
vn 0.3779880 0.0598982 -0.9238708
vn 0.8231943 0.4193972 -0.3826973
vn 0.9125019 0.1445004 -0.3827008
vn 0.0000000 -0.0000001 1.0000000
vn 0.3409925 0.1736961 0.9238798
vn 0.3779880 0.0598980 0.9238708
vn 0.8231943 0.4193971 0.3826974
vn 0.8910013 0.4540008 0.0000001
vn 0.9125019 0.1445003 0.3827009
vn 0.9876939 0.1563991 0.0000000
vn 0.3409925 0.1736961 0.9238798
vn 0.3779880 0.0598980 0.9238708
vn 0.8231943 0.4193971 0.3826974
vn 0.9125019 0.1445003 0.3827009
vn 0.0000000 0.0000001 -1.0000000
vn 0.3779880 -0.0598980 -0.9238708
vn 0.3779880 0.0598982 -0.9238708
vn 0.9125019 -0.1445003 -0.3827009
vn 0.9125019 0.1445004 -0.3827008
vn 0.9876939 -0.1563991 -0.0000000
vn 0.9876939 0.1563991 0.0000000
vn 0.3779880 -0.0598980 -0.9238708
vn 0.3779880 0.0598982 -0.9238708
vn 0.9125019 -0.1445003 -0.3827009
vn 0.9125019 0.1445004 -0.3827008
vn 0.0000000 -0.0000001 1.0000000
vn 0.3779880 -0.0598982 0.9238708
vn 0.3779880 0.0598980 0.9238708
vn 0.9125019 -0.1445004 0.3827008
vn 0.9125019 0.1445003 0.3827009
vn 0.9876939 -0.1563991 -0.0000000
vn 0.9876939 0.1563991 0.0000000
vn 0.3779880 -0.0598982 0.9238708
vn 0.3779880 0.0598980 0.9238708
vn 0.9125019 -0.1445004 0.3827008
vn 0.9125019 0.1445003 0.3827009
vn 0.0000000 0.0000001 -1.0000000
vn 0.3409925 -0.1736961 -0.9238798
vn 0.3779880 -0.0598980 -0.9238708
vn 0.8231943 -0.4193971 -0.3826974
vn 0.8910013 -0.4540008 -0.0000001
vn 0.9125019 -0.1445003 -0.3827009
vn 0.9876939 -0.1563991 -0.0000000
vn 0.3409925 -0.1736961 -0.9238798
vn 0.3779880 -0.0598980 -0.9238708
vn 0.8231943 -0.4193971 -0.3826974
vn 0.9125019 -0.1445003 -0.3827009
vn 0.0000000 -0.0000001 1.0000000
vn 0.3409925 -0.1736963 0.9238797
vn 0.3779880 -0.0598982 0.9238708
vn 0.8231943 -0.4193972 0.3826973
vn 0.8910013 -0.4540008 -0.0000001
vn 0.9125019 -0.1445004 0.3827008
vn 0.9876939 -0.1563991 -0.0000000
vn 0.3409925 -0.1736963 0.9238797
vn 0.3779880 -0.0598982 0.9238708
vn 0.8231943 -0.4193972 0.3826973
vn 0.9125019 -0.1445004 0.3827008
vn 0.0000000 0.0000001 -1.0000000
vn 0.2705946 -0.2705945 -0.9238816
vn 0.3409925 -0.1736961 -0.9238798
vn 0.6532800 -0.6532800 -0.3826884
vn 0.7071067 -0.7071068 -0.0000001
vn 0.8231943 -0.4193971 -0.3826974
vn 0.8910013 -0.4540008 -0.0000001
vn 0.2705946 -0.2705945 -0.9238816
vn 0.3409925 -0.1736961 -0.9238798
vn 0.6532800 -0.6532800 -0.3826884
vn 0.8231943 -0.4193971 -0.3826974
vn 0.0000000 -0.0000001 1.0000000
vn 0.2705946 -0.2705947 0.9238815
vn 0.3409925 -0.1736963 0.9238797
vn 0.6532800 -0.6532801 0.3826882
vn 0.7071067 -0.7071068 -0.0000001
vn 0.8231943 -0.4193972 0.3826973
vn 0.8910013 -0.4540008 -0.0000001
vn 0.2705946 -0.2705947 0.9238815
vn 0.3409925 -0.1736963 0.9238797
vn 0.6532800 -0.6532801 0.3826882
vn 0.8231943 -0.4193972 0.3826973
vn 0.0000000 0.0000001 -1.0000000
vn 0.1736962 -0.3409924 -0.9238798
vn 0.2705946 -0.2705945 -0.9238816
vn 0.4193970 -0.8231943 -0.3826974
vn 0.4540007 -0.8910014 -0.0000001
vn 0.6532800 -0.6532800 -0.3826884
vn 0.7071067 -0.7071068 -0.0000001
vn 0.1736962 -0.3409924 -0.9238798
vn 0.2705946 -0.2705945 -0.9238816
vn 0.4193970 -0.8231943 -0.3826974
vn 0.6532800 -0.6532800 -0.3826884
vn 0.0000000 -0.0000001 1.0000000
vn 0.1736962 -0.3409926 0.9238797
vn 0.2705946 -0.2705947 0.9238815
vn 0.4193970 -0.8231944 0.3826972
vn 0.4540007 -0.8910014 -0.0000001
vn 0.6532800 -0.6532801 0.3826882
vn 0.7071067 -0.7071068 -0.0000001
vn 0.1736962 -0.3409926 0.9238797
vn 0.2705946 -0.2705947 0.9238815
vn 0.4193970 -0.8231944 0.3826972
vn 0.6532800 -0.6532801 0.3826882
vn 0.0000000 0.0000001 -1.0000000
vn 0.0598981 -0.3779879 -0.9238709
vn 0.1736962 -0.3409924 -0.9238798
vn 0.1445003 -0.9125019 -0.3827009
vn 0.1563990 -0.9876940 -0.0000001
vn 0.4193970 -0.8231943 -0.3826974
vn 0.4540007 -0.8910014 -0.0000001
vn 0.0598981 -0.3779879 -0.9238709
vn 0.1445003 -0.9125019 -0.3827009
vn 0.1736962 -0.3409924 -0.9238798
vn 0.4193970 -0.8231943 -0.3826974
vn 0.0000000 -0.0000001 1.0000000
vn 0.0598981 -0.3779882 0.9238708
vn 0.1736962 -0.3409926 0.9238797
vn 0.1445003 -0.9125020 0.3827007
vn 0.1563990 -0.9876940 -0.0000001
vn 0.4193970 -0.8231944 0.3826972
vn 0.4540007 -0.8910014 -0.0000001
vn 0.0598981 -0.3779882 0.9238708
vn 0.1445003 -0.9125020 0.3827007
vn 0.1736962 -0.3409926 0.9238797
vn 0.4193970 -0.8231944 0.3826972
vn 0.0000000 0.0000001 -1.0000000
vn 0.0598981 -0.3779879 -0.9238709
vn -0.0598981 -0.3779879 -0.9238709
vn 0.1445003 -0.9125019 -0.3827009
vn 0.1563990 -0.9876940 -0.0000001
vn -0.1445003 -0.9125019 -0.3827009
vn -0.1563990 -0.9876940 -0.0000001
vn 0.0598981 -0.3779879 -0.9238709
vn 0.1445003 -0.9125019 -0.3827009
vn -0.0598981 -0.3779879 -0.9238709
vn -0.1445003 -0.9125019 -0.3827009
vn 0.0000000 -0.0000001 1.0000000
vn 0.0598981 -0.3779882 0.9238708
vn -0.0598981 -0.3779882 0.9238708
vn 0.1445003 -0.9125020 0.3827007
vn 0.1563990 -0.9876940 -0.0000001
vn -0.1445003 -0.9125020 0.3827007
vn -0.1563990 -0.9876940 -0.0000001
vn 0.0598981 -0.3779882 0.9238708
vn 0.1445003 -0.9125020 0.3827007
vn -0.0598981 -0.3779882 0.9238708
vn -0.1445003 -0.9125020 0.3827007
vn 0.0000000 0.0000001 -1.0000000
vn -0.0598981 -0.3779879 -0.9238709
vn -0.1736962 -0.3409924 -0.9238798
vn -0.1445003 -0.9125019 -0.3827009
vn -0.1563990 -0.9876940 -0.0000001
vn -0.4193970 -0.8231943 -0.3826974
vn -0.4540007 -0.8910014 -0.0000001
vn -0.0598981 -0.3779879 -0.9238709
vn -0.1445003 -0.9125019 -0.3827009
vn -0.1736962 -0.3409924 -0.9238798
vn -0.4193970 -0.8231943 -0.3826974
vn 0.0000000 -0.0000001 1.0000000
vn -0.0598981 -0.3779882 0.9238708
vn -0.1736962 -0.3409926 0.9238797
vn -0.1445003 -0.9125020 0.3827007
vn -0.1563990 -0.9876940 -0.0000001
vn -0.4193970 -0.8231944 0.3826972
vn -0.4540007 -0.8910014 -0.0000001
vn -0.0598981 -0.3779882 0.9238708
vn -0.1445003 -0.9125020 0.3827007
vn -0.1736962 -0.3409926 0.9238797
vn -0.4193970 -0.8231944 0.3826972
vn 0.0000000 0.0000001 -1.0000000
vn -0.1736962 -0.3409924 -0.9238798
vn -0.2705946 -0.2705945 -0.9238816
vn -0.4193970 -0.8231943 -0.3826974
vn -0.4540007 -0.8910014 -0.0000001
vn -0.6532800 -0.6532800 -0.3826884
vn -0.7071067 -0.7071068 -0.0000001
vn -0.1736962 -0.3409924 -0.9238798
vn -0.2705946 -0.2705945 -0.9238816
vn -0.4193970 -0.8231943 -0.3826974
vn -0.6532800 -0.6532800 -0.3826884
vn 0.0000000 -0.0000001 1.0000000
vn -0.1736962 -0.3409926 0.9238797
vn -0.2705946 -0.2705947 0.9238815
vn -0.4193970 -0.8231944 0.3826972
vn -0.4540007 -0.8910014 -0.0000001
vn -0.6532800 -0.6532801 0.3826882
vn -0.7071067 -0.7071068 -0.0000001
vn -0.1736962 -0.3409926 0.9238797
vn -0.2705946 -0.2705947 0.9238815
vn -0.4193970 -0.8231944 0.3826972
vn -0.6532800 -0.6532801 0.3826882
vn 0.0000000 0.0000001 -1.0000000
vn -0.2705946 -0.2705945 -0.9238816
vn -0.3409925 -0.1736961 -0.9238798
vn -0.6532800 -0.6532800 -0.3826884
vn -0.7071067 -0.7071068 -0.0000001
vn -0.8231943 -0.4193971 -0.3826974
vn -0.8910013 -0.4540008 -0.0000001
vn -0.2705946 -0.2705945 -0.9238816
vn -0.3409925 -0.1736961 -0.9238798
vn -0.6532800 -0.6532800 -0.3826884
vn -0.8231943 -0.4193971 -0.3826974
vn 0.0000000 -0.0000001 1.0000000
vn -0.2705946 -0.2705947 0.9238815
vn -0.3409925 -0.1736963 0.9238797
vn -0.6532800 -0.6532801 0.3826882
vn -0.7071067 -0.7071068 -0.0000001
vn -0.8231943 -0.4193972 0.3826973
vn -0.8910013 -0.4540008 -0.0000001
vn -0.2705946 -0.2705947 0.9238815
vn -0.3409925 -0.1736963 0.9238797
vn -0.6532800 -0.6532801 0.3826882
vn -0.8231943 -0.4193972 0.3826973
vn 0.0000000 0.0000001 -1.0000000
vn -0.3409925 -0.1736961 -0.9238798
vn -0.3779880 -0.0598980 -0.9238708
vn -0.8231943 -0.4193971 -0.3826974
vn -0.8910013 -0.4540008 -0.0000001
vn -0.9125019 -0.1445003 -0.3827009
vn -0.9876939 -0.1563991 -0.0000000
vn -0.3409925 -0.1736961 -0.9238798
vn -0.3779880 -0.0598980 -0.9238708
vn -0.8231943 -0.4193971 -0.3826974
vn -0.9125019 -0.1445003 -0.3827009
vn 0.0000000 -0.0000001 1.0000000
vn -0.3409925 -0.1736963 0.9238797
vn -0.3779880 -0.0598982 0.9238708
vn -0.8231943 -0.4193972 0.3826973
vn -0.8910013 -0.4540008 -0.0000001
vn -0.9125019 -0.1445004 0.3827008
vn -0.9876939 -0.1563991 -0.0000000
vn -0.3409925 -0.1736963 0.9238797
vn -0.3779880 -0.0598982 0.9238708
vn -0.8231943 -0.4193972 0.3826973
vn -0.9125019 -0.1445004 0.3827008
vn 0.0000000 0.0000001 -1.0000000
vn -0.3779880 -0.0598980 -0.9238708
vn -0.3779880 0.0598982 -0.9238708
vn -0.9125019 -0.1445003 -0.3827009
vn -0.9125019 0.1445004 -0.3827008
vn -0.9876939 -0.1563991 -0.0000000
vn -0.9876939 0.1563991 0.0000000
vn -0.3779880 -0.0598980 -0.9238708
vn -0.3779880 0.0598982 -0.9238708
vn -0.9125019 -0.1445003 -0.3827009
vn -0.9125019 0.1445004 -0.3827008
vn 0.0000000 -0.0000001 1.0000000
vn -0.3779880 -0.0598982 0.9238708
vn -0.3779880 0.0598980 0.9238708
vn -0.9125019 -0.1445004 0.3827008
vn -0.9125019 0.1445003 0.3827009
vn -0.9876939 -0.1563991 -0.0000000
vn -0.9876939 0.1563991 0.0000000
vn -0.3779880 -0.0598982 0.9238708
vn -0.3779880 0.0598980 0.9238708
vn -0.9125019 -0.1445004 0.3827008
vn -0.9125019 0.1445003 0.3827009
vn 0.0000000 0.0000001 -1.0000000
vn -0.3409925 0.1736963 -0.9238797
vn -0.3779880 0.0598982 -0.9238708
vn -0.8231943 0.4193972 -0.3826973
vn -0.8910013 0.4540008 0.0000001
vn -0.9125019 0.1445004 -0.3827008
vn -0.9876939 0.1563991 0.0000000
vn -0.3409925 0.1736963 -0.9238797
vn -0.3779880 0.0598982 -0.9238708
vn -0.8231943 0.4193972 -0.3826973
vn -0.9125019 0.1445004 -0.3827008
vn 0.0000000 -0.0000001 1.0000000
vn -0.3409925 0.1736961 0.9238798
vn -0.3779880 0.0598980 0.9238708
vn -0.8231943 0.4193971 0.3826974
vn -0.8910013 0.4540008 0.0000001
vn -0.9125019 0.1445003 0.3827009
vn -0.9876939 0.1563991 0.0000000
vn -0.3409925 0.1736961 0.9238798
vn -0.3779880 0.0598980 0.9238708
vn -0.8231943 0.4193971 0.3826974
vn -0.9125019 0.1445003 0.3827009
vn 0.0000000 0.0000001 -1.0000000
vn -0.2705946 0.2705947 -0.9238815
vn -0.3409925 0.1736963 -0.9238797
vn -0.6532800 0.6532801 -0.3826882
vn -0.7071067 0.7071068 0.0000001
vn -0.8231943 0.4193972 -0.3826973
vn -0.8910013 0.4540008 0.0000001
vn -0.2705946 0.2705947 -0.9238815
vn -0.3409925 0.1736963 -0.9238797
vn -0.6532800 0.6532801 -0.3826882
vn -0.8231943 0.4193972 -0.3826973
vn 0.0000000 -0.0000001 1.0000000
vn -0.2705946 0.2705945 0.9238816
vn -0.3409925 0.1736961 0.9238798
vn -0.6532800 0.6532800 0.3826884
vn -0.7071067 0.7071068 0.0000001
vn -0.8231943 0.4193971 0.3826974
vn -0.8910013 0.4540008 0.0000001
vn -0.2705946 0.2705945 0.9238816
vn -0.3409925 0.1736961 0.9238798
vn -0.6532800 0.6532800 0.3826884
vn -0.8231943 0.4193971 0.3826974
vn 0.0000000 0.0000001 -1.0000000
vn -0.1736962 0.3409926 -0.9238797
vn -0.2705946 0.2705947 -0.9238815
vn -0.4193970 0.8231944 -0.3826972
vn -0.4540007 0.8910014 0.0000001
vn -0.6532800 0.6532801 -0.3826882
vn -0.7071067 0.7071068 0.0000001
vn -0.1736962 0.3409926 -0.9238797
vn -0.2705946 0.2705947 -0.9238815
vn -0.4193970 0.8231944 -0.3826972
vn -0.6532800 0.6532801 -0.3826882
vn 0.0000000 -0.0000001 1.0000000
vn -0.1736962 0.3409924 0.9238798
vn -0.2705946 0.2705945 0.9238816
vn -0.4193970 0.8231943 0.3826974
vn -0.4540007 0.8910014 0.0000001
vn -0.6532800 0.6532800 0.3826884
vn -0.7071067 0.7071068 0.0000001
vn -0.1736962 0.3409924 0.9238798
vn -0.2705946 0.2705945 0.9238816
vn -0.4193970 0.8231943 0.3826974
vn -0.6532800 0.6532800 0.3826884
vn 0.0000000 0.0000001 -1.0000000
vn -0.0598981 0.3779882 -0.9238708
vn -0.1736962 0.3409926 -0.9238797
vn -0.1445003 0.9125020 -0.3827007
vn -0.1563990 0.9876940 0.0000001
vn -0.4193970 0.8231944 -0.3826972
vn -0.4540007 0.8910014 0.0000001
vn -0.0598981 0.3779882 -0.9238708
vn -0.1445003 0.9125020 -0.3827007
vn -0.1736962 0.3409926 -0.9238797
vn -0.4193970 0.8231944 -0.3826972
vn 0.0000000 -0.0000001 1.0000000
vn -0.0598981 0.3779879 0.9238709
vn -0.1736962 0.3409924 0.9238798
vn -0.1445003 0.9125019 0.3827009
vn -0.1563990 0.9876940 0.0000001
vn -0.4193970 0.8231943 0.3826974
vn -0.4540007 0.8910014 0.0000001
vn -0.0598981 0.3779879 0.9238709
vn -0.1445003 0.9125019 0.3827009
vn -0.1736962 0.3409924 0.9238798
vn -0.4193970 0.8231943 0.3826974
f 1943/1943/1943 1954/1954/1954 1538/1538/1538
f 1943/1943/1943 1538/1538/1538 1527/1527/1527
f 1571/1571/1571 1582/1582/1582 1602/1602/1602
f 1571/1571/1571 1602/1602/1602 1591/1591/1591
f 1593/1593/1593 1604/1604/1604 1624/1624/1624
f 1593/1593/1593 1624/1624/1624 1613/1613/1613
f 1615/1615/1615 1626/1626/1626 1648/1648/1648
f 1615/1615/1615 1648/1648/1648 1637/1637/1637
f 1636/1636/1636 1647/1647/1647 1670/1670/1670
f 1636/1636/1636 1670/1670/1670 1659/1659/1659
f 1657/1657/1657 1668/1668/1668 1692/1692/1692
f 1657/1657/1657 1692/1692/1692 1681/1681/1681
f 1679/1679/1679 1690/1690/1690 1714/1714/1714
f 1679/1679/1679 1714/1714/1714 1703/1703/1703
f 1701/1701/1701 1712/1712/1712 1736/1736/1736
f 1701/1701/1701 1736/1736/1736 1725/1725/1725
f 1723/1723/1723 1734/1734/1734 1756/1756/1756
f 1723/1723/1723 1756/1756/1756 1745/1745/1745
f 1747/1747/1747 1758/1758/1758 1778/1778/1778
f 1747/1747/1747 1778/1778/1778 1767/1767/1767
f 1769/1769/1769 1780/1780/1780 1800/1800/1800
f 1769/1769/1769 1800/1800/1800 1789/1789/1789
f 1791/1791/1791 1802/1802/1802 1822/1822/1822
f 1791/1791/1791 1822/1822/1822 1811/1811/1811
f 1813/1813/1813 1824/1824/1824 1844/1844/1844
f 1813/1813/1813 1844/1844/1844 1833/1833/1833
f 1835/1835/1835 1846/1846/1846 1867/1867/1867
f 1835/1835/1835 1867/1867/1867 1856/1856/1856
f 1857/1857/1857 1868/1868/1868 1890/1890/1890
f 1857/1857/1857 1890/1890/1890 1879/1879/1879
f 1877/1877/1877 1888/1888/1888 1912/1912/1912
f 1877/1877/1877 1912/1912/1912 1901/1901/1901
f 1899/1899/1899 1910/1910/1910 1934/1934/1934
f 1899/1899/1899 1934/1934/1934 1923/1923/1923
f 1921/1921/1921 1932/1932/1932 1956/1956/1956
f 1921/1921/1921 1956/1956/1956 1945/1945/1945
f 1549/1549/1549 1560/1560/1560 1580/1580/1580
f 1549/1549/1549 1580/1580/1580 1569/1569/1569
f 1576/1576/1576 1554/1554/1554 1532/1532/1532
f 1532/1532/1532 1950/1950/1950 1928/1928/1928
f 1928/1928/1928 1906/1906/1906 1884/1884/1884
f 1884/1884/1884 1862/1862/1862 1840/1840/1840
f 1840/1840/1840 1818/1818/1818 1796/1796/1796
f 1796/1796/1796 1774/1774/1774 1752/1752/1752
f 1752/1752/1752 1730/1730/1730 1708/1708/1708
f 1708/1708/1708 1686/1686/1686 1664/1664/1664
f 1664/1664/1664 1642/1642/1642 1620/1620/1620
f 1620/1620/1620 1598/1598/1598 1576/1576/1576
f 1576/1576/1576 1532/1532/1532 1928/1928/1928
f 1928/1928/1928 1884/1884/1884 1840/1840/1840
f 1840/1840/1840 1796/1796/1796 1752/1752/1752
f 1752/1752/1752 1708/1708/1708 1664/1664/1664
f 1664/1664/1664 1620/1620/1620 1576/1576/1576
f 1576/1576/1576 1928/1928/1928 1840/1840/1840
f 1840/1840/1840 1752/1752/1752 1664/1664/1664
f 1840/1840/1840 1664/1664/1664 1576/1576/1576
f 1525/1525/1525 1536/1536/1536 1558/1558/1558
f 1525/1525/1525 1558/1558/1558 1547/1547/1547
f 1524/1524/1524 1546/1546/1546 1551/1551/1551
f 1524/1524/1524 1551/1551/1551 1529/1529/1529
f 1528/1528/1528 1550/1550/1550 1544/1544/1544
f 1528/1528/1528 1544/1544/1544 1522/1522/1522
f 1557/1557/1557 1535/1535/1535 1540/1540/1540
f 1557/1557/1557 1540/1540/1540 1562/1562/1562
f 1561/1561/1561 1539/1539/1539 1533/1533/1533
f 1561/1561/1561 1533/1533/1533 1555/1555/1555
f 1548/1548/1548 1568/1568/1568 1574/1574/1574
f 1548/1548/1548 1574/1574/1574 1553/1553/1553
f 1552/1552/1552 1572/1572/1572 1566/1566/1566
f 1552/1552/1552 1566/1566/1566 1545/1545/1545
f 1579/1579/1579 1559/1559/1559 1564/1564/1564
f 1579/1579/1579 1564/1564/1564 1585/1585/1585
f 1583/1583/1583 1563/1563/1563 1556/1556/1556
f 1583/1583/1583 1556/1556/1556 1577/1577/1577
f 1570/1570/1570 1590/1590/1590 1596/1596/1596
f 1570/1570/1570 1596/1596/1596 1575/1575/1575
f 1573/1573/1573 1594/1594/1594 1588/1588/1588
f 1573/1573/1573 1588/1588/1588 1567/1567/1567
f 1601/1601/1601 1581/1581/1581 1586/1586/1586
f 1601/1601/1601 1586/1586/1586 1607/1607/1607
f 1605/1605/1605 1584/1584/1584 1578/1578/1578
f 1605/1605/1605 1578/1578/1578 1599/1599/1599
f 1592/1592/1592 1612/1612/1612 1618/1618/1618
f 1592/1592/1592 1618/1618/1618 1597/1597/1597
f 1595/1595/1595 1616/1616/1616 1610/1610/1610
f 1595/1595/1595 1610/1610/1610 1589/1589/1589
f 1623/1623/1623 1603/1603/1603 1608/1608/1608
f 1623/1623/1623 1608/1608/1608 1629/1629/1629
f 1627/1627/1627 1606/1606/1606 1600/1600/1600
f 1627/1627/1627 1600/1600/1600 1621/1621/1621
f 1614/1614/1614 1635/1635/1635 1641/1641/1641
f 1614/1614/1614 1641/1641/1641 1619/1619/1619
f 1617/1617/1617 1639/1639/1639 1633/1633/1633
f 1617/1617/1617 1633/1633/1633 1611/1611/1611
f 1646/1646/1646 1625/1625/1625 1630/1630/1630
f 1646/1646/1646 1630/1630/1630 1652/1652/1652
f 1650/1650/1650 1628/1628/1628 1622/1622/1622
f 1650/1650/1650 1622/1622/1622 1644/1644/1644
f 1634/1634/1634 1658/1658/1658 1663/1663/1663
f 1634/1634/1634 1663/1663/1663 1640/1640/1640
f 1638/1638/1638 1661/1661/1661 1655/1655/1655
f 1638/1638/1638 1655/1655/1655 1632/1632/1632
f 1669/1669/1669 1645/1645/1645 1651/1651/1651
f 1669/1669/1669 1651/1651/1651 1674/1674/1674
f 1672/1672/1672 1649/1649/1649 1643/1643/1643
f 1672/1672/1672 1643/1643/1643 1666/1666/1666
f 1656/1656/1656 1680/1680/1680 1685/1685/1685
f 1656/1656/1656 1685/1685/1685 1662/1662/1662
f 1660/1660/1660 1683/1683/1683 1677/1677/1677
f 1660/1660/1660 1677/1677/1677 1654/1654/1654
f 1691/1691/1691 1667/1667/1667 1673/1673/1673
f 1691/1691/1691 1673/1673/1673 1696/1696/1696
f 1694/1694/1694 1671/1671/1671 1665/1665/1665
f 1694/1694/1694 1665/1665/1665 1688/1688/1688
f 1678/1678/1678 1702/1702/1702 1707/1707/1707
f 1678/1678/1678 1707/1707/1707 1684/1684/1684
f 1682/1682/1682 1705/1705/1705 1699/1699/1699
f 1682/1682/1682 1699/1699/1699 1676/1676/1676
f 1713/1713/1713 1689/1689/1689 1695/1695/1695
f 1713/1713/1713 1695/1695/1695 1718/1718/1718
f 1716/1716/1716 1693/1693/1693 1687/1687/1687
f 1716/1716/1716 1687/1687/1687 1710/1710/1710
f 1700/1700/1700 1724/1724/1724 1729/1729/1729
f 1700/1700/1700 1729/1729/1729 1706/1706/1706
f 1704/1704/1704 1728/1728/1728 1721/1721/1721
f 1704/1704/1704 1721/1721/1721 1698/1698/1698
f 1735/1735/1735 1711/1711/1711 1717/1717/1717
f 1735/1735/1735 1717/1717/1717 1740/1740/1740
f 1739/1739/1739 1715/1715/1715 1709/1709/1709
f 1739/1739/1739 1709/1709/1709 1732/1732/1732
f 1722/1722/1722 1744/1744/1744 1749/1749/1749
f 1722/1722/1722 1749/1749/1749 1727/1727/1727
f 1726/1726/1726 1748/1748/1748 1742/1742/1742
f 1726/1726/1726 1742/1742/1742 1720/1720/1720
f 1755/1755/1755 1733/1733/1733 1738/1738/1738
f 1755/1755/1755 1738/1738/1738 1760/1760/1760
f 1759/1759/1759 1737/1737/1737 1731/1731/1731
f 1759/1759/1759 1731/1731/1731 1753/1753/1753
f 1746/1746/1746 1766/1766/1766 1771/1771/1771
f 1746/1746/1746 1771/1771/1771 1751/1751/1751
f 1750/1750/1750 1770/1770/1770 1764/1764/1764
f 1750/1750/1750 1764/1764/1764 1743/1743/1743
f 1777/1777/1777 1757/1757/1757 1762/1762/1762
f 1777/1777/1777 1762/1762/1762 1782/1782/1782
f 1781/1781/1781 1761/1761/1761 1754/1754/1754
f 1781/1781/1781 1754/1754/1754 1775/1775/1775
f 1768/1768/1768 1788/1788/1788 1794/1794/1794
f 1768/1768/1768 1794/1794/1794 1773/1773/1773
f 1772/1772/1772 1792/1792/1792 1786/1786/1786
f 1772/1772/1772 1786/1786/1786 1765/1765/1765
f 1799/1799/1799 1779/1779/1779 1784/1784/1784
f 1799/1799/1799 1784/1784/1784 1805/1805/1805
f 1803/1803/1803 1783/1783/1783 1776/1776/1776
f 1803/1803/1803 1776/1776/1776 1797/1797/1797
f 1790/1790/1790 1810/1810/1810 1816/1816/1816
f 1790/1790/1790 1816/1816/1816 1795/1795/1795
f 1793/1793/1793 1814/1814/1814 1808/1808/1808
f 1793/1793/1793 1808/1808/1808 1787/1787/1787
f 1821/1821/1821 1801/1801/1801 1806/1806/1806
f 1821/1821/1821 1806/1806/1806 1827/1827/1827
f 1825/1825/1825 1804/1804/1804 1798/1798/1798
f 1825/1825/1825 1798/1798/1798 1819/1819/1819
f 1812/1812/1812 1832/1832/1832 1838/1838/1838
f 1812/1812/1812 1838/1838/1838 1817/1817/1817
f 1815/1815/1815 1836/1836/1836 1830/1830/1830
f 1815/1815/1815 1830/1830/1830 1809/1809/1809
f 1843/1843/1843 1823/1823/1823 1828/1828/1828
f 1843/1843/1843 1828/1828/1828 1849/1849/1849
f 1847/1847/1847 1826/1826/1826 1820/1820/1820
f 1847/1847/1847 1820/1820/1820 1841/1841/1841
f 1834/1834/1834 1854/1854/1854 1860/1860/1860
f 1834/1834/1834 1860/1860/1860 1839/1839/1839
f 1837/1837/1837 1858/1858/1858 1852/1852/1852
f 1837/1837/1837 1852/1852/1852 1831/1831/1831
f 1865/1865/1865 1845/1845/1845 1850/1850/1850
f 1865/1865/1865 1850/1850/1850 1871/1871/1871
f 1869/1869/1869 1848/1848/1848 1842/1842/1842
f 1869/1869/1869 1842/1842/1842 1863/1863/1863
f 1855/1855/1855 1878/1878/1878 1883/1883/1883
f 1855/1855/1855 1883/1883/1883 1861/1861/1861
f 1859/1859/1859 1881/1881/1881 1875/1875/1875
f 1859/1859/1859 1875/1875/1875 1853/1853/1853
f 1889/1889/1889 1866/1866/1866 1872/1872/1872
f 1889/1889/1889 1872/1872/1872 1894/1894/1894
f 1892/1892/1892 1870/1870/1870 1864/1864/1864
f 1892/1892/1892 1864/1864/1864 1886/1886/1886
f 1876/1876/1876 1900/1900/1900 1905/1905/1905
f 1876/1876/1876 1905/1905/1905 1882/1882/1882
f 1880/1880/1880 1903/1903/1903 1897/1897/1897
f 1880/1880/1880 1897/1897/1897 1874/1874/1874
f 1911/1911/1911 1887/1887/1887 1893/1893/1893
f 1911/1911/1911 1893/1893/1893 1916/1916/1916
f 1914/1914/1914 1891/1891/1891 1885/1885/1885
f 1914/1914/1914 1885/1885/1885 1908/1908/1908
f 1898/1898/1898 1922/1922/1922 1927/1927/1927
f 1898/1898/1898 1927/1927/1927 1904/1904/1904
f 1902/1902/1902 1925/1925/1925 1919/1919/1919
f 1902/1902/1902 1919/1919/1919 1896/1896/1896
f 1933/1933/1933 1909/1909/1909 1915/1915/1915
f 1933/1933/1933 1915/1915/1915 1938/1938/1938
f 1936/1936/1936 1913/1913/1913 1907/1907/1907
f 1936/1936/1936 1907/1907/1907 1930/1930/1930
f 1920/1920/1920 1944/1944/1944 1949/1949/1949
f 1920/1920/1920 1949/1949/1949 1926/1926/1926
f 1924/1924/1924 1948/1948/1948 1941/1941/1941
f 1924/1924/1924 1941/1941/1941 1918/1918/1918
f 1955/1955/1955 1931/1931/1931 1937/1937/1937
f 1955/1955/1955 1937/1937/1937 1960/1960/1960
f 1959/1959/1959 1935/1935/1935 1929/1929/1929
f 1959/1959/1959 1929/1929/1929 1952/1952/1952
f 1942/1942/1942 1526/1526/1526 1531/1531/1531
f 1942/1942/1942 1531/1531/1531 1947/1947/1947
f 1946/1946/1946 1530/1530/1530 1523/1523/1523
f 1946/1946/1946 1523/1523/1523 1940/1940/1940
f 1537/1537/1537 1953/1953/1953 1958/1958/1958
f 1537/1537/1537 1958/1958/1958 1542/1542/1542
f 1541/1541/1541 1957/1957/1957 1951/1951/1951
f 1541/1541/1541 1951/1951/1951 1534/1534/1534
f 1939/1939/1939 1521/1521/1521 1543/1543/1543
f 1543/1543/1543 1565/1565/1565 1587/1587/1587
f 1587/1587/1587 1609/1609/1609 1631/1631/1631
f 1631/1631/1631 1653/1653/1653 1675/1675/1675
f 1675/1675/1675 1697/1697/1697 1719/1719/1719
f 1719/1719/1719 1741/1741/1741 1763/1763/1763
f 1763/1763/1763 1785/1785/1785 1807/1807/1807
f 1807/1807/1807 1829/1829/1829 1851/1851/1851
f 1851/1851/1851 1873/1873/1873 1895/1895/1895
f 1895/1895/1895 1917/1917/1917 1939/1939/1939
f 1939/1939/1939 1543/1543/1543 1587/1587/1587
f 1587/1587/1587 1631/1631/1631 1675/1675/1675
f 1675/1675/1675 1719/1719/1719 1763/1763/1763
f 1763/1763/1763 1807/1807/1807 1851/1851/1851
f 1851/1851/1851 1895/1895/1895 1939/1939/1939
f 1939/1939/1939 1587/1587/1587 1675/1675/1675
f 1675/1675/1675 1763/1763/1763 1851/1851/1851
f 1675/1675/1675 1851/1851/1851 1939/1939/1939
o Pistol_grip.001_0
usemtl Polymer_Black
v -0.0336000 -0.3114543 0.0539924
v -0.0336000 -0.3114543 0.0539924
v -0.0336000 -0.3114543 0.0539924
v -0.0336000 -0.3114543 0.0539924
v -0.0336000 -0.2793435 0.0730402
v -0.0336000 -0.2793435 0.0730402
v -0.0336000 -0.2793435 0.0730402
v -0.0336000 -0.2793435 0.0730402
v -0.0600000 -0.2858750 0.0474609
v -0.0600000 -0.2858750 0.0474609
v -0.0600000 -0.2858750 0.0474609
v -0.0600000 -0.2858750 0.0474609
v -0.0336000 -0.2993438 0.0701667
v -0.0336000 -0.2993438 0.0701667
v -0.0336000 -0.2993438 0.0701667
v -0.0336000 -0.2993438 0.0701667
v -0.0488420 -0.2968722 0.0660001
v -0.0488420 -0.2968722 0.0660001
v -0.0488420 -0.2968722 0.0660001
v -0.0522676 -0.2812565 0.0655482
v -0.0522676 -0.2812565 0.0655482
v -0.0522676 -0.2812565 0.0655482
v -0.0522676 -0.2812565 0.0655482
v -0.0522676 -0.3039622 0.0520794
v -0.0522676 -0.3039622 0.0520794
v -0.0522676 -0.3039622 0.0520794
v -0.0522676 -0.3039622 0.0520794
v -0.0336000 -0.0010719 0.0019858
v -0.0336000 -0.0010719 0.0019858
v -0.0336000 -0.0010719 0.0019858
v -0.0336000 -0.0010719 0.0019858
v -0.0336000 0.0179760 -0.0301250
v -0.0336000 0.0179760 -0.0301250
v -0.0336000 0.0179760 -0.0301250
v -0.0336000 0.0179760 -0.0301250
v -0.0600000 -0.0076033 -0.0235935
v -0.0600000 -0.0076033 -0.0235935
v -0.0600000 -0.0076033 -0.0235935
v -0.0600000 -0.0076033 -0.0235935
v -0.0336000 0.0151024 -0.0101247
v -0.0336000 0.0151024 -0.0101247
v -0.0336000 0.0151024 -0.0101247
v -0.0336000 0.0151024 -0.0101247
v -0.0488420 0.0109358 -0.0125962
v -0.0488420 0.0109358 -0.0125962
v -0.0488420 0.0109358 -0.0125962
v -0.0522676 0.0104840 -0.0282120
v -0.0522676 0.0104840 -0.0282120
v -0.0522676 0.0104840 -0.0282120
v -0.0522676 0.0104840 -0.0282120
v -0.0522676 -0.0029849 -0.0055062
v -0.0522676 -0.0029849 -0.0055062
v -0.0522676 -0.0029849 -0.0055062
v -0.0522676 -0.0029849 -0.0055062
v -0.0336000 -0.3379760 -0.0498750
v -0.0336000 -0.3379760 -0.0498750
v -0.0336000 -0.3379760 -0.0498750
v -0.0336000 -0.3379760 -0.0498750
v -0.0600000 -0.3123967 -0.0564065
v -0.0600000 -0.3123967 -0.0564065
v -0.0600000 -0.3123967 -0.0564065
v -0.0600000 -0.3123967 -0.0564065
v -0.0336000 -0.3189281 -0.0819858
v -0.0336000 -0.3189281 -0.0819858
v -0.0336000 -0.3189281 -0.0819858
v -0.0336000 -0.3189281 -0.0819858
v -0.0522676 -0.3304840 -0.0517880
v -0.0522676 -0.3304840 -0.0517880
v -0.0522676 -0.3304840 -0.0517880
v -0.0522676 -0.3304840 -0.0517880
v -0.0488420 -0.3309358 -0.0674037
v -0.0488420 -0.3309358 -0.0674037
v -0.0488420 -0.3309358 -0.0674037
v -0.0522676 -0.3170151 -0.0744938
v -0.0522676 -0.3170151 -0.0744938
v -0.0522676 -0.3170151 -0.0744938
v -0.0522676 -0.3170151 -0.0744938
v -0.0336000 -0.3351024 -0.0698753
v -0.0336000 -0.3351024 -0.0698753
v -0.0336000 -0.3351024 -0.0698753
v -0.0336000 -0.3351024 -0.0698753
v -0.0336000 -0.0085457 -0.1339924
v -0.0336000 -0.0085457 -0.1339924
v -0.0336000 -0.0085457 -0.1339924
v -0.0336000 -0.0085457 -0.1339924
v -0.0336000 -0.0406565 -0.1530402
v -0.0336000 -0.0406565 -0.1530402
v -0.0336000 -0.0406565 -0.1530402
v -0.0336000 -0.0406565 -0.1530402
v -0.0600000 -0.0341250 -0.1274609
v -0.0600000 -0.0341250 -0.1274609
v -0.0600000 -0.0341250 -0.1274609
v -0.0600000 -0.0341250 -0.1274609
v -0.0336000 -0.0206562 -0.1501667
v -0.0336000 -0.0206562 -0.1501667
v -0.0336000 -0.0206562 -0.1501667
v -0.0336000 -0.0206562 -0.1501667
v -0.0488420 -0.0231278 -0.1460001
v -0.0488420 -0.0231278 -0.1460001
v -0.0488420 -0.0231278 -0.1460001
v -0.0522676 -0.0387435 -0.1455482
v -0.0522676 -0.0387435 -0.1455482
v -0.0522676 -0.0387435 -0.1455482
v -0.0522676 -0.0387435 -0.1455482
v -0.0522676 -0.0160378 -0.1320794
v -0.0522676 -0.0160378 -0.1320794
v -0.0522676 -0.0160378 -0.1320794
v -0.0522676 -0.0160378 -0.1320794
v 0.0336000 -0.3114543 0.0539924
v 0.0336000 -0.3114543 0.0539924
v 0.0336000 -0.3114543 0.0539924
v 0.0336000 -0.3114543 0.0539924
v 0.0600000 -0.2858750 0.0474609
v 0.0600000 -0.2858750 0.0474609
v 0.0600000 -0.2858750 0.0474609
v 0.0600000 -0.2858750 0.0474609
v 0.0336000 -0.2793435 0.0730402
v 0.0336000 -0.2793435 0.0730402
v 0.0336000 -0.2793435 0.0730402
v 0.0336000 -0.2793435 0.0730402
v 0.0522676 -0.3039622 0.0520794
v 0.0522676 -0.3039622 0.0520794
v 0.0522676 -0.3039622 0.0520794
v 0.0522676 -0.3039622 0.0520794
v 0.0488420 -0.2968722 0.0660001
v 0.0488420 -0.2968722 0.0660001
v 0.0488420 -0.2968722 0.0660001
v 0.0522676 -0.2812565 0.0655482
v 0.0522676 -0.2812565 0.0655482
v 0.0522676 -0.2812565 0.0655482
v 0.0522676 -0.2812565 0.0655482
v 0.0336000 -0.2993438 0.0701667
v 0.0336000 -0.2993438 0.0701667
v 0.0336000 -0.2993438 0.0701667
v 0.0336000 -0.2993438 0.0701667
v 0.0336000 0.0179760 -0.0301250
v 0.0336000 0.0179760 -0.0301250
v 0.0336000 0.0179760 -0.0301250
v 0.0336000 0.0179760 -0.0301250
v 0.0336000 -0.0010719 0.0019858
v 0.0336000 -0.0010719 0.0019858
v 0.0336000 -0.0010719 0.0019858
v 0.0336000 -0.0010719 0.0019858
v 0.0600000 -0.0076033 -0.0235935
v 0.0600000 -0.0076033 -0.0235935
v 0.0600000 -0.0076033 -0.0235935
v 0.0600000 -0.0076033 -0.0235935
v 0.0336000 0.0151024 -0.0101247
v 0.0336000 0.0151024 -0.0101247
v 0.0336000 0.0151024 -0.0101247
v 0.0336000 0.0151024 -0.0101247
v 0.0488420 0.0109358 -0.0125962
v 0.0488420 0.0109358 -0.0125962
v 0.0488420 0.0109358 -0.0125962
v 0.0522676 -0.0029849 -0.0055062
v 0.0522676 -0.0029849 -0.0055062
v 0.0522676 -0.0029849 -0.0055062
v 0.0522676 -0.0029849 -0.0055062
v 0.0522676 0.0104840 -0.0282120
v 0.0522676 0.0104840 -0.0282120
v 0.0522676 0.0104840 -0.0282120
v 0.0522676 0.0104840 -0.0282120
v 0.0336000 -0.3379760 -0.0498750
v 0.0336000 -0.3379760 -0.0498750
v 0.0336000 -0.3379760 -0.0498750
v 0.0336000 -0.3379760 -0.0498750
v 0.0336000 -0.3189281 -0.0819858
v 0.0336000 -0.3189281 -0.0819858
v 0.0336000 -0.3189281 -0.0819858
v 0.0336000 -0.3189281 -0.0819858
v 0.0600000 -0.3123967 -0.0564065
v 0.0600000 -0.3123967 -0.0564065
v 0.0600000 -0.3123967 -0.0564065
v 0.0600000 -0.3123967 -0.0564065
v 0.0336000 -0.3351024 -0.0698753
v 0.0336000 -0.3351024 -0.0698753
v 0.0336000 -0.3351024 -0.0698753
v 0.0336000 -0.3351024 -0.0698753
v 0.0488420 -0.3309358 -0.0674037
v 0.0488420 -0.3309358 -0.0674037
v 0.0488420 -0.3309358 -0.0674037
v 0.0522676 -0.3170151 -0.0744938
v 0.0522676 -0.3170151 -0.0744938
v 0.0522676 -0.3170151 -0.0744938
v 0.0522676 -0.3170151 -0.0744938
v 0.0522676 -0.3304840 -0.0517880
v 0.0522676 -0.3304840 -0.0517880
v 0.0522676 -0.3304840 -0.0517880
v 0.0522676 -0.3304840 -0.0517880
v 0.0336000 -0.0085457 -0.1339924
v 0.0336000 -0.0085457 -0.1339924
v 0.0336000 -0.0085457 -0.1339924
v 0.0336000 -0.0085457 -0.1339924
v 0.0600000 -0.0341250 -0.1274609
v 0.0600000 -0.0341250 -0.1274609
v 0.0600000 -0.0341250 -0.1274609
v 0.0600000 -0.0341250 -0.1274609
v 0.0336000 -0.0406565 -0.1530402
v 0.0336000 -0.0406565 -0.1530402
v 0.0336000 -0.0406565 -0.1530402
v 0.0336000 -0.0406565 -0.1530402
v 0.0522676 -0.0160378 -0.1320794
v 0.0522676 -0.0160378 -0.1320794
v 0.0522676 -0.0160378 -0.1320794
v 0.0522676 -0.0160378 -0.1320794
v 0.0488420 -0.0231278 -0.1460001
v 0.0488420 -0.0231278 -0.1460001
v 0.0488420 -0.0231278 -0.1460001
v 0.0522676 -0.0387435 -0.1455482
v 0.0522676 -0.0387435 -0.1455482
v 0.0522676 -0.0387435 -0.1455482
v 0.0522676 -0.0387435 -0.1455482
v 0.0336000 -0.0206562 -0.1501667
v 0.0336000 -0.0206562 -0.1501667
v 0.0336000 -0.0206562 -0.1501667
v 0.0336000 -0.0206562 -0.1501667
vt 0.1800000 0.2912501
vt 0.1800000 0.2912501
vt 0.1800000 0.2912501
vt 0.1800000 0.2912501
vt 0.3944118 0.0550000
vt 0.3944118 0.0550000
vt 0.3944118 0.0550000
vt 0.3944118 0.0550000
vt 0.3944118 0.9587500
vt 0.3944118 0.9587500
vt 0.3944118 0.9587500
vt 0.3944118 0.9587500
vt 0.3750000 0.0550000
vt 0.1800000 0.2500000
vt 0.3750000 0.0550000
vt 0.1800000 0.2500000
vt 0.3832044 0.0000000
vt 0.1482458 0.2500000
vt 0.3750000 0.9825656
vt 0.3944118 0.0000000
vt 0.3944118 0.0000000
vt 0.3944118 1.0000000
vt 0.3944118 1.0000000
vt 0.1250000 0.2912501
vt 0.1250000 0.2912501
vt 0.3750000 0.9587500
vt 0.3750000 0.9587500
vt 0.6055882 0.0550000
vt 0.6055882 0.0550000
vt 0.6055882 0.0550000
vt 0.6055882 0.0550000
vt 0.8200001 0.2912500
vt 0.8200001 0.2912500
vt 0.8200001 0.2912500
vt 0.8200001 0.2912500
vt 0.6055883 0.9587500
vt 0.6055883 0.9587500
vt 0.6055883 0.9587500
vt 0.6055883 0.9587500
vt 0.6250000 0.0550000
vt 0.8200001 0.2500000
vt 0.6250000 0.0550000
vt 0.8200001 0.2500000
vt 0.6250000 0.0232458
vt 0.8750000 0.2674343
vt 0.6167956 1.0000000
vt 0.8750000 0.2912500
vt 0.8750000 0.2912500
vt 0.6250000 0.9587500
vt 0.6250000 0.9587500
vt 0.6055882 0.0000000
vt 0.6055882 0.0000000
vt 0.6055882 1.0000000
vt 0.6055882 1.0000000
vt 0.1800000 0.4587500
vt 0.1800000 0.4587500
vt 0.1800000 0.4587500
vt 0.1800000 0.4587500
vt 0.3944117 0.7912500
vt 0.3944117 0.7912500
vt 0.3944117 0.7912500
vt 0.3944117 0.7912500
vt 0.3944117 0.6950001
vt 0.3944117 0.6950001
vt 0.3944117 0.6950001
vt 0.3944117 0.6950001
vt 0.1250000 0.4587500
vt 0.1250000 0.4587500
vt 0.3750000 0.7912500
vt 0.3750000 0.7912500
vt 0.3750000 0.7267542
vt 0.1250000 0.4825656
vt 0.3832044 0.7500000
vt 0.3944118 0.7500000
vt 0.3944118 0.7500000
vt 0.3944118 0.7500000
vt 0.3944118 0.7500000
vt 0.3750000 0.6950000
vt 0.1800000 0.5000000
vt 0.3750000 0.6950000
vt 0.1800000 0.5000000
vt 0.8200000 0.4587500
vt 0.8200000 0.4587500
vt 0.8200000 0.4587500
vt 0.8200000 0.4587500
vt 0.6055882 0.6949999
vt 0.6055882 0.6949999
vt 0.6055882 0.6949999
vt 0.6055882 0.6949999
vt 0.6055883 0.7912500
vt 0.6055883 0.7912500
vt 0.6055883 0.7912500
vt 0.6055883 0.7912500
vt 0.6250000 0.6950000
vt 0.8200000 0.5000000
vt 0.6250000 0.6950000
vt 0.8200000 0.5000000
vt 0.6167956 0.7500000
vt 0.8517543 0.5000000
vt 0.6250000 0.7674344
vt 0.6055882 0.7500000
vt 0.6055882 0.7500000
vt 0.6055882 0.7500000
vt 0.6055882 0.7500000
vt 0.8750000 0.4587500
vt 0.8750000 0.4587500
vt 0.6250000 0.7912500
vt 0.6250000 0.7912500
vt 0.3200000 0.2912500
vt 0.3200000 0.2912500
vt 0.3200000 0.2912500
vt 0.3200000 0.2912500
vt 0.3944117 0.2912501
vt 0.3944117 0.2912501
vt 0.3944117 0.2912501
vt 0.3944117 0.2912501
vt 0.3944117 0.1950000
vt 0.3944117 0.1950000
vt 0.3944117 0.1950000
vt 0.3944117 0.1950000
vt 0.3750000 0.2912500
vt 0.3750000 0.2912500
vt 0.3750000 0.2912501
vt 0.3750000 0.2912500
vt 0.3777348 0.2480628
vt 0.3777348 0.2480628
vt 0.3777348 0.2480628
vt 0.3944118 0.2500000
vt 0.3944118 0.2500000
vt 0.3944118 0.2500000
vt 0.3944118 0.2500000
vt 0.3750000 0.1950000
vt 0.3200000 0.2500000
vt 0.3750000 0.1950000
vt 0.3200000 0.2500000
vt 0.6799999 0.2912501
vt 0.6799999 0.2912501
vt 0.6799999 0.2912501
vt 0.6799999 0.2912501
vt 0.6055882 0.1950000
vt 0.6055882 0.1950000
vt 0.6055882 0.1950000
vt 0.6055882 0.1950000
vt 0.6055883 0.2912499
vt 0.6055883 0.2912499
vt 0.6055883 0.2912499
vt 0.6055883 0.2912499
vt 0.6250000 0.1950000
vt 0.6800001 0.2500000
vt 0.6250000 0.1950000
vt 0.6800001 0.2500000
vt 0.6300138 0.2558115
vt 0.6300138 0.2558115
vt 0.6300138 0.2558115
vt 0.6055882 0.2500000
vt 0.6055882 0.2500000
vt 0.6055882 0.2499999
vt 0.6055882 0.2500000
vt 0.6250000 0.2912501
vt 0.6250000 0.2912500
vt 0.6250000 0.2912500
vt 0.6250000 0.2912500
vt 0.3200000 0.4587500
vt 0.3200000 0.4587500
vt 0.3200000 0.4587500
vt 0.3200000 0.4587500
vt 0.3944118 0.5550000
vt 0.3944118 0.5550000
vt 0.3944118 0.5550000
vt 0.3944118 0.5550000
vt 0.3944118 0.4587499
vt 0.3944118 0.4587499
vt 0.3944118 0.4587499
vt 0.3944118 0.4587499
vt 0.3750000 0.5550000
vt 0.3200000 0.5000000
vt 0.3750000 0.5550000
vt 0.3200000 0.5000000
vt 0.3699862 0.4941885
vt 0.3699862 0.4941885
vt 0.3699862 0.4941885
vt 0.3944118 0.5000000
vt 0.3944118 0.5000000
vt 0.3944118 0.5000000
vt 0.3944118 0.5000000
vt 0.3750000 0.4587500
vt 0.3750000 0.4587500
vt 0.3750000 0.4587500
vt 0.3750000 0.4587500
vt 0.6800000 0.4587500
vt 0.6800000 0.4587500
vt 0.6800000 0.4587500
vt 0.6800000 0.4587500
vt 0.6055883 0.4587499
vt 0.6055883 0.4587499
vt 0.6055883 0.4587499
vt 0.6055883 0.4587499
vt 0.6055882 0.5550000
vt 0.6055882 0.5550000
vt 0.6055882 0.5550000
vt 0.6055882 0.5550000
vt 0.6250000 0.4587500
vt 0.6250000 0.4587500
vt 0.6250000 0.4587500
vt 0.6250000 0.4587500
vt 0.6222652 0.5019372
vt 0.6222652 0.5019372
vt 0.6222652 0.5019372
vt 0.6055882 0.5000000
vt 0.6055882 0.5000000
vt 0.6055882 0.5000000
vt 0.6055882 0.5000000
vt 0.6250000 0.5550000
vt 0.6800001 0.5000000
vt 0.6250000 0.5550000
vt 0.6800001 0.5000000
vn 0.0000000 -0.8004764 0.5993642
vn 0.0000000 -0.9689124 0.2474040
vn -0.3250835 -0.7800204 0.5346858
vn -0.3826903 -0.8951556 0.2285708
vn 0.0000000 0.2474040 0.9689124
vn 0.0000000 -0.1422226 0.9898347
vn -0.3250835 -0.0952691 0.9408743
vn -0.3826903 0.2285708 0.8951556
vn -0.8880549 -0.2345505 0.3954044
vn -0.9238767 0.0946791 0.3707934
vn -0.9238767 -0.3707934 0.0946791
vn -1.0000000 0.0000000 0.0000000
vn 0.0000000 -0.1422226 0.9898347
vn 0.0000000 -0.8004764 0.5993642
vn -0.3250835 -0.0952691 0.9408743
vn -0.3250835 -0.7800204 0.5346858
vn -0.3250835 -0.0952691 0.9408743
vn -0.3250835 -0.7800204 0.5346858
vn -0.8880549 -0.2345505 0.3954044
vn -0.3250835 -0.0952691 0.9408743
vn -0.3826903 0.2285708 0.8951556
vn -0.8880549 -0.2345505 0.3954044
vn -0.9238767 0.0946791 0.3707934
vn -0.3250835 -0.7800204 0.5346858
vn -0.3826903 -0.8951556 0.2285708
vn -0.8880549 -0.2345505 0.3954044
vn -0.9238767 -0.3707934 0.0946791
vn 0.0000000 0.2474040 0.9689124
vn 0.0000000 0.5993642 0.8004764
vn -0.3250835 0.5346858 0.7800204
vn -0.3826903 0.2285708 0.8951556
vn 0.0000000 0.9898347 0.1422226
vn 0.0000000 0.9689124 -0.2474040
vn -0.3250835 0.9408743 0.0952691
vn -0.3826903 0.8951556 -0.2285708
vn -0.8880549 0.3954044 0.2345505
vn -0.9238767 0.0946791 0.3707934
vn -0.9238767 0.3707934 -0.0946791
vn -1.0000000 0.0000000 0.0000000
vn 0.0000000 0.5993642 0.8004764
vn 0.0000000 0.9898347 0.1422226
vn -0.3250835 0.5346858 0.7800204
vn -0.3250835 0.9408743 0.0952691
vn -0.3250835 0.5346858 0.7800204
vn -0.3250835 0.9408743 0.0952691
vn -0.8880549 0.3954044 0.2345505
vn -0.3250835 0.9408743 0.0952691
vn -0.3826903 0.8951556 -0.2285708
vn -0.8880549 0.3954044 0.2345505
vn -0.9238767 0.3707934 -0.0946791
vn -0.3250835 0.5346858 0.7800204
vn -0.3826903 0.2285708 0.8951556
vn -0.8880549 0.3954044 0.2345505
vn -0.9238767 0.0946791 0.3707934
vn 0.0000000 -0.9898347 -0.1422226
vn 0.0000000 -0.9689124 0.2474040
vn -0.3250835 -0.9408743 -0.0952691
vn -0.3826903 -0.8951556 0.2285708
vn -0.8880549 -0.3954044 -0.2345505
vn -0.9238767 -0.0946791 -0.3707934
vn -0.9238767 -0.3707934 0.0946791
vn -1.0000000 0.0000000 0.0000000
vn 0.0000000 -0.2474040 -0.9689124
vn 0.0000000 -0.5993642 -0.8004764
vn -0.3250835 -0.5346858 -0.7800204
vn -0.3826903 -0.2285708 -0.8951556
vn -0.3250835 -0.9408743 -0.0952691
vn -0.3826903 -0.8951556 0.2285708
vn -0.8880549 -0.3954044 -0.2345505
vn -0.9238767 -0.3707934 0.0946791
vn -0.3250835 -0.5346858 -0.7800204
vn -0.3250835 -0.9408743 -0.0952691
vn -0.8880549 -0.3954044 -0.2345505
vn -0.3250835 -0.5346858 -0.7800204
vn -0.3826903 -0.2285708 -0.8951556
vn -0.8880549 -0.3954044 -0.2345505
vn -0.9238767 -0.0946791 -0.3707934
vn 0.0000000 -0.5993642 -0.8004764
vn 0.0000000 -0.9898347 -0.1422226
vn -0.3250835 -0.5346858 -0.7800204
vn -0.3250835 -0.9408743 -0.0952691
vn 0.0000000 0.8004764 -0.5993642
vn 0.0000000 0.9689124 -0.2474040
vn -0.3250835 0.7800204 -0.5346858
vn -0.3826903 0.8951556 -0.2285708
vn 0.0000000 -0.2474040 -0.9689124
vn 0.0000000 0.1422226 -0.9898347
vn -0.3250835 0.0952691 -0.9408743
vn -0.3826903 -0.2285708 -0.8951556
vn -0.8880549 0.2345505 -0.3954044
vn -0.9238767 -0.0946791 -0.3707934
vn -0.9238767 0.3707934 -0.0946791
vn -1.0000000 0.0000000 0.0000000
vn 0.0000000 0.1422226 -0.9898347
vn 0.0000000 0.8004764 -0.5993642
vn -0.3250835 0.0952691 -0.9408743
vn -0.3250835 0.7800204 -0.5346858
vn -0.3250835 0.0952691 -0.9408743
vn -0.3250835 0.7800204 -0.5346858
vn -0.8880549 0.2345505 -0.3954044
vn -0.3250835 0.0952691 -0.9408743
vn -0.3826903 -0.2285708 -0.8951556
vn -0.8880549 0.2345505 -0.3954044
vn -0.9238767 -0.0946791 -0.3707934
vn -0.3250835 0.7800204 -0.5346858
vn -0.3826903 0.8951556 -0.2285708
vn -0.8880549 0.2345505 -0.3954044
vn -0.9238767 0.3707934 -0.0946791
vn 0.0000000 -0.8004764 0.5993642
vn 0.0000000 -0.9689124 0.2474040
vn 0.3250835 -0.7800204 0.5346858
vn 0.3826903 -0.8951556 0.2285708
vn 0.8880549 -0.2345505 0.3954044
vn 0.9238767 0.0946791 0.3707934
vn 0.9238767 -0.3707934 0.0946791
vn 1.0000000 0.0000000 0.0000000
vn 0.0000000 0.2474040 0.9689124
vn 0.0000000 -0.1422226 0.9898347
vn 0.3250835 -0.0952691 0.9408743
vn 0.3826903 0.2285708 0.8951556
vn 0.3250835 -0.7800204 0.5346858
vn 0.3826903 -0.8951556 0.2285708
vn 0.8880549 -0.2345505 0.3954044
vn 0.9238767 -0.3707934 0.0946791
vn 0.3250835 -0.0952691 0.9408743
vn 0.3250835 -0.7800204 0.5346858
vn 0.8880549 -0.2345505 0.3954044
vn 0.3250835 -0.0952691 0.9408743
vn 0.3826903 0.2285708 0.8951556
vn 0.8880549 -0.2345505 0.3954044
vn 0.9238767 0.0946791 0.3707934
vn 0.0000000 -0.1422226 0.9898347
vn 0.0000000 -0.8004764 0.5993642
vn 0.3250835 -0.0952691 0.9408743
vn 0.3250835 -0.7800204 0.5346858
vn 0.0000000 0.9898347 0.1422226
vn 0.0000000 0.9689124 -0.2474040
vn 0.3250835 0.9408743 0.0952691
vn 0.3826903 0.8951556 -0.2285708
vn 0.0000000 0.2474040 0.9689124
vn 0.0000000 0.5993642 0.8004764
vn 0.3250835 0.5346858 0.7800204
vn 0.3826903 0.2285708 0.8951556
vn 0.8880549 0.3954044 0.2345505
vn 0.9238767 0.0946791 0.3707934
vn 0.9238767 0.3707934 -0.0946791
vn 1.0000000 0.0000000 0.0000000
vn 0.0000000 0.5993642 0.8004764
vn 0.0000000 0.9898347 0.1422226
vn 0.3250835 0.5346858 0.7800204
vn 0.3250835 0.9408743 0.0952691
vn 0.3250835 0.5346858 0.7800204
vn 0.3250835 0.9408743 0.0952691
vn 0.8880549 0.3954044 0.2345505
vn 0.3250835 0.5346858 0.7800204
vn 0.3826903 0.2285708 0.8951556
vn 0.8880549 0.3954044 0.2345505
vn 0.9238767 0.0946791 0.3707934
vn 0.3250835 0.9408743 0.0952691
vn 0.3826903 0.8951556 -0.2285708
vn 0.8880549 0.3954044 0.2345505
vn 0.9238767 0.3707934 -0.0946791
vn 0.0000000 -0.9898347 -0.1422226
vn 0.0000000 -0.9689124 0.2474040
vn 0.3250835 -0.9408743 -0.0952691
vn 0.3826903 -0.8951556 0.2285708
vn 0.0000000 -0.2474040 -0.9689124
vn 0.0000000 -0.5993642 -0.8004764
vn 0.3250835 -0.5346858 -0.7800204
vn 0.3826903 -0.2285708 -0.8951556
vn 0.8880549 -0.3954044 -0.2345505
vn 0.9238767 -0.0946791 -0.3707934
vn 0.9238767 -0.3707934 0.0946791
vn 1.0000000 0.0000000 0.0000000
vn 0.0000000 -0.5993642 -0.8004764
vn 0.0000000 -0.9898347 -0.1422226
vn 0.3250835 -0.5346858 -0.7800204
vn 0.3250835 -0.9408743 -0.0952691
vn 0.3250835 -0.5346858 -0.7800204
vn 0.3250835 -0.9408743 -0.0952691
vn 0.8880549 -0.3954044 -0.2345505
vn 0.3250835 -0.5346858 -0.7800204
vn 0.3826903 -0.2285708 -0.8951556
vn 0.8880549 -0.3954044 -0.2345505
vn 0.9238767 -0.0946791 -0.3707934
vn 0.3250835 -0.9408743 -0.0952691
vn 0.3826903 -0.8951556 0.2285708
vn 0.8880549 -0.3954044 -0.2345505
vn 0.9238767 -0.3707934 0.0946791
vn 0.0000000 0.8004764 -0.5993642
vn 0.0000000 0.9689124 -0.2474040
vn 0.3250835 0.7800204 -0.5346858
vn 0.3826903 0.8951556 -0.2285708
vn 0.8880549 0.2345505 -0.3954044
vn 0.9238767 -0.0946791 -0.3707934
vn 0.9238767 0.3707934 -0.0946791
vn 1.0000000 0.0000000 0.0000000
vn 0.0000000 -0.2474040 -0.9689124
vn 0.0000000 0.1422226 -0.9898347
vn 0.3250835 0.0952691 -0.9408743
vn 0.3826903 -0.2285708 -0.8951556
vn 0.3250835 0.7800204 -0.5346858
vn 0.3826903 0.8951556 -0.2285708
vn 0.8880549 0.2345505 -0.3954044
vn 0.9238767 0.3707934 -0.0946791
vn 0.3250835 0.0952691 -0.9408743
vn 0.3250835 0.7800204 -0.5346858
vn 0.8880549 0.2345505 -0.3954044
vn 0.3250835 0.0952691 -0.9408743
vn 0.3826903 -0.2285708 -0.8951556
vn 0.8880549 0.2345505 -0.3954044
vn 0.9238767 -0.0946791 -0.3707934
vn 0.0000000 0.1422226 -0.9898347
vn 0.0000000 0.8004764 -0.5993642
vn 0.3250835 0.0952691 -0.9408743
vn 0.3250835 0.7800204 -0.5346858
f 2077/2077/2077 2100/2100/2100 1988/1988/1988
f 2077/2077/2077 1988/1988/1988 1965/1965/1965
f 2134/2134/2134 2157/2157/2157 2107/2107/2107
f 2134/2134/2134 2107/2107/2107 2076/2076/2076
f 2151/2151/2151 2043/2043/2043 1993/1993/1993
f 2151/2151/2151 1993/1993/1993 2097/2097/2097
f 1972/1972/1972 1999/1999/1999 2053/2053/2053
f 1972/1972/1972 2053/2053/2053 2022/2022/2022
f 2023/2023/2023 2046/2046/2046 2158/2158/2158
f 2023/2023/2023 2158/2158/2158 2127/2127/2127
f 1963/1963/1963 1976/1976/1976 1978/1978/1978
f 1963/1963/1963 1978/1978/1978 1984/1984/1984
f 1967/1967/1967 1980/1980/1980 1977/1977/1977
f 1967/1967/1967 1977/1977/1977 1975/1975/1975
f 1969/1969/1969 1986/1986/1986 1979/1979/1979
f 1969/1969/1969 1979/1979/1979 1982/1982/1982
f 1990/1990/1990 2002/2002/2002 2004/2004/2004
f 1990/1990/1990 2004/2004/2004 2011/2011/2011
f 1994/1994/1994 2007/2007/2007 2005/2005/2005
f 1994/1994/1994 2005/2005/2005 2003/2003/2003
f 1996/1996/1996 2013/2013/2013 2006/2006/2006
f 1996/1996/1996 2006/2006/2006 2009/2009/2009
f 2017/2017/2017 2027/2027/2027 2032/2032/2032
f 2017/2017/2017 2032/2032/2032 2041/2041/2041
f 2019/2019/2019 2036/2036/2036 2033/2033/2033
f 2019/2019/2019 2033/2033/2033 2029/2029/2029
f 2025/2025/2025 2040/2040/2040 2031/2031/2031
f 2025/2025/2025 2031/2031/2031 2034/2034/2034
f 2044/2044/2044 2057/2057/2057 2059/2059/2059
f 2044/2044/2044 2059/2059/2059 2065/2065/2065
f 2048/2048/2048 2061/2061/2061 2058/2058/2058
f 2048/2048/2048 2058/2058/2058 2056/2056/2056
f 2050/2050/2050 2067/2067/2067 2060/2060/2060
f 2050/2050/2050 2060/2060/2060 2063/2063/2063
f 2071/2071/2071 2081/2081/2081 2086/2086/2086
f 2071/2071/2071 2086/2086/2086 2095/2095/2095
f 2073/2073/2073 2090/2090/2090 2087/2087/2087
f 2073/2073/2073 2087/2087/2087 2083/2083/2083
f 2079/2079/2079 2094/2094/2094 2085/2085/2085
f 2079/2079/2079 2085/2085/2085 2088/2088/2088
f 2098/2098/2098 2111/2111/2111 2113/2113/2113
f 2098/2098/2098 2113/2113/2113 2119/2119/2119
f 2102/2102/2102 2115/2115/2115 2112/2112/2112
f 2102/2102/2102 2112/2112/2112 2110/2110/2110
f 2104/2104/2104 2121/2121/2121 2114/2114/2114
f 2104/2104/2104 2114/2114/2114 2117/2117/2117
f 2125/2125/2125 2138/2138/2138 2140/2140/2140
f 2125/2125/2125 2140/2140/2140 2146/2146/2146
f 2129/2129/2129 2142/2142/2142 2139/2139/2139
f 2129/2129/2129 2139/2139/2139 2137/2137/2137
f 2131/2131/2131 2148/2148/2148 2141/2141/2141
f 2131/2131/2131 2141/2141/2141 2144/2144/2144
f 2152/2152/2152 2162/2162/2162 2167/2167/2167
f 2152/2152/2152 2167/2167/2167 2176/2176/2176
f 2154/2154/2154 2171/2171/2171 2168/2168/2168
f 2154/2154/2154 2168/2168/2168 2164/2164/2164
f 2160/2160/2160 2175/2175/2175 2166/2166/2166
f 2160/2160/2160 2166/2166/2166 2169/2169/2169
f 2018/2018/2018 1964/1964/1964 1985/1985/1985
f 2018/2018/2018 1985/1985/1985 2028/2028/2028
f 2030/2030/2030 1987/1987/1987 1971/1971/1971
f 2030/2030/2030 1971/1971/1971 2021/2021/2021
f 1968/1968/1968 1991/1991/1991 2012/2012/2012
f 1968/1968/1968 2012/2012/2012 1981/1981/1981
f 1983/1983/1983 2014/2014/2014 1997/1997/1997
f 1983/1983/1983 1997/1997/1997 1970/1970/1970
f 1995/1995/1995 2045/2045/2045 2066/2066/2066
f 1995/1995/1995 2066/2066/2066 2008/2008/2008
f 2010/2010/2010 2068/2068/2068 2052/2052/2052
f 2010/2010/2010 2052/2052/2052 1998/1998/1998
f 2049/2049/2049 2026/2026/2026 2035/2035/2035
f 2049/2049/2049 2035/2035/2035 2062/2062/2062
f 2064/2064/2064 2037/2037/2037 2020/2020/2020
f 2064/2064/2064 2020/2020/2020 2051/2051/2051
f 2123/2123/2123 2015/2015/2015 2039/2039/2039
f 2123/2123/2123 2039/2039/2039 2136/2136/2136
f 2135/2135/2135 2038/2038/2038 2024/2024/2024
f 2135/2135/2135 2024/2024/2024 2128/2128/2128
f 2042/2042/2042 2150/2150/2150 2174/2174/2174
f 2042/2042/2042 2174/2174/2174 2055/2055/2055
f 2054/2054/2054 2173/2173/2173 2159/2159/2159
f 2054/2054/2054 2159/2159/2159 2047/2047/2047
f 2155/2155/2155 2132/2132/2132 2145/2145/2145
f 2155/2155/2155 2145/2145/2145 2172/2172/2172
f 2170/2170/2170 2143/2143/2143 2130/2130/2130
f 2170/2170/2170 2130/2130/2130 2161/2161/2161
f 2072/2072/2072 2126/2126/2126 2147/2147/2147
f 2072/2072/2072 2147/2147/2147 2082/2082/2082
f 2084/2084/2084 2149/2149/2149 2133/2133/2133
f 2084/2084/2084 2133/2133/2133 2075/2075/2075
f 2153/2153/2153 2099/2099/2099 2120/2120/2120
f 2153/2153/2153 2120/2120/2120 2163/2163/2163
f 2165/2165/2165 2122/2122/2122 2106/2106/2106
f 2165/2165/2165 2106/2106/2106 2156/2156/2156
f 2103/2103/2103 2080/2080/2080 2089/2089/2089
f 2103/2103/2103 2089/2089/2089 2116/2116/2116
f 2118/2118/2118 2091/2091/2091 2074/2074/2074
f 2118/2118/2118 2074/2074/2074 2105/2105/2105
f 1961/1961/1961 2069/2069/2069 2093/2093/2093
f 1961/1961/1961 2093/2093/2093 1974/1974/1974
f 1973/1973/1973 2092/2092/2092 2078/2078/2078
f 1973/1973/1973 2078/2078/2078 1966/1966/1966
f 2096/2096/2096 1992/1992/1992 2001/2001/2001
f 2096/2096/2096 2001/2001/2001 2109/2109/2109
f 2108/2108/2108 2000/2000/2000 1989/1989/1989
f 2108/2108/2108 1989/1989/1989 2101/2101/2101
f 2016/2016/2016 2124/2124/2124 2070/2070/2070
f 2016/2016/2016 2070/2070/2070 1962/1962/1962
o Rear_sight.001_0
usemtl Machined_Steel
v -0.0520000 0.1300000 0.0620000
v -0.0520000 0.1300000 0.0620000
v -0.0520000 0.1300000 0.0620000
v -0.0520000 0.1300000 0.0620000
v -0.0520000 0.1380000 0.0700000
v -0.0520000 0.1380000 0.0700000
v -0.0520000 0.1380000 0.0700000
v -0.0520000 0.1380000 0.0700000
v -0.0600000 0.1380000 0.0620000
v -0.0600000 0.1380000 0.0620000
v -0.0600000 0.1380000 0.0620000
v -0.0600000 0.1380000 0.0620000
v -0.0520000 0.1323431 0.0676569
v -0.0520000 0.1323431 0.0676569
v -0.0520000 0.1323431 0.0676569
v -0.0520000 0.1323431 0.0676569
v -0.0566188 0.1333812 0.0666188
v -0.0566188 0.1333812 0.0666188
v -0.0566188 0.1333812 0.0666188
v -0.0576569 0.1380000 0.0676569
v -0.0576569 0.1380000 0.0676569
v -0.0576569 0.1380000 0.0676569
v -0.0576569 0.1380000 0.0676569
v -0.0576569 0.1323431 0.0620000
v -0.0576569 0.1323431 0.0620000
v -0.0576569 0.1323431 0.0620000
v -0.0576569 0.1323431 0.0620000
v -0.0520000 0.2020000 0.0700000
v -0.0520000 0.2020000 0.0700000
v -0.0520000 0.2020000 0.0700000
v -0.0520000 0.2020000 0.0700000
v -0.0520000 0.2100000 0.0620000
v -0.0520000 0.2100000 0.0620000
v -0.0520000 0.2100000 0.0620000
v -0.0520000 0.2100000 0.0620000
v -0.0600000 0.2020000 0.0620000
v -0.0600000 0.2020000 0.0620000
v -0.0600000 0.2020000 0.0620000
v -0.0600000 0.2020000 0.0620000
v -0.0520000 0.2076569 0.0676569
v -0.0520000 0.2076569 0.0676569
v -0.0520000 0.2076569 0.0676569
v -0.0520000 0.2076569 0.0676569
v -0.0566188 0.2066188 0.0666188
v -0.0566188 0.2066188 0.0666188
v -0.0566188 0.2066188 0.0666188
v -0.0576569 0.2076569 0.0620000
v -0.0576569 0.2076569 0.0620000
v -0.0576569 0.2076569 0.0620000
v -0.0576569 0.2076569 0.0620000
v -0.0576569 0.2020000 0.0676569
v -0.0576569 0.2020000 0.0676569
v -0.0576569 0.2020000 0.0676569
v -0.0576569 0.2020000 0.0676569
v -0.0520000 0.1300000 0.0380000
v -0.0520000 0.1300000 0.0380000
v -0.0520000 0.1300000 0.0380000
v -0.0520000 0.1300000 0.0380000
v -0.0600000 0.1380000 0.0380000
v -0.0600000 0.1380000 0.0380000
v -0.0600000 0.1380000 0.0380000
v -0.0600000 0.1380000 0.0380000
v -0.0520000 0.1380000 0.0300000
v -0.0520000 0.1380000 0.0300000
v -0.0520000 0.1380000 0.0300000
v -0.0520000 0.1380000 0.0300000
v -0.0576569 0.1323431 0.0380000
v -0.0576569 0.1323431 0.0380000
v -0.0576569 0.1323431 0.0380000
v -0.0576569 0.1323431 0.0380000
v -0.0566188 0.1333812 0.0333812
v -0.0566188 0.1333812 0.0333812
v -0.0566188 0.1333812 0.0333812
v -0.0576569 0.1380000 0.0323431
v -0.0576569 0.1380000 0.0323431
v -0.0576569 0.1380000 0.0323431
v -0.0576569 0.1380000 0.0323431
v -0.0520000 0.1323431 0.0323431
v -0.0520000 0.1323431 0.0323431
v -0.0520000 0.1323431 0.0323431
v -0.0520000 0.1323431 0.0323431
v -0.0520000 0.2100000 0.0380000
v -0.0520000 0.2100000 0.0380000
v -0.0520000 0.2100000 0.0380000
v -0.0520000 0.2100000 0.0380000
v -0.0520000 0.2020000 0.0300000
v -0.0520000 0.2020000 0.0300000
v -0.0520000 0.2020000 0.0300000
v -0.0520000 0.2020000 0.0300000
v -0.0600000 0.2020000 0.0380000
v -0.0600000 0.2020000 0.0380000
v -0.0600000 0.2020000 0.0380000
v -0.0600000 0.2020000 0.0380000
v -0.0520000 0.2076569 0.0323431
v -0.0520000 0.2076569 0.0323431
v -0.0520000 0.2076569 0.0323431
v -0.0520000 0.2076569 0.0323431
v -0.0566188 0.2066188 0.0333812
v -0.0566188 0.2066188 0.0333812
v -0.0566188 0.2066188 0.0333812
v -0.0576569 0.2020000 0.0323431
v -0.0576569 0.2020000 0.0323431
v -0.0576569 0.2020000 0.0323431
v -0.0576569 0.2020000 0.0323431
v -0.0576569 0.2076569 0.0380000
v -0.0576569 0.2076569 0.0380000
v -0.0576569 0.2076569 0.0380000
v -0.0576569 0.2076569 0.0380000
v 0.0520000 0.1300000 0.0620000
v 0.0520000 0.1300000 0.0620000
v 0.0520000 0.1300000 0.0620000
v 0.0520000 0.1300000 0.0620000
v 0.0600000 0.1380000 0.0620000
v 0.0600000 0.1380000 0.0620000
v 0.0600000 0.1380000 0.0620000
v 0.0600000 0.1380000 0.0620000
v 0.0520000 0.1380000 0.0700000
v 0.0520000 0.1380000 0.0700000
v 0.0520000 0.1380000 0.0700000
v 0.0520000 0.1380000 0.0700000
v 0.0576569 0.1323431 0.0620000
v 0.0576569 0.1323431 0.0620000
v 0.0576569 0.1323431 0.0620000
v 0.0576569 0.1323431 0.0620000
v 0.0566188 0.1333812 0.0666188
v 0.0566188 0.1333812 0.0666188
v 0.0566188 0.1333812 0.0666188
v 0.0576569 0.1380000 0.0676569
v 0.0576569 0.1380000 0.0676569
v 0.0576569 0.1380000 0.0676569
v 0.0576569 0.1380000 0.0676569
v 0.0520000 0.1323431 0.0676569
v 0.0520000 0.1323431 0.0676569
v 0.0520000 0.1323431 0.0676569
v 0.0520000 0.1323431 0.0676569
v 0.0520000 0.2100000 0.0620000
v 0.0520000 0.2100000 0.0620000
v 0.0520000 0.2100000 0.0620000
v 0.0520000 0.2100000 0.0620000
v 0.0520000 0.2020000 0.0700000
v 0.0520000 0.2020000 0.0700000
v 0.0520000 0.2020000 0.0700000
v 0.0520000 0.2020000 0.0700000
v 0.0600000 0.2020000 0.0620000
v 0.0600000 0.2020000 0.0620000
v 0.0600000 0.2020000 0.0620000
v 0.0600000 0.2020000 0.0620000
v 0.0520000 0.2076569 0.0676569
v 0.0520000 0.2076569 0.0676569
v 0.0520000 0.2076569 0.0676569
v 0.0520000 0.2076569 0.0676569
v 0.0566188 0.2066188 0.0666188
v 0.0566188 0.2066188 0.0666188
v 0.0566188 0.2066188 0.0666188
v 0.0576569 0.2020000 0.0676569
v 0.0576569 0.2020000 0.0676569
v 0.0576569 0.2020000 0.0676569
v 0.0576569 0.2020000 0.0676569
v 0.0576569 0.2076569 0.0620000
v 0.0576569 0.2076569 0.0620000
v 0.0576569 0.2076569 0.0620000
v 0.0576569 0.2076569 0.0620000
v 0.0520000 0.1300000 0.0380000
v 0.0520000 0.1300000 0.0380000
v 0.0520000 0.1300000 0.0380000
v 0.0520000 0.1300000 0.0380000
v 0.0520000 0.1380000 0.0300000
v 0.0520000 0.1380000 0.0300000
v 0.0520000 0.1380000 0.0300000
v 0.0520000 0.1380000 0.0300000
v 0.0600000 0.1380000 0.0380000
v 0.0600000 0.1380000 0.0380000
v 0.0600000 0.1380000 0.0380000
v 0.0600000 0.1380000 0.0380000
v 0.0520000 0.1323431 0.0323431
v 0.0520000 0.1323431 0.0323431
v 0.0520000 0.1323431 0.0323431
v 0.0520000 0.1323431 0.0323431
v 0.0566188 0.1333812 0.0333812
v 0.0566188 0.1333812 0.0333812
v 0.0566188 0.1333812 0.0333812
v 0.0576569 0.1380000 0.0323431
v 0.0576569 0.1380000 0.0323431
v 0.0576569 0.1380000 0.0323431
v 0.0576569 0.1380000 0.0323431
v 0.0576569 0.1323431 0.0380000
v 0.0576569 0.1323431 0.0380000
v 0.0576569 0.1323431 0.0380000
v 0.0576569 0.1323431 0.0380000
v 0.0520000 0.2100000 0.0380000
v 0.0520000 0.2100000 0.0380000
v 0.0520000 0.2100000 0.0380000
v 0.0520000 0.2100000 0.0380000
v 0.0600000 0.2020000 0.0380000
v 0.0600000 0.2020000 0.0380000
v 0.0600000 0.2020000 0.0380000
v 0.0600000 0.2020000 0.0380000
v 0.0520000 0.2020000 0.0300000
v 0.0520000 0.2020000 0.0300000
v 0.0520000 0.2020000 0.0300000
v 0.0520000 0.2020000 0.0300000
v 0.0576569 0.2076569 0.0380000
v 0.0576569 0.2076569 0.0380000
v 0.0576569 0.2076569 0.0380000
v 0.0576569 0.2076569 0.0380000
v 0.0566188 0.2066188 0.0333812
v 0.0566188 0.2066188 0.0333812
v 0.0566188 0.2066188 0.0333812
v 0.0576569 0.2020000 0.0323431
v 0.0576569 0.2020000 0.0323431
v 0.0576569 0.2020000 0.0323431
v 0.0576569 0.2020000 0.0323431
v 0.0520000 0.2076569 0.0323431
v 0.0520000 0.2076569 0.0323431
v 0.0520000 0.2076569 0.0323431
v 0.0520000 0.2076569 0.0323431
vt 0.1416667 0.3000000
vt 0.1416667 0.3000000
vt 0.1416667 0.3000000
vt 0.1416667 0.3000000
vt 0.4000000 0.0166667
vt 0.4000000 0.0166667
vt 0.4000000 0.0166667
vt 0.4000000 0.0166667
vt 0.4000000 0.9500000
vt 0.4000000 0.9500000
vt 0.4000000 0.9500000
vt 0.4000000 0.9500000
vt 0.3750000 0.0166667
vt 0.1416667 0.2500000
vt 0.3750000 0.0166667
vt 0.1416667 0.2500000
vt 0.3855662 0.0000000
vt 0.1320442 0.2500000
vt 0.3750000 0.9788675
vt 0.4000000 0.0000000
vt 0.4000000 0.0000000
vt 0.4000000 1.0000000
vt 0.4000000 1.0000000
vt 0.1250000 0.3000000
vt 0.1250000 0.3000000
vt 0.3750000 0.9500000
vt 0.3750000 0.9500000
vt 0.6000000 0.0166667
vt 0.6000000 0.0166667
vt 0.6000000 0.0166667
vt 0.6000000 0.0166667
vt 0.8583333 0.3000000
vt 0.8583333 0.3000000
vt 0.8583333 0.3000000
vt 0.8583333 0.3000000
vt 0.6000000 0.9500000
vt 0.6000000 0.9500000
vt 0.6000000 0.9500000
vt 0.6000000 0.9500000
vt 0.6250000 0.0166667
vt 0.8583333 0.2500000
vt 0.6250000 0.0166667
vt 0.8583333 0.2500000
vt 0.6250000 0.0070442
vt 0.8750000 0.2711325
vt 0.6144338 1.0000000
vt 0.8750000 0.3000000
vt 0.8750000 0.3000000
vt 0.6250000 0.9500000
vt 0.6250000 0.9500000
vt 0.6000000 0.0000000
vt 0.6000000 0.0000000
vt 0.6000000 1.0000000
vt 0.6000000 1.0000000
vt 0.1416667 0.4500000
vt 0.1416667 0.4500000
vt 0.1416667 0.4500000
vt 0.1416667 0.4500000
vt 0.4000000 0.8000000
vt 0.4000000 0.8000000
vt 0.4000000 0.8000000
vt 0.4000000 0.8000000
vt 0.4000000 0.7333333
vt 0.4000000 0.7333333
vt 0.4000000 0.7333333
vt 0.4000000 0.7333333
vt 0.1250000 0.4500000
vt 0.1250000 0.4500000
vt 0.3750000 0.8000000
vt 0.3750000 0.8000000
vt 0.3750000 0.7429558
vt 0.1250000 0.4788675
vt 0.3855662 0.7500000
vt 0.4000000 0.7500000
vt 0.4000000 0.7500000
vt 0.4000000 0.7500000
vt 0.4000000 0.7500000
vt 0.3750000 0.7333333
vt 0.1416667 0.5000000
vt 0.3750000 0.7333333
vt 0.1416667 0.5000000
vt 0.8583333 0.4500000
vt 0.8583333 0.4500000
vt 0.8583333 0.4500000
vt 0.8583333 0.4500000
vt 0.6000000 0.7333333
vt 0.6000000 0.7333333
vt 0.6000000 0.7333333
vt 0.6000000 0.7333333
vt 0.6000000 0.8000000
vt 0.6000000 0.8000000
vt 0.6000000 0.8000000
vt 0.6000000 0.8000000
vt 0.6250000 0.7333333
vt 0.8583333 0.5000000
vt 0.6250000 0.7333333
vt 0.8583333 0.5000000
vt 0.6144338 0.7500000
vt 0.8679558 0.5000000
vt 0.6250000 0.7711325
vt 0.6000000 0.7500000
vt 0.6000000 0.7500000
vt 0.6000000 0.7500000
vt 0.6000000 0.7500000
vt 0.8749999 0.4500000
vt 0.8749999 0.4500000
vt 0.6250000 0.8000000
vt 0.6250000 0.8000000
vt 0.3583333 0.3000000
vt 0.3583333 0.3000000
vt 0.3583333 0.3000000
vt 0.3583333 0.3000000
vt 0.4000000 0.3000000
vt 0.4000000 0.3000000
vt 0.4000000 0.3000000
vt 0.4000000 0.3000000
vt 0.4000000 0.2333333
vt 0.4000000 0.2333333
vt 0.4000000 0.2333333
vt 0.4000000 0.2333333
vt 0.3750000 0.3000000
vt 0.3750000 0.3000000
vt 0.3750000 0.3000000
vt 0.3750000 0.3000000
vt 0.3785221 0.2546960
vt 0.3785221 0.2546960
vt 0.3785221 0.2546960
vt 0.4000000 0.2500001
vt 0.4000000 0.2500000
vt 0.4000000 0.2500000
vt 0.4000000 0.2500000
vt 0.3750000 0.2333333
vt 0.3583333 0.2500000
vt 0.3750000 0.2333333
vt 0.3583333 0.2500000
vt 0.6416667 0.3000000
vt 0.6416667 0.3000000
vt 0.6416667 0.3000000
vt 0.6416667 0.3000000
vt 0.6000000 0.2333333
vt 0.6000000 0.2333333
vt 0.6000000 0.2333333
vt 0.6000000 0.2333333
vt 0.6000000 0.3000000
vt 0.6000000 0.3000000
vt 0.6000000 0.3000000
vt 0.6000000 0.3000000
vt 0.6250000 0.2333333
vt 0.6416667 0.2500000
vt 0.6250000 0.2333333
vt 0.6416667 0.2500000
vt 0.6238260 0.2570441
vt 0.6238260 0.2570441
vt 0.6238260 0.2570441
vt 0.6000000 0.2500000
vt 0.6000000 0.2500000
vt 0.6000000 0.2500001
vt 0.6000000 0.2500000
vt 0.6250000 0.3000000
vt 0.6250000 0.3000000
vt 0.6250000 0.3000000
vt 0.6250000 0.3000000
vt 0.3583333 0.4500000
vt 0.3583333 0.4500000
vt 0.3583333 0.4500000
vt 0.3583333 0.4500000
vt 0.4000000 0.5166667
vt 0.4000000 0.5166667
vt 0.4000000 0.5166667
vt 0.4000000 0.5166667
vt 0.4000000 0.4500000
vt 0.4000000 0.4500000
vt 0.4000000 0.4500000
vt 0.4000000 0.4500000
vt 0.3750000 0.5166667
vt 0.3583333 0.5000000
vt 0.3750000 0.5166667
vt 0.3583333 0.5000000
vt 0.3761740 0.4929558
vt 0.3761740 0.4929558
vt 0.3761740 0.4929558
vt 0.4000000 0.5000000
vt 0.4000000 0.5000000
vt 0.4000000 0.5000000
vt 0.4000000 0.5000000
vt 0.3750000 0.4500000
vt 0.3750000 0.4500000
vt 0.3750000 0.4500000
vt 0.3750000 0.4500000
vt 0.6416667 0.4500000
vt 0.6416667 0.4500000
vt 0.6416667 0.4500000
vt 0.6416667 0.4500000
vt 0.6000000 0.4500000
vt 0.6000000 0.4500000
vt 0.6000000 0.4500000
vt 0.6000000 0.4500000
vt 0.6000000 0.5166667
vt 0.6000000 0.5166667
vt 0.6000000 0.5166667
vt 0.6000000 0.5166667
vt 0.6250000 0.4500000
vt 0.6250000 0.4500000
vt 0.6250000 0.4500000
vt 0.6250000 0.4500000
vt 0.6214780 0.4953039
vt 0.6214780 0.4953039
vt 0.6214780 0.4953039
vt 0.6000000 0.5000000
vt 0.6000000 0.5000000
vt 0.6000000 0.5000000
vt 0.6000000 0.5000000
vt 0.6250000 0.5166667
vt 0.6416667 0.5000000
vt 0.6250000 0.5166667
vt 0.6416667 0.5000000
vn 0.0000000 -0.9238767 0.3826903
vn 0.0000000 -1.0000000 0.0000000
vn -0.3250835 -0.8880549 0.3250835
vn -0.3826903 -0.9238767 0.0000000
vn 0.0000000 0.0000000 1.0000000
vn 0.0000000 -0.3826903 0.9238767
vn -0.3250835 -0.3250835 0.8880549
vn -0.3826903 0.0000000 0.9238767
vn -0.8880549 -0.3250835 0.3250835
vn -0.9238767 0.0000000 0.3826903
vn -0.9238767 -0.3826903 0.0000000
vn -1.0000000 0.0000000 0.0000000
vn 0.0000000 -0.3826903 0.9238767
vn 0.0000000 -0.9238767 0.3826903
vn -0.3250835 -0.3250835 0.8880549
vn -0.3250835 -0.8880549 0.3250835
vn -0.3250835 -0.3250835 0.8880549
vn -0.3250835 -0.8880549 0.3250835
vn -0.8880549 -0.3250835 0.3250835
vn -0.3250835 -0.3250835 0.8880549
vn -0.3826903 0.0000000 0.9238767
vn -0.8880549 -0.3250835 0.3250835
vn -0.9238767 0.0000000 0.3826903
vn -0.3250835 -0.8880549 0.3250835
vn -0.3826903 -0.9238767 0.0000000
vn -0.8880549 -0.3250835 0.3250835
vn -0.9238767 -0.3826903 0.0000000
vn 0.0000000 0.0000000 1.0000000
vn 0.0000000 0.3826903 0.9238767
vn -0.3250835 0.3250835 0.8880549
vn -0.3826903 0.0000000 0.9238767
vn 0.0000000 0.9238767 0.3826903
vn 0.0000000 1.0000000 0.0000000
vn -0.3250835 0.8880549 0.3250835
vn -0.3826903 0.9238767 0.0000000
vn -0.8880549 0.3250835 0.3250835
vn -0.9238767 0.0000000 0.3826903
vn -0.9238767 0.3826903 0.0000000
vn -1.0000000 0.0000000 0.0000000
vn 0.0000000 0.3826903 0.9238767
vn 0.0000000 0.9238767 0.3826903
vn -0.3250835 0.3250835 0.8880549
vn -0.3250835 0.8880549 0.3250835
vn -0.3250835 0.3250835 0.8880549
vn -0.3250835 0.8880549 0.3250835
vn -0.8880549 0.3250835 0.3250835
vn -0.3250835 0.8880549 0.3250835
vn -0.3826903 0.9238767 0.0000000
vn -0.8880549 0.3250835 0.3250835
vn -0.9238767 0.3826903 0.0000000
vn -0.3250835 0.3250835 0.8880549
vn -0.3826903 0.0000000 0.9238767
vn -0.8880549 0.3250835 0.3250835
vn -0.9238767 0.0000000 0.3826903
vn 0.0000000 -0.9238767 -0.3826903
vn 0.0000000 -1.0000000 0.0000000
vn -0.3250835 -0.8880549 -0.3250835
vn -0.3826903 -0.9238767 0.0000000
vn -0.8880549 -0.3250835 -0.3250835
vn -0.9238767 0.0000000 -0.3826903
vn -0.9238767 -0.3826903 0.0000000
vn -1.0000000 0.0000000 0.0000000
vn 0.0000000 0.0000000 -1.0000000
vn 0.0000000 -0.3826903 -0.9238767
vn -0.3250835 -0.3250835 -0.8880549
vn -0.3826903 0.0000000 -0.9238767
vn -0.3250835 -0.8880549 -0.3250835
vn -0.3826903 -0.9238767 0.0000000
vn -0.8880549 -0.3250835 -0.3250835
vn -0.9238767 -0.3826903 0.0000000
vn -0.3250835 -0.3250835 -0.8880549
vn -0.3250835 -0.8880549 -0.3250835
vn -0.8880549 -0.3250835 -0.3250835
vn -0.3250835 -0.3250835 -0.8880549
vn -0.3826903 0.0000000 -0.9238767
vn -0.8880549 -0.3250835 -0.3250835
vn -0.9238767 0.0000000 -0.3826903
vn 0.0000000 -0.3826903 -0.9238767
vn 0.0000000 -0.9238767 -0.3826903
vn -0.3250835 -0.3250835 -0.8880549
vn -0.3250835 -0.8880549 -0.3250835
vn 0.0000000 0.9238767 -0.3826903
vn 0.0000000 1.0000000 0.0000000
vn -0.3250835 0.8880549 -0.3250835
vn -0.3826903 0.9238767 0.0000000
vn 0.0000000 0.0000000 -1.0000000
vn 0.0000000 0.3826903 -0.9238767
vn -0.3250835 0.3250835 -0.8880549
vn -0.3826903 0.0000000 -0.9238767
vn -0.8880549 0.3250835 -0.3250835
vn -0.9238767 0.0000000 -0.3826903
vn -0.9238767 0.3826903 0.0000000
vn -1.0000000 0.0000000 0.0000000
vn 0.0000000 0.3826903 -0.9238767
vn 0.0000000 0.9238767 -0.3826903
vn -0.3250835 0.3250835 -0.8880549
vn -0.3250835 0.8880549 -0.3250835
vn -0.3250835 0.3250835 -0.8880549
vn -0.3250835 0.8880549 -0.3250835
vn -0.8880549 0.3250835 -0.3250835
vn -0.3250835 0.3250835 -0.8880549
vn -0.3826903 0.0000000 -0.9238767
vn -0.8880549 0.3250835 -0.3250835
vn -0.9238767 0.0000000 -0.3826903
vn -0.3250835 0.8880549 -0.3250835
vn -0.3826903 0.9238767 0.0000000
vn -0.8880549 0.3250835 -0.3250835
vn -0.9238767 0.3826903 0.0000000
vn 0.0000000 -0.9238767 0.3826903
vn 0.0000000 -1.0000000 0.0000000
vn 0.3250835 -0.8880549 0.3250835
vn 0.3826903 -0.9238767 0.0000000
vn 0.8880549 -0.3250835 0.3250835
vn 0.9238767 0.0000000 0.3826903
vn 0.9238767 -0.3826903 0.0000000
vn 1.0000000 0.0000000 0.0000000
vn 0.0000000 0.0000000 1.0000000
vn 0.0000000 -0.3826903 0.9238767
vn 0.3250835 -0.3250835 0.8880549
vn 0.3826903 0.0000000 0.9238767
vn 0.3250835 -0.8880549 0.3250835
vn 0.3826903 -0.9238767 0.0000000
vn 0.8880549 -0.3250835 0.3250835
vn 0.9238767 -0.3826903 0.0000000
vn 0.3250835 -0.3250835 0.8880549
vn 0.3250835 -0.8880549 0.3250835
vn 0.8880549 -0.3250835 0.3250835
vn 0.3250835 -0.3250835 0.8880549
vn 0.3826903 0.0000000 0.9238767
vn 0.8880549 -0.3250835 0.3250835
vn 0.9238767 0.0000000 0.3826903
vn 0.0000000 -0.3826903 0.9238767
vn 0.0000000 -0.9238767 0.3826903
vn 0.3250835 -0.3250835 0.8880549
vn 0.3250835 -0.8880549 0.3250835
vn 0.0000000 0.9238767 0.3826903
vn 0.0000000 1.0000000 0.0000000
vn 0.3250835 0.8880549 0.3250835
vn 0.3826903 0.9238767 0.0000000
vn 0.0000000 0.0000000 1.0000000
vn 0.0000000 0.3826903 0.9238767
vn 0.3250835 0.3250835 0.8880549
vn 0.3826903 0.0000000 0.9238767
vn 0.8880549 0.3250835 0.3250835
vn 0.9238767 0.0000000 0.3826903
vn 0.9238767 0.3826903 0.0000000
vn 1.0000000 0.0000000 0.0000000
vn 0.0000000 0.3826903 0.9238767
vn 0.0000000 0.9238767 0.3826903
vn 0.3250835 0.3250835 0.8880549
vn 0.3250835 0.8880549 0.3250835
vn 0.3250835 0.3250835 0.8880549
vn 0.3250835 0.8880549 0.3250835
vn 0.8880549 0.3250835 0.3250835
vn 0.3250835 0.3250835 0.8880549
vn 0.3826903 0.0000000 0.9238767
vn 0.8880549 0.3250835 0.3250835
vn 0.9238767 0.0000000 0.3826903
vn 0.3250835 0.8880549 0.3250835
vn 0.3826903 0.9238767 0.0000000
vn 0.8880549 0.3250835 0.3250835
vn 0.9238767 0.3826903 0.0000000
vn 0.0000000 -0.9238767 -0.3826903
vn 0.0000000 -1.0000000 0.0000000
vn 0.3250835 -0.8880549 -0.3250835
vn 0.3826903 -0.9238767 0.0000000
vn 0.0000000 0.0000000 -1.0000000
vn 0.0000000 -0.3826903 -0.9238767
vn 0.3250835 -0.3250835 -0.8880549
vn 0.3826903 0.0000000 -0.9238767
vn 0.8880549 -0.3250835 -0.3250835
vn 0.9238767 0.0000000 -0.3826903
vn 0.9238767 -0.3826903 0.0000000
vn 1.0000000 0.0000000 0.0000000
vn 0.0000000 -0.3826903 -0.9238767
vn 0.0000000 -0.9238767 -0.3826903
vn 0.3250835 -0.3250835 -0.8880549
vn 0.3250835 -0.8880549 -0.3250835
vn 0.3250835 -0.3250835 -0.8880549
vn 0.3250835 -0.8880549 -0.3250835
vn 0.8880549 -0.3250835 -0.3250835
vn 0.3250835 -0.3250835 -0.8880549
vn 0.3826903 0.0000000 -0.9238767
vn 0.8880549 -0.3250835 -0.3250835
vn 0.9238767 0.0000000 -0.3826903
vn 0.3250835 -0.8880549 -0.3250835
vn 0.3826903 -0.9238767 0.0000000
vn 0.8880549 -0.3250835 -0.3250835
vn 0.9238767 -0.3826903 0.0000000
vn 0.0000000 0.9238767 -0.3826903
vn 0.0000000 1.0000000 0.0000000
vn 0.3250835 0.8880549 -0.3250835
vn 0.3826903 0.9238767 0.0000000
vn 0.8880549 0.3250835 -0.3250835
vn 0.9238767 0.0000000 -0.3826903
vn 0.9238767 0.3826903 0.0000000
vn 1.0000000 0.0000000 0.0000000
vn 0.0000000 0.0000000 -1.0000000
vn 0.0000000 0.3826903 -0.9238767
vn 0.3250835 0.3250835 -0.8880549
vn 0.3826903 0.0000000 -0.9238767
vn 0.3250835 0.8880549 -0.3250835
vn 0.3826903 0.9238767 0.0000000
vn 0.8880549 0.3250835 -0.3250835
vn 0.9238767 0.3826903 0.0000000
vn 0.3250835 0.3250835 -0.8880549
vn 0.3250835 0.8880549 -0.3250835
vn 0.8880549 0.3250835 -0.3250835
vn 0.3250835 0.3250835 -0.8880549
vn 0.3826903 0.0000000 -0.9238767
vn 0.8880549 0.3250835 -0.3250835
vn 0.9238767 0.0000000 -0.3826903
vn 0.0000000 0.3826903 -0.9238767
vn 0.0000000 0.9238767 -0.3826903
vn 0.3250835 0.3250835 -0.8880549
vn 0.3250835 0.8880549 -0.3250835
f 2293/2293/2293 2316/2316/2316 2204/2204/2204
f 2293/2293/2293 2204/2204/2204 2181/2181/2181
f 2350/2350/2350 2373/2373/2373 2323/2323/2323
f 2350/2350/2350 2323/2323/2323 2292/2292/2292
f 2367/2367/2367 2259/2259/2259 2209/2209/2209
f 2367/2367/2367 2209/2209/2209 2313/2313/2313
f 2188/2188/2188 2215/2215/2215 2269/2269/2269
f 2188/2188/2188 2269/2269/2269 2238/2238/2238
f 2239/2239/2239 2262/2262/2262 2374/2374/2374
f 2239/2239/2239 2374/2374/2374 2343/2343/2343
f 2179/2179/2179 2192/2192/2192 2194/2194/2194
f 2179/2179/2179 2194/2194/2194 2200/2200/2200
f 2183/2183/2183 2196/2196/2196 2193/2193/2193
f 2183/2183/2183 2193/2193/2193 2191/2191/2191
f 2185/2185/2185 2202/2202/2202 2195/2195/2195
f 2185/2185/2185 2195/2195/2195 2198/2198/2198
f 2206/2206/2206 2218/2218/2218 2220/2220/2220
f 2206/2206/2206 2220/2220/2220 2227/2227/2227
f 2210/2210/2210 2223/2223/2223 2221/2221/2221
f 2210/2210/2210 2221/2221/2221 2219/2219/2219
f 2212/2212/2212 2229/2229/2229 2222/2222/2222
f 2212/2212/2212 2222/2222/2222 2225/2225/2225
f 2233/2233/2233 2243/2243/2243 2248/2248/2248
f 2233/2233/2233 2248/2248/2248 2257/2257/2257
f 2235/2235/2235 2252/2252/2252 2249/2249/2249
f 2235/2235/2235 2249/2249/2249 2245/2245/2245
f 2241/2241/2241 2256/2256/2256 2247/2247/2247
f 2241/2241/2241 2247/2247/2247 2250/2250/2250
f 2260/2260/2260 2273/2273/2273 2275/2275/2275
f 2260/2260/2260 2275/2275/2275 2281/2281/2281
f 2264/2264/2264 2277/2277/2277 2274/2274/2274
f 2264/2264/2264 2274/2274/2274 2272/2272/2272
f 2266/2266/2266 2283/2283/2283 2276/2276/2276
f 2266/2266/2266 2276/2276/2276 2279/2279/2279
f 2287/2287/2287 2297/2297/2297 2302/2302/2302
f 2287/2287/2287 2302/2302/2302 2311/2311/2311
f 2289/2289/2289 2306/2306/2306 2303/2303/2303
f 2289/2289/2289 2303/2303/2303 2299/2299/2299
f 2295/2295/2295 2310/2310/2310 2301/2301/2301
f 2295/2295/2295 2301/2301/2301 2304/2304/2304
f 2314/2314/2314 2327/2327/2327 2329/2329/2329
f 2314/2314/2314 2329/2329/2329 2335/2335/2335
f 2318/2318/2318 2331/2331/2331 2328/2328/2328
f 2318/2318/2318 2328/2328/2328 2326/2326/2326
f 2320/2320/2320 2337/2337/2337 2330/2330/2330
f 2320/2320/2320 2330/2330/2330 2333/2333/2333
f 2341/2341/2341 2354/2354/2354 2356/2356/2356
f 2341/2341/2341 2356/2356/2356 2362/2362/2362
f 2345/2345/2345 2358/2358/2358 2355/2355/2355
f 2345/2345/2345 2355/2355/2355 2353/2353/2353
f 2347/2347/2347 2364/2364/2364 2357/2357/2357
f 2347/2347/2347 2357/2357/2357 2360/2360/2360
f 2368/2368/2368 2378/2378/2378 2383/2383/2383
f 2368/2368/2368 2383/2383/2383 2392/2392/2392
f 2370/2370/2370 2387/2387/2387 2384/2384/2384
f 2370/2370/2370 2384/2384/2384 2380/2380/2380
f 2376/2376/2376 2391/2391/2391 2382/2382/2382
f 2376/2376/2376 2382/2382/2382 2385/2385/2385
f 2234/2234/2234 2180/2180/2180 2201/2201/2201
f 2234/2234/2234 2201/2201/2201 2244/2244/2244
f 2246/2246/2246 2203/2203/2203 2187/2187/2187
f 2246/2246/2246 2187/2187/2187 2237/2237/2237
f 2184/2184/2184 2207/2207/2207 2228/2228/2228
f 2184/2184/2184 2228/2228/2228 2197/2197/2197
f 2199/2199/2199 2230/2230/2230 2213/2213/2213
f 2199/2199/2199 2213/2213/2213 2186/2186/2186
f 2211/2211/2211 2261/2261/2261 2282/2282/2282
f 2211/2211/2211 2282/2282/2282 2224/2224/2224
f 2226/2226/2226 2284/2284/2284 2268/2268/2268
f 2226/2226/2226 2268/2268/2268 2214/2214/2214
f 2265/2265/2265 2242/2242/2242 2251/2251/2251
f 2265/2265/2265 2251/2251/2251 2278/2278/2278
f 2280/2280/2280 2253/2253/2253 2236/2236/2236
f 2280/2280/2280 2236/2236/2236 2267/2267/2267
f 2339/2339/2339 2231/2231/2231 2255/2255/2255
f 2339/2339/2339 2255/2255/2255 2352/2352/2352
f 2351/2351/2351 2254/2254/2254 2240/2240/2240
f 2351/2351/2351 2240/2240/2240 2344/2344/2344
f 2258/2258/2258 2366/2366/2366 2390/2390/2390
f 2258/2258/2258 2390/2390/2390 2271/2271/2271
f 2270/2270/2270 2389/2389/2389 2375/2375/2375
f 2270/2270/2270 2375/2375/2375 2263/2263/2263
f 2371/2371/2371 2348/2348/2348 2361/2361/2361
f 2371/2371/2371 2361/2361/2361 2388/2388/2388
f 2386/2386/2386 2359/2359/2359 2346/2346/2346
f 2386/2386/2386 2346/2346/2346 2377/2377/2377
f 2288/2288/2288 2342/2342/2342 2363/2363/2363
f 2288/2288/2288 2363/2363/2363 2298/2298/2298
f 2300/2300/2300 2365/2365/2365 2349/2349/2349
f 2300/2300/2300 2349/2349/2349 2291/2291/2291
f 2369/2369/2369 2315/2315/2315 2336/2336/2336
f 2369/2369/2369 2336/2336/2336 2379/2379/2379
f 2381/2381/2381 2338/2338/2338 2322/2322/2322
f 2381/2381/2381 2322/2322/2322 2372/2372/2372
f 2319/2319/2319 2296/2296/2296 2305/2305/2305
f 2319/2319/2319 2305/2305/2305 2332/2332/2332
f 2334/2334/2334 2307/2307/2307 2290/2290/2290
f 2334/2334/2334 2290/2290/2290 2321/2321/2321
f 2177/2177/2177 2285/2285/2285 2309/2309/2309
f 2177/2177/2177 2309/2309/2309 2190/2190/2190
f 2189/2189/2189 2308/2308/2308 2294/2294/2294
f 2189/2189/2189 2294/2294/2294 2182/2182/2182
f 2312/2312/2312 2208/2208/2208 2217/2217/2217
f 2312/2312/2312 2217/2217/2217 2325/2325/2325
f 2324/2324/2324 2216/2216/2216 2205/2205/2205
f 2324/2324/2324 2205/2205/2205 2317/2317/2317
f 2232/2232/2232 2340/2340/2340 2286/2286/2286
f 2232/2232/2232 2286/2286/2286 2178/2178/2178
o Receiver.001_0
usemtl Gunmetal
v -0.0600000 -0.0800000 0.3950000
v -0.0600000 -0.0800000 0.3950000
v -0.0600000 -0.0800000 0.3950000
v -0.0600000 -0.0800000 0.3950000
v -0.0600000 -0.0400000 0.4350000
v -0.0600000 -0.0400000 0.4350000
v -0.0600000 -0.0400000 0.4350000
v -0.0600000 -0.0400000 0.4350000
v -0.1000000 -0.0400000 0.3950000
v -0.1000000 -0.0400000 0.3950000
v -0.1000000 -0.0400000 0.3950000
v -0.1000000 -0.0400000 0.3950000
v -0.0600000 -0.0682843 0.4232843
v -0.0600000 -0.0682843 0.4232843
v -0.0600000 -0.0682843 0.4232843
v -0.0600000 -0.0682843 0.4232843
v -0.0830940 -0.0630940 0.4180940
v -0.0830940 -0.0630940 0.4180940
v -0.0830940 -0.0630940 0.4180940
v -0.0882843 -0.0400000 0.4232843
v -0.0882843 -0.0400000 0.4232843
v -0.0882843 -0.0400000 0.4232843
v -0.0882843 -0.0400000 0.4232843
v -0.0882843 -0.0682843 0.3950000
v -0.0882843 -0.0682843 0.3950000
v -0.0882843 -0.0682843 0.3950000
v -0.0882843 -0.0682843 0.3950000
v -0.0600000 0.1000000 0.4350000
v -0.0600000 0.1000000 0.4350000
v -0.0600000 0.1000000 0.4350000
v -0.0600000 0.1000000 0.4350000
v -0.0600000 0.1400000 0.3950000
v -0.0600000 0.1400000 0.3950000
v -0.0600000 0.1400000 0.3950000
v -0.0600000 0.1400000 0.3950000
v -0.1000000 0.1000000 0.3950000
v -0.1000000 0.1000000 0.3950000
v -0.1000000 0.1000000 0.3950000
v -0.1000000 0.1000000 0.3950000
v -0.0600000 0.1282843 0.4232843
v -0.0600000 0.1282843 0.4232843
v -0.0600000 0.1282843 0.4232843
v -0.0600000 0.1282843 0.4232843
v -0.0830940 0.1230940 0.4180940
v -0.0830940 0.1230940 0.4180940
v -0.0830940 0.1230940 0.4180940
v -0.0882843 0.1282843 0.3950000
v -0.0882843 0.1282843 0.3950000
v -0.0882843 0.1282843 0.3950000
v -0.0882843 0.1282843 0.3950000
v -0.0882843 0.1000000 0.4232843
v -0.0882843 0.1000000 0.4232843
v -0.0882843 0.1000000 0.4232843
v -0.0882843 0.1000000 0.4232843
v -0.0600000 -0.0800000 -0.0750000
v -0.0600000 -0.0800000 -0.0750000
v -0.0600000 -0.0800000 -0.0750000
v -0.0600000 -0.0800000 -0.0750000
v -0.1000000 -0.0400000 -0.0750000
v -0.1000000 -0.0400000 -0.0750000
v -0.1000000 -0.0400000 -0.0750000
v -0.1000000 -0.0400000 -0.0750000
v -0.0600000 -0.0400000 -0.1150000
v -0.0600000 -0.0400000 -0.1150000
v -0.0600000 -0.0400000 -0.1150000
v -0.0600000 -0.0400000 -0.1150000
v -0.0882843 -0.0682843 -0.0750000
v -0.0882843 -0.0682843 -0.0750000
v -0.0882843 -0.0682843 -0.0750000
v -0.0882843 -0.0682843 -0.0750000
v -0.0830940 -0.0630940 -0.0980940
v -0.0830940 -0.0630940 -0.0980940
v -0.0830940 -0.0630940 -0.0980940
v -0.0882843 -0.0400000 -0.1032843
v -0.0882843 -0.0400000 -0.1032843
v -0.0882843 -0.0400000 -0.1032843
v -0.0882843 -0.0400000 -0.1032843
v -0.0600000 -0.0682843 -0.1032843
v -0.0600000 -0.0682843 -0.1032843
v -0.0600000 -0.0682843 -0.1032843
v -0.0600000 -0.0682843 -0.1032843
v -0.0600000 0.1400000 -0.0750000
v -0.0600000 0.1400000 -0.0750000
v -0.0600000 0.1400000 -0.0750000
v -0.0600000 0.1400000 -0.0750000
v -0.0600000 0.1000000 -0.1150000
v -0.0600000 0.1000000 -0.1150000
v -0.0600000 0.1000000 -0.1150000
v -0.0600000 0.1000000 -0.1150000
v -0.1000000 0.1000000 -0.0750000
v -0.1000000 0.1000000 -0.0750000
v -0.1000000 0.1000000 -0.0750000
v -0.1000000 0.1000000 -0.0750000
v -0.0600000 0.1282843 -0.1032843
v -0.0600000 0.1282843 -0.1032843
v -0.0600000 0.1282843 -0.1032843
v -0.0600000 0.1282843 -0.1032843
v -0.0830940 0.1230940 -0.0980940
v -0.0830940 0.1230940 -0.0980940
v -0.0830940 0.1230940 -0.0980940
v -0.0882843 0.1000000 -0.1032843
v -0.0882843 0.1000000 -0.1032843
v -0.0882843 0.1000000 -0.1032843
v -0.0882843 0.1000000 -0.1032843
v -0.0882843 0.1282843 -0.0750000
v -0.0882843 0.1282843 -0.0750000
v -0.0882843 0.1282843 -0.0750000
v -0.0882843 0.1282843 -0.0750000
v 0.0600000 -0.0800000 0.3950000
v 0.0600000 -0.0800000 0.3950000
v 0.0600000 -0.0800000 0.3950000
v 0.0600000 -0.0800000 0.3950000
v 0.1000000 -0.0400000 0.3950000
v 0.1000000 -0.0400000 0.3950000
v 0.1000000 -0.0400000 0.3950000
v 0.1000000 -0.0400000 0.3950000
v 0.0600000 -0.0400000 0.4350000
v 0.0600000 -0.0400000 0.4350000
v 0.0600000 -0.0400000 0.4350000
v 0.0600000 -0.0400000 0.4350000
v 0.0882843 -0.0682843 0.3950000
v 0.0882843 -0.0682843 0.3950000
v 0.0882843 -0.0682843 0.3950000
v 0.0882843 -0.0682843 0.3950000
v 0.0830940 -0.0630940 0.4180940
v 0.0830940 -0.0630940 0.4180940
v 0.0830940 -0.0630940 0.4180940
v 0.0882843 -0.0400000 0.4232843
v 0.0882843 -0.0400000 0.4232843
v 0.0882843 -0.0400000 0.4232843
v 0.0882843 -0.0400000 0.4232843
v 0.0600000 -0.0682843 0.4232843
v 0.0600000 -0.0682843 0.4232843
v 0.0600000 -0.0682843 0.4232843
v 0.0600000 -0.0682843 0.4232843
v 0.0600000 0.1400000 0.3950000
v 0.0600000 0.1400000 0.3950000
v 0.0600000 0.1400000 0.3950000
v 0.0600000 0.1400000 0.3950000
v 0.0600000 0.1000000 0.4350000
v 0.0600000 0.1000000 0.4350000
v 0.0600000 0.1000000 0.4350000
v 0.0600000 0.1000000 0.4350000
v 0.1000000 0.1000000 0.3950000
v 0.1000000 0.1000000 0.3950000
v 0.1000000 0.1000000 0.3950000
v 0.1000000 0.1000000 0.3950000
v 0.0600000 0.1282843 0.4232843
v 0.0600000 0.1282843 0.4232843
v 0.0600000 0.1282843 0.4232843
v 0.0600000 0.1282843 0.4232843
v 0.0830940 0.1230940 0.4180940
v 0.0830940 0.1230940 0.4180940
v 0.0830940 0.1230940 0.4180940
v 0.0882843 0.1000000 0.4232843
v 0.0882843 0.1000000 0.4232843
v 0.0882843 0.1000000 0.4232843
v 0.0882843 0.1000000 0.4232843
v 0.0882843 0.1282843 0.3950000
v 0.0882843 0.1282843 0.3950000
v 0.0882843 0.1282843 0.3950000
v 0.0882843 0.1282843 0.3950000
v 0.0600000 -0.0800000 -0.0750000
v 0.0600000 -0.0800000 -0.0750000
v 0.0600000 -0.0800000 -0.0750000
v 0.0600000 -0.0800000 -0.0750000
v 0.0600000 -0.0400000 -0.1150000
v 0.0600000 -0.0400000 -0.1150000
v 0.0600000 -0.0400000 -0.1150000
v 0.0600000 -0.0400000 -0.1150000
v 0.1000000 -0.0400000 -0.0750000
v 0.1000000 -0.0400000 -0.0750000
v 0.1000000 -0.0400000 -0.0750000
v 0.1000000 -0.0400000 -0.0750000
v 0.0600000 -0.0682843 -0.1032843
v 0.0600000 -0.0682843 -0.1032843
v 0.0600000 -0.0682843 -0.1032843
v 0.0600000 -0.0682843 -0.1032843
v 0.0830940 -0.0630940 -0.0980940
v 0.0830940 -0.0630940 -0.0980940
v 0.0830940 -0.0630940 -0.0980940
v 0.0882843 -0.0400000 -0.1032843
v 0.0882843 -0.0400000 -0.1032843
v 0.0882843 -0.0400000 -0.1032843
v 0.0882843 -0.0400000 -0.1032843
v 0.0882843 -0.0682843 -0.0750000
v 0.0882843 -0.0682843 -0.0750000
v 0.0882843 -0.0682843 -0.0750000
v 0.0882843 -0.0682843 -0.0750000
v 0.0600000 0.1400000 -0.0750000
v 0.0600000 0.1400000 -0.0750000
v 0.0600000 0.1400000 -0.0750000
v 0.0600000 0.1400000 -0.0750000
v 0.1000000 0.1000000 -0.0750000
v 0.1000000 0.1000000 -0.0750000
v 0.1000000 0.1000000 -0.0750000
v 0.1000000 0.1000000 -0.0750000
v 0.0600000 0.1000000 -0.1150000
v 0.0600000 0.1000000 -0.1150000
v 0.0600000 0.1000000 -0.1150000
v 0.0600000 0.1000000 -0.1150000
v 0.0882843 0.1282843 -0.0750000
v 0.0882843 0.1282843 -0.0750000
v 0.0882843 0.1282843 -0.0750000
v 0.0882843 0.1282843 -0.0750000
v 0.0830940 0.1230940 -0.0980940
v 0.0830940 0.1230940 -0.0980940
v 0.0830940 0.1230940 -0.0980940
v 0.0882843 0.1000000 -0.1032843
v 0.0882843 0.1000000 -0.1032843
v 0.0882843 0.1000000 -0.1032843
v 0.0882843 0.1000000 -0.1032843
v 0.0600000 0.1282843 -0.1032843
v 0.0600000 0.1282843 -0.1032843
v 0.0600000 0.1282843 -0.1032843
v 0.0600000 0.1282843 -0.1032843
vt 0.1750000 0.2681818
vt 0.1750000 0.2681818
vt 0.1750000 0.2681818
vt 0.1750000 0.2681818
vt 0.4204546 0.0500000
vt 0.4204546 0.0500000
vt 0.4204546 0.0500000
vt 0.4204546 0.0500000
vt 0.4204545 0.9818182
vt 0.4204545 0.9818182
vt 0.4204545 0.9818182
vt 0.4204545 0.9818182
vt 0.3750000 0.0500000
vt 0.1750000 0.2500000
vt 0.3750000 0.0500000
vt 0.1750000 0.2500000
vt 0.3942114 0.0000000
vt 0.1461325 0.2500000
vt 0.3750000 0.9923155
vt 0.4204546 0.0000000
vt 0.4204546 0.0000000
vt 0.4204546 1.0000000
vt 0.4204546 1.0000000
vt 0.1250000 0.2681819
vt 0.1250000 0.2681819
vt 0.3750000 0.9818182
vt 0.3750000 0.9818182
vt 0.5795454 0.0500000
vt 0.5795454 0.0500000
vt 0.5795454 0.0500000
vt 0.5795454 0.0500000
vt 0.8250000 0.2681819
vt 0.8250000 0.2681819
vt 0.8250000 0.2681819
vt 0.8250000 0.2681819
vt 0.5795454 0.9818182
vt 0.5795454 0.9818182
vt 0.5795454 0.9818182
vt 0.5795454 0.9818182
vt 0.6250000 0.0500000
vt 0.8249999 0.2500000
vt 0.6250000 0.0500000
vt 0.8249999 0.2500000
vt 0.6250000 0.0211325
vt 0.8750000 0.2576845
vt 0.6057886 1.0000000
vt 0.8750000 0.2681819
vt 0.8750000 0.2681819
vt 0.6250000 0.9818182
vt 0.6250000 0.9818182
vt 0.5795454 0.0000000
vt 0.5795454 0.0000000
vt 0.5795454 1.0000000
vt 0.5795454 1.0000000
vt 0.1750000 0.4818182
vt 0.1750000 0.4818182
vt 0.1750000 0.4818182
vt 0.1750000 0.4818182
vt 0.4204545 0.7681818
vt 0.4204545 0.7681818
vt 0.4204545 0.7681818
vt 0.4204545 0.7681818
vt 0.4204545 0.7000000
vt 0.4204545 0.7000000
vt 0.4204545 0.7000000
vt 0.4204545 0.7000000
vt 0.1250000 0.4818182
vt 0.1250000 0.4818182
vt 0.3750000 0.7681818
vt 0.3750000 0.7681818
vt 0.3750000 0.7288675
vt 0.1250000 0.4923155
vt 0.3942114 0.7500000
vt 0.4204546 0.7500000
vt 0.4204546 0.7500000
vt 0.4204546 0.7500000
vt 0.4204546 0.7500000
vt 0.3750000 0.7000000
vt 0.1750000 0.5000000
vt 0.3750000 0.7000000
vt 0.1750000 0.5000000
vt 0.8249999 0.4818182
vt 0.8249999 0.4818182
vt 0.8249999 0.4818182
vt 0.8249999 0.4818182
vt 0.5795455 0.7000000
vt 0.5795455 0.7000000
vt 0.5795455 0.7000000
vt 0.5795455 0.7000000
vt 0.5795454 0.7681818
vt 0.5795454 0.7681818
vt 0.5795454 0.7681818
vt 0.5795454 0.7681818
vt 0.6250000 0.7000000
vt 0.8249999 0.5000000
vt 0.6250000 0.7000000
vt 0.8249999 0.5000000
vt 0.6057886 0.7500000
vt 0.8538675 0.5000000
vt 0.6250000 0.7576845
vt 0.5795454 0.7500000
vt 0.5795454 0.7500000
vt 0.5795454 0.7500000
vt 0.5795454 0.7500000
vt 0.8750000 0.4818182
vt 0.8750000 0.4818182
vt 0.6250000 0.7681818
vt 0.6250000 0.7681818
vt 0.3250000 0.2681819
vt 0.3250000 0.2681819
vt 0.3250000 0.2681819
vt 0.3250000 0.2681819
vt 0.4204545 0.2681819
vt 0.4204545 0.2681819
vt 0.4204545 0.2681819
vt 0.4204545 0.2681819
vt 0.4204545 0.2000000
vt 0.4204545 0.2000000
vt 0.4204545 0.2000000
vt 0.4204545 0.2000000
vt 0.3750000 0.2681819
vt 0.3750000 0.2681818
vt 0.3750000 0.2681818
vt 0.3750000 0.2681818
vt 0.3814038 0.2455173
vt 0.3814038 0.2455173
vt 0.3814038 0.2455173
vt 0.4204546 0.2500000
vt 0.4204546 0.2500000
vt 0.4204546 0.2500000
vt 0.4204546 0.2500000
vt 0.3750000 0.2000000
vt 0.3250000 0.2500000
vt 0.3750000 0.2000000
vt 0.3250000 0.2500000
vt 0.6750000 0.2681818
vt 0.6750000 0.2681818
vt 0.6750000 0.2681818
vt 0.6750000 0.2681818
vt 0.5795455 0.1999999
vt 0.5795455 0.1999999
vt 0.5795455 0.1999999
vt 0.5795455 0.1999999
vt 0.5795454 0.2681819
vt 0.5795454 0.2681819
vt 0.5795454 0.2681819
vt 0.5795454 0.2681819
vt 0.6250000 0.2000000
vt 0.6750000 0.2500000
vt 0.6250000 0.2000000
vt 0.6750000 0.2500000
vt 0.6256404 0.2525615
vt 0.6256404 0.2525615
vt 0.6256404 0.2525615
vt 0.5795454 0.2500000
vt 0.5795454 0.2500000
vt 0.5795454 0.2500000
vt 0.5795454 0.2500000
vt 0.6250000 0.2681819
vt 0.6250000 0.2681819
vt 0.6250000 0.2681819
vt 0.6250000 0.2681819
vt 0.3250000 0.4818182
vt 0.3250000 0.4818182
vt 0.3250000 0.4818182
vt 0.3250000 0.4818182
vt 0.4204546 0.5500000
vt 0.4204546 0.5500000
vt 0.4204546 0.5500000
vt 0.4204546 0.5500000
vt 0.4204545 0.4818182
vt 0.4204545 0.4818182
vt 0.4204545 0.4818182
vt 0.4204545 0.4818182
vt 0.3750000 0.5500000
vt 0.3250000 0.5000000
vt 0.3750000 0.5500000
vt 0.3250000 0.5000000
vt 0.3743596 0.4974385
vt 0.3743596 0.4974385
vt 0.3743596 0.4974385
vt 0.4204546 0.5000000
vt 0.4204546 0.5000000
vt 0.4204546 0.5000000
vt 0.4204546 0.5000000
vt 0.3750000 0.4818182
vt 0.3750000 0.4818182
vt 0.3750000 0.4818182
vt 0.3750000 0.4818182
vt 0.6750000 0.4818182
vt 0.6750000 0.4818182
vt 0.6750000 0.4818182
vt 0.6750000 0.4818182
vt 0.5795454 0.4818182
vt 0.5795454 0.4818182
vt 0.5795454 0.4818182
vt 0.5795454 0.4818182
vt 0.5795454 0.5500000
vt 0.5795454 0.5500000
vt 0.5795454 0.5500000
vt 0.5795454 0.5500000
vt 0.6250000 0.4818182
vt 0.6250000 0.4818182
vt 0.6250000 0.4818182
vt 0.6250000 0.4818182
vt 0.6185963 0.5044826
vt 0.6185963 0.5044826
vt 0.6185963 0.5044826
vt 0.5795454 0.5000000
vt 0.5795454 0.5000000
vt 0.5795454 0.5000000
vt 0.5795454 0.5000000
vt 0.6250000 0.5500000
vt 0.6750000 0.5000000
vt 0.6250000 0.5500000
vt 0.6750000 0.5000000
vn 0.0000000 -0.9238767 0.3826903
vn 0.0000000 -1.0000000 0.0000000
vn -0.3250835 -0.8880549 0.3250835
vn -0.3826903 -0.9238767 0.0000000
vn 0.0000000 0.0000000 1.0000000
vn 0.0000000 -0.3826903 0.9238767
vn -0.3250835 -0.3250835 0.8880549
vn -0.3826903 0.0000000 0.9238767
vn -0.8880549 -0.3250835 0.3250835
vn -0.9238767 0.0000000 0.3826903
vn -0.9238767 -0.3826903 0.0000000
vn -1.0000000 0.0000000 0.0000000
vn 0.0000000 -0.3826903 0.9238767
vn 0.0000000 -0.9238767 0.3826903
vn -0.3250835 -0.3250835 0.8880549
vn -0.3250835 -0.8880549 0.3250835
vn -0.3250835 -0.3250835 0.8880549
vn -0.3250835 -0.8880549 0.3250835
vn -0.8880549 -0.3250835 0.3250835
vn -0.3250835 -0.3250835 0.8880549
vn -0.3826903 0.0000000 0.9238767
vn -0.8880549 -0.3250835 0.3250835
vn -0.9238767 0.0000000 0.3826903
vn -0.3250835 -0.8880549 0.3250835
vn -0.3826903 -0.9238767 0.0000000
vn -0.8880549 -0.3250835 0.3250835
vn -0.9238767 -0.3826903 0.0000000
vn 0.0000000 0.0000000 1.0000000
vn 0.0000000 0.3826903 0.9238767
vn -0.3250835 0.3250835 0.8880549
vn -0.3826903 0.0000000 0.9238767
vn 0.0000000 0.9238767 0.3826903
vn 0.0000000 1.0000000 0.0000000
vn -0.3250835 0.8880549 0.3250835
vn -0.3826903 0.9238767 0.0000000
vn -0.8880549 0.3250835 0.3250835
vn -0.9238767 0.0000000 0.3826903
vn -0.9238767 0.3826903 0.0000000
vn -1.0000000 0.0000000 0.0000000
vn 0.0000000 0.3826903 0.9238767
vn 0.0000000 0.9238767 0.3826903
vn -0.3250835 0.3250835 0.8880549
vn -0.3250835 0.8880549 0.3250835
vn -0.3250835 0.3250835 0.8880549
vn -0.3250835 0.8880549 0.3250835
vn -0.8880549 0.3250835 0.3250835
vn -0.3250835 0.8880549 0.3250835
vn -0.3826903 0.9238767 0.0000000
vn -0.8880549 0.3250835 0.3250835
vn -0.9238767 0.3826903 0.0000000
vn -0.3250835 0.3250835 0.8880549
vn -0.3826903 0.0000000 0.9238767
vn -0.8880549 0.3250835 0.3250835
vn -0.9238767 0.0000000 0.3826903
vn 0.0000000 -0.9238767 -0.3826903
vn 0.0000000 -1.0000000 0.0000000
vn -0.3250835 -0.8880549 -0.3250835
vn -0.3826903 -0.9238767 0.0000000
vn -0.8880549 -0.3250835 -0.3250835
vn -0.9238767 0.0000000 -0.3826903
vn -0.9238767 -0.3826903 0.0000000
vn -1.0000000 0.0000000 0.0000000
vn 0.0000000 0.0000000 -1.0000000
vn 0.0000000 -0.3826903 -0.9238767
vn -0.3250835 -0.3250835 -0.8880549
vn -0.3826903 0.0000000 -0.9238767
vn -0.3250835 -0.8880549 -0.3250835
vn -0.3826903 -0.9238767 0.0000000
vn -0.8880549 -0.3250835 -0.3250835
vn -0.9238767 -0.3826903 0.0000000
vn -0.3250835 -0.3250835 -0.8880549
vn -0.3250835 -0.8880549 -0.3250835
vn -0.8880549 -0.3250835 -0.3250835
vn -0.3250835 -0.3250835 -0.8880549
vn -0.3826903 0.0000000 -0.9238767
vn -0.8880549 -0.3250835 -0.3250835
vn -0.9238767 0.0000000 -0.3826903
vn 0.0000000 -0.3826903 -0.9238767
vn 0.0000000 -0.9238767 -0.3826903
vn -0.3250835 -0.3250835 -0.8880549
vn -0.3250835 -0.8880549 -0.3250835
vn 0.0000000 0.9238767 -0.3826903
vn 0.0000000 1.0000000 0.0000000
vn -0.3250835 0.8880549 -0.3250835
vn -0.3826903 0.9238767 0.0000000
vn 0.0000000 0.0000000 -1.0000000
vn 0.0000000 0.3826903 -0.9238767
vn -0.3250835 0.3250835 -0.8880549
vn -0.3826903 0.0000000 -0.9238767
vn -0.8880549 0.3250835 -0.3250835
vn -0.9238767 0.0000000 -0.3826903
vn -0.9238767 0.3826903 0.0000000
vn -1.0000000 0.0000000 0.0000000
vn 0.0000000 0.3826903 -0.9238767
vn 0.0000000 0.9238767 -0.3826903
vn -0.3250835 0.3250835 -0.8880549
vn -0.3250835 0.8880549 -0.3250835
vn -0.3250835 0.3250835 -0.8880549
vn -0.3250835 0.8880549 -0.3250835
vn -0.8880549 0.3250835 -0.3250835
vn -0.3250835 0.3250835 -0.8880549
vn -0.3826903 0.0000000 -0.9238767
vn -0.8880549 0.3250835 -0.3250835
vn -0.9238767 0.0000000 -0.3826903
vn -0.3250835 0.8880549 -0.3250835
vn -0.3826903 0.9238767 0.0000000
vn -0.8880549 0.3250835 -0.3250835
vn -0.9238767 0.3826903 0.0000000
vn 0.0000000 -0.9238767 0.3826903
vn 0.0000000 -1.0000000 0.0000000
vn 0.3250835 -0.8880549 0.3250835
vn 0.3826903 -0.9238767 0.0000000
vn 0.8880549 -0.3250835 0.3250835
vn 0.9238767 0.0000000 0.3826903
vn 0.9238767 -0.3826903 0.0000000
vn 1.0000000 0.0000000 0.0000000
vn 0.0000000 0.0000000 1.0000000
vn 0.0000000 -0.3826903 0.9238767
vn 0.3250835 -0.3250835 0.8880549
vn 0.3826903 0.0000000 0.9238767
vn 0.3250835 -0.8880549 0.3250835
vn 0.3826903 -0.9238767 0.0000000
vn 0.8880549 -0.3250835 0.3250835
vn 0.9238767 -0.3826903 0.0000000
vn 0.3250835 -0.3250835 0.8880549
vn 0.3250835 -0.8880549 0.3250835
vn 0.8880549 -0.3250835 0.3250835
vn 0.3250835 -0.3250835 0.8880549
vn 0.3826903 0.0000000 0.9238767
vn 0.8880549 -0.3250835 0.3250835
vn 0.9238767 0.0000000 0.3826903
vn 0.0000000 -0.3826903 0.9238767
vn 0.0000000 -0.9238767 0.3826903
vn 0.3250835 -0.3250835 0.8880549
vn 0.3250835 -0.8880549 0.3250835
vn 0.0000000 0.9238767 0.3826903
vn 0.0000000 1.0000000 0.0000000
vn 0.3250835 0.8880549 0.3250835
vn 0.3826903 0.9238767 0.0000000
vn 0.0000000 0.0000000 1.0000000
vn 0.0000000 0.3826903 0.9238767
vn 0.3250835 0.3250835 0.8880549
vn 0.3826903 0.0000000 0.9238767
vn 0.8880549 0.3250835 0.3250835
vn 0.9238767 0.0000000 0.3826903
vn 0.9238767 0.3826903 0.0000000
vn 1.0000000 0.0000000 0.0000000
vn 0.0000000 0.3826903 0.9238767
vn 0.0000000 0.9238767 0.3826903
vn 0.3250835 0.3250835 0.8880549
vn 0.3250835 0.8880549 0.3250835
vn 0.3250835 0.3250835 0.8880549
vn 0.3250835 0.8880549 0.3250835
vn 0.8880549 0.3250835 0.3250835
vn 0.3250835 0.3250835 0.8880549
vn 0.3826903 0.0000000 0.9238767
vn 0.8880549 0.3250835 0.3250835
vn 0.9238767 0.0000000 0.3826903
vn 0.3250835 0.8880549 0.3250835
vn 0.3826903 0.9238767 0.0000000
vn 0.8880549 0.3250835 0.3250835
vn 0.9238767 0.3826903 0.0000000
vn 0.0000000 -0.9238767 -0.3826903
vn 0.0000000 -1.0000000 0.0000000
vn 0.3250835 -0.8880549 -0.3250835
vn 0.3826903 -0.9238767 0.0000000
vn 0.0000000 0.0000000 -1.0000000
vn 0.0000000 -0.3826903 -0.9238767
vn 0.3250835 -0.3250835 -0.8880549
vn 0.3826903 0.0000000 -0.9238767
vn 0.8880549 -0.3250835 -0.3250835
vn 0.9238767 0.0000000 -0.3826903
vn 0.9238767 -0.3826903 0.0000000
vn 1.0000000 0.0000000 0.0000000
vn 0.0000000 -0.3826903 -0.9238767
vn 0.0000000 -0.9238767 -0.3826903
vn 0.3250835 -0.3250835 -0.8880549
vn 0.3250835 -0.8880549 -0.3250835
vn 0.3250835 -0.3250835 -0.8880549
vn 0.3250835 -0.8880549 -0.3250835
vn 0.8880549 -0.3250835 -0.3250835
vn 0.3250835 -0.3250835 -0.8880549
vn 0.3826903 0.0000000 -0.9238767
vn 0.8880549 -0.3250835 -0.3250835
vn 0.9238767 0.0000000 -0.3826903
vn 0.3250835 -0.8880549 -0.3250835
vn 0.3826903 -0.9238767 0.0000000
vn 0.8880549 -0.3250835 -0.3250835
vn 0.9238767 -0.3826903 0.0000000
vn 0.0000000 0.9238767 -0.3826903
vn 0.0000000 1.0000000 0.0000000
vn 0.3250835 0.8880549 -0.3250835
vn 0.3826903 0.9238767 0.0000000
vn 0.8880549 0.3250835 -0.3250835
vn 0.9238767 0.0000000 -0.3826903
vn 0.9238767 0.3826903 0.0000000
vn 1.0000000 0.0000000 0.0000000
vn 0.0000000 0.0000000 -1.0000000
vn 0.0000000 0.3826903 -0.9238767
vn 0.3250835 0.3250835 -0.8880549
vn 0.3826903 0.0000000 -0.9238767
vn 0.3250835 0.8880549 -0.3250835
vn 0.3826903 0.9238767 0.0000000
vn 0.8880549 0.3250835 -0.3250835
vn 0.9238767 0.3826903 0.0000000
vn 0.3250835 0.3250835 -0.8880549
vn 0.3250835 0.8880549 -0.3250835
vn 0.8880549 0.3250835 -0.3250835
vn 0.3250835 0.3250835 -0.8880549
vn 0.3826903 0.0000000 -0.9238767
vn 0.8880549 0.3250835 -0.3250835
vn 0.9238767 0.0000000 -0.3826903
vn 0.0000000 0.3826903 -0.9238767
vn 0.0000000 0.9238767 -0.3826903
vn 0.3250835 0.3250835 -0.8880549
vn 0.3250835 0.8880549 -0.3250835
f 2509/2509/2509 2532/2532/2532 2420/2420/2420
f 2509/2509/2509 2420/2420/2420 2397/2397/2397
f 2566/2566/2566 2589/2589/2589 2539/2539/2539
f 2566/2566/2566 2539/2539/2539 2508/2508/2508
f 2583/2583/2583 2475/2475/2475 2425/2425/2425
f 2583/2583/2583 2425/2425/2425 2529/2529/2529
f 2404/2404/2404 2431/2431/2431 2485/2485/2485
f 2404/2404/2404 2485/2485/2485 2454/2454/2454
f 2455/2455/2455 2478/2478/2478 2590/2590/2590
f 2455/2455/2455 2590/2590/2590 2559/2559/2559
f 2395/2395/2395 2408/2408/2408 2410/2410/2410
f 2395/2395/2395 2410/2410/2410 2416/2416/2416
f 2399/2399/2399 2412/2412/2412 2409/2409/2409
f 2399/2399/2399 2409/2409/2409 2407/2407/2407
f 2401/2401/2401 2418/2418/2418 2411/2411/2411
f 2401/2401/2401 2411/2411/2411 2414/2414/2414
f 2422/2422/2422 2434/2434/2434 2436/2436/2436
f 2422/2422/2422 2436/2436/2436 2443/2443/2443
f 2426/2426/2426 2439/2439/2439 2437/2437/2437
f 2426/2426/2426 2437/2437/2437 2435/2435/2435
f 2428/2428/2428 2445/2445/2445 2438/2438/2438
f 2428/2428/2428 2438/2438/2438 2441/2441/2441
f 2449/2449/2449 2459/2459/2459 2464/2464/2464
f 2449/2449/2449 2464/2464/2464 2473/2473/2473
f 2451/2451/2451 2468/2468/2468 2465/2465/2465
f 2451/2451/2451 2465/2465/2465 2461/2461/2461
f 2457/2457/2457 2472/2472/2472 2463/2463/2463
f 2457/2457/2457 2463/2463/2463 2466/2466/2466
f 2476/2476/2476 2489/2489/2489 2491/2491/2491
f 2476/2476/2476 2491/2491/2491 2497/2497/2497
f 2480/2480/2480 2493/2493/2493 2490/2490/2490
f 2480/2480/2480 2490/2490/2490 2488/2488/2488
f 2482/2482/2482 2499/2499/2499 2492/2492/2492
f 2482/2482/2482 2492/2492/2492 2495/2495/2495
f 2503/2503/2503 2513/2513/2513 2518/2518/2518
f 2503/2503/2503 2518/2518/2518 2527/2527/2527
f 2505/2505/2505 2522/2522/2522 2519/2519/2519
f 2505/2505/2505 2519/2519/2519 2515/2515/2515
f 2511/2511/2511 2526/2526/2526 2517/2517/2517
f 2511/2511/2511 2517/2517/2517 2520/2520/2520
f 2530/2530/2530 2543/2543/2543 2545/2545/2545
f 2530/2530/2530 2545/2545/2545 2551/2551/2551
f 2534/2534/2534 2547/2547/2547 2544/2544/2544
f 2534/2534/2534 2544/2544/2544 2542/2542/2542
f 2536/2536/2536 2553/2553/2553 2546/2546/2546
f 2536/2536/2536 2546/2546/2546 2549/2549/2549
f 2557/2557/2557 2570/2570/2570 2572/2572/2572
f 2557/2557/2557 2572/2572/2572 2578/2578/2578
f 2561/2561/2561 2574/2574/2574 2571/2571/2571
f 2561/2561/2561 2571/2571/2571 2569/2569/2569
f 2563/2563/2563 2580/2580/2580 2573/2573/2573
f 2563/2563/2563 2573/2573/2573 2576/2576/2576
f 2584/2584/2584 2594/2594/2594 2599/2599/2599
f 2584/2584/2584 2599/2599/2599 2608/2608/2608
f 2586/2586/2586 2603/2603/2603 2600/2600/2600
f 2586/2586/2586 2600/2600/2600 2596/2596/2596
f 2592/2592/2592 2607/2607/2607 2598/2598/2598
f 2592/2592/2592 2598/2598/2598 2601/2601/2601
f 2450/2450/2450 2396/2396/2396 2417/2417/2417
f 2450/2450/2450 2417/2417/2417 2460/2460/2460
f 2462/2462/2462 2419/2419/2419 2403/2403/2403
f 2462/2462/2462 2403/2403/2403 2453/2453/2453
f 2400/2400/2400 2423/2423/2423 2444/2444/2444
f 2400/2400/2400 2444/2444/2444 2413/2413/2413
f 2415/2415/2415 2446/2446/2446 2429/2429/2429
f 2415/2415/2415 2429/2429/2429 2402/2402/2402
f 2427/2427/2427 2477/2477/2477 2498/2498/2498
f 2427/2427/2427 2498/2498/2498 2440/2440/2440
f 2442/2442/2442 2500/2500/2500 2484/2484/2484
f 2442/2442/2442 2484/2484/2484 2430/2430/2430
f 2481/2481/2481 2458/2458/2458 2467/2467/2467
f 2481/2481/2481 2467/2467/2467 2494/2494/2494
f 2496/2496/2496 2469/2469/2469 2452/2452/2452
f 2496/2496/2496 2452/2452/2452 2483/2483/2483
f 2555/2555/2555 2447/2447/2447 2471/2471/2471
f 2555/2555/2555 2471/2471/2471 2568/2568/2568
f 2567/2567/2567 2470/2470/2470 2456/2456/2456
f 2567/2567/2567 2456/2456/2456 2560/2560/2560
f 2474/2474/2474 2582/2582/2582 2606/2606/2606
f 2474/2474/2474 2606/2606/2606 2487/2487/2487
f 2486/2486/2486 2605/2605/2605 2591/2591/2591
f 2486/2486/2486 2591/2591/2591 2479/2479/2479
f 2587/2587/2587 2564/2564/2564 2577/2577/2577
f 2587/2587/2587 2577/2577/2577 2604/2604/2604
f 2602/2602/2602 2575/2575/2575 2562/2562/2562
f 2602/2602/2602 2562/2562/2562 2593/2593/2593
f 2504/2504/2504 2558/2558/2558 2579/2579/2579
f 2504/2504/2504 2579/2579/2579 2514/2514/2514
f 2516/2516/2516 2581/2581/2581 2565/2565/2565
f 2516/2516/2516 2565/2565/2565 2507/2507/2507
f 2585/2585/2585 2531/2531/2531 2552/2552/2552
f 2585/2585/2585 2552/2552/2552 2595/2595/2595
f 2597/2597/2597 2554/2554/2554 2538/2538/2538
f 2597/2597/2597 2538/2538/2538 2588/2588/2588
f 2535/2535/2535 2512/2512/2512 2521/2521/2521
f 2535/2535/2535 2521/2521/2521 2548/2548/2548
f 2550/2550/2550 2523/2523/2523 2506/2506/2506
f 2550/2550/2550 2506/2506/2506 2537/2537/2537
f 2393/2393/2393 2501/2501/2501 2525/2525/2525
f 2393/2393/2393 2525/2525/2525 2406/2406/2406
f 2405/2405/2405 2524/2524/2524 2510/2510/2510
f 2405/2405/2405 2510/2510/2510 2398/2398/2398
f 2528/2528/2528 2424/2424/2424 2433/2433/2433
f 2528/2528/2528 2433/2433/2433 2541/2541/2541
f 2540/2540/2540 2432/2432/2432 2421/2421/2421
f 2540/2540/2540 2421/2421/2421 2533/2533/2533
f 2448/2448/2448 2556/2556/2556 2502/2502/2502
f 2448/2448/2448 2502/2502/2502 2394/2394/2394
o Upper_handguard.001_0
usemtl Gunmetal
v -0.0520000 -0.0100000 0.6870000
v -0.0520000 -0.0100000 0.6870000
v -0.0520000 -0.0100000 0.6870000
v -0.0520000 -0.0100000 0.6870000
v -0.0520000 0.0230000 0.7200000
v -0.0520000 0.0230000 0.7200000
v -0.0520000 0.0230000 0.7200000
v -0.0520000 0.0230000 0.7200000
v -0.0850000 0.0230000 0.6870000
v -0.0850000 0.0230000 0.6870000
v -0.0850000 0.0230000 0.6870000
v -0.0850000 0.0230000 0.6870000
v -0.0520000 -0.0003345 0.7103345
v -0.0520000 -0.0003345 0.7103345
v -0.0520000 -0.0003345 0.7103345
v -0.0520000 -0.0003345 0.7103345
v -0.0710526 0.0039474 0.7060525
v -0.0710526 0.0039474 0.7060525
v -0.0710526 0.0039474 0.7060525
v -0.0753345 0.0230000 0.7103345
v -0.0753345 0.0230000 0.7103345
v -0.0753345 0.0230000 0.7103345
v -0.0753345 0.0230000 0.7103345
v -0.0753345 -0.0003345 0.6870000
v -0.0753345 -0.0003345 0.6870000
v -0.0753345 -0.0003345 0.6870000
v -0.0753345 -0.0003345 0.6870000
v -0.0520000 0.1070000 0.7200000
v -0.0520000 0.1070000 0.7200000
v -0.0520000 0.1070000 0.7200000
v -0.0520000 0.1070000 0.7200000
v -0.0520000 0.1400000 0.6870000
v -0.0520000 0.1400000 0.6870000
v -0.0520000 0.1400000 0.6870000
v -0.0520000 0.1400000 0.6870000
v -0.0850000 0.1070000 0.6870000
v -0.0850000 0.1070000 0.6870000
v -0.0850000 0.1070000 0.6870000
v -0.0850000 0.1070000 0.6870000
v -0.0520000 0.1303345 0.7103345
v -0.0520000 0.1303345 0.7103345
v -0.0520000 0.1303345 0.7103345
v -0.0520000 0.1303345 0.7103345
v -0.0710526 0.1260526 0.7060525
v -0.0710526 0.1260526 0.7060525
v -0.0710526 0.1260526 0.7060525
v -0.0753345 0.1303345 0.6870000
v -0.0753345 0.1303345 0.6870000
v -0.0753345 0.1303345 0.6870000
v -0.0753345 0.1303345 0.6870000
v -0.0753345 0.1070000 0.7103345
v -0.0753345 0.1070000 0.7103345
v -0.0753345 0.1070000 0.7103345
v -0.0753345 0.1070000 0.7103345
v -0.0520000 -0.0100000 0.3730000
v -0.0520000 -0.0100000 0.3730000
v -0.0520000 -0.0100000 0.3730000
v -0.0520000 -0.0100000 0.3730000
v -0.0850000 0.0230000 0.3730000
v -0.0850000 0.0230000 0.3730000
v -0.0850000 0.0230000 0.3730000
v -0.0850000 0.0230000 0.3730000
v -0.0520000 0.0230000 0.3400000
v -0.0520000 0.0230000 0.3400000
v -0.0520000 0.0230000 0.3400000
v -0.0520000 0.0230000 0.3400000
v -0.0753345 -0.0003345 0.3730000
v -0.0753345 -0.0003345 0.3730000
v -0.0753345 -0.0003345 0.3730000
v -0.0753345 -0.0003345 0.3730000
v -0.0710526 0.0039474 0.3539474
v -0.0710526 0.0039474 0.3539474
v -0.0710526 0.0039474 0.3539474
v -0.0753345 0.0230000 0.3496654
v -0.0753345 0.0230000 0.3496654
v -0.0753345 0.0230000 0.3496654
v -0.0753345 0.0230000 0.3496654
v -0.0520000 -0.0003345 0.3496654
v -0.0520000 -0.0003345 0.3496654
v -0.0520000 -0.0003345 0.3496654
v -0.0520000 -0.0003345 0.3496654
v -0.0520000 0.1400000 0.3730000
v -0.0520000 0.1400000 0.3730000
v -0.0520000 0.1400000 0.3730000
v -0.0520000 0.1400000 0.3730000
v -0.0520000 0.1070000 0.3400000
v -0.0520000 0.1070000 0.3400000
v -0.0520000 0.1070000 0.3400000
v -0.0520000 0.1070000 0.3400000
v -0.0850000 0.1070000 0.3730000
v -0.0850000 0.1070000 0.3730000
v -0.0850000 0.1070000 0.3730000
v -0.0850000 0.1070000 0.3730000
v -0.0520000 0.1303345 0.3496654
v -0.0520000 0.1303345 0.3496654
v -0.0520000 0.1303345 0.3496654
v -0.0520000 0.1303345 0.3496654
v -0.0710526 0.1260526 0.3539474
v -0.0710526 0.1260526 0.3539474
v -0.0710526 0.1260526 0.3539474
v -0.0753345 0.1070000 0.3496654
v -0.0753345 0.1070000 0.3496654
v -0.0753345 0.1070000 0.3496654
v -0.0753345 0.1070000 0.3496654
v -0.0753345 0.1303345 0.3730000
v -0.0753345 0.1303345 0.3730000
v -0.0753345 0.1303345 0.3730000
v -0.0753345 0.1303345 0.3730000
v 0.0520000 -0.0100000 0.6870000
v 0.0520000 -0.0100000 0.6870000
v 0.0520000 -0.0100000 0.6870000
v 0.0520000 -0.0100000 0.6870000
v 0.0850000 0.0230000 0.6870000
v 0.0850000 0.0230000 0.6870000
v 0.0850000 0.0230000 0.6870000
v 0.0850000 0.0230000 0.6870000
v 0.0520000 0.0230000 0.7200000
v 0.0520000 0.0230000 0.7200000
v 0.0520000 0.0230000 0.7200000
v 0.0520000 0.0230000 0.7200000
v 0.0753345 -0.0003345 0.6870000
v 0.0753345 -0.0003345 0.6870000
v 0.0753345 -0.0003345 0.6870000
v 0.0753345 -0.0003345 0.6870000
v 0.0710526 0.0039474 0.7060525
v 0.0710526 0.0039474 0.7060525
v 0.0710526 0.0039474 0.7060525
v 0.0753345 0.0230000 0.7103345
v 0.0753345 0.0230000 0.7103345
v 0.0753345 0.0230000 0.7103345
v 0.0753345 0.0230000 0.7103345
v 0.0520000 -0.0003345 0.7103345
v 0.0520000 -0.0003345 0.7103345
v 0.0520000 -0.0003345 0.7103345
v 0.0520000 -0.0003345 0.7103345
v 0.0520000 0.1400000 0.6870000
v 0.0520000 0.1400000 0.6870000
v 0.0520000 0.1400000 0.6870000
v 0.0520000 0.1400000 0.6870000
v 0.0520000 0.1070000 0.7200000
v 0.0520000 0.1070000 0.7200000
v 0.0520000 0.1070000 0.7200000
v 0.0520000 0.1070000 0.7200000
v 0.0850000 0.1070000 0.6870000
v 0.0850000 0.1070000 0.6870000
v 0.0850000 0.1070000 0.6870000
v 0.0850000 0.1070000 0.6870000
v 0.0520000 0.1303345 0.7103345
v 0.0520000 0.1303345 0.7103345
v 0.0520000 0.1303345 0.7103345
v 0.0520000 0.1303345 0.7103345
v 0.0710526 0.1260526 0.7060525
v 0.0710526 0.1260526 0.7060525
v 0.0710526 0.1260526 0.7060525
v 0.0753345 0.1070000 0.7103345
v 0.0753345 0.1070000 0.7103345
v 0.0753345 0.1070000 0.7103345
v 0.0753345 0.1070000 0.7103345
v 0.0753345 0.1303345 0.6870000
v 0.0753345 0.1303345 0.6870000
v 0.0753345 0.1303345 0.6870000
v 0.0753345 0.1303345 0.6870000
v 0.0520000 -0.0100000 0.3730000
v 0.0520000 -0.0100000 0.3730000
v 0.0520000 -0.0100000 0.3730000
v 0.0520000 -0.0100000 0.3730000
v 0.0520000 0.0230000 0.3400000
v 0.0520000 0.0230000 0.3400000
v 0.0520000 0.0230000 0.3400000
v 0.0520000 0.0230000 0.3400000
v 0.0850000 0.0230000 0.3730000
v 0.0850000 0.0230000 0.3730000
v 0.0850000 0.0230000 0.3730000
v 0.0850000 0.0230000 0.3730000
v 0.0520000 -0.0003345 0.3496654
v 0.0520000 -0.0003345 0.3496654
v 0.0520000 -0.0003345 0.3496654
v 0.0520000 -0.0003345 0.3496654
v 0.0710526 0.0039474 0.3539474
v 0.0710526 0.0039474 0.3539474
v 0.0710526 0.0039474 0.3539474
v 0.0753345 0.0230000 0.3496654
v 0.0753345 0.0230000 0.3496654
v 0.0753345 0.0230000 0.3496654
v 0.0753345 0.0230000 0.3496654
v 0.0753345 -0.0003345 0.3730000
v 0.0753345 -0.0003345 0.3730000
v 0.0753345 -0.0003345 0.3730000
v 0.0753345 -0.0003345 0.3730000
v 0.0520000 0.1400000 0.3730000
v 0.0520000 0.1400000 0.3730000
v 0.0520000 0.1400000 0.3730000
v 0.0520000 0.1400000 0.3730000
v 0.0850000 0.1070000 0.3730000
v 0.0850000 0.1070000 0.3730000
v 0.0850000 0.1070000 0.3730000
v 0.0850000 0.1070000 0.3730000
v 0.0520000 0.1070000 0.3400000
v 0.0520000 0.1070000 0.3400000
v 0.0520000 0.1070000 0.3400000
v 0.0520000 0.1070000 0.3400000
v 0.0753345 0.1303345 0.3730000
v 0.0753345 0.1303345 0.3730000
v 0.0753345 0.1303345 0.3730000
v 0.0753345 0.1303345 0.3730000
v 0.0710526 0.1260526 0.3539474
v 0.0710526 0.1260526 0.3539474
v 0.0710526 0.1260526 0.3539474
v 0.0753345 0.1070000 0.3496654
v 0.0753345 0.1070000 0.3496654
v 0.0753345 0.1070000 0.3496654
v 0.0753345 0.1070000 0.3496654
v 0.0520000 0.1303345 0.3496654
v 0.0520000 0.1303345 0.3496654
v 0.0520000 0.1303345 0.3496654
v 0.0520000 0.1303345 0.3496654
vt 0.1735294 0.2717105
vt 0.1735294 0.2717105
vt 0.1735294 0.2717105
vt 0.1735294 0.2717105
vt 0.4300000 0.0485294
vt 0.4300000 0.0485294
vt 0.4300000 0.0485294
vt 0.4300000 0.0485294
vt 0.4300000 0.9782895
vt 0.4300000 0.9782895
vt 0.4300000 0.9782895
vt 0.4300000 0.9782895
vt 0.3750000 0.0485294
vt 0.1735294 0.2500000
vt 0.3750000 0.0485294
vt 0.1735294 0.2500000
vt 0.3982457 0.0000000
vt 0.1455109 0.2500000
vt 0.3750000 0.9908240
vt 0.4300000 0.0000000
vt 0.4300000 0.0000000
vt 0.4300000 1.0000000
vt 0.4300000 1.0000000
vt 0.1250000 0.2717105
vt 0.1250000 0.2717105
vt 0.3750000 0.9782895
vt 0.3750000 0.9782895
vt 0.5700000 0.0485294
vt 0.5700000 0.0485294
vt 0.5700000 0.0485294
vt 0.5700000 0.0485294
vt 0.8264706 0.2717105
vt 0.8264706 0.2717105
vt 0.8264706 0.2717105
vt 0.8264706 0.2717105
vt 0.5700001 0.9782895
vt 0.5700001 0.9782895
vt 0.5700001 0.9782895
vt 0.5700001 0.9782895
vt 0.6250000 0.0485294
vt 0.8264706 0.2500000
vt 0.6250000 0.0485294
vt 0.8264706 0.2500000
vt 0.6250000 0.0205109
vt 0.8750000 0.2591760
vt 0.6017542 1.0000000
vt 0.8750000 0.2717105
vt 0.8750000 0.2717105
vt 0.6250000 0.9782895
vt 0.6250000 0.9782895
vt 0.5700000 0.0000000
vt 0.5700000 0.0000000
vt 0.5700000 1.0000000
vt 0.5700000 1.0000000
vt 0.1735294 0.4782895
vt 0.1735294 0.4782895
vt 0.1735294 0.4782895
vt 0.1735294 0.4782895
vt 0.4300000 0.7717105
vt 0.4300000 0.7717105
vt 0.4300000 0.7717105
vt 0.4300000 0.7717105
vt 0.4300000 0.7014706
vt 0.4300000 0.7014706
vt 0.4300000 0.7014706
vt 0.4300000 0.7014706
vt 0.1250000 0.4782895
vt 0.1250000 0.4782895
vt 0.3750000 0.7717105
vt 0.3750000 0.7717105
vt 0.3750000 0.7294891
vt 0.1250000 0.4908240
vt 0.3982457 0.7500000
vt 0.4300000 0.7500000
vt 0.4300000 0.7500000
vt 0.4300000 0.7500000
vt 0.4300000 0.7500000
vt 0.3750000 0.7014706
vt 0.1735294 0.5000000
vt 0.3750000 0.7014706
vt 0.1735294 0.5000000
vt 0.8264706 0.4782895
vt 0.8264706 0.4782895
vt 0.8264706 0.4782895
vt 0.8264706 0.4782895
vt 0.5700000 0.7014706
vt 0.5700000 0.7014706
vt 0.5700000 0.7014706
vt 0.5700000 0.7014706
vt 0.5700000 0.7717105
vt 0.5700000 0.7717105
vt 0.5700000 0.7717105
vt 0.5700000 0.7717105
vt 0.6250000 0.7014706
vt 0.8264706 0.5000000
vt 0.6250000 0.7014706
vt 0.8264706 0.5000000
vt 0.6017543 0.7500000
vt 0.8544890 0.5000000
vt 0.6250000 0.7591760
vt 0.5700000 0.7500000
vt 0.5700000 0.7500000
vt 0.5700000 0.7500000
vt 0.5700000 0.7500000
vt 0.8750000 0.4782895
vt 0.8750000 0.4782895
vt 0.6250000 0.7717105
vt 0.6250000 0.7717105
vt 0.3264706 0.2717105
vt 0.3264706 0.2717105
vt 0.3264706 0.2717105
vt 0.3264706 0.2717105
vt 0.4300000 0.2717105
vt 0.4300000 0.2717105
vt 0.4300000 0.2717105
vt 0.4300000 0.2717105
vt 0.4300000 0.2014706
vt 0.4300000 0.2014706
vt 0.4300000 0.2014706
vt 0.4300000 0.2014706
vt 0.3750000 0.2717105
vt 0.3750000 0.2717105
vt 0.3750000 0.2717105
vt 0.3750000 0.2717105
vt 0.3827486 0.2462217
vt 0.3827486 0.2462217
vt 0.3827486 0.2462217
vt 0.4300000 0.2500000
vt 0.4300000 0.2500000
vt 0.4300000 0.2500000
vt 0.4300000 0.2500000
vt 0.3750000 0.2014706
vt 0.3264706 0.2500000
vt 0.3750000 0.2014706
vt 0.3264706 0.2500000
vt 0.6735294 0.2717105
vt 0.6735294 0.2717105
vt 0.6735294 0.2717105
vt 0.6735294 0.2717105
vt 0.5700000 0.2014706
vt 0.5700000 0.2014706
vt 0.5700000 0.2014706
vt 0.5700000 0.2014706
vt 0.5700000 0.2717106
vt 0.5700000 0.2717106
vt 0.5700000 0.2717106
vt 0.5700000 0.2717106
vt 0.6250000 0.2014706
vt 0.6735294 0.2500000
vt 0.6250000 0.2014706
vt 0.6735294 0.2500000
vt 0.6240885 0.2530587
vt 0.6240885 0.2530587
vt 0.6240885 0.2530587
vt 0.5700000 0.2500000
vt 0.5700000 0.2500000
vt 0.5700000 0.2500000
vt 0.5700000 0.2500000
vt 0.6250000 0.2717105
vt 0.6250000 0.2717105
vt 0.6250000 0.2717105
vt 0.6250000 0.2717105
vt 0.3264706 0.4782895
vt 0.3264706 0.4782895
vt 0.3264706 0.4782895
vt 0.3264706 0.4782895
vt 0.4300000 0.5485294
vt 0.4300000 0.5485294
vt 0.4300000 0.5485294
vt 0.4300000 0.5485294
vt 0.4300000 0.4782895
vt 0.4300000 0.4782895
vt 0.4300000 0.4782895
vt 0.4300000 0.4782895
vt 0.3750000 0.5485294
vt 0.3264706 0.5000000
vt 0.3750000 0.5485294
vt 0.3264706 0.5000000
vt 0.3759116 0.4969413
vt 0.3759116 0.4969413
vt 0.3759116 0.4969413
vt 0.4300000 0.5000000
vt 0.4300000 0.5000000
vt 0.4300000 0.5000000
vt 0.4300000 0.5000000
vt 0.3750000 0.4782895
vt 0.3750000 0.4782895
vt 0.3750000 0.4782895
vt 0.3750000 0.4782895
vt 0.6735294 0.4782895
vt 0.6735294 0.4782895
vt 0.6735294 0.4782895
vt 0.6735294 0.4782895
vt 0.5700001 0.4782895
vt 0.5700001 0.4782895
vt 0.5700001 0.4782895
vt 0.5700001 0.4782895
vt 0.5700000 0.5485294
vt 0.5700000 0.5485294
vt 0.5700000 0.5485294
vt 0.5700000 0.5485294
vt 0.6250000 0.4782895
vt 0.6250000 0.4782895
vt 0.6250000 0.4782895
vt 0.6250000 0.4782895
vt 0.6172515 0.5037783
vt 0.6172515 0.5037783
vt 0.6172515 0.5037783
vt 0.5700000 0.5000000
vt 0.5700000 0.5000000
vt 0.5700000 0.5000000
vt 0.5700000 0.5000000
vt 0.6250000 0.5485294
vt 0.6735294 0.5000000
vt 0.6250000 0.5485294
vt 0.6735294 0.5000000
vn 0.0000000 -0.9238767 0.3826903
vn 0.0000000 -1.0000000 0.0000000
vn -0.3250835 -0.8880549 0.3250835
vn -0.3826903 -0.9238767 0.0000000
vn 0.0000000 0.0000000 1.0000000
vn 0.0000000 -0.3826903 0.9238767
vn -0.3250835 -0.3250835 0.8880549
vn -0.3826903 0.0000000 0.9238767
vn -0.8880549 -0.3250835 0.3250835
vn -0.9238767 0.0000000 0.3826903
vn -0.9238767 -0.3826903 0.0000000
vn -1.0000000 0.0000000 0.0000000
vn 0.0000000 -0.3826903 0.9238767
vn 0.0000000 -0.9238767 0.3826903
vn -0.3250835 -0.3250835 0.8880549
vn -0.3250835 -0.8880549 0.3250835
vn -0.3250835 -0.3250835 0.8880549
vn -0.3250835 -0.8880549 0.3250835
vn -0.8880549 -0.3250835 0.3250835
vn -0.3250835 -0.3250835 0.8880549
vn -0.3826903 0.0000000 0.9238767
vn -0.8880549 -0.3250835 0.3250835
vn -0.9238767 0.0000000 0.3826903
vn -0.3250835 -0.8880549 0.3250835
vn -0.3826903 -0.9238767 0.0000000
vn -0.8880549 -0.3250835 0.3250835
vn -0.9238767 -0.3826903 0.0000000
vn 0.0000000 0.0000000 1.0000000
vn 0.0000000 0.3826903 0.9238767
vn -0.3250835 0.3250835 0.8880549
vn -0.3826903 0.0000000 0.9238767
vn 0.0000000 0.9238767 0.3826903
vn 0.0000000 1.0000000 0.0000000
vn -0.3250835 0.8880549 0.3250835
vn -0.3826903 0.9238767 0.0000000
vn -0.8880549 0.3250835 0.3250835
vn -0.9238767 0.0000000 0.3826903
vn -0.9238767 0.3826903 0.0000000
vn -1.0000000 0.0000000 0.0000000
vn 0.0000000 0.3826903 0.9238767
vn 0.0000000 0.9238767 0.3826903
vn -0.3250835 0.3250835 0.8880549
vn -0.3250835 0.8880549 0.3250835
vn -0.3250835 0.3250835 0.8880549
vn -0.3250835 0.8880549 0.3250835
vn -0.8880549 0.3250835 0.3250835
vn -0.3250835 0.8880549 0.3250835
vn -0.3826903 0.9238767 0.0000000
vn -0.8880549 0.3250835 0.3250835
vn -0.9238767 0.3826903 0.0000000
vn -0.3250835 0.3250835 0.8880549
vn -0.3826903 0.0000000 0.9238767
vn -0.8880549 0.3250835 0.3250835
vn -0.9238767 0.0000000 0.3826903
vn 0.0000000 -0.9238767 -0.3826903
vn 0.0000000 -1.0000000 0.0000000
vn -0.3250835 -0.8880549 -0.3250835
vn -0.3826903 -0.9238767 0.0000000
vn -0.8880549 -0.3250835 -0.3250835
vn -0.9238767 0.0000000 -0.3826903
vn -0.9238767 -0.3826903 0.0000000
vn -1.0000000 0.0000000 0.0000000
vn 0.0000000 0.0000000 -1.0000000
vn 0.0000000 -0.3826903 -0.9238767
vn -0.3250835 -0.3250835 -0.8880549
vn -0.3826903 0.0000000 -0.9238767
vn -0.3250835 -0.8880549 -0.3250835
vn -0.3826903 -0.9238767 0.0000000
vn -0.8880549 -0.3250835 -0.3250835
vn -0.9238767 -0.3826903 0.0000000
vn -0.3250835 -0.3250835 -0.8880549
vn -0.3250835 -0.8880549 -0.3250835
vn -0.8880549 -0.3250835 -0.3250835
vn -0.3250835 -0.3250835 -0.8880549
vn -0.3826903 0.0000000 -0.9238767
vn -0.8880549 -0.3250835 -0.3250835
vn -0.9238767 0.0000000 -0.3826903
vn 0.0000000 -0.3826903 -0.9238767
vn 0.0000000 -0.9238767 -0.3826903
vn -0.3250835 -0.3250835 -0.8880549
vn -0.3250835 -0.8880549 -0.3250835
vn 0.0000000 0.9238767 -0.3826903
vn 0.0000000 1.0000000 0.0000000
vn -0.3250835 0.8880549 -0.3250835
vn -0.3826903 0.9238767 0.0000000
vn 0.0000000 0.0000000 -1.0000000
vn 0.0000000 0.3826903 -0.9238767
vn -0.3250835 0.3250835 -0.8880549
vn -0.3826903 0.0000000 -0.9238767
vn -0.8880549 0.3250835 -0.3250835
vn -0.9238767 0.0000000 -0.3826903
vn -0.9238767 0.3826903 0.0000000
vn -1.0000000 0.0000000 0.0000000
vn 0.0000000 0.3826903 -0.9238767
vn 0.0000000 0.9238767 -0.3826903
vn -0.3250835 0.3250835 -0.8880549
vn -0.3250835 0.8880549 -0.3250835
vn -0.3250835 0.3250835 -0.8880549
vn -0.3250835 0.8880549 -0.3250835
vn -0.8880549 0.3250835 -0.3250835
vn -0.3250835 0.3250835 -0.8880549
vn -0.3826903 0.0000000 -0.9238767
vn -0.8880549 0.3250835 -0.3250835
vn -0.9238767 0.0000000 -0.3826903
vn -0.3250835 0.8880549 -0.3250835
vn -0.3826903 0.9238767 0.0000000
vn -0.8880549 0.3250835 -0.3250835
vn -0.9238767 0.3826903 0.0000000
vn 0.0000000 -0.9238767 0.3826903
vn 0.0000000 -1.0000000 0.0000000
vn 0.3250835 -0.8880549 0.3250835
vn 0.3826903 -0.9238767 0.0000000
vn 0.8880549 -0.3250835 0.3250835
vn 0.9238767 0.0000000 0.3826903
vn 0.9238767 -0.3826903 0.0000000
vn 1.0000000 0.0000000 0.0000000
vn 0.0000000 0.0000000 1.0000000
vn 0.0000000 -0.3826903 0.9238767
vn 0.3250835 -0.3250835 0.8880549
vn 0.3826903 0.0000000 0.9238767
vn 0.3250835 -0.8880549 0.3250835
vn 0.3826903 -0.9238767 0.0000000
vn 0.8880549 -0.3250835 0.3250835
vn 0.9238767 -0.3826903 0.0000000
vn 0.3250835 -0.3250835 0.8880549
vn 0.3250835 -0.8880549 0.3250835
vn 0.8880549 -0.3250835 0.3250835
vn 0.3250835 -0.3250835 0.8880549
vn 0.3826903 0.0000000 0.9238767
vn 0.8880549 -0.3250835 0.3250835
vn 0.9238767 0.0000000 0.3826903
vn 0.0000000 -0.3826903 0.9238767
vn 0.0000000 -0.9238767 0.3826903
vn 0.3250835 -0.3250835 0.8880549
vn 0.3250835 -0.8880549 0.3250835
vn 0.0000000 0.9238767 0.3826903
vn 0.0000000 1.0000000 0.0000000
vn 0.3250835 0.8880549 0.3250835
vn 0.3826903 0.9238767 0.0000000
vn 0.0000000 0.0000000 1.0000000
vn 0.0000000 0.3826903 0.9238767
vn 0.3250835 0.3250835 0.8880549
vn 0.3826903 0.0000000 0.9238767
vn 0.8880549 0.3250835 0.3250835
vn 0.9238767 0.0000000 0.3826903
vn 0.9238767 0.3826903 0.0000000
vn 1.0000000 0.0000000 0.0000000
vn 0.0000000 0.3826903 0.9238767
vn 0.0000000 0.9238767 0.3826903
vn 0.3250835 0.3250835 0.8880549
vn 0.3250835 0.8880549 0.3250835
vn 0.3250835 0.3250835 0.8880549
vn 0.3250835 0.8880549 0.3250835
vn 0.8880549 0.3250835 0.3250835
vn 0.3250835 0.3250835 0.8880549
vn 0.3826903 0.0000000 0.9238767
vn 0.8880549 0.3250835 0.3250835
vn 0.9238767 0.0000000 0.3826903
vn 0.3250835 0.8880549 0.3250835
vn 0.3826903 0.9238767 0.0000000
vn 0.8880549 0.3250835 0.3250835
vn 0.9238767 0.3826903 0.0000000
vn 0.0000000 -0.9238767 -0.3826903
vn 0.0000000 -1.0000000 0.0000000
vn 0.3250835 -0.8880549 -0.3250835
vn 0.3826903 -0.9238767 0.0000000
vn 0.0000000 0.0000000 -1.0000000
vn 0.0000000 -0.3826903 -0.9238767
vn 0.3250835 -0.3250835 -0.8880549
vn 0.3826903 0.0000000 -0.9238767
vn 0.8880549 -0.3250835 -0.3250835
vn 0.9238767 0.0000000 -0.3826903
vn 0.9238767 -0.3826903 0.0000000
vn 1.0000000 0.0000000 0.0000000
vn 0.0000000 -0.3826903 -0.9238767
vn 0.0000000 -0.9238767 -0.3826903
vn 0.3250835 -0.3250835 -0.8880549
vn 0.3250835 -0.8880549 -0.3250835
vn 0.3250835 -0.3250835 -0.8880549
vn 0.3250835 -0.8880549 -0.3250835
vn 0.8880549 -0.3250835 -0.3250835
vn 0.3250835 -0.3250835 -0.8880549
vn 0.3826903 0.0000000 -0.9238767
vn 0.8880549 -0.3250835 -0.3250835
vn 0.9238767 0.0000000 -0.3826903
vn 0.3250835 -0.8880549 -0.3250835
vn 0.3826903 -0.9238767 0.0000000
vn 0.8880549 -0.3250835 -0.3250835
vn 0.9238767 -0.3826903 0.0000000
vn 0.0000000 0.9238767 -0.3826903
vn 0.0000000 1.0000000 0.0000000
vn 0.3250835 0.8880549 -0.3250835
vn 0.3826903 0.9238767 0.0000000
vn 0.8880549 0.3250835 -0.3250835
vn 0.9238767 0.0000000 -0.3826903
vn 0.9238767 0.3826903 0.0000000
vn 1.0000000 0.0000000 0.0000000
vn 0.0000000 0.0000000 -1.0000000
vn 0.0000000 0.3826903 -0.9238767
vn 0.3250835 0.3250835 -0.8880549
vn 0.3826903 0.0000000 -0.9238767
vn 0.3250835 0.8880549 -0.3250835
vn 0.3826903 0.9238767 0.0000000
vn 0.8880549 0.3250835 -0.3250835
vn 0.9238767 0.3826903 0.0000000
vn 0.3250835 0.3250835 -0.8880549
vn 0.3250835 0.8880549 -0.3250835
vn 0.8880549 0.3250835 -0.3250835
vn 0.3250835 0.3250835 -0.8880549
vn 0.3826903 0.0000000 -0.9238767
vn 0.8880549 0.3250835 -0.3250835
vn 0.9238767 0.0000000 -0.3826903
vn 0.0000000 0.3826903 -0.9238767
vn 0.0000000 0.9238767 -0.3826903
vn 0.3250835 0.3250835 -0.8880549
vn 0.3250835 0.8880549 -0.3250835
f 2725/2725/2725 2748/2748/2748 2636/2636/2636
f 2725/2725/2725 2636/2636/2636 2613/2613/2613
f 2782/2782/2782 2805/2805/2805 2755/2755/2755
f 2782/2782/2782 2755/2755/2755 2724/2724/2724
f 2799/2799/2799 2691/2691/2691 2641/2641/2641
f 2799/2799/2799 2641/2641/2641 2745/2745/2745
f 2620/2620/2620 2647/2647/2647 2701/2701/2701
f 2620/2620/2620 2701/2701/2701 2670/2670/2670
f 2671/2671/2671 2694/2694/2694 2806/2806/2806
f 2671/2671/2671 2806/2806/2806 2775/2775/2775
f 2611/2611/2611 2624/2624/2624 2626/2626/2626
f 2611/2611/2611 2626/2626/2626 2632/2632/2632
f 2615/2615/2615 2628/2628/2628 2625/2625/2625
f 2615/2615/2615 2625/2625/2625 2623/2623/2623
f 2617/2617/2617 2634/2634/2634 2627/2627/2627
f 2617/2617/2617 2627/2627/2627 2630/2630/2630
f 2638/2638/2638 2650/2650/2650 2652/2652/2652
f 2638/2638/2638 2652/2652/2652 2659/2659/2659
f 2642/2642/2642 2655/2655/2655 2653/2653/2653
f 2642/2642/2642 2653/2653/2653 2651/2651/2651
f 2644/2644/2644 2661/2661/2661 2654/2654/2654
f 2644/2644/2644 2654/2654/2654 2657/2657/2657
f 2665/2665/2665 2675/2675/2675 2680/2680/2680
f 2665/2665/2665 2680/2680/2680 2689/2689/2689
f 2667/2667/2667 2684/2684/2684 2681/2681/2681
f 2667/2667/2667 2681/2681/2681 2677/2677/2677
f 2673/2673/2673 2688/2688/2688 2679/2679/2679
f 2673/2673/2673 2679/2679/2679 2682/2682/2682
f 2692/2692/2692 2705/2705/2705 2707/2707/2707
f 2692/2692/2692 2707/2707/2707 2713/2713/2713
f 2696/2696/2696 2709/2709/2709 2706/2706/2706
f 2696/2696/2696 2706/2706/2706 2704/2704/2704
f 2698/2698/2698 2715/2715/2715 2708/2708/2708
f 2698/2698/2698 2708/2708/2708 2711/2711/2711
f 2719/2719/2719 2729/2729/2729 2734/2734/2734
f 2719/2719/2719 2734/2734/2734 2743/2743/2743
f 2721/2721/2721 2738/2738/2738 2735/2735/2735
f 2721/2721/2721 2735/2735/2735 2731/2731/2731
f 2727/2727/2727 2742/2742/2742 2733/2733/2733
f 2727/2727/2727 2733/2733/2733 2736/2736/2736
f 2746/2746/2746 2759/2759/2759 2761/2761/2761
f 2746/2746/2746 2761/2761/2761 2767/2767/2767
f 2750/2750/2750 2763/2763/2763 2760/2760/2760
f 2750/2750/2750 2760/2760/2760 2758/2758/2758
f 2752/2752/2752 2769/2769/2769 2762/2762/2762
f 2752/2752/2752 2762/2762/2762 2765/2765/2765
f 2773/2773/2773 2786/2786/2786 2788/2788/2788
f 2773/2773/2773 2788/2788/2788 2794/2794/2794
f 2777/2777/2777 2790/2790/2790 2787/2787/2787
f 2777/2777/2777 2787/2787/2787 2785/2785/2785
f 2779/2779/2779 2796/2796/2796 2789/2789/2789
f 2779/2779/2779 2789/2789/2789 2792/2792/2792
f 2800/2800/2800 2810/2810/2810 2815/2815/2815
f 2800/2800/2800 2815/2815/2815 2824/2824/2824
f 2802/2802/2802 2819/2819/2819 2816/2816/2816
f 2802/2802/2802 2816/2816/2816 2812/2812/2812
f 2808/2808/2808 2823/2823/2823 2814/2814/2814
f 2808/2808/2808 2814/2814/2814 2817/2817/2817
f 2666/2666/2666 2612/2612/2612 2633/2633/2633
f 2666/2666/2666 2633/2633/2633 2676/2676/2676
f 2678/2678/2678 2635/2635/2635 2619/2619/2619
f 2678/2678/2678 2619/2619/2619 2669/2669/2669
f 2616/2616/2616 2639/2639/2639 2660/2660/2660
f 2616/2616/2616 2660/2660/2660 2629/2629/2629
f 2631/2631/2631 2662/2662/2662 2645/2645/2645
f 2631/2631/2631 2645/2645/2645 2618/2618/2618
f 2643/2643/2643 2693/2693/2693 2714/2714/2714
f 2643/2643/2643 2714/2714/2714 2656/2656/2656
f 2658/2658/2658 2716/2716/2716 2700/2700/2700
f 2658/2658/2658 2700/2700/2700 2646/2646/2646
f 2697/2697/2697 2674/2674/2674 2683/2683/2683
f 2697/2697/2697 2683/2683/2683 2710/2710/2710
f 2712/2712/2712 2685/2685/2685 2668/2668/2668
f 2712/2712/2712 2668/2668/2668 2699/2699/2699
f 2771/2771/2771 2663/2663/2663 2687/2687/2687
f 2771/2771/2771 2687/2687/2687 2784/2784/2784
f 2783/2783/2783 2686/2686/2686 2672/2672/2672
f 2783/2783/2783 2672/2672/2672 2776/2776/2776
f 2690/2690/2690 2798/2798/2798 2822/2822/2822
f 2690/2690/2690 2822/2822/2822 2703/2703/2703
f 2702/2702/2702 2821/2821/2821 2807/2807/2807
f 2702/2702/2702 2807/2807/2807 2695/2695/2695
f 2803/2803/2803 2780/2780/2780 2793/2793/2793
f 2803/2803/2803 2793/2793/2793 2820/2820/2820
f 2818/2818/2818 2791/2791/2791 2778/2778/2778
f 2818/2818/2818 2778/2778/2778 2809/2809/2809
f 2720/2720/2720 2774/2774/2774 2795/2795/2795
f 2720/2720/2720 2795/2795/2795 2730/2730/2730
f 2732/2732/2732 2797/2797/2797 2781/2781/2781
f 2732/2732/2732 2781/2781/2781 2723/2723/2723
f 2801/2801/2801 2747/2747/2747 2768/2768/2768
f 2801/2801/2801 2768/2768/2768 2811/2811/2811
f 2813/2813/2813 2770/2770/2770 2754/2754/2754
f 2813/2813/2813 2754/2754/2754 2804/2804/2804
f 2751/2751/2751 2728/2728/2728 2737/2737/2737
f 2751/2751/2751 2737/2737/2737 2764/2764/2764
f 2766/2766/2766 2739/2739/2739 2722/2722/2722
f 2766/2766/2766 2722/2722/2722 2753/2753/2753
f 2609/2609/2609 2717/2717/2717 2741/2741/2741
f 2609/2609/2609 2741/2741/2741 2622/2622/2622
f 2621/2621/2621 2740/2740/2740 2726/2726/2726
f 2621/2621/2621 2726/2726/2726 2614/2614/2614
f 2744/2744/2744 2640/2640/2640 2649/2649/2649
f 2744/2744/2744 2649/2649/2649 2757/2757/2757
f 2756/2756/2756 2648/2648/2648 2637/2637/2637
f 2756/2756/2756 2637/2637/2637 2749/2749/2749
f 2664/2664/2664 2772/2772/2772 2718/2718/2718
f 2664/2664/2664 2718/2718/2718 2610/2610/2610
